new_index,sentence,target,top1_prediction,top1_log_probability,top3_predictions,top3_log_probabilities
1,"无意 间 转到 一 [MASK] 摩托车 网站 , 看 着 这些 曾经 情迷 到 疯狂 的 机器 。",个,个,-0.2787216305732727,"个, 些, 家","-0.2787, -2.1316, -2.2163"
2,上传 了 1 [MASK] 照片 到 相册 真实 的 自己,张,张,-0.019954508170485497,"张, 个, 幅","-0.0200, -5.2243, -5.3637"
3,上传 了 1 [MASK] 照片 到 相册 2012 新 气象,张,张,-0.007310883607715368,"张, 个, 幅","-0.0073, -6.0099, -6.0558"
4,"数 [MASK] 盘石 上 , 几 叶 落 云 中 。",枝,枝,-0.8220521807670593,"枝, 根, 株","-0.8221, -2.3804, -3.0061"
5,"哎 , 把 一 [MASK] 电脑 修 的 加电 无 显 了 , 悲催 的 新年 开始 。",台,台,-0.18123647570610046,"台, 个, 部","-0.1812, -2.5526, -3.6260"
6,"集团 职能 片 年会 , 多 喝 了 两 [MASK] 绿 茶 , 结果 到 现在 还 很 有精神 , 悲催 啊 。",杯,杯,-0.5083907246589661,"杯, 瓶, 壶","-0.5084, -2.2685, -2.8196"
7,"分享 了 顺和 牛肉 火锅 , 在 华阳 , 关于 牛 肉类 的 都 不错 , 建议 点牛肝 , 特色 牛肉 图 中 码满 辣椒面 的 那 [MASK] 怕 辣 的 , 肠胃 不 好 的 , 友情 建议 最好 不 要 尝试 哈 。",盘,种,-0.2521950900554657,"种, 个, 些","-0.2522, -2.3067, -2.7652"
8,"昨晚 女儿 从 九点半 一觉 睡 到今 早 的 七点 , 是 她 出生 到 现在 第一 [MASK] 睡 整夜 觉 没 起来 喝奶 , 心想 是 不过 年 长大 了 今晚 快 九点 睡 了 , 不 知 晚上 还 会 不 会 要 喝奶 希望 不 要",次,次,-0.03590945526957512,"次, 个, 位","-0.0359, -3.4852, -7.2416"
9,"预祝 满分 , 少 一 [MASK] 回去 请 我 喝 一 瓶 。",分,点,-1.228356122970581,"点, 个, 瓶","-1.2284, -1.9548, -2.0724"
10,贴 一 [MASK] 个人 最 心 水 的 海报 。,张,些,-1.1208256483078003,"些, 张, 下","-1.1208, -1.3380, -1.7089"
11,"思念 , 猶如 一 [MASK] 鋒利 的 刻刀 , 刺入 心窩 , 再 也 拔 不 出來 了 。",把,把,-0.0194624662399292,"把, 根, 支","-0.0195, -5.3619, -5.5277"
12,可 乐 鸡翅 炖 排骨 美味 的 一 [MASK] WeicoLomo,餐,餐,-0.415008008480072,"餐, 道, 顿","-0.4150, -2.1116, -2.2459"
13,不过 提前 快 一 [MASK] 钟 交卷 的 感觉 真 不错 !,个,分,-0.018538184463977814,"分, 点, 个","-0.0185, -4.3853, -5.2546"
14,"于是 , 我 就 喝 了 一 [MASK] 黑芝麻糊 是 不 是 很 冷 ?",碗,杯,-0.9059185981750488,"杯, 口, 下","-0.9059, -1.2193, -2.2749"
15,"坐 在 舱 内 , 我 又 抬 起 头 , 透过 一 [MASK] 大大 的 防 激光 玻璃 , 我 又 看到 了 星空 , 依旧 是 那么 的 灿烂 。",扇,片,-1.1127204895019531,"片, 块, 面","-1.1127, -1.7097, -2.0718"
16,今天 拍 全 [MASK] 福咯 !,家,家,-0.00012672750744968653,"家, 场, 身","-0.0001, -10.4039, -10.4749"
17,"在 武汉 的 时候 我 总是 问 你 我 爱 你 你 爱 我 吗 , 每 [MASK] 听到 你 说 我 爱 你 的 时候 我 真 想 大 声 地 告诉 大家 你 是 我 的 , 这 就 是 我 表达 我 心 中 喜悦 的 方式 , 呵呵 , 很 蠢 !",次,次,-0.0017946363659575582,"次, 回, 个","-0.0018, -7.1188, -7.2986"
18,一 [MASK] 红豆 奶茶 。,杯,杯,-0.5410021543502808,"杯, 碗, 个","-0.5410, -1.7986, -2.2920"
19,"意大利 杏仁 红 茶 配 焦糖 布丁 , 绝赞 又 找到 一 [MASK] 搞 贵宾 活动 的 好 地方",个,个,-0.2878875434398651,"个, 家, 处","-0.2879, -1.6318, -3.6704"
20,这 [MASK] 药物 将 能 对抗 痴呆症 对人 的 影响 。,种,种,-0.7342856526374817,"种, 些, 类","-0.7343, -1.4069, -1.5720"
21,"难得 双方 家长 都 甘 开明 , 呢 [MASK] 拖 拍 得 真系 好 愉快 。",个,次,-0.840470552444458,"次, 个, 架","-0.8405, -2.3682, -2.6935"
22,"射手座 常 把 爱情 当成 一 [MASK] 游戏 , 喜欢 的 是 不 去 约束 他 的 人 。",场,场,-0.13142994046211243,"场, 种, 个","-0.1314, -2.6393, -3.4017"
23,"两 [MASK] 月 来 状态 一直 不 好 , 辞旧迎新 , 状态 得以 恢复 。",个,个,-0.00018735494813881814,"个, 本, 块","-0.0002, -9.9851, -11.0474"
24,我 在 这里 徐汇区 一 [MASK] 人 在 上海 好 无聊哦,个,个,-0.09378901869058609,"个, 家, 群","-0.0938, -2.7911, -4.0927"
25,"夏茗悠 8 记忆 中 的 阳光 总是 明亮 耀眼 , 使 人影 无处 藏身 , 哪怕 是 最 屈辱 最 悲伤 的 日子 , 湛蓝 如洗 的 天空 也 不 带 一 [MASK] 云彩 。",丝,丝,-0.2418203055858612,"丝, 片, 点","-0.2418, -2.3421, -2.6467"
26,"一 [MASK] 人 上班 , 下班 , 吃饭 , 睡觉 , 周末 回家 , 时间 仿佛 回到 了 一 年 前 , 却 又 似 不 一样 。",个,个,-0.05445634573698044,"个, 家, 群","-0.0545, -3.6652, -3.9857"
27,"哎 , 有点 想 我 的 室友 了 同 床 共 枕 过 的 张青 , 对床 的 晓青 , 还 有 早起 的 晓珍 , 高 二一 [MASK] 吃 饭 的 白杨",起,起,-0.09673018008470535,"起, 班, 次","-0.0967, -3.3515, -4.0461"
28,20111124 [MASK] DuaDua 风舞 誓死 改掉 拖延 症亲 。,盒,刀,-2.619899272918701,"刀, 季, 波","-2.6199, -2.8833, -3.2527"
29,"省 政协 委员 刘立平 昨天 向 记者 介绍 他 的 一 [MASK] 提案 , 建议 http t cn z0gjQlw 分享 自 这 不 能 搞 山寨",份,项,-1.0960192680358887,"项, 份, 些","-1.0960, -1.2715, -1.7328"
30,"用 热 脸 去 贴 别 [MASK] 冷屁股 , 只 能 说 自己 个人 犯贱 !",个,家,-0.8620777726173401,"家, 个, 处","-0.8621, -1.6944, -2.1952"
31,虽 说 鸥翼 真的 是 [MASK] 大 美人 !,个,个,-0.07509006559848785,"个, 位, 张","-0.0751, -2.8130, -5.9015"
32,"我 的 人生 , 就 像 眼影 一樣 的 弧度 , 画成 一 [MASK] 不 怕 枯萎 的 葉子 , 無論颳風 暴雨 , 衹要 還剩 一口氣 , 我還 是 堅持 走 自己 的 路 , 微笑 地 面對 所有人 的 目光 与 論語 , 讓別 人 說去 。",片,片,-0.27923956513404846,"片, 朵, 棵","-0.2792, -2.6808, -3.2009"
33,好在 有 俄 的 小 3 [MASK] 帮 拖 不然 真的 死 了 不过 还 是 差,门,帮,-0.6523205041885376,"帮, 号, 手","-0.6523, -1.6657, -3.1510"
34,"努力 了 整个 下午 , 加上 老屋 , 一共 贴 了 四 [MASK] 对联 。",副,副,-0.7918621301651001,"副, 幅, 个","-0.7919, -1.3420, -2.5143"
35,我 想 换 [MASK] 微博 名字 。,个,个,-0.007384137250483036,"个, 下, 回","-0.0074, -5.9088, -6.4836"
36,"小 七 祝 大家 好 事 接 2 连 3 , 心情 4 [MASK] 如春 , 生活 5 颜 6 色 , 7 彩 缤纷 , 偶尔 8 点 小 财 , 烦恼 抛 到 9 霄 云外 !",季,季,-0.16136568784713745,"季, 面, 眼","-0.1614, -3.0006, -3.7330"
37,我 那 天 突然 翻到 于江 给 我们 写 得 信 有 [MASK] 笑话 是 恁哎 的 有 一 天 1 看到 j 问 食堂 排队 的 人 长 不 长 然后 j 就 说 不 长 但是 好 粗 喔 哈哈 她 那个 时候 好 可爱喔,个,个,-0.1855611354112625,"个, 句, 些","-0.1856, -2.3713, -3.4000"
38,第一 [MASK] 3 点 痛醒 何 其 悲惨,次,集,-1.2119032144546509,"集, 章, 次","-1.2119, -1.4327, -2.1066"
39,被迫 参加 一口气 喝掉 一 [MASK] 可乐 比赛 的 可怜 小 朋友 。,罐,瓶,-0.9121671319007874,"瓶, 杯, 罐","-0.9122, -0.9856, -1.8566"
40,"一 [MASK] 爱笑 的 女孩 , Aom 不 笑 的 时候 都 那么 漂亮 , 笑 起来 简直 美死 了 !",个,个,-0.0476335734128952,"个, 位, 群","-0.0476, -3.8463, -4.5124"
41,"剪 左 [MASK] 好 难 看 的 头发 , 快快 长 啊 , 怎么 办 , 我 输 了 一 票 , , ,",个,眼,-0.9839640259742737,"眼, 手, 脸","-0.9840, -1.2807, -2.5894"
42,"在 10 岁 时 , 沃兹尼克 就 自己 设计 并 组装 了 一 [MASK] 晶体管 收音机 。",台,台,-0.3337740898132324,"台, 个, 部","-0.3338, -2.2036, -2.5040"
43,"半 [MASK] 小时 了 , 还是 打 不 到 车 !",个,个,-5.376483386498876e-05,"个, 点, 把","-0.0001, -10.9795, -11.3660"
44,"如果 有 这样 一 [MASK] 人 , 我 会 爱 他 !",个,个,-0.0048515875823795795,"个, 种, 位","-0.0049, -5.6743, -7.8380"
45,"武警 部队 已 列装 四 [MASK] 野战 宣传 文化 装备 新华网 消息 金秋 时节 , 当 文化 一 词 成为 国人 关注 焦点 之际 , 记者 来到 威名 远播 的 英雄 皮旅 武警 驻 无锡 某师 , 探寻 和 感受 当今 中国 警营 基层 官兵 的 文化 生活 。",级,种,-0.6557100415229797,"种, 批, 套","-0.6557, -1.9807, -2.5255"
46,"分享 一 [MASK] 投票 韩国 各 大 组合 队长 人气 比拼 第六 期 9 进 8 给 大家 , 欢迎 大家 来 投票 !",个,下,-0.2809169292449951,"下, 起, 次","-0.2809, -2.1854, -3.1434"
47,"以前 信奉 的 是 不 在 一 [MASK] 树 上 吊死 , 走 了 很久 后 发现 却 在 树林 里 迷失 了",棵,棵,-0.07337727397680283,"棵, 颗, 个","-0.0734, -3.0768, -5.1736"
48,大年初三 冷 雨夜 两 [MASK] 傻婆行 系 路 中间 求撞 。,个,个,-0.2155451774597168,"个, 位, 只","-0.2155, -2.7986, -3.6261"
49,"这个 年 过 得 真 忙碌 家 里 的 空调 二十四 小时 开 室温 也 只有 十五 度 , 于是 我 又 开始 埋怨 装修 时候 的 这 的 那 的 真 想 买 [MASK] 小 太阳 对 着 烤 !",个,个,-0.08342260122299194,"个, 只, 块","-0.0834, -4.1302, -4.3777"
50,收到 让 有 [MASK] 减肥 的 胖子 骑 着 卡拉车 送来 的 衣服 啦 真心 性感 啊 !,个,点,-0.41860127449035645,"点, 些, 家","-0.4186, -2.0290, -3.5016"
51,"今年 七月 , 当 我 打开 我 国内 的 号码 , 我 希望 会 是 上 百 [MASK] 短信",条,条,-0.12678880989551544,"条, 个, 封","-0.1268, -2.3963, -4.4749"
52,"本来 以为 看 两 [MASK] 格蕾 , 再 喝 杯水 就 到 了 , 结果 看 完 格蕾 喝完 水 我 就 不 行 了 继 晕车晕 火车 后 , 我 竟然 晕机 !",集,次,-1.1780245304107666,"次, 遍, 个","-1.1780, -1.3456, -2.1382"
53,"家庭 是 孩子 成长 的 摇篮 , 父母 是 孩子 的 第一 [MASK] 教师 。",任,任,-0.3408014178276062,"任, 位, 个","-0.3408, -2.2840, -2.3110"
54,其实 两 [MASK] 人 在一起 彼此 之间 一定 要 互相 信任 。,个,个,-0.008734592236578465,"个, 种, 家","-0.0087, -5.4622, -6.5412"
55,"book 到位 , 下 [MASK] 放假 先 去 啦 。",次,次,-0.16393287479877472,"次, 班, 个","-0.1639, -2.8190, -3.1959"
56,"瘦 腿 零 负担 每 天 晚上 , 放 一 [MASK] 热水 , 水温 不 宜 过 高 , 将 腿 浸泡 1015 分钟 。",盆,杯,-0.5124955177307129,"杯, 盆, 碗","-0.5125, -1.1983, -3.3701"
57,"这些 天 宝宝 白天 总是 很 难 哄 , 不 爱 自己 玩 不 爱笑 不 爱 说话 , 今天 是 姥姥 抱 着 睡 的 , 上午 就 开始 睡 , 一 觉 就 是 四 [MASK] 小时 , 醒来 之后 又 笑 又 玩 , 真好 !",个,个,-3.790927439695224e-05,"个, 点, 块","-0.0000, -11.4029, -12.4934"
58,"让 我们 来 猜测 这 [MASK] 牲口 级别 的 牛人 最后 的 策略 他 能否 攻破 第十 道题 , 他 怎么 冲刺 !",位,个,-0.4596864879131317,"个, 位, 名","-0.4597, -1.1178, -3.9589"
59,"北方 每 年 都 要 给 老 祖宗 烧 [MASK] 钱 , 放放炮",点,点,-0.6658318042755127,"点, 些, 个","-0.6658, -1.6040, -1.8472"
60,没 多久 就 要 去 [MASK] 厕所 !,趟,下,-1.1583682298660278,"下, 趟, 个","-1.1584, -1.6258, -1.7459"
61,"绵绵 细雨 晨 , 漫漫 人生路 [MASK] 情谊 深 , 淡淡 品味 真 。",丝,间,-1.953430414199829,"间, 等, 道","-1.9534, -2.5601, -2.6607"
62,"快 看 最新 一 集火影 漫画 , 九 [MASK] 正式 认可 鸣 人 了 !",尾,尾,-0.11916068941354752,"尾, 段, 族","-0.1192, -2.9199, -4.1167"
63,还 有 这 一 [MASK] 一如既往 让 我 听 不 真切 的 英语,口,句,-1.580842137336731,"句, 些, 段","-1.5808, -1.8561, -1.9620"
64,赵薇 还 算 一 [MASK] 演员 吗 ?,线,个,-0.3434221148490906,"个, 名, 位","-0.3434, -1.7910, -2.6637"
65,睡 到 现在 好 强大 阿熬夜 通宵 的 人 伤 不 起 伤 不 起 今晚 又 不 用 睡 了妹 了 [MASK] 夫 的,个,匹,-2.064255475997925,"匹, 帮, 等","-2.0643, -2.4203, -2.8532"
66,"这里 一 [MASK] 人好 混乱 的 , 胜迪 你 快点 来 !",堆,个,-1.3833403587341309,"个, 群, 行","-1.3833, -1.4244, -1.4386"
67,"到 是 虚伪 自私 的 动物 , 没有 一 [MASK] 人 可以 爱 别人 多 嘎爱 自己 , 那 满口 的 谎言 , 又 或许 让 人 觉得 幸福 , 一旦 谎言 被 拆穿 , 那些 到 变得 虚伪 , 虚 伪 得 让 我 觉得 恶心",个,个,-0.027659839019179344,"个, 种, 样","-0.0277, -3.7398, -7.7464"
68,搞 半 天 九 [MASK] 叫 九 喇嘛 。,尾,点,-1.4655125141143799,"点, 个, 号","-1.4655, -1.5462, -3.0699"
69,"朋友 趾高气昂 的 拍拍 肚子 说 , 就 当 里面 多 了 [MASK] 蛋黄儿 。",个,点,-1.0266155004501343,"点, 些, 个","-1.0266, -1.1354, -1.6195"
70,"我 刚刚 在 爱 问 共 享 资料 上 传 了 资料 , 欢迎 大家 下载 分享 C0204 傅立叶 选集 第二 [MASK] pdf 更 多",卷,卷,-0.8009061813354492,"卷, 版, 章","-0.8009, -1.7230, -2.2709"
71,哎 又 是 一 [MASK] 通天亮,个,个,-0.3878614008426666,"个, 声, 片","-0.3879, -2.4766, -2.8683"
72,"最近 流行 盼望 明君 能 臣 , 寄望 人品 运气 改变 中国 , 昨友人 举例 张居正 一 [MASK] 鞭法 让 明朝 进步 。",条,个,-1.3645652532577515,"个, 套, 种","-1.3646, -2.0445, -2.2989"
73,"汕头 , 姐肥 来 了 , 坐上 第一 [MASK] 公车 , 不得不 说 , 汕头 的 公车 真 破 。",班,班,-0.73183673620224,"班, 辆, 趟","-0.7318, -1.2059, -2.5171"
74,"三亚 免税店 , 人山人海 , 这 [MASK] 排 的 真 长 。",队,队,-1.4138513803482056,"队, 排, 个","-1.4139, -1.6384, -2.0752"
75,"这 是 一 [MASK] 新 的 微博 朋友 , 电商 的 , 求 大家 关注 !",个,个,-0.1661262959241867,"个, 条, 篇","-0.1661, -2.1098, -4.6528"
76,加 了 三 [MASK] 车厢,节,节,-0.1310189664363861,"节, 个, 组","-0.1310, -3.2395, -3.5587"
77,"好 惨 啊 , 5 [MASK] 一 机会 都 中 捂到 奖 , 得 份 朱古力 安慰 奖 。",分,次,-1.270032525062561,"次, 对, 个","-1.2700, -1.6996, -2.3440"
78,你 [MASK] 扑街仔 黄绿 医生 吓 到 我 喊 左 。,个,个,-0.6523935198783875,"个, 家, 等","-0.6524, -2.5282, -2.9033"
79,"所以 不 好意思 要 先 借用 一下妳 的 照片 写 [MASK] 预告 了 哦 , 敬请 期待 !",个,个,-0.6248720288276672,"个, 篇, 下","-0.6249, -1.7330, -2.1927"
80,若 你 想 哭 停顿 一下 请 把 我 的 这 [MASK] 话 在 脑子 里 反复 读 下去 今时 不同 往日 读到 你 的 泪水 干 了 你 就 懂 了 。,句,句,-0.2853665351867676,"句, 段, 些","-0.2854, -1.8968, -2.5076"
81,"对 我 来说 做饭 一直 就 跟 吃饭 一样 简单 , 但是 因为 懒 得 做 , 直接 导致 在 美国 一年半 没有 好好 做 过 一 [MASK] 中国 菜 。",顿,道,-1.098691463470459,"道, 次, 顿","-1.0987, -1.2655, -1.5786"
82,"群号 208176478 , 只要 是 玩 摇滚 爱 摇滚 的 高中生 , 都 速速 加入 吧 大家 帮忙 转起 , 扩散 给 身边 每 一 [MASK] 玩 摇滚 的 朋友 !",个,个,-0.4611881971359253,"个, 位, 群","-0.4612, -1.0185, -5.7670"
83,"大年初二 , 训咗 几 [MASK] 钟 又 爬 起身 返 老爷 屋 企 , 系咯 , 唔系 返 外 家吖",个,分,-0.13225503265857697,"分, 个, 点","-0.1323, -2.5199, -3.7593"
84,某 [MASK] 瞬间 青春 戛然而止,个,个,-0.3040481507778168,"个, 些, 种","-0.3040, -1.3540, -6.6480"
85,"不管 了 , 爱咋 地 咋地 , 一 [MASK] 人 过 的 最 好看 动漫 去 看 动漫 去 作业 神马 的 一会儿 再 说 !",个,个,-0.09036912769079208,"个, 家, 辈","-0.0904, -2.6603, -4.7600"
86,真的 好 累 一 [MASK] 床 就 要 出去 WeicoLomo,起,起,-0.033216096460819244,"起, 下, 回","-0.0332, -3.4460, -7.5011"
87,这 几 天 一直 在 吃 这 两 [MASK] 东西,样,种,-0.6844261884689331,"种, 样, 个","-0.6844, -1.2463, -2.1630"
88,新 一 [MASK] 的 吃 欲 貌似 又 挑头 了 !,轮,轮,-0.9398517608642578,"轮, 季, 次","-0.9399, -1.9433, -2.0711"
89,那 [MASK] 人 会 出现 的 !,个,个,-0.2228231430053711,"个, 些, 种","-0.2228, -2.0724, -3.2813"
90,"哇塞 今天 打 斯诺克 , 做 了 一 [MASK] 我 自己 都 无法 想象 的 球 , 对面 崩溃 , 只 能 把 白 球 捅 进洞 , 哎 QQ 这个 应该 管管",杆,个,-0.19367849826812744,"个, 些, 种","-0.1937, -3.3905, -4.2308"
91,"刚刚 发现 的 , 在 页面 右上方 有 一 [MASK] 梅花树 呢 , 上面 点缀 着 红红 的 梅花 , 看上去 很 漂亮 , 心情 也 会 变好 呢",棵,棵,-0.1719980537891388,"棵, 株, 颗","-0.1720, -2.8359, -3.0449"
92,"好 想好 想稳人 陪 我 去 吃拧 [MASK] 日式 蛋 包饭 啊 , 好 想 吃 啊 。",个,个,-1.4135637283325195,"个, 家, 种","-1.4136, -1.7972, -2.1114"
93,上传 了 7 [MASK] 照片 到 相册 纯纯 的 爱恋,张,张,-0.009659781120717525,"张, 幅, 个","-0.0097, -5.5513, -5.8977"
94,"这 两 天 遇到 第三 [MASK] 交通 事故 了 , 大过 年 的 , 希望 人 没事 , 大 车 烧 空 了 好像",个,次,-0.5521374344825745,"次, 起, 个","-0.5521, -1.3107, -2.5400"
95,开 了 [MASK] 酒版 喝 了 。,支,点,-1.1736278533935547,"点, 个, 瓶","-1.1736, -1.3062, -2.1554"
96,"2012116 , 彻夜 难眠 , 一 林 到 买 左 手机 , 一 [MASK] 钱 都 无 , 生活 受到 威胁 , 就 觉得 后 悔 啦 !",分,分,-0.19259987771511078,"分, 点, 笔","-0.1926, -2.0485, -4.6068"
97,"手机 掉 了 , 里面 哪怕 有 再 重要 的 资料 , 报案 不 说 是 被 偷 的 , 人民 警察 死活 都 不 肯 帮忙 哪怕 只 要 一 [MASK] 电话 就 能 找回 。",个,个,-0.11363963037729263,"个, 通, 声","-0.1136, -2.5061, -4.6898"
98,至今 我 还 后怕 的 那 [MASK] 橙汁 !,个,个,-1.30026376247406,"个, 杯, 瓶","-1.3003, -1.4716, -1.7972"
99,"2 你 可以 是 一 [MASK] 风景 , 没 必要 总是 仰视 别人 而 叹息 自己 。",道,道,-0.9595843553543091,"道, 种, 幅","-0.9596, -1.6959, -2.0917"
100,忙碌 了 一 天 多么 辛苦 呀 追 了 四 [MASK] 心情 有点 沉重 了 笑点 只 是 插曲 主 旋律 还是 令 人 发指 的 现实 猛 啊 猛 你 咋变 成 这样,集,集,-0.9394415616989136,"集, 季, 个","-0.9394, -1.4573, -2.0331"
101,"啊啊 啊 , 第一 [MASK] 这么 早",次,次,-0.08701545000076294,"次, 个, 章","-0.0870, -3.5801, -4.4759"
102,"珠海 天气 20120122 早 今天 星期日 , 珠海 白天 到 夜间 小 雨 , 气温 148 , 北风 34 [MASK] 明天 小 雨 , 气温 118 。",级,号,-0.43055179715156555,"号, 级, 起","-0.4306, -2.5008, -3.1398"
103,"一 [MASK] 月 后 , 我们 依然 什么 都 不 是 。",个,个,-0.0009197649196721613,"个, 些, 点","-0.0009, -8.0515, -9.3680"
104,"还是 做 人 值得 被 信任 总 有 被 咨询 的 需要 , 无奈 有时 自身 能力 不足 , 无法 给予 答案 , 到 这 [MASK] 感觉 很 幸福 。",种,样,-0.7272442579269409,"样, 点, 家","-0.7272, -2.1450, -2.5783"
105,"仅 半天 没 照理 手机 , 竟 一下 收到 二百多 [MASK] 祝愿 和 拜年 , 很 感动 呀 。",条,条,-0.7427108287811279,"条, 个, 封","-0.7427, -1.1960, -2.0396"
106,"候车室 的 书店 看到 一 [MASK] 感 兴趣 的 书 , 准备 寒假 拿 回去 实践 一下",本,本,-0.2645913362503052,"本, 些, 堆","-0.2646, -1.6422, -3.9054"
107,"闹钟 七 点 就 响 了 , 我 还 在 被窝 里 下 决心 , 我 就 是 [MASK] 意志 薄弱 的 人 , 一 想到 又 是 一 天 的 大会 , 更 不 想 起床 了",个,个,-0.002193291438743472,"个, 种, 位","-0.0022, -7.3822, -7.7162"
108,过 了 二十 年 浑浑 噩噩 一 事 无成 的 日子 之后 我 希望 可以 改善 下 这 [MASK] 糟糕 情况 不 要 再 这么 混账 下去 了 !,种,种,-0.6295844316482544,"种, 个, 些","-0.6296, -1.0579, -2.4016"
109,很 奇怪 当 听到 那 [MASK] 话 的 时候 我 为什么 会 笑 那么 久,句,句,-0.10626515001058578,"句, 些, 段","-0.1063, -2.8473, -3.3864"
110,我 在 这 拜 [MASK] 早年 mk 拜年 mk 拜 年,个,个,-1.06642484664917,"个, 场, 家","-1.0664, -2.8197, -3.1477"
111,视频 打工仔 建 15 [MASK] 别墅 赠送 村民 入住 过 新年 分享 自,栋,套,-0.9690980315208435,"套, 栋, 层","-0.9691, -1.1170, -2.1738"
112,帮 爸爸 买 的 彩票 二 [MASK] 奖 不过 阿爸 说 那 是 我 下下 学期 的 学费,等,等,-0.0007335849804803729,"等, 级, 头","-0.0007, -8.0868, -8.5884"
113,明天 还 有 一 大 [MASK] 旅途 呢 。,段,段,-0.01314570289105177,"段, 波, 片","-0.0131, -6.1303, -6.6665"
114,吃 了 一 [MASK] 泰诺 晕乎乎 的 困醒 去 这 该 是 多 幸福 的 事情吖,粒,口,-1.3151648044586182,"口, 点, 个","-1.3152, -1.9299, -2.3995"
115,哈哈哈 笑死 了姐 今天 也 切 了 一 [MASK] 愤怒 的 甜椒 好 愤怒 的 样子 。,个,个,-1.0307815074920654,"个, 些, 颗","-1.0308, -1.7927, -2.9034"
116,这样 好吗 一 [MASK] 方便面 加 茶蛋 给 我 吃 撑 了,袋,碗,-0.6821502447128296,"碗, 个, 盒","-0.6822, -1.6920, -3.3815"
117,"世界 最 有名 的 四 [MASK] 塔类 建筑物 埃菲尔 铁塔 台北 101 东京 铁塔 迪拜塔 , 你 想去 哪里 ?",幢,座,-0.16266953945159912,"座, 个, 层","-0.1627, -2.4270, -3.7690"
118,后面 那 [MASK] 戴 黄 围脖 的 祝 她 快乐 吧,个,个,-0.5035510063171387,"个, 位, 些","-0.5036, -1.0947, -4.1842"
119,读 问好 灌水 表情 灌水 表情 灌水 表情 看到 yanzj 的 博文 一 [MASK] 飘 走 的 彩云 有感而发 的 评论 。,朵,片,-1.0753166675567627,"片, 路, 朵","-1.0753, -1.6303, -2.0507"
120,"兔年 的 最后 一 天 , 持续 感冒 中 , 我 已经 失去 嗅觉 , 估计 要 吃 一 [MASK] 食之无味 的 年夜饭 了",顿,顿,-0.04650130122900009,"顿, 个, 次","-0.0465, -4.6890, -4.9236"
121,发狼们 太 拽 了 寻遍木 有 开业 了 的 刚刚 全部 吹干 一 [MASK] 辣 毛 累死 老娘 我 了 手臂 都 举 不 起来 了,头,根,-2.0004723072052,"根, 身, 条","-2.0005, -2.1744, -2.6783"
122,"千 [MASK] 激情片 可惜 了 , 美女 老师 被 OOXX 男人 帮 恶夜 惊魂 天堂 口 大情人 疯狂 的 石头 我 的 娜塔莎 Hello 小姐 拿 什么 拯救 你 , 我 的 爱人 刀尖 上 行走 今夜 有 戏 欲望号 列车 写真 毒刺 疯狂 的 石头 青 木瓜 之 味 魔鬼 屠夫 香奈儿 的 秘密 情史",部,部,-1.3893264532089233,"部, 集, 套","-1.3893, -1.5156, -1.9961"
123,各位 过 [MASK] 好 年 啊 。,个,个,-0.0038483187090605497,"个, 些, 点","-0.0038, -6.9766, -7.5201"
124,"父亲 给 小 米 买 了 双 皮鞋 , 一 [MASK] 星期 之后 爸爸 问 小米 新 鞋 买 了 , 怎么 不 见 你 穿 呀 ?",个,个,-1.919287933560554e-05,"个, 颗, 些","-0.0000, -12.4240, -12.5978"
125,"身 未 动 , 心 已 远 , 在 风景 展区 发布 20 [MASK] 作品",组,幅,-0.24365751445293427,"幅, 件, 组","-0.2437, -2.6842, -2.7133"
126,"酒 搞 多 了 , 现在 醒 了 , 口干 舌躁 , 两 [MASK] 果汁 , 真 TM 爽 !",杯,杯,-0.32287779450416565,"杯, 瓶, 碗","-0.3229, -1.7737, -3.6982"
127,"六味 地黄丸 , 你丸 我 也丸 , 一 天 六十 [MASK] , 发发 有 冲劲儿 不 来 一 发么 ?",粒,粒,-0.9284877181053162,"粒, 次, 颗","-0.9285, -2.2628, -2.3712"
128,"爹娘 给 我 上 了 堂课 , 主题 是 我 要 嫁 [MASK] 什么样 的 人 。",个,个,-0.0029035599436610937,"个, 对, 位","-0.0029, -6.7748, -6.8887"
129,"但是 两 [MASK] 之间 拖 了 六 年 , 结构 已经 荡然无存 。",卷,个,-1.2142494916915894,"个, 家, 次","-1.2142, -1.3457, -3.6602"
130,激动 到 我 TV 第三 [MASK] 到来 !,季,次,-1.133434772491455,"次, 季, 波","-1.1334, -1.6189, -2.8159"
131,"刚刚 在 德克萨斯 扑克 游戏 中 与 同桌 PK , 以 一 [MASK] 葫芦 牌型 赢取 了 2080 筹码 !",手,个,-1.1784236431121826,"个, 张, 套","-1.1784, -1.7909, -2.2735"
132,刚才 出门 走 一 [MASK] 去 邮局 的 决定 是 对 的 人家 今天 最后 一 天 班 我 不仅 买到 了 邮票 还 把 信 和 明信片 放 在 了 邮局 那 没有 风吹雨淋 的 邮箱 里 不过 估计 人家 年 后 才 会 寄 得 出去 了 。,遭,趟,-0.5077365040779114,"趟, 圈, 步","-0.5077, -1.9445, -2.3096"
133,见 着 [MASK] 学 的 好 不 如 嫁 的 好 的 活 例 咳 太 负面 太 负面 阿弥陀佛,个,个,-0.7858909964561462,"个, 面, 些","-0.7859, -1.5670, -2.9112"
134,"要 把 它 过得 尽量 像 自己 想要 的 那 [MASK] 样子 , 才 对",个,个,-0.4387918710708618,"个, 种, 样","-0.4388, -1.1700, -3.3348"
135,"一 [MASK] 气 拖完 , 累",口,口,-0.003048412501811981,"口, 个, 下","-0.0030, -6.6896, -7.5024"
136,总结 一 [MASK] 字 正 !,个,个,-0.131232351064682,"个, 行, 下","-0.1312, -3.6033, -4.4345"
137,一 [MASK] 人 那 木 早 回家 好 冷呐,个,个,-0.12024517357349396,"个, 家, 堆","-0.1202, -2.9500, -4.3017"
138,"冷 到 发抖 , 但是 打开 衣柜 又 不 想 穿 那件 羽绒服 , 于是 下 一 [MASK] 吃 汤圆 , 结果 一 吃 , 顿时 整个 人 火 起来 热 !",楼,次,-1.6012994050979614,"次, 个, 顿","-1.6013, -2.4675, -2.6268"
139,地球 上 两 [MASK] 人 能 相遇 不 容易 作 不 成 你 的 情人 我 仍 感激,个,个,-0.04134238883852959,"个, 种, 颗","-0.0413, -3.8097, -4.8358"
140,"两 [MASK] 寂寞 嘅男人 系 度 饮野 , 倾 到 无野 倾 开始 倾 魔兽 世界 为了 部落",个,个,-0.018725523725152016,"个, 位, 名","-0.0187, -4.4352, -6.8593"
141,我 参与 了 想 khuntoria 或 其中 一 [MASK] 亲临 快乐 大 本营 ?,员,个,-0.785751461982727,"个, 位, 员","-0.7858, -1.3405, -2.8847"
142,"2 常州市 武进区 6 [MASK] 地块 新年 打头阵 , 土地 出让 向 乡镇 蔓延 。",宗,宗,-0.6244528889656067,"宗, 个, 幅","-0.6245, -1.4026, -2.3607"
143,新手 司机 的 72 [MASK] 错误 留 着 等 自己 买车 的 时候 能 用 的 上 。,个,个,-0.04527681693434715,"个, 条, 种","-0.0453, -3.7810, -4.3833"
144,"亲爱 的 们来 听 首 歌 吧 , 一 开始 我 还 以为 是 胡 歌唱 的 确实 挺 好听 的 TVT 但是 带 不 回宫 1 的 那 [MASK] 感觉 了 听 哭 了 我 也 不 知道 为何 何晟铭佛 说",种,种,-0.0298989899456501,"种, 个, 份","-0.0299, -4.3414, -4.8617"
145,那 人 说 我 七 年 后 会 有 一 [MASK] 大 作为 会 吗,番,个,-0.42548567056655884,"个, 次, 场","-0.4255, -1.9648, -3.1200"
146,海鸟 跟 鱼 相爱 只 是 一 [MASK] 意外,场,场,-0.6992664933204651,"场, 次, 个","-0.6993, -1.5722, -1.5996"
147,"如果 没有 强大 的 有 公民 意识 的 中产 阶级 的话 , 导致 的 结果 很 可能 不 是 积极 的 治理 而 是 一 [MASK] 暴民 治理 。",个,个,-0.8586134314537048,"个, 种, 场","-0.8586, -1.0578, -1.9236"
148,这 几 天 来 家 里 拜年 送礼 的 较 多 刚才 发现 一 [MASK] 蒙 牛 纯 牛奶 我 勒个去,箱,瓶,-0.5488231182098389,"瓶, 杯, 罐","-0.5488, -2.1703, -2.7077"
149,今年 照 的 第一 [MASK] 照片 !,张,张,-0.11113818734884262,"张, 个, 组","-0.1111, -3.3691, -3.6027"
150,据说 现在 三 [MASK] 之 家 到手 月 收入 在 1W 到 1W5 的 家庭 幸福 指数 最高 。,口,口,-0.00022705986339133233,"口, 代, 分","-0.0002, -8.8315, -10.0797"
151,"小 明 怎么 都 想 不 出来 , 一 看 答案 只 见 上面 写 的 是 一 [MASK] 害羞 的 斑马 !",匹,匹,-0.859630823135376,"匹, 只, 条","-0.8596, -0.9701, -2.3333"
152,"连 他 都 这样 说 我 真的 很 伤心 , 我 不 是 没有 反省 我 也 知道 我 说话 不 经过 大脑 , 但是 竟然 没有 一 [MASK] 人 理解 我 , 真的 很 伤心",个,个,-0.0032466247212141752,"个, 种, 些","-0.0032, -6.9608, -7.5844"
153,"喝 了 一 [MASK] 红酒 就 有 点晕 , 我 没有 这么 水货 吧 ?",杯,杯,-1.072494387626648,"杯, 口, 瓶","-1.0725, -1.3435, -2.3446"
154,20120124 第一 [MASK] 这 大半夜 地 。,记,次,-0.3819104731082916,"次, 个, 张","-0.3819, -3.1700, -3.2675"
155,"这个 问题 隔天 被 愤怒 的 斑竹 删掉 了 , 于是 有 人 建议 发贴者 如果 你 觉得 有 气 的话 , 给 斑竹 发 [MASK] AIDS 病毒 把 他 毒死",个,个,-0.2290908843278885,"个, 条, 点","-0.2291, -2.5133, -3.1852"
156,它 歸類 在 反 物質 Anti Matter 的 那組 照片 中從 第四 [MASK] 左 二 進去 。,排,排,-0.9701218008995056,"排, 行, 位","-0.9701, -2.0590, -2.2745"
157,我 各 [MASK] 圆满 了,种,位,-0.7912416458129883,"位, 个, 种","-0.7912, -1.1307, -2.3502"
158,我 在 这里 浦东 国际 机场 1 [MASK] 航站楼 出发 相当 的 奢华,号,号,-0.00041630587656982243,"号, 楼, 个","-0.0004, -8.5176, -9.4976"
159,中间 要 行驶 14 [MASK] 小时 才 能 到 北京,个,个,-0.0001401999470544979,"个, 点, 分","-0.0001, -10.4956, -10.7598"
160,"男人 , 永远 不 懂得 好好 守护 那 [MASK] 跟 自己 同 甘 共苦 的 女人 。",个,个,-0.10143415629863739,"个, 些, 位","-0.1014, -2.4981, -4.4006"
161,"好久 没 晒 太阳 了 , 伸 [MASK] 懒 腰 晒晒 太阳 , 好 舒服 !",个,个,-0.018507765606045723,"个, 点, 起","-0.0185, -5.3099, -5.5435"
162,"家 里 感觉 真 好 , 哈哈 给 大家 拜 [MASK] 早年 ,",个,个,-0.0006233608000911772,"个, 些, 声","-0.0006, -9.2690, -9.3611"
163,一 [MASK] 没有 爱 过 的 人 是 没有 资格 谈论 爱 的 。,个,个,-0.009182221256196499,"个, 位, 群","-0.0092, -6.2553, -6.9307"
164,有些 人 不 用 付出 就 可以 得到 想要 的 又 有些 人 就算 付出 多 大 也 未 必 能 得到 半個小時 的 淚水 足以 我 訴出 多 年 的 委屈 謝謝媽媽 開學 一 個月 我會 做好 自己 給你 看 算是 爲了 某些 東西去 努力 爭取 一 [MASK] 嗎,次,下,-0.1492595374584198,"下, 番, 些","-0.1493, -3.0774, -3.2116"
165,IP 地址 的 表示 方法 有 两 [MASK] 二进制 和 点 分 十 进制 。,种,分,-1.3169766664505005,"分, 位, 个","-1.3170, -1.5612, -1.5931"
166,"只要 衣服 没有 线头 没有 开裂 没有 破损 , 那么 当 男人 看到 一 [MASK] 好 身材 贴身 穿 着 它 时 , 他 永远 不 会 去 想 它 是 啥材料 啥品牌 多少 钱 做工 怎样 。",幅,件,-0.7782441973686218,"件, 个, 条","-0.7782, -1.0070, -3.4204"
167,分 不 开心 的 一 [MASK] 晚上,个,个,-0.0033235286828130484,"个, 位, 件","-0.0033, -7.7468, -7.9733"
168,今日 细佬 穿 了 [MASK] 李民浩 在 城市 猎人 里面 的 类似 风衣 的 衣服 。,件,件,-0.8669182062149048,"件, 套, 个","-0.8669, -1.4999, -2.1916"
169,"左侧 从下 数 第一 和 二 [MASK] 肋骨 前面 的 肌肉 一 抽 一 抽 的 疼 , 是 为啥 呢 ?",根,根,-1.115841031074524,"根, 节, 个","-1.1158, -1.1896, -2.1953"
170,讨厌 一 [MASK] 人 也许 只 需要 一 瞬间,个,个,-0.0020517283119261265,"个, 些, 种","-0.0021, -7.3405, -7.6598"
171,"身价 计算 报告 , 你 现在 的 身价 是 39 万 , 身价 状态 每 年 210 [MASK] 的 速度 上涨 快来 算算 你 的 身价 吧 !",分,次,-0.7066347002983093,"次, 点, 位","-0.7066, -1.3886, -3.2482"
172,"外面 已经 亮起 灯 , 十月 的 夜晚 , 你 在 归家 路 上 听 着 张楚 的 城市 之 光 穿 过 你 的 城市 , 对面 有 一 [MASK] 火车 驶过 。",列,辆,-0.6678748726844788,"辆, 列, 班","-0.6679, -1.2281, -2.3382"
173,就 上面 一 [MASK] 球 三十五,个,个,-0.5244032740592957,"个, 粒, 圈","-0.5244, -3.4755, -3.8393"
174,"另外 , 每 月 还 将 有 300 [MASK] 自己 微博 的 短信 提醒 , 包括 新 粉丝 新 评论 新 私信 的 通知 。",条,条,-0.05632004886865616,"条, 个, 次","-0.0563, -3.8066, -4.2550"
175,欢乐 马戏团 之 三 [MASK] 小丑,个,个,-0.8515290021896362,"个, 位, 号","-0.8515, -1.5409, -2.0060"
176,吃完 这 [MASK] 开始 减肥 !,碗,些,-0.29870009422302246,"些, 个, 样","-0.2987, -1.7264, -3.9551"
177,"顶 看错 了 , 买 了 [MASK] 草莓 的 !",个,个,-0.694013774394989,"个, 些, 点","-0.6940, -1.8604, -2.8497"
178,"这 [MASK] 路况 不管 你 伤 得 起 不 , 反正 我 伤 不 起 !",种,种,-0.05036754161119461,"种, 个, 些","-0.0504, -3.7289, -4.1601"
179,"昨晚 做 夢夢 到 一 [MASK] 話沒 有 你 , 地球 會運轉 得 更 快 高士喬 。",句,句,-0.00807593110948801,"句, 段, 席","-0.0081, -5.7587, -6.4308"
180,"三十 晚 小 墩竟然 画 了 一 [MASK] 完整 的 画 , 我 当时 就 泪 奔 了 。",副,幅,-0.5369829535484314,"幅, 副, 张","-0.5370, -1.6760, -1.9824"
181,小心 6 [MASK] 乌龙 搭配 易 引起 疾病 1 海鲜 与 啤酒 搭配 食用 容易 诱发 痛风 。,种,种,-0.1571160852909088,"种, 个, 类","-0.1571, -2.7437, -3.5163"
182,"妈咪 说 抹 [MASK] 灰 还 喊 累 , 以后 嫁人 怎么 办 。",个,口,-1.473270297050476,"口, 面, 头","-1.4733, -2.1459, -2.6115"
183,没有 一 [MASK] 阳光 的 天气 真 讨厌,丝,点,-0.42883357405662537,"点, 丝, 线","-0.4288, -1.1790, -4.0094"
184,可能 毁掉 我们 的 十 [MASK] 东西 一 没有 责任感 的 享乐 二 不 劳 而 获 的 财富 三 没有 是非 观念 的 知识 四 不 道德 的 生意 五 没有 人性 的 科学 六 没有 牺牲 的 崇拜 七随性 而 出 的 暴躁 八 没有 理性 的 盲从九 没有 克制 的 喜欢 十 恣意 付出 的 恋爱 。,样,个,-0.7370395660400391,"个, 种, 件","-0.7370, -1.3153, -1.9679"
185,拜年 了 祝 龙年 顺顺 畅畅 一 [MASK] 龙 !,条,条,-0.00966585986316204,"条, 个, 路","-0.0097, -6.0425, -6.3134"
186,"小 超市 里 前前后后 几 [MASK] 排队 结账 的 人 , 手 里 都 拿 着 泡面 , 当然 也 包括 我 。",个,个,-0.48886817693710327,"个, 处, 位","-0.4889, -2.2027, -2.5158"
187,"我 一 [MASK] 人 跳舞 , 从 清晨 到 日暮 。",个,个,-0.0029008102137595415,"个, 家, 群","-0.0029, -6.5405, -7.1016"
188,"试问 有 边 日 会 五 [MASK] 黑黑 , 叫 都 五 应 啊 。",面,个,-1.4330323934555054,"个, 声, 样","-1.4330, -2.9045, -3.2259"
189,"我 说 喝 了 一 [MASK] 稀饭 , 护士 说 你 这 是 饿 的 胃痛 。",碗,碗,-0.8611606955528259,"碗, 口, 点","-0.8612, -1.4778, -1.9739"
190,可 见 团结 的 重要 如果 几 [MASK] 舅 能够 团结 一心 白 家 早 都 兴盛 起来 了 !,个,个,-0.0830046609044075,"个, 位, 家","-0.0830, -3.3782, -4.4491"
191,"哥俩 好 类 , 来 一 [MASK] 类 干杯 bofu 拜年",口,个,-0.8234086632728577,"个, 杯, 张","-0.8234, -2.4124, -2.8032"
192,55555 介是 肿么 一 [MASK] 事 嘛 !,回,回,-0.0013784129405394197,"回, 件, 个","-0.0014, -7.4316, -8.2870"
193,"领到 这么 大 一 [MASK] 红包 , 太 给力 了 !",个,个,-0.17326714098453522,"个, 笔, 张","-0.1733, -2.5790, -3.8504"
194,"就 情爱 而 言 , 最 悲惨 的 不 是 目光 相遇 一 人 停留 一 人 做 着 穿越 而 是 两 [MASK] 孤独 脆弱 的 灵魂 电光 火石 相互 催眠 , 而 瞬间 即 醒 。",个,个,-0.3613412082195282,"个, 颗, 位","-0.3613, -1.5340, -3.8127"
195,哈哈 原来 我们 家 的 家谱 编制 成 一 [MASK] 书 了 不错 哈哈,本,本,-0.05266113206744194,"本, 套, 册","-0.0527, -4.3034, -4.4681"
196,"错 , 是 我们 领导 的 嘴 , 尼玛 , 一 [MASK] 话 把 我们 的 年终 奖 扣掉 一半",句,句,-0.019450735300779343,"句, 席, 番","-0.0195, -4.3605, -6.5725"
197,好久 没 见 你 了 长大 了 不少 噢 三 [MASK] 多 月 了,个,个,-0.00018449338676873595,"个, 颗, 点","-0.0002, -9.9955, -10.3346"
198,同事 赵 老师 的 父亲 今晨 去世 周三 要 去 参加 葬礼 赵 老师 是 [MASK] 非常 好 的 老师 !,个,个,-0.383916437625885,"个, 位, 名","-0.3839, -1.1740, -4.9735"
199,"大海 里 生活 着 一 [MASK] 快乐 的 鲸鱼 , 它 很 爱 干净 , 天天 自己 喷水 洗淋浴 , 大家 纷纷 赞叹 它 多 讲 卫生 啊 !",条,只,-0.6282244324684143,"只, 条, 个","-0.6282, -1.2357, -2.9386"
200,"吃 太 饱 睡 不 着 , 带 着 耳机 却 听到 心跳 , 每 一 [MASK] 都 好像 巨人 走 过 颤动 着 身体 。",声,步,-0.6082045435905457,"步, 次, 幕","-0.6082, -1.3617, -3.3099"
201,我 崩溃 中 我 见到 了 一 [MASK] 集志玲 和 大 话 精于 一身 的 姑娘 妈妈咪 呀 谁 也 无法 阻挡 这 姑娘 了,个,个,-0.19449341297149658,"个, 位, 群","-0.1945, -1.9000, -5.0021"
202,"刚才 梳头 , 不 留神 发现 一 [MASK] 不 属于 黑色 的 头发 。",根,头,-1.146236538887024,"头, 根, 条","-1.1462, -1.3700, -2.2780"
203,"同事 都 说 我 是 超人 , 各 [MASK] 疯狂 加班 , 我 总是 开玩笑 说 老子 要 加班 还债 , 可 谁 又 能 懂 , 我 是 在 用 工作 填补 自己 心 中 的 孤寂 。",种,种,-0.015612429939210415,"种, 个, 家","-0.0156, -4.9542, -6.4138"
204,第 84 [MASK] 奥斯卡 提名 名单 揭晓 雨果 艺术家 领跑,届,届,-0.0012471104273572564,"届, 次, 座","-0.0012, -7.6699, -8.3327"
205,这 是 我 今天 说 的 第一 [MASK] 话 。,句,句,-0.033402442932128906,"句, 段, 个","-0.0334, -3.7906, -5.7589"
206,"必胜客 我 等 你 的 电话 等 得 好 苦 啊 , 要 我 还是 不 要 我 , 给 [MASK] 痛 快点 的 答案 啊 行 啊 ?",个,个,-0.07526741921901703,"个, 点, 些","-0.0753, -2.8200, -4.8143"
207,节奏 超快 这 [MASK] 足球 超 好看 但是 好 累 啊,种,个,-0.6172111630439758,"个, 场, 支","-0.6172, -1.3521, -3.4858"
208,"你妹 的 , 该 死 的 公司 , 老子 年 后 妥妥 不 伺候 你 了 , 过 春节 连 [MASK] 假 都 不 给 批 , 去 死 吧 你 , 疯子 老总",个,个,-0.6649327874183655,"个, 节, 例","-0.6649, -1.7774, -2.0369"
209,"一个 [MASK] 孩子 结婚 , 有限 的 住房 已 被 分割 得 不能 再 分 , 老人 自己 在 家中 已 无 一块 清静 的 安身之地 , 又 怎 能 再 筑 起 一个 新 巢 呢 ?",个,个,-0.14532485604286194,"个, 家, 次","-0.1453, -2.3789, -4.9920"
210,总算 做掉 一 [MASK] 事情 了 光速 爬 去 碎 觉 起床 还 得 去 看 牙医,件,件,-0.8112344741821289,"件, 些, 点","-0.8112, -0.8597, -2.9030"
211,分享 了 满 88 [MASK] 申通 黑 巫女 蕾丝 手链 戒指 套装 女 腕饰 手绳 复古 饰品 2800,包,分,-2.2040059566497803,"分, 点, 块","-2.2040, -2.4124, -2.4245"
212,"新年 第一 天 , 一 [MASK] 朋友 窝 在 我 家 看 电影 , 感觉 还 不错 。",群,个,-0.5379031896591187,"个, 群, 位","-0.5379, -1.2616, -2.8524"
213,"美国 的 一 [MASK] 新 研究 发现 , 吃 苹果 可以 促进 神经 细胞 相互 传递 信息 , 降低 老年 痴呆症 的 发病率 。",项,项,-0.018277062103152275,"项, 个, 份","-0.0183, -4.3855, -6.3776"
214,自己 家里人 吃饭 都 能 喝 多 不 就 是 斗鸡眼 么敷 [MASK] 泥巴 的 时间 也 不 能 浪费 乡村 小姐妹 感情 深,个,个,-0.5153672099113464,"个, 些, 面","-0.5154, -2.5027, -2.8761"
215,"我 就 开 10 [MASK] 树洞 , 说 的 也 还 是 这些 事儿 。",个,个,-0.04348429664969444,"个, 座, 处","-0.0435, -5.1157, -5.3781"
216,"反 嘴 之 什麼什 麼沒聽清 , 然後 看到 一 [MASK] 事問 , 那 女 的 想幹嗎 , 結果 那 女人 跑 的 比 兔子 還快 我 看 她 是 不 想 在 東泰 混 了 。",管,件,-0.2906731963157654,"件, 些, 本","-0.2907, -2.2188, -3.1952"
217,每 一 [MASK] 的 煎熬 !,次,次,-0.6465389132499695,"次, 步, 分","-0.6465, -1.7945, -3.0224"
218,"猴哥 的 同学 说 她 哥哥 以前 跟 我 同班 , 她 说 她 哥哥 说 我 超 有 气质 , 心 里 五 [MASK] 杂陈 , 记得 也 这样 说 过 , 好 想 问 一下 我 现在 是 不 是 毁 了",味,味,-7.74863383412594e-06,"味, 种, 类","-0.0000, -13.0235, -13.2657"
219,2011 快乐 女声 长沙 唱区 预选赛 第二 [MASK] 0092 刘忻 2011 快乐 女声 可 选 原 画 清晰度 分享自,场,季,-1.0452910661697388,"季, 轮, 名","-1.0453, -1.0547, -2.1877"
220,"赖声川 透露 , 谢娜 将 在 今年 回归 暗恋 桃花源 的 舞台 , 同时 还 将 出演 他 的 另外 一 [MASK] 喜剧",部,部,-0.08178403973579407,"部, 个, 套","-0.0818, -3.6066, -3.9417"
221,"肿得 像 猪蹄 , 还 裹 了 一 [MASK] 像 粪便 的 药 。",层,层,-0.5554295778274536,"层, 些, 个","-0.5554, -1.8893, -2.9789"
222,iphone 不 只 是 一 [MASK] 手机 !,台,部,-0.30899548530578613,"部, 个, 款","-0.3090, -2.3695, -2.4257"
223,"2011 的 最后 一 天 , 这里 的 天气 还 跟 往年 一 [MASK] 恶劣 !",样,样,-0.007453013211488724,"样, 般, 个","-0.0075, -5.0396, -8.4223"
224,银行 被 疑 泄露 个人 信息 客户 资料 在 内部 几乎 透明 你 有 没 有 被 各 [MASK] 垃圾 信息 推销 电话 轰炸 的 经历 ?,类,种,-0.1014346182346344,"种, 类, 个","-0.1014, -2.4939, -5.2288"
225,"雨 中 散步 , 一 [MASK] 多么 陌生 而 又 熟悉 的 记忆 。",种,段,-0.9905241131782532,"段, 个, 份","-0.9905, -1.4667, -1.7379"
226,兔泽 又 多 了 [MASK] 功能 set up 无线 打印机 呢 。,个,个,-0.0501399002969265,"个, 项, 些","-0.0501, -4.3787, -4.7789"
227,"熬 了 一 [MASK] 通宵 白天 上班 , 还 说 回来 试试 昨天 捣腾 来 的 小 红 裙 就 碎 叫 结果 一 打开 衣柜 , 衣柜 崩溃 啊 !",个,个,-0.0177996177226305,"个, 顿, 下","-0.0178, -6.0708, -6.6211"
228,明天 起床 希望 我 的 手机 就 变 出来 了 亲 你 生日 许愿 的 时候 分 我 一 [MASK] 愿望 保佑 我 新 手机 早日 到手 亲 记得 喔亲,个,个,-0.026530234143137932,"个, 次, 些","-0.0265, -5.1314, -5.3042"
229,在 首尔 迎来 2012 D3 路口 的 食店 貌似 不少 韩剧 中 的 男 二 会 经营 一 [MASK] 这样 的 小资 餐馆,家,家,-0.4943927526473999,"家, 间, 些","-0.4944, -1.5887, -2.6549"
230,Home sweet home 上 [MASK] 回来 是 什么 时候 ?,次,次,-0.0738157257437706,"次, 班, 回","-0.0738, -3.0231, -4.1080"
231,今天 开 了 一 天 的 三 [MASK] 车手 都 被 抖麻 了,缸,个,-1.122744083404541,"个, 轮, 位","-1.1227, -1.3343, -2.3155"
232,"始建 于 1958年 的 鞍钢 冷轧 板 厂 , 是 我国 第一 [MASK] 冷轧 薄板 生产 厂家 。",个,家,-0.25374382734298706,"家, 个, 批","-0.2537, -1.7229, -4.6197"
233,"感谢 胖虎 一直 欺负 我 小 夫 一直 向 我 炫耀 , 让 我 和 阿梦 患难 见 真 情 对 不 起 静香 , 我 的 心 里 只 能 装下 阿 梦 一 [MASK] 人 。",个,个,-0.005378438625484705,"个, 家, 种","-0.0054, -5.5407, -8.2772"
234,重温 了 一 [MASK] 寂静岭 经典 还 是 经典 啊,遍,下,-0.16181665658950806,"下, 次, 遍","-0.1618, -2.9043, -2.9655"
235,啊 哈哈哈哈 哪 [MASK] 好看 ?,个,个,-0.16670911014080048,"个, 家, 种","-0.1667, -2.7279, -3.8984"
236,"也 对 , 那 [MASK] 知名 人士 会 天天 刷微博来 责骂 其他 艺人 及 粉丝 包括 自己 的",个,些,-0.0212866198271513,"些, 位, 个","-0.0213, -5.1101, -5.1457"
237,贱贱 的 过 完 年 了 我 的 小 脸 圆润 了 一 [MASK] b 是喜 还 是 悲好,圈,些,-1.0737926959991455,"些, 点, 圈","-1.0738, -1.3148, -1.6169"
238,"恶心 的 东西 我 见 多 了 , 你们 算 [MASK] 毛啊",个,个,-0.2661098837852478,"个, 些, 包","-0.2661, -3.3807, -3.4409"
239,"作为 一 [MASK] 公民 , 有 权 对 法官 审判 的 公正 作 一下 质疑 , 有 权 对 本 案 中 司法 的 独立性 作出 更 大 的 质疑 。",个,个,-0.18692409992218018,"个, 名, 位","-0.1869, -1.8219, -5.1089"
240,记得 这 [MASK] 照片 吗 ?,张,张,-0.345592737197876,"张, 些, 个","-0.3456, -1.6343, -2.7996"
241,家乐福 停车 已经 停到 上去 的 那 [MASK] 坡 啦 !,个,个,-0.27987754344940186,"个, 条, 段","-0.2799, -1.7073, -4.5198"
242,我 是 [MASK] 不 好 的 人 啊 鄙视,个,个,-0.006442512851208448,"个, 点, 些","-0.0064, -6.9858, -7.0838"
243,我 前 两 [MASK] 微博 纯 属 屁憋 的 。,条,条,-0.7930904626846313,"条, 篇, 个","-0.7931, -1.5810, -1.7240"
244,"传说 如果 找到 四 [MASK] 小叶 的 幸运 草 , 就 能 许愿 , 使 愿望 成真 。",片,个,-1.2955117225646973,"个, 只, 根","-1.2955, -1.9145, -2.0390"
245,"赶 在 生日 前 , 希望 能 用心 的 做出 [MASK] 像样 的 成品 。",个,个,-0.7997705936431885,"个, 些, 点","-0.7998, -1.0515, -2.6697"
246,"你 是 记忆 中 最 美 的 一 天 , 遗忘 的 或许 会 是 一 [MASK] 漫长 等待 的 未来 岁月 。",个,段,-0.2172369807958603,"段, 个, 些","-0.2172, -1.7578, -4.5698"
247,对付 一 [MASK] 人 最 好 的 办法 就 是 置之不理 。,个,个,-0.3049176037311554,"个, 些, 般","-0.3049, -1.9354, -3.2790"
248,"沃嘉 旅游 厦门 的 悠闲 与 懒散 最 合 小资 胃口 , 鼓浪屿 尤其 是 [MASK] 世外 桃源 。",个,个,-0.0758911743760109,"个, 座, 些","-0.0759, -3.9798, -4.4301"
249,"洛 卡 松 了 口 气 , 这 [MASK] 话 他 一直 藏 在 心中 , 现在 说 出来 了 , 他 觉得 自己 死 也 没有 什么 遣 憾 了 。",句,句,-0.6442112922668457,"句, 些, 番","-0.6442, -1.1036, -3.0374"
250,"明天 5 点 那 [MASK] 西班牙 国王 杯 的 14 决赛 , 哪 有 转播 吗 ?",场,场,-0.5369503498077393,"场, 个, 段","-0.5370, -0.9942, -4.4085"
251,厦门 也 挺 冷 的 中午 的 当归 米 酒 两 [MASK] 下去 这 会 好 头疼,口,杯,-0.6976126432418823,"杯, 瓶, 个","-0.6976, -1.5719, -2.7884"
252,"一 [MASK] 怒火 熊熊 燃烧 , 幸好 有 人 及时 帮 我 浇灭 , tmd 的 已 到 家",团,股,-1.1232191324234009,"股, 团, 片","-1.1232, -1.4459, -1.9156"
253,各 [MASK] 打架 梦 。,种,种,-0.041092198342084885,"种, 个, 类","-0.0411, -4.4903, -4.6114"
254,过 年 啦 这 [MASK] 双子 的 宝贝 很 幽默 弄 得 我们 大家 都 笑哈哈,位,个,-0.5048269033432007,"个, 位, 对","-0.5048, -1.9292, -2.8338"
255,我 刚 在 MOKO 美空网 发布 了 一 [MASK] 新 展示 服装 片杜 达 女装,组,个,-0.5308354496955872,"个, 款, 组","-0.5308, -2.8721, -2.9636"
256,上传 了 12 [MASK] 照片 到 相册 SNSD,张,张,-0.01744733937084675,"张, 幅, 个","-0.0174, -5.1743, -5.5125"
257,祭 天公 的 祭桌 四 [MASK] 桌脚 都 要 垫金 纸 !,条,面,-0.8117679953575134,"面, 个, 张","-0.8118, -1.0359, -2.7573"
258,"觉得 自己 能 生 在 这样 的 一 [MASK] 家庭 , 好 满足 !",个,个,-0.0013530462747439742,"个, 组, 种","-0.0014, -8.3809, -8.5819"
259,这 [MASK] 对 了 吧 ?,回,样,-0.5809778571128845,"样, 下, 个","-0.5810, -1.9002, -1.9126"
260,"回到 学校 , 本 想 吃 [MASK] 开心 的 早餐 , 谁 知道 还是 剩菜剩饭 , 心情 都 没 了",个,顿,-0.18690332770347595,"顿, 个, 点","-0.1869, -2.3201, -3.3654"
261,一 [MASK] 情缘 一 世 爱 天涯 遥寄 只 为 你 。,世,世,-0.09329061955213547,"世, 段, 场","-0.0933, -4.1252, -4.2694"
262,"亚亚 说 : “ 妈妈 , 你 看 , 爸爸 要 我 一定 要 把 这 [MASK] 照片 放在 身上 , 千万 不能 弄 丢 , 而且 一定 要 把 你 的 样子 记 清楚 , 这样 , 如果 在 街上 看到 你 , 就 能 认 出来 了 , 不能 会 再 错 过 了 。",张,张,-0.33404219150543213,"张, 些, 个","-0.3340, -1.3804, -4.0291"
263,"无知 加 无耻 , 真 tmd 一 [MASK] 奇葩 了 !",朵,个,-0.6087859272956848,"个, 朵, 代","-0.6088, -2.0408, -2.6618"
264,"如果 你 用 它 来 盛 天 上 的 净水 , 你 就 是 一 [MASK] 圣徒 。",个,个,-0.8524571657180786,"个, 名, 位","-0.8525, -1.2019, -1.3198"
265,"今天 , 生理 两 [MASK] 妇重点 技能 看完",章,个,-1.2612223625183105,"个, 族, 位","-1.2612, -2.9984, -3.0450"
266,我 在 西 二 [MASK] 菜户 营桥 到 西直门 桥 。,环,环,-0.01936948299407959,"环, 路, 门","-0.0194, -5.3088, -5.3179"
267,"2011 年 9 月 中旬 以来 , 香港 离岸 市场 人民币 CNH 一 改 之前 单向 升值 趋势 , 开始 出现 了 一 [MASK] 贬值 走势 。",轮,波,-0.4710710644721985,"波, 轮, 种","-0.4711, -1.8809, -2.5470"
268,"他们 纷纷 涌 向 大桥 , 争 睹 这 [MASK] 跨度 423 米 , 名列 世界 第二 的 斜拉桥 的 英姿 风采 。",座,座,-0.015845121815800667,"座, 条, 个","-0.0158, -5.2382, -5.4085"
269,"初 一 圆 明讲 [MASK] 参拜 , 遇 世博 一样 的 排队 长龙 , 香火 真 是 旺啊",堂,堂,-0.009672420099377632,"堂, 台, 道","-0.0097, -5.2664, -6.6852"
270,"第一 [MASK] 吃 年饭 系 上 冷饭 的 , 碟饭 如果 用 来 炒饭 简直 一流 。",次,次,-0.027596602216362953,"次, 个, 回","-0.0276, -4.5857, -4.9858"
271,我 兴高采烈 地 把 红包 一 [MASK] 封地 拆开 然后 再 失望 地 把 钱 重新 放 进去,封,封,-0.00755714625120163,"封, 个, 道","-0.0076, -5.3105, -7.5950"
272,"昨晚 看 着 你 做 家务 的 背影 , 觉得 你 是 [MASK] 有担当 的 , 有 肩膀 的 男人 , 被 你 照顾 着 很 幸福 。",个,个,-0.006677701137959957,"个, 位, 件","-0.0067, -6.2457, -6.9760"
273,不 漂亮 的 女生 都 会 一 [MASK] 手艺 那 就 是 十字绣 谁 敢 出来 承认 啊 老婆 我 知道 你 会 的 你 太 久 没 露面 了,门,门,-0.8044188022613525,"门, 个, 种","-0.8044, -2.0454, -2.2535"
274,各 [MASK] 咸 。,种,分,-1.7830840349197388,"分, 名, 行","-1.7831, -2.3882, -2.6655"
275,你 会 给 儿子 找 一 [MASK] 新 爸爸 吗 ?,个,个,-0.08821377158164978,"个, 位, 名","-0.0882, -2.5862, -5.3762"
276,但 遗憾 的 是 没有 看到 uk vogue 上 他 受 麦姐 那 [MASK] 启发 做 的 新款 连身 和 内衣,款,个,-1.2418110370635986,"个, 位, 些","-1.2418, -1.7155, -2.0697"
277,"需要 提醒 的 是 , 银行卡 和 身份证 尽量 不 要 放 在一起 , 如果 不法 分子 同时 获取 这 两 [MASK] 东西 , 就 有 可能 成功 办理 提前 取款 手续 。",件,样,-0.6774217486381531,"样, 种, 个","-0.6774, -1.3288, -1.9262"
278,巢湖 工商 查获 一 [MASK] 假冒 解百 纳 注册 商标 葡萄酒,批,瓶,-0.8403876423835754,"瓶, 批, 件","-0.8404, -0.8800, -3.4153"
279,"这个 破 天气 就 没 见 好 过 , 今天 还 是 除夕加 老爸 的 生日 , 要 不 是 为了 交话费 , 我 才 不 愿意 出 这 [MASK] 门 !",趟,趟,-0.9487977623939514,"趟, 个, 扇","-0.9488, -0.9720, -2.7382"
280,"爆笑 风格 喜剧 撒旦 女王 二 [MASK] 演出 即将 登场 , 2012 年 2 月 7 日 到 2 月 19 日 在 D6 哦 !",轮,次,-0.6976702213287354,"次, 场, 季","-0.6977, -2.0886, -2.2983"
281,"办公室 的 几 [MASK] 女人 叽叽 喳喳 的 讨论 甄环传 , 论调 特别 幼稚 雷 人 程度 令 人 发指 有点 忍 不 住 想 打断 她们 , 不过 还 是 使劲 憋住 了 。",个,个,-0.06395186483860016,"个, 位, 名","-0.0640, -3.1141, -5.1843"
282,"最 讲 卫生 的 家庭 主夫 每 天 洗碗 后 都 要 擦洗 一 [MASK] 操作台 , 所以 我 家 的 厨房 特 干净 !",遍,下,-0.17985127866268158,"下, 次, 遍","-0.1799, -2.5481, -3.1566"
283,"从 另 一 [MASK] 角度 拍摄 的 日出 , 你 有 多久 没 看 过 日出 ?",个,个,-0.03940511494874954,"个, 种, 面","-0.0394, -3.3638, -6.9413"
284,"为 哪样 要 喊阿泰 [MASK] 世界 和平 , 笑死 我 了 。",个,回,-2.4124703407287598,"回, 声, 号","-2.4125, -2.6005, -2.6300"
285,晕无拉拉通 左 [MASK] 宵好 无 准备,个,眼,-1.5321685075759888,"眼, 通, 路","-1.5322, -1.7559, -2.8763"
286,"发表 了 博文 2012 年 01 月 21 日 祝福 每 一 [MASK] 人 龙年 龙马精神 , 全 家 幸福 , 身体 健康 , 万事如意 , 阿弥陀佛",个,个,-0.019174670800566673,"个, 家, 位","-0.0192, -4.2250, -5.7011"
287,"他 亲情 盈盈 , 不 见 挚爱 , 找 [MASK] 小妾 只 挠痒 。",个,个,-0.03546081855893135,"个, 回, 对","-0.0355, -4.6600, -5.2141"
288,这 或许 就 是 两 [MASK] 人 的 分歧 。,辈,个,-0.03497010096907616,"个, 种, 代","-0.0350, -4.1150, -5.3208"
289,"璇 天才 waitingHee 默默 之中 居然 已经 积累 了 如此 的 人脉 关系 , 2012 [MASK] TA 注定 会 是 不 平凡 的 一 年 。",对,版,-2.4103572368621826,"版, 届, 个","-2.4104, -2.5103, -2.5312"
290,", 我 投给 了 韩爸 的 百 倍 影响力 , 粉丝 估计 在 3000 万 这 1 [MASK] 选项 。",个,个,-0.0341457836329937,"个, 项, 种","-0.0341, -4.6095, -4.7125"
291,番薯 君 回来 了 遥远 时空 传来 一 [MASK] 二 货 的 呼唤,声,声,-0.9537014365196228,"声, 个, 位","-0.9537, -1.0328, -2.6149"
292,16 [MASK] 小时 前 到达 威尼斯 。,个,个,-0.0005039054085500538,"个, 点, 块","-0.0005, -9.0903, -9.6303"
293,"南宋 晚期 , 咸淳 四年 1268 年 浙江 德清 吴奥墓 出土 的 一 [MASK] 龙泉 鬲式炉 和 此 器 类似 。",件,件,-0.8704058527946472,"件, 具, 个","-0.8704, -2.0348, -2.1674"
294,"切 香肠 是 [MASK] 技术活 , 切 得 好看 就 好吃 , 切 得 狗 啃 似 的 就 难吃 。",个,个,-0.20409241318702698,"个, 门, 项","-0.2041, -1.8804, -4.2755"
295,"死神涅 队长 摘掉 面具 后 , 也 是 一 [MASK] 大帅 但是 女 下属 , 还是 女 实验品",个,个,-0.5239443182945251,"个, 名, 位","-0.5239, -1.9865, -2.1623"
296,对 说 不 解释 一 天刷 了 那么 多 [MASK] 微博,条,条,-0.35474273562431335,"条, 个, 次","-0.3547, -1.7116, -2.8891"
297,"祝福 2012 年 我 和 我 的 全 [MASK] 人 还 有 所有 亲人 和 朋友 一生 身体 健康 合家欢乐 , 万事 顺利 天天 向上 龙年 吉祥 龙年 恭喜 发大财 。",家,家,-0.0011031749891117215,"家, 部, 个","-0.0011, -7.3879, -8.7972"
298,"怪 五 得 [MASK] 天 开始 光 啦 , 原来 已经 接近 7 点 。",个,等,-1.7578566074371338,"等, 下, 道","-1.7579, -2.2343, -2.6226"
299,欢迎 下 [MASK] 惠顾 淘金 币智 立方 小熊 一 天 趣味 木 书 智力 拼图 玩具 儿童 益智 玩具 1400,次,手,-1.0434741973876953,"手, 架, 次","-1.0435, -1.2853, -1.4681"
300,回家 路 上 遇到 什么 事 今天 本來 做好 事 給閨蜜 介紹 去 朋友 的 中華 料理店 打工沒 想到 碰到 朋友 的 一 [MASK] 日本 朋友 被 調侃 的 我 也 稀裡 糊塗進 去 打工 了 我 只 是 一個 陪衬 的 人 呀 !,群,位,-0.2654433250427246,"位, 名, 群","-0.2654, -2.9301, -2.9694"
301,"21 [MASK] 的 任务书 基本 完成 , 花 了 2 天 半 功夫 , 要 吐血 了 。",页,号,-0.28439539670944214,"号, 点, 页","-0.2844, -3.2020, -3.2871"
302,"汤本味 仅 售 1 元 价值 826 元 瓦罐 汤汤 在 江西 食 在 北京 一 汤 一格百 [MASK] 其中 另 有 售价 108 元 4 人 套餐 可选 关注 , 让 我们 团 在一起",味,味,-0.45729848742485046,"味, 家, 团","-0.4573, -1.8606, -3.7087"
303,20120120 直 排 轮 商品 推荐 动感 黑金 三 [MASK] VIP 成人 直排轮 轮滑 鞋 溜冰鞋 旱冰鞋 成人 滑冰鞋 20000 元 详情 。,代,条,-1.4437897205352783,"条, 件, 轮","-1.4438, -2.4162, -2.6573"
304,ChezShea 那 [MASK] 鳕鱼 味道 真 不错 练习 慢 节奏 的 好 去处 喜欢 它 的 半圆形 大 窗 外面 是 pike market 有 大风 的 冬日 黄昏室 内 暖和 也 不 嘈杂 象 安全 避风港,道,个,-1.7379369735717773,"个, 条, 道","-1.7379, -2.0274, -2.3629"
305,这 [MASK] 图片 我 喜欢,幅,张,-1.044498324394226,"张, 些, 个","-1.0445, -1.3402, -1.3695"
306,"发表 了 博客 美 的 销售 瘦身 扩至 大 家电 部分 地区 公司 裁员 三成 市场 转冷 人海 战术 葡坎辉 偈视 美 的 这 [MASK] 高速 行驶 的 火车 正在 减速 , 以 确保 平稳 穿越 这个 冬天 。",辆,列,-0.36941468715667725,"列, 辆, 班","-0.3694, -1.4679, -4.1397"
307,"今晚 幼稚 了 一 [MASK] 那些 人 , 我们 一起 追过 的 女孩 , 感觉 还 好 啦",回,下,-0.16755293309688568,"下, 些, 点","-0.1676, -2.8155, -3.3807"
308,"走 万 里 路 胜过 读 万 [MASK] 书 , 出门 旅行 是 增长 知识 的 好 时机 , 这 是 很多 出门 旅行者 的 初衷 和 目的 。",卷,卷,-0.0015685335965827107,"卷, 本, 页","-0.0016, -7.0836, -8.5695"
309,"执 着 梦想 追求 , 用 自身 的 努力 感染 和 激发 着 每 [MASK] 喜欢 她 的 人 !",个,个,-0.13340428471565247,"个, 位, 些","-0.1334, -2.0922, -8.2065"
310,他 妈 的 一 晚 吃 两 [MASK] 顺德 粥城,次,碗,-0.6630824208259583,"碗, 次, 个","-0.6631, -1.7828, -2.2140"
311,看到 三 [MASK] 人 吵架 。,组,个,-0.010244270786643028,"个, 家, 代","-0.0102, -5.8256, -6.9351"
312,"我擦 , 体坛 快讯 就 等 着 看 [MASK] 电视 转播 。",个,个,-0.8201863169670105,"个, 下, 等","-0.8202, -2.0746, -2.6666"
313,临睡 前 文艺 一下 但 愿 来生 做 一 [MASK] 树 。,棵,棵,-0.07727441191673279,"棵, 颗, 株","-0.0773, -3.2527, -4.6804"
314,今年 最后 一 [MASK] 重要 决定 我 要 去 纹身 !,项,个,-0.06883762776851654,"个, 项, 次","-0.0688, -3.1191, -4.4750"
315,"两 小 无猜 一直 爱到 两 [MASK] 斑白 , 面朝 大海 一直 爱到 春暖 花 开 你 依赖 让 你 依赖 , 你 无赖 给 你 耍赖",发,头,-0.8338672518730164,"头, 面, 眼","-0.8339, -1.3870, -2.1004"
316,"昨天 的邰 先生 凤翔 木板 年画 沙龙 , 孩子们 感受 传统 的 手工 木板 年画 , 亲手 参与 制作 的 过程 , 是 一 [MASK] 非常 有 意义 的 事情 。",件,件,-0.014070269651710987,"件, 个, 项","-0.0141, -4.7424, -5.8109"
317,买 [MASK] 年货 不 容易 。,个,个,-1.047823190689087,"个, 点, 些","-1.0478, -1.3597, -2.4826"
318,"如果 , 所有 的 伤痕 都 能够 痊愈 如果 , 所有 的 真心 都 能够 换来 真意 如果 , 所有 的 相信 都 能够 坚持 如果 , 所有 的 情感 都 能够 完美 如果 , 依然 能 相遇 在 某 [MASK] 城 。",座,座,-0.20480291545391083,"座, 个, 颗","-0.2048, -1.7192, -5.7851"
319,"特别是 十一 [MASK] 三 中 全会 以来 , 我国 民航 事业 在 诸多 方面 都 持续 快速 发展 , 取得 了 举世瞩目 的 成就 。",届,届,-0.00012875432730652392,"届, 次, 个","-0.0001, -8.9742, -13.2388"
320,而 这 两 [MASK] 节目 都 是 我 最爱,个,个,-0.11444977670907974,"个, 套, 部","-0.1144, -3.5259, -3.9575"
321,有 一 [MASK] 大 闸蟹 !,串,只,-0.5057511329650879,"只, 条, 个","-0.5058, -2.1915, -2.6260"
322,"香港 万宁 创意 广告 猫咪 故事 香港 万宁 创意 广告 猫咪 故事 http t cn Sa9Y9L 主人 患病 , 猫咪 千辛万苦 寻找 高 山 雪莲 , 上演 一 [MASK] 猫咪 救主人",幕,场,-0.848915159702301,"场, 幕, 段","-0.8489, -0.9523, -2.7201"
323,多多 小 [MASK] 友,盆,盆,-0.12392452359199524,"盆, 伙, 队","-0.1239, -3.1528, -5.0727"
324,我 刚 试 着 找 几 [MASK] 有趣 的 人儿 来 关注 但 实在 是 不 好找 大爷 的 老娘 我 不 干 了 。,个,个,-0.05965342000126839,"个, 位, 种","-0.0597, -3.2015, -6.0831"
325,"夜晚 的 星空 繁星 点缀 , 总 有 一 [MASK] 星辰 为 你 指引 方向 。",颗,颗,-0.3373548984527588,"颗, 个, 道","-0.3374, -2.1309, -3.1952"
326,"推销员 因为 工作 忙 一 [MASK] 星期 有 五 天 不 在 家 , 自然 对 太太 有所 歉意 , 想 利用 整个 周末 补偿 她 !",个,个,-0.00011337445903336629,"个, 下, 段","-0.0001, -10.8643, -11.1777"
327,"昨天 A 君 带 了 一 [MASK] 红 酒 欺骗 我 幼 小 的 心灵 , 说好 带拉菲 , 结果 提上 来 变成 了 国产 的 长城 。",支,瓶,-0.28771042823791504,"瓶, 杯, 罐","-0.2877, -2.4332, -4.0331"
328,乌克兰 团里 又 来 了 怎 一 [MASK] 骚字 了 得比 的 上 Dance And Change Kazaky 分享 自,个,个,-0.2632654309272766,"个, 些, 副","-0.2633, -3.8605, -4.1219"
329,"我 已 下载 了 Q [MASK] 史记 很 好看 , 和 好 朋友 一下 分享 下",版,本,-1.5485479831695557,"本, 个, 篇","-1.5485, -2.0197, -2.4471"
330,"东亚 娱乐 没有 圈 汤唯 身 着 裸色 裙 释放 小 清新 流露 东方 美 2011 年 11 月 11 日 , 上海 , 光棍节 , 汤唯 与 一 [MASK] 明星 来到 时尚 秀场 参加 珠宝秀 。",袭,群,-0.8925101161003113,"群, 些, 批","-0.8925, -1.1754, -2.8974"
331,最后 一 [MASK] 年夜饭,顿,顿,-0.999573826789856,"顿, 道, 次","-0.9996, -1.7918, -1.8786"
332,怜儿 好 聪明 [MASK] 香好 狡猾,袭,眼,-2.4874396324157715,"眼, 手, 滴","-2.4874, -2.6853, -2.9670"
333,"虽然 被 两 [MASK] 魂淡打 的 好 惨 , 但 小忌 你 一定 会 吐 便当 的 对吧 ?",个,道,-1.2942231893539429,"道, 个, 条","-1.2942, -1.4081, -2.7401"
334,"痛经 女性 应该 禁食 哪 三 [MASK] 食物 痛经 会 给 女性 朋友 的 工作 生活 造成 很 大 的 影响 , 女性 朋友 在 痛经 时 应 注意 做好 一些 保健 工作 , 比如 注意 一些 饮食 上 的 禁忌 。",类,种,-0.20844165980815887,"种, 类, 样","-0.2084, -1.7753, -5.1475"
335,去年 现在 我 还 在 法国 一 [MASK] 人 看 着 腾讯 的 过年 广告 流马尿 。,个,个,-0.2597089111804962,"个, 家, 群","-0.2597, -1.8639, -3.3371"
336,"这 [MASK] 宝贝 这 两 天 问 的 人 满 多 独家 美国 专柜 正品 ED HARDY 风格 彩色 纹身 鲤鱼 花纹 打底 连 裤袜 丝 袜子 , 价格 18800 元 , 见",件,个,-0.32263490557670593,"个, 款, 件","-0.3226, -2.2141, -2.8924"
337,为什么 每 [MASK] 我 对 自己 许下 的 诺言 都 没有 毅力 去 实现 除了 有关 你 的 现在 还 有 超多 作业 没 做 啊,次,次,-0.27711787819862366,"次, 个, 句","-0.2771, -1.4732, -6.3702"
338,话 说 今年 第一 [MASK] 桃 花 我 不 喜欢,朵,朵,-1.3148424625396729,"朵, 个, 颗","-1.3148, -1.4285, -2.6327"
339,"这 是 一 [MASK] 转运 菩萨 , 龙年 可 踢走 霉运 , 好运 相伴 !",尊,尊,-0.6243786811828613,"尊, 位, 个","-0.6244, -1.4348, -2.0310"
340,"听 着 李林妲 和 李宛妲 两 小 姐妹 的 歌声 , 看 着 两 [MASK] 小精灵 美丽 迷人 的 笑容 , 那 清澈 纯洁 的 歌声 穿透 心灵 , 鼻子 突然 酸酸 的 , 眼泪 在 眼眶 中 打转 !",个,个,-0.529167890548706,"个, 位, 只","-0.5292, -1.3519, -2.0299"
341,我 参与 了 发起 的 投票 哪 [MASK] 穿 越剧 最 合 你 的 胃口 ?,个,部,-0.29158008098602295,"部, 些, 个","-0.2916, -2.1951, -2.7334"
342,发觉 琴晚 自己 又 做 左 [MASK] 贼 了 !,个,手,-0.790079653263092,"手, 眼, 口","-0.7901, -1.4117, -3.1607"
343,"中午 , 办公室 , 工作餐 , 一 [MASK] 蜿蜒 盘亘 的 秀发 穿梭 在 米饭 中 。",根,头,-0.04606673866510391,"头, 条, 缕","-0.0461, -4.8429, -4.9779"
344,你 是 一 [MASK] 笨驴 !,头,匹,-1.1556105613708496,"匹, 只, 头","-1.1556, -1.1795, -1.4704"
345,"在 这 一个 过程 中 , 许多 人 的 个性 被 磨损 、 特色 被 掩盖 , 最后 只 开 了 一 [MASK] 平凡 无 奇 的 店面 。",间,家,-0.7594718933105469,"家, 个, 间","-0.7595, -1.1008, -2.1864"
346,"他 算 [MASK] 什么 东西 , 值得 您 这样 跟 我 大小声 !",个,个,-0.025447333231568336,"个, 些, 盘","-0.0254, -4.9654, -5.7478"
347,", 你 在 晒 许愿瓶 的 100 [MASK] 用法 , 赢 ThinkPad 笔记本 电脑 !",种,种,-0.242989182472229,"种, 个, 条","-0.2430, -1.6353, -5.3418"
348,"红 派壹号 处 女座 的 人 超 讨厌 没有 信用 的 人 , 就算 是 鸡毛 蒜皮 的 事 , 别 看 平时 处 女座们 都 一 根筋 , 其实 细心 的 很 , 只要 在乎 的 事 , 就 连 [MASK] 标点 符号 都 会 记住 。",个,个,-0.15395577251911163,"个, 些, 点","-0.1540, -2.2192, -3.8957"
349,各 [MASK] 绕 !,种,种,-1.6081091165542603,"种, 位, 处","-1.6081, -2.2507, -2.3107"
350,捧 [MASK] 场 吧,个,个,-1.0464788675308228,"个, 场, 下","-1.0465, -1.4177, -2.5903"
351,林 夏 相亲 这 [MASK] 太 逗 了,段,次,-1.1904373168945312,"次, 个, 样","-1.1904, -1.9267, -2.2930"
352,去 领取 就 [MASK] 勋章 就 可以 点亮 头像 下面 的 小 房子 。,个,点,-1.3388055562973022,"点, 把, 发","-1.3388, -2.5304, -2.6131"
353,没有 了 一 [MASK] 晚安 是 谁 说 这个 习惯 一定 不 会 少,句,个,-0.4506751596927643,"个, 声, 句","-0.4507, -2.2177, -2.7605"
354,做 了 [MASK] 噩梦 吓 得 我 半死 上网 查 了解 梦 才 知道 是 好 事 万 岁 万 岁 啊,个,个,-0.011165615171194077,"个, 次, 场","-0.0112, -5.7002, -6.2829"
355,"我 参与 了 2012 年 首 [MASK] CCTV 网络 春晚 最 想 看到 的 内地 明星 , 投给 了 唐嫣 这个 选项 。",届,届,-0.07205020636320114,"届, 次, 节","-0.0721, -4.2974, -4.8065"
356,"人生 就 像 一 [MASK] 火车 , 途径 许多 驿站 。",列,列,-0.30834895372390747,"列, 趟, 辆","-0.3083, -2.6891, -2.7094"
357,解放 了 下 [MASK] 星期 就 能 回 武汉 了,个,个,-0.005327322985976934,"个, 次, 班","-0.0053, -6.2829, -6.7242"
358,"昨晚 才 去 的 长安街 龙 凤 海鲜 酒楼 , 今天 B [MASK] 就 发来 说 被 烧掉 了 ?",栋,楼,-2.3767786026000977,"楼, 发, 门","-2.3768, -2.8888, -2.9031"
359,"朝着 那 [MASK] 目标 , 前进 !",个,个,-0.02943217009305954,"个, 些, 种","-0.0294, -4.3921, -5.6847"
360,起来 第一 [MASK] 事情 都 是 这样 的 嘛 !,件,件,-0.039401330053806305,"件, 次, 个","-0.0394, -4.3576, -4.6211"
361,疯狂 的 一 [MASK] 半 小时 美图秀秀 Android 版,个,个,-0.00503781670704484,"个, 点, 张","-0.0050, -6.9704, -7.5431"
362,人肉 搜索 是 一 [MASK] 很 深 的 学问 到 现在 我 也 不 能 说 我 掌握 得 有 多好 倒 是 希望 以后 我 都 不 会 再 用到 了 最 起码 不 要 再 为 自己 所 用 了,门,门,-0.012884717434644699,"门, 个, 种","-0.0129, -4.5386, -7.1920"
363,"我 在 快乐 购 , 过年 各 [MASK] 红 灯笼 挂起",种,种,-0.12846437096595764,"种, 家, 个","-0.1285, -3.6808, -3.7051"
364,也 是 最后 一 [MASK] 歌 !,首,首,-0.007946450263261795,"首, 句, 支","-0.0079, -6.1123, -6.3604"
365,"这么 重要 的 时刻 , 发 [MASK] 微博 提醒 一下 各位 我 也 很 高调 !",个,个,-0.28282102942466736,"个, 条, 点","-0.2828, -1.5221, -5.0209"
366,"弱智 儿童 欢乐 多 , 做 [MASK] 快乐 的 弱智 儿童 吧 !",个,个,-0.0056212288327515125,"个, 些, 只","-0.0056, -6.3878, -6.6447"
367,"做 一 [MASK] 淡淡 的 女子 , 不浮不躁 , 不争 不 抢 , 不 去 计较 浮华 之 事 , 不 是 不 追求 , 只是 不 去 强求 。",个,个,-0.022877097129821777,"个, 位, 名","-0.0229, -4.6168, -5.0831"
368,"买 了 三 [MASK] 杯子 , 花 了 50 !",个,个,-0.21085578203201294,"个, 只, 件","-0.2109, -2.7572, -4.1304"
369,后面 还 跟 着 [MASK] 警车 。,辆,个,-0.6851869225502014,"个, 辆, 些","-0.6852, -1.0989, -3.5320"
370,从 多 [MASK] 纬度 对 新浪 微博 和 Twitter 进行 了 比较 。,个,个,-0.03468978404998779,"个, 条, 种","-0.0347, -4.0434, -4.4509"
371,"第一 [MASK] 看 了 爱 的 现场 , 完全 被 KAME 征服 了 。",次,次,-0.01716485433280468,"次, 眼, 个","-0.0172, -4.3612, -6.8131"
372,"一 [MASK] 人 孤苦 伶仃 的 , 被 抛弃 的 感觉 很 不 爽啊 !",个,个,-0.017611542716622353,"个, 家, 群","-0.0176, -4.4351, -5.8619"
373,第一 [MASK] 和谐号 。,班,个,-1.2716591358184814,"个, 次, 节","-1.2717, -2.0824, -2.6840"
374,不 要 让 别人 影响 你 对 [MASK] 画 的 独特 看法 。,幅,名,-0.9196299314498901,"名, 版, 笔","-0.9196, -1.7269, -2.5171"
375,"今天 我 做 了 一 [MASK] 艰难 的 决定 , 决定 进入 故宫 做 导游 工作 。",个,个,-0.008642059750854969,"个, 项, 件","-0.0086, -5.2518, -6.7735"
376,"大家 新年 快乐 , 我 临 睡 前 抽 [MASK] 风 !",个,口,-1.2366530895233154,"口, 台, 起","-1.2367, -1.9912, -2.5355"
377,今天 第一 [MASK] 香薰 可是 熏 死 我 了 薰衣草 的 威力 不 可 忽视 啊,次,个,-1.4386413097381592,"个, 次, 件","-1.4386, -1.7519, -2.6223"
378,"难得 的 一 [MASK] 小 聚会 , 还 搞 起来 腼腆",次,次,-0.5007769465446472,"次, 个, 场","-0.5008, -1.1189, -3.1360"
379,"所以 , 不 要 小看 任何 一 [MASK] 人 , 哪怕 是 看上去 天真无邪 的 孩童 , 他们 也 有 自己 的 思想 。",个,个,-0.0922112986445427,"个, 种, 群","-0.0922, -3.3944, -4.0241"
380,也 对 得 起 我 龙年 的 第一 天 就 熬 了 [MASK] 通宵 看 球 !,个,个,-0.03469422459602356,"个, 点, 些","-0.0347, -4.8171, -4.9416"
381,Lightroom 一 [MASK] 比 photoshop 更 好用 的 图片 处理 软件 学院 频道 蜂鸟网,款,款,-0.6838919520378113,"款, 个, 些","-0.6839, -0.9488, -3.1656"
382,"好像 那 [MASK] 兄弟们 , 没有 牵挂 的 聚 在一起 , 挥霍 青春 。",班,些,-0.22658969461917877,"些, 个, 群","-0.2266, -2.5508, -3.4015"
383,15 [MASK] 的 孩子 聚会 改期 了 聚会 是 有 的 也许 过 年 后,班,班,-1.1095967292785645,"班, 级, 号","-1.1096, -1.8109, -2.4443"
384,农行 陷入 拒付 门 储户 2 千 存款 20 年 变 9 万 [MASK] 拒付 分享自 ZAKER,遭,次,-1.3737674951553345,"次, 遭, 起","-1.3738, -1.6900, -2.5086"
385,所以 像 不 需要 那 [MASK] 钱 一样 地 工作 吧 像 从 没 被 伤害 过 地 勇敢 去 爱 吧 像 旁若无人 般 地,笔,些,-0.4369719624519348,"些, 点, 笔","-0.4370, -1.8887, -2.5611"
386,"6 [MASK] 生活 当 乐趣 , 你 就 会 满怀信心 。",把,把,-0.004384100437164307,"把, 个, 种","-0.0044, -6.7862, -7.9053"
387,世 怎么 会 有 这样 不 要 脸 我 明明 做 的 是 长久 的 没到 一 [MASK] 星期 就 回复 了 原样 他们 还 说 你 自己 头发 不 好 真 不 要 脸,个,个,-0.00010729411587817594,"个, 下, 颗","-0.0001, -10.2219, -11.1064"
388,有 时候 不 是 不 信任 只 是 因为 比 别人 更 在乎 更 怕 失去 我们 总 在 寻找 一 [MASK] 感动 的 瞬间 以及 那 瞬间 后面 的 人 再 累 再 苦 再 疼 也 只 是 为了 你 能 喜欢 我 而已 现在 我 不 再 爱 你 你 不 值得,个,个,-0.23832301795482635,"个, 些, 段","-0.2383, -2.0748, -2.9813"
389,微博 给 我 安全感 啦啦 啦啦 第一 [MASK] 晒 成绩单,次,次,-0.08288770914077759,"次, 张, 个","-0.0829, -3.7577, -4.0139"
390,雨势 今起 渐 掹申城 气温 周五 速 跌 年初一 将 达 0 [MASK] 前 申城 出租车 一 车 难 求 叫 车难 可能 持续 至 小 年夜 上海普,节,点,-0.8227201700210571,"点, 节, 分","-0.8227, -0.8986, -3.5732"
391,吸血鬼 第三 [MASK] 结局 好 恐怖 啊 呼呼,季,季,-0.36316990852355957,"季, 集, 部","-0.3632, -1.9918, -2.3774"
392,用 手机 看 了 一早 上 电影 才 用完 500 M 流量 还 有 1G 要 加油 于是 说 这 [MASK] 在 月结 前 不 用完 流量 就 会 觉得 亏 了 的 微妙感 是 怎么回事,种,种,-0.09057126939296722,"种, 个, 样","-0.0906, -3.3052, -3.3528"
393,", 我 把 最 好 的 一 [MASK] 朋友 惹 生气 了 我 错 了 我 真的 错 了 。",个,个,-0.09190238267183304,"个, 位, 些","-0.0919, -2.8235, -5.0869"
394,最后 我 买 了 两 [MASK] 丑 粮液 !,瓶,瓶,-0.27776670455932617,"瓶, 罐, 支","-0.2778, -2.8155, -3.1314"
395,"你 知道 自己 从来 不 幼稚 , 只是 有 那么 点 不 理智 , 豁然 后 看到 原来 的 自己 , 还 是 比较 喜欢 那 [MASK] 样子 。",个,个,-0.17990122735500336,"个, 种, 副","-0.1799, -1.9033, -4.7960"
396,"八点半 吃 的 早餐 , 现在 九点半 就 肚子 饿 了 , 还 有 两 [MASK] 半钟 怎么 过 ?",个,点,-0.4534122049808502,"点, 分, 个","-0.4534, -1.3640, -2.2334"
397,"人生 真 他妈 是 一 [MASK] 华美 的 袍 , 里面 爬满 了 虱子 。",袭,件,-0.6446303725242615,"件, 条, 张","-0.6446, -2.3454, -2.9333"
398,"泥马 啊 , 窝 一 [MASK] 火 睡觉 , 睡 死得 了 蛋疼 的 一 比 , 既然 都 说 老娘 是 废物 了 还 干 毛 絮絮叨叨 的 !",肚子,个,-1.1760289669036865,"个, 把, 团","-1.1760, -1.5908, -2.1280"
399,我 在 這裡万 科 运河东 1 [MASK] 一 期 醒 了 。,号,号,-0.31481173634529114,"号, 栋, 路","-0.3148, -2.2014, -3.4080"
400,照 [MASK] 像 还 这么 小 傲娇 !,个,头,-0.4920666217803955,"头, 片, 个","-0.4921, -1.5195, -2.9070"
401,你 是 第二 [MASK] 在 我 面前 掉 眼泪 的 男人,个,个,-0.031376712024211884,"个, 位, 次","-0.0314, -4.1296, -4.4615"
402,要 不 要 去 看 [MASK] 电影 呢 。,个,个,-0.5128615498542786,"个, 部, 场","-0.5129, -2.0362, -2.3244"
403,"一 大 [MASK] 的 短信 问候 , 电话 一大早 被 打爆 !",堆,堆,-0.36581429839134216,"堆, 波, 串","-0.3658, -2.8017, -3.3035"
404,送给 一 [MASK] 母女,对,对,-0.3965674638748169,"对, 位, 个","-0.3966, -1.6759, -2.5597"
405,我 家 三 [MASK] 花,朵,朵,-1.797379970550537,"朵, 枝, 号","-1.7974, -2.0017, -2.4594"
406,有 [MASK] 寂寞 空虚 的 美眉 介绍 给 你,个,个,-0.4235246777534485,"个, 些, 位","-0.4235, -1.8786, -2.0205"
407,"一 [MASK] 女孩 和 男孩 相亲 , 女孩 见 男孩 高高大大 , 心 中 大喜 , 就 问 男孩 你 有 几 米 高 啊 ?",个,次,-0.7014219760894775,"次, 个, 位","-0.7014, -0.8236, -3.3063"
408,下 [MASK] 再 也 不 来 了 。,次,次,-0.002814733888953924,"次, 回, 面","-0.0028, -6.6384, -7.4068"
409,刚刚 所 发生 的 就 当是 生命 老人 给 我 开 的 一 [MASK] 小小 的 玩笑 。,个,个,-0.05066050589084625,"个, 场, 次","-0.0507, -3.9029, -5.2038"
410,想 找到 一 [MASK] 愿意 陪 我 戴上 属于 我们 的 爱 的 戒指 。,个,枚,-1.1564160585403442,"枚, 个, 只","-1.1564, -1.4685, -1.9380"
411,"58 [MASK] 温馨久久 , 满意 久久 !",团,分,-2.188838005065918,"分, 号, 家","-2.1888, -2.2238, -2.2276"
412,"铁甲 钢 拳 感觉 很 棒 啊 , 不过 让 我 最 在意 的 还 是 那 萌萌 的 小 男 猪脚 , 各 [MASK] 激爆萌 让 身为 正太控 的 我 彻底 喷鼻血",种,种,-0.0052990997210145,"种, 个, 类","-0.0053, -6.7066, -6.7588"
413,嗯 找 [MASK] 罗 书 全 这样 的 也 就 算是 天赐 良缘 啦 !,个,个,-0.09571968764066696,"个, 些, 回","-0.0957, -3.8750, -4.1922"
414,"杭州 试 推 小学 期末 免考制 , 游园会 代替 期末考 今年 , 杭州市 10 多 [MASK] 小学 推出 期末 免考制 , 代之以 游园会 。",所,所,-0.013621111400425434,"所, 个, 家","-0.0136, -4.7428, -5.5786"
415,"老家 凌晨 5 点 起床 去 挨家挨户 给 长辈 拜年 的 习俗 真 受 不 了 , 我 2 点 多 才 睡 啊 , 才 睡 2 [MASK] 小时 啊 。",个,个,-0.00019474733562674373,"个, 点, 把","-0.0002, -9.3413, -10.2343"
416,"过年 了 , 领导 送一 [MASK] 炮弹 , 说 放 在 办公室 里 避邪 的",颗,颗,-1.15988028049469,"颗, 枚, 个","-1.1599, -1.4324, -2.1220"
417,谁 给 我 [MASK] 网址,个,个,-0.2918276786804199,"个, 发, 下","-0.2918, -2.1411, -2.9638"
418,"每 晚 你 会 通过 手机 给 几 [MASK] 人 说 晚安 , 清晨 醒来 你 希望 看到 谁 又 或者 说 希望 谁 正 温柔 地 充满 爱意 地 看 着 你",个,个,-0.00742947356775403,"个, 位, 号","-0.0074, -7.0457, -7.1335"
419,找到 了 可以 学 一 [MASK] 的 新歌 水手 怕 水,下,下,-1.2928496599197388,"下, 点, 些","-1.2928, -1.3114, -1.6859"
420,收藏 了 读心 人 第 2 [MASK] 视频 快手 分享,季,集,-0.8395668864250183,"集, 个, 季","-0.8396, -1.4842, -2.2031"
421,中午 和 同事 吃 饭时 照例 海阔天空 一 [MASK] 海聊 。,番,起,-0.556178867816925,"起, 个, 块","-0.5562, -2.9093, -3.1139"
422,"我 的 朋友 通过 我 跟 我 的 朋友 认识 了 , 然后 现在 两 [MASK] 人 关系 比 跟 我 还 好 。",个,个,-0.006679440848529339,"个, 家, 种","-0.0067, -5.3391, -7.3402"
423,"下午 跟 姐姐 视频 之后 姐姐们 就 禁 不 住 思乡 情切 马上 开车 回来 , 杭州 回来 1 [MASK] 小时 40 分钟 就 到 了 。",个,个,-5.054601570009254e-05,"个, 把, 号","-0.0001, -12.0944, -12.2038"
424,瞳孔 深红色 于是 世界 沉入 黄昏 头发 银白色 接着 天地 升起 黎明 无数 [MASK] 飞鸟 离开 无尽 的 大雪 回来 我 知道 你 站 在 我 背 后 安静 的 站 在 背后 点燃 了 一 整个 重 楼 。,只,只,-0.07398489117622375,"只, 个, 次","-0.0740, -3.4616, -4.3093"
425,而且 一 [MASK] 把 的 掉 。,把,把,-0.008758222684264183,"把, 个, 刀","-0.0088, -5.8813, -6.3299"
426,"Travel toolkit 里 的 耳塞 派上 用场 了 , 头一 [MASK] 除夕夜 睡 得 安稳 , 新年 新 气象 !",遭,次,-0.37360572814941406,"次, 回, 个","-0.3736, -1.6385, -2.3569"
427,苹果 书店 三 天 卖 了 35 万 [MASK] 电子 课本 啦 !,册,本,-0.4983663856983185,"本, 册, 份","-0.4984, -1.2159, -2.9927"
428,"有 人 说 有 话 直 说 , 不 要 憋着 , 才 是 兄弟 太 幼稚 了 无话不说 的 兄弟 是 小时候 所谓 兄弟 殊 不 知 一 [MASK] 成熟 的 男人 对 朋友 该 拿捏 的 是 什么",个,个,-0.005591558758169413,"个, 名, 位","-0.0056, -6.0792, -6.2438"
429,昨晚 睡觉 冷得 半死 某 人 11 点 多 下班 回来 往 被窝 里 伸进 一 [MASK] 热水袋 然后 我 就 暖乎乎 地 一 觉 睡 到 天亮 谢 啦 !,个,个,-0.0766233503818512,"个, 只, 把","-0.0766, -3.2780, -4.3358"
430,"要 找 一 [MASK] 自己 喜欢 又 喜欢 自己 的 人 在一起 , 又 有 美好 结局 , 实在 太 难 , 叫人 不 敢 期待 。",个,个,-0.021708473563194275,"个, 群, 对","-0.0217, -5.3188, -5.3613"
431,我 应该 感到 很 幸福 才 对 有 [MASK] 人 知道 我 没 车 回去 二话不说 就 来 接 我,个,些,-0.3941543996334076,"些, 个, 路","-0.3942, -1.3310, -3.5673"
432,"大年初四 , 财神 兵 分 五 [MASK] 正向 你 家 进发东路 招财 , 西路 聚财 , 南路 敛财 , 西路 纳 财 , 中路 发财 。",路,路,-0.0004693178634624928,"路, 道, 行","-0.0005, -7.8883, -9.6318"
433,"孤单 只 表示 身边 没有 别人 , 但 寂寞 是 一 [MASK] 你 无法 将 感受 跟 别人 沟通 或 分享 的 心理 状态 。",种,种,-0.01247507892549038,"种, 个, 些","-0.0125, -4.4831, -7.8503"
434,"刚才 一 [MASK] qq 停 在 拐角 角落 , 问题 是 它 对面 也 停 了 车 。",辆,辆,-0.12742143869400024,"辆, 个, 家","-0.1274, -2.6958, -4.9213"
435,唉哟 的 那 [MASK] 马 呀 1327649022477,个,匹,-0.3750825524330139,"匹, 条, 只","-0.3751, -2.3763, -2.6748"
436,发 了 两 [MASK] 菜 居然 有 这个 介货 不 是 种 在 路边 美化 环境 的么 谁 能 告诉 我 这 到底 怎么 吃 啊,箱,个,-0.5197582840919495,"个, 道, 种","-0.5198, -3.1805, -3.3239"
437,你 看 你 那 [MASK] 贱样,个,个,-0.18819819390773773,"个, 点, 些","-0.1882, -3.2768, -3.5665"
438,"Hardpack 情 義兩 難全 之 玩爆 你 個腎 第 8 [MASK] 台灣 下篇 KB 東區 兜個圈 撻嘢 嚇親 范曉萱 萬眾 期待 台灣篇 , 爆 范曉萱 真 係堅 , KB 撻完嘢 走先 , 留 低 萱萱 一 頭煙 , 究竟 KB 去 咗邊 大家 一齊去 睇片 !",回,集,-0.4306011199951172,"集, 章, 回","-0.4306, -1.4959, -3.3961"
439,现在 都 不 演 这 [MASK] 类型 的 角色 了 !,种,种,-0.321274995803833,"种, 个, 些","-0.3213, -1.4037, -4.4320"
440,"亲爱 勒雪 , 虽然 你 清早 八 晨 一 [MASK] 电话 打扰 了 我 美 梦 , 但是 我 和婷 还是 最 爱 你勒 !",通,个,-0.2870260775089264,"个, 通, 次","-0.2870, -1.7342, -3.7759"
441,"祝贺 祝贺 马大帅 同学 顺利 通过 第一 关 , 撒 花 撒 花 zeng [MASK] zeng 棒 也 预祝 接 下来 得 两 关 顺利 通过 噢 。",棒,棒,-0.002184749348089099,"棒, 手, 团","-0.0022, -8.3097, -8.5114"
442,佩佩 就 是 TM [MASK] 人渣 。,个,个,-0.931603193283081,"个, 种, 族","-0.9316, -2.6742, -3.0809"
443,再 和 大家 分享 一 [MASK] 外国 给力 的 cos 道具 服装 和 强大 的 后期 想 知道 更 多 外国 cos 推荐 关注 的 微博 喜欢 的 就 转 走 吧 原文 地址,组,下,-0.4076468348503113,"下, 些, 个","-0.4076, -1.6863, -3.0076"
444,每 [MASK] 深夜 都 不 忘 让 噩梦 吓醒 记 我 记得 那么 清,个,个,-0.5455827116966248,"个, 次, 回","-0.5456, -0.9631, -4.1909"
445,"初三 今天 出发 顺德 早起 , 泡 [MASK] 热水澡 再 更 衣 !",个,个,-0.00811516959220171,"个, 点, 下","-0.0081, -6.2974, -6.6861"
446,"给 自己 [MASK] 教训 , 明天 午饭 晚饭 不 准 吃 了 , 哪儿 也 不 去 了 , 回家 反省 去 大家 找找 我 在 哪 ?",个,点,-0.5036540031433105,"点, 个, 下","-0.5037, -1.3890, -2.5006"
447,"何必 呢 , 总 会 有 那么 一 [MASK] 人 出现 的 不 是 吗 ?",个,个,-0.49358147382736206,"个, 些, 群","-0.4936, -1.4731, -2.8744"
448,后来 才 知道 后者 是 前者 旗下 的 另 一 [MASK] 牌子 。,个,个,-0.14565253257751465,"个, 块, 种","-0.1457, -3.0480, -3.7848"
449,"在 桂平 西山 龙华寺 看到 的 灵芝 , 师父 说 这 是 第四 [MASK] 灵芝",株,种,-1.4399664402008057,"种, 颗, 个","-1.4400, -1.6761, -2.5006"
450,"做 一 [MASK] 坚强 的 女子 , 坦然 面对 , 勇敢 体会 。",个,个,-0.06222167983651161,"个, 名, 位","-0.0622, -3.1808, -4.0947"
451,还是 那 [MASK] 树 雪后,棵,棵,-0.16987170279026031,"棵, 片, 些","-0.1699, -2.7421, -3.9371"
452,"原来 感 叫 抓字虱 , 原来 感叫扮 可怜 , 原来 我 已经 学识 每 打 完 一 [MASK] 电话 都 爆 粗",次,个,-0.6037786602973938,"个, 次, 通","-0.6038, -1.4424, -2.0220"
453,"等 遇上 盗猎者 的 时候 , 仅 有 队长 和 记者 , 面对 盗猎 者 数十 [MASK] 枪 盗猎者 利诱 的 , 日 泰 队长 依然 毫 不 畏惧 , 最终 命丧 枪口 。",杆,把,-1.0248034000396729,"把, 个, 只","-1.0248, -1.9952, -2.1571"
454,"在 游戏 大树 中 获得 了 成就 紫色 闪电 , 成为 微博 第 18 [MASK] 获得 该 成就 的 人 , 你 想 和 TA 比 试 一下 吗",位,位,-0.5252530574798584,"位, 个, 名","-0.5253, -1.0493, -3.0128"
455,"虽然 由于 种种 原因 不 能 回家 过年 , 但 大年 初一 在 和 最 好 的 朋友 一起 游 公园 中 度过 , 原有 的 郁卒 也 渐渐 淡化 , 感觉 也 别 有 一 [MASK] 滋味 !",番,番,-0.0012117214500904083,"番, 种, 份","-0.0012, -7.1960, -8.3798"
456,"下午 , 年 前 的 最后 一 [MASK] 上课 , 结束 以后 就 迎来 真正 的 假期 了 , 加油",次,次,-0.07064013928174973,"次, 节, 个","-0.0706, -3.6485, -3.7592"
457,皇 马 什么 时候 能 赢 一 [MASK] 吖,次,场,-0.8200833201408386,"场, 点, 次","-0.8201, -2.2293, -2.2884"
458,看看 远处 不 一定 爱 你 的 那 [MASK] 人 早 就 等 在 那里 。,个,个,-0.07238137722015381,"个, 些, 种","-0.0724, -2.9538, -4.7875"
459,最近 人 都 跑到 哪去 了 连 [MASK] 鬼 影都 看 不 到 今天 真 是 差到 了 极点 了,个,个,-0.0647159218788147,"个, 点, 些","-0.0647, -3.7674, -4.6480"
460,"这 [MASK] 宝贝 这 两 天 问 的 人 满 多 好客 茶具 大号 孟宗竹 乌金 石 茶盘 茶 具 茶 海特价 67 x 345 x8 , 价格 29800 元 , 见",件,个,-0.211811363697052,"个, 位, 些","-0.2118, -2.7975, -3.7025"
461,我 很 喜欢 这 [MASK] 氛围 。,种,种,-0.6074692606925964,"种, 个, 些","-0.6075, -0.8238, -4.9803"
462,台上 的 十八 [MASK] 武艺 是 台下 挤出 空闲 时间 辛苦 排练 的 成果 呀 !,般,般,-0.08342668414115906,"般, 样, 身","-0.0834, -4.4958, -4.5699"
463,"下午 困死 了 , 于是 五点多 开始 睡 , 又 是 乱七八糟 一 [MASK] 梦 。",队,个,-0.17843109369277954,"个, 场, 团","-0.1784, -1.9898, -4.5841"
464,上传 了 6 [MASK] 照片 到 相册 向日葵怂,张,张,-0.013766557909548283,"张, 个, 幅","-0.0138, -5.5069, -5.5947"
465,"推荐 给 大家 一 [MASK] 不错 的 小 工具 红烧 肉 的 做法 , 实用 又 方便 , 真的 很 赞 哦 !",个,个,-0.25794923305511475,"个, 些, 款","-0.2579, -1.7898, -3.4177"
466,旁边 坐 着 一 [MASK] 神神 叨叨 不 讲 卫生 的 极品 恶男,个,个,-0.12151476740837097,"个, 位, 群","-0.1215, -3.1972, -3.7418"
467,"熬夜 , 各 种痘 , 各 [MASK] 肿好累 , 我 真的 受 不 了 夜生活 了 青瓜 面膜 我 爱 你 , 快点 让 我 的 皮肤 恢复 水嫩 细 滑",种,种,-0.0027951286174356937,"种, 个, 类","-0.0028, -6.4436, -8.2068"
468,"我 一直 非常 非常 非常 想要 说 一 [MASK] 非常 帅气 的 对白 , 那 就 是 , 这 辈子 我 买 过 房子 , 也 买 过 车子 , 但是 我 买 过 最 贵 的 , 是 梦想 !",句,句,-0.6935364007949829,"句, 个, 段","-0.6935, -0.8718, -2.7493"
469,上传 了 1 [MASK] 照片 到 相册 迦南,张,张,-0.009770886041224003,"张, 个, 幅","-0.0098, -5.8202, -5.8619"
470,一 [MASK] 人 开 在 空无一人 的 路 上 。,个,个,-0.17545607686042786,"个, 行, 群","-0.1755, -2.6938, -3.2559"
471,原来 每 [MASK] 情歌 都 可以 对号 入座 。,首,首,-0.026340266689658165,"首, 句, 曲","-0.0263, -4.7392, -5.5096"
472,上传 了 8 [MASK] 照片 到 相册 最 臭美 的 人 !,张,张,-0.01362274307757616,"张, 组, 个","-0.0136, -5.1577, -5.7321"
473,既然 如此 那么 好 吧 让 我 好好 睡 一 觉 吧 睡 掉 心 中 的 疑惑 睡去 那 [MASK] 力求 真相 的 冲劲 也 睡去 我 那 日渐 加深 的 黑眼圈 吧 。,份,股,-0.24985750019550323,"股, 种, 些","-0.2499, -1.7054, -4.1680"
474,"做 了 梦 如下 带 着 我 去 完成 一 [MASK] 艰巨 的 使命 , 每 人 身 上 都 背 有 功率 强大 的 电源 。",项,个,-0.5916828513145447,"个, 项, 份","-0.5917, -1.0891, -3.2800"
475,一 [MASK] 迎 春花,组,朵,-1.001246690750122,"朵, 枝, 等","-1.0012, -1.8391, -3.1375"
476,又 要 备战 新 一 [MASK] 考试 。,轮,轮,-0.13356313109397888,"轮, 次, 届","-0.1336, -2.6810, -3.4504"
477,"这 [MASK] 尺子 只要 你 走 过 就 会 自动 伸长 , 然后 到 直 到 承受 不 住 自身 重量 倒下 。",排,个,-1.1854264736175537,"个, 种, 把","-1.1854, -1.4813, -1.5171"
478,"一 [MASK] 菜 半 小时 杀光 , 闲 得 无聊 , 咱就 来 炫炫 富 吧 !",桌,盘,-1.3870495557785034,"盘, 道, 个","-1.3870, -1.6511, -2.5172"
479,"8 [MASK] 钟 , 完成 !",个,分,-0.001948465476743877,"分, 点, 个","-0.0019, -6.4420, -8.4581"
480,调 三 [MASK] 闹钟 就 不 信 明天 起 不 来,个,个,-0.5778854489326477,"个, 次, 分","-0.5779, -1.0720, -3.6737"
481,"到 最后 就 我 一 [MASK] 清醒 的 , 搞 毛 啊",个,个,-0.5285808444023132,"个, 脸, 样","-0.5286, -1.3749, -3.5441"
482,"我 的 飞车 成就 完成 剧情 任务 飞跃 地平线 英雄 难度 第 8 关 , 又 要 等待 下 一 [MASK] 剧情 了 。",个,个,-1.1320303678512573,"个, 段, 部","-1.1320, -1.9766, -2.1874"
483,一 [MASK] 野 f 等 住 我 整 。,堆,个,-1.7798670530319214,"个, 群, 堆","-1.7799, -2.1281, -2.5122"
484,"发 一 [MASK] 今天 败 得 水仙 的 照 , 看看 明天 会 开 了 多少",张,张,-0.23434074223041534,"张, 下, 个","-0.2343, -2.9726, -3.0834"
485,"看见 陈大可 她 我 就 想起 了 我 前 [MASK] 准 老婆婆 , 我 还 不 能 像 李小璐 那么 面 , 打 起来 就 不 好 了 啦 , 我 这 也 是 为 和谐 社会 做 贡献 , 祝你 早日 找到 大面 瓜 媳妇儿 。",任,任,-0.25160083174705505,"任, 世, 辈","-0.2516, -2.8127, -2.8245"
486,"这 是 游人 曾 为 龙庆峡 拟 的 一 [MASK] 对联 , 或许 , 它 道出 了 这 片奇山 丽水 的 底蕴 。",副,副,-0.08084351569414139,"副, 幅, 对","-0.0808, -3.0044, -4.5945"
487,"扇面 墙 背面 塑 有 玲珑 别致 的 须弥山 , 山间 塑有 罗汉 狮象 等 , 中部 有 一 [MASK] 明代 彩塑 观音 坐像 , 头 戴 宝冠 , 肩 披 璎珞 飘带 , 胸 臂 裸露 圆润 , 一 足踏莲 , 一 足 踞起 , 双 手 抚膝 。",尊,尊,-0.09403394907712936,"尊, 座, 个","-0.0940, -2.6851, -5.4755"
488,四 期 不 看 城画然 後 好像 不 認識 了 翻 兩三頁 就 是 篇 想 假裝 不 是 廣告 的 廣告 大膽 的 配圖 一 大 [MASK] 密密麻麻 的 文字 原來 的 小 清新 大 希望 去 哪 兒了,片,堆,-0.12099314481019974,"堆, 串, 篇","-0.1210, -3.6032, -3.7300"
489,很 久 没有 坐 过 家 里 的 公车 了 去 问 朋友 结果 朋友 一 [MASK] 看 外星人 的 样子 说道 你 还是 不 是 梅州 人好 郁闷 啊,副,脸,-0.5621314644813538,"脸, 副, 个","-0.5621, -1.2500, -2.9720"
490,"刚刚 在 德克萨斯 扑克 游戏 中 与 同桌 PK , 以 一 [MASK] 葫芦 牌型 赢取 了 198 筹码 !",手,个,-1.1814031600952148,"个, 张, 种","-1.1814, -1.7540, -2.2536"
491,到头来 我 两 [MASK] 妹妹 才 是 最 懂 我 的,个,个,-0.02090645208954811,"个, 位, 家","-0.0209, -4.0676, -6.8810"
492,珊记 话 俄 发 左 呢 [MASK] 微博 就 有 好 多 好多 人 关注 俄 噶啦 大家 多 D 支持 啊啊 啊啊 啊啊 。,条,个,-0.46844521164894104,"个, 发, 条","-0.4684, -1.7244, -2.4918"
493,这 是 一 [MASK] 大大 的 赌注 我 想 知道 答案,个,场,-0.7261021733283997,"场, 个, 次","-0.7261, -0.9464, -3.0725"
494,"六点 准时 走 , 很 亢奋 , 沿海 南 下 , 第一 [MASK] 走 。",次,次,-0.06507768481969833,"次, 步, 个","-0.0651, -4.1128, -4.1286"
495,鹏哥 畅姐 喜乐 会 男生 女生 冬季 巨制 鹏哥 畅姐 喜乐 会 新 一 [MASK] 活力 星 主播 今晚 继续 为 你 带来 我 是 K 歌王 !,波,代,-0.4396081566810608,"代, 届, 季","-0.4396, -1.5595, -3.4290"
496,"一 [MASK] 面下 肚 , 今天 消耗 比较 大 , 比较 饿 。",碗,碗,-0.43306952714920044,"碗, 个, 顿","-0.4331, -2.7562, -2.9588"
497,灌水 表情 灌水 表情 看到 瘦 白鸽 的 博文 一 [MASK] 创业者 的 创业 半 年 总结 有感而发 的 评论 。,位,位,-0.7685002088546753,"位, 个, 篇","-0.7685, -1.0050, -2.6436"
498,"一 [MASK] 撕心裂肺 的 声音 在 屋内 回荡 , 走出 房门 依然 萦绕 耳边 。",种,阵,-0.923534631729126,"阵, 个, 串","-0.9235, -1.5582, -2.7094"
499,"人生 第一 [MASK] 手机 是 长虹 A366 , 现在 用 索尼 爱立信 U100i 雅锐 Yari 。",部,部,-0.28021296858787537,"部, 台, 支","-0.2802, -1.8630, -3.4483"
500,"如果 你 系 广州 甘 我 年三十 晚 都 唔使 一 [MASK] 人 系 屋 企 过 , 特然 觉得 好 Lonely 今晚 好 想 同 你 去 party 啊 。",个,个,-0.03957296162843704,"个, 班, 家","-0.0396, -4.0744, -4.3269"
501,"一 睡 高 枕头 就 落枕 , 一 [MASK] 痛 啊 白痴妹",个,个,-1.1700598001480103,"个, 声, 阵","-1.1701, -2.4278, -2.5350"
502,"过年 第一 [MASK] 利是 , 期待 老豆 封",封,个,-0.7196858525276184,"个, 块, 份","-0.7197, -3.0698, -3.1194"
503,对说 四 [MASK] 新年 快乐 新 的 一 年 比赛 继续 加油,锅,句,-1.6364490985870361,"句, 声, 个","-1.6364, -1.9357, -2.6375"
504,我 第一 [MASK] 自己 挑 的 nike 曾 记得 在 王府井 买 的,双,件,-1.1082097291946411,"件, 个, 次","-1.1082, -1.6073, -1.7163"
505,"亲 , 很 棒 的 宝贝 噢 满 468 [MASK] 邮丸 美 化妆品 专卖 正品 白金 至 10500",包,包,-0.0005811949376948178,"包, 起, 行","-0.0006, -8.8575, -9.0676"
506,爱 欧迪 J3 比较 适合 哪 [MASK] 类型 的 音乐 呢 ?,种,种,-0.6837799549102783,"种, 个, 些","-0.6838, -1.2955, -1.5219"
507,"还 记得 去年 也 是 下 着 小 雪 , 地上 积 了 薄薄 的 一 [MASK] 雪 。",层,层,-0.017390144988894463,"层, 片, 圈","-0.0174, -4.5699, -6.4737"
508,不 要 等 十几 [MASK] 人 把 事情 闹 大 再 去 解决 。,家,个,-0.019282644614577293,"个, 代, 家","-0.0193, -4.9487, -6.4476"
509,"最 难 消化 的 4 [MASK] 食物 1 冰激凌 会 影响 肠胃 功能 的 正常 运转 , 造成 食物 很 难 消化 , 容易 损伤 脾胃 。",类,种,-0.08866138011217117,"种, 类, 样","-0.0887, -2.5782, -5.9113"
510,"100 多 [MASK] 小 短篇 , 文字 很 美 , 很 柔软 , 淡淡 的 疼惜 和 敏感 的 心 我 所 读到 的 最 温暖 最 孤独 最 伤感 的 书 。",个,个,-0.11623973399400711,"个, 篇, 页","-0.1162, -2.9037, -4.1749"
511,系 2 [MASK] 主席 。,个,届,-1.5094212293624878,"届, 班, 副","-1.5094, -1.5924, -1.7074"
512,"你 设定 的 目标 越 是 高远 , 由于 压力 所 产生 的 动力 也 就 越 大 , 如果 你 能 承受 住 这 [MASK] 压力 , 将 激发 出 你 体内 蕴藏 的 极 大 潜能 。",种,种,-0.3775497078895569,"种, 些, 个","-0.3775, -1.3443, -3.3950"
513,"总 有 一 [MASK] 明天 就 休假 的 感觉 , 呵呵",种,种,-0.019041921943426132,"种, 个, 些","-0.0190, -4.8035, -5.6186"
514,"不管 哪 阵子 , 别 忘 了 , 总 会 有 一 [MASK] 不 嫌弃 你 的 人 , 陪 着 你 , 不 是 一 阵子 , 而 是 一 辈子 。",个,个,-0.04523509368300438,"个, 些, 位","-0.0452, -3.6312, -5.0493"
515,"什么 言语 都 没有 , 只有 晚安 两 [MASK] 字 , 意味 深长 。",个,个,-0.005123126320540905,"个, 行, 句","-0.0051, -5.3671, -9.2289"
516,昨晚 居然 遇到 一 [MASK] 这 高傲 的 乞丐 买 吃 的 给 他 居然 不 要 强滴,个,个,-0.10678239166736603,"个, 位, 群","-0.1068, -3.2302, -4.4242"
517,一 农妇 初 [MASK] 进城 !,次,次,-0.014534808695316315,"次, 步, 点","-0.0145, -4.5605, -7.3102"
518,"经过 一 天 的 折腾 终于 回到 家 吃 了 两 大 [MASK] 鸡汤 外加 米饭 , 我 的 大肚腩 好像 又 略微 的 鼓 起来 了 哦 。",碗,碗,-0.112791046500206,"碗, 锅, 杯","-0.1128, -3.3979, -4.1244"
519,上传 了 2 [MASK] 照片 到 相册 LOVE,张,张,-0.017653219401836395,"张, 组, 个","-0.0177, -5.3989, -5.5151"
520,居然 还 混 了 [MASK] 座儿 嘻嘻,个,个,-0.28859061002731323,"个, 名, 把","-0.2886, -3.3914, -3.5059"
521,"每 [MASK] 抬头 看 夜空 , 终于 发现 , 最美 还是 从前 。",次,次,-0.011785302311182022,"次, 个, 回","-0.0118, -5.5393, -5.6798"
522,"主持 一 [MASK] 家 , 劳心 劳力 胼手胝足 , 讲 的 是 毅力 非 手腕 。",个,个,-0.10604119300842285,"个, 回, 家","-0.1060, -3.6514, -4.2715"
523,山珍 海味 比 不 起 家裏 的 一 [MASK] 簡餐 啊 。,席,般,-1.5348036289215088,"般, 份, 些","-1.5348, -1.8496, -1.8998"
524,"又 在 抽屉 里 发现 了 这个 , 还 有 一 [MASK] 民国 时期 的 铜币 。",枚,枚,-1.3333829641342163,"枚, 个, 些","-1.3334, -1.6048, -2.0352"
525,准备 年货 过 年 招待 亲友 四 [MASK] 坚果 千万 别 买 霉变 坚果 有 致癌 危险 炒焦 的 坚果 可 致癌 美容 的 坚果损 健康 口味 太重 的 坚果 易 变质 。,种,种,-0.4381621181964874,"种, 类, 款","-0.4382, -1.6149, -2.2564"
526,"不 是 我 心眼 小 , 只是 我 心 太 小 , 只 能 装下 一 [MASK] 人 。",个,个,-0.024639315903186798,"个, 群, 些","-0.0246, -5.1008, -5.6430"
527,能 置 办好 一 [MASK] 酒菜 是 种 本事 !,桌,桌,-0.07568850368261337,"桌, 盘, 顿","-0.0757, -4.0071, -5.0445"
528,若曦 对 十 爷挺 残忍 [MASK] 惊心 还行 看 着 嘲笑偶 吧 。,步,点,-1.4509320259094238,"点, 个, 样","-1.4509, -2.4721, -2.7661"
529,姓 胡 的 你 [MASK] 混蛋 你 他 妈 的 居然 有 外遇 !,个,个,-0.12497265636920929,"个, 家, 群","-0.1250, -3.1498, -4.5360"
530,", 我 投给 了 佟丽娅 这 1 [MASK] 选项 。",个,个,-0.01887025684118271,"个, 号, 项","-0.0189, -5.5367, -5.7291"
531,"国内 的 摇滚圈 , 画面 感 很 强 的 , 中国 摇滚 这么 多 年 , 需要 一 [MASK] 本质 摇滚 的 人 来 关注 。",个,个,-0.740067720413208,"个, 些, 批","-0.7401, -1.6413, -1.9350"
532,不 能 承受 生命 之 轻 我们 身边 有 三 [MASK] 人 朋友 敌人 非 敌 非 友 的 人 。,种,种,-0.20058751106262207,"种, 类, 个","-0.2006, -2.3725, -2.4983"
533,"现 已 有 5 [MASK] 工人 , 连 我 才 凑 够 满额 。",名,名,-0.4732895493507385,"名, 个, 位","-0.4733, -1.6237, -1.9429"
534,"我 在 龙年 送 大礼 , Ipad 送 你 大 转盘 活动 中 抽 中 二 [MASK] 奖 镭拓 腕托 鼠标垫 地址",等,等,-0.00955175794661045,"等, 手, 次","-0.0096, -6.0894, -6.1237"
535,嘿嘿 寒假 要 狂 体 电影 今 [MASK] 稳人 陪 我 挑战 恐怖片,次,个,-1.5610079765319824,"个, 世, 只","-1.5610, -1.8891, -2.7330"
536,"一 [MASK] 同学 非要 给 我 介绍 男朋友 , 我 说 必须 符合 我 的 要求 才 能 去 见面 , 不 能 随随便便 就 去 见 !",个,个,-0.23386014997959137,"个, 位, 次","-0.2339, -1.7279, -4.7303"
537,"现在 的 利物浦 一 [MASK] 牛逼 人物 , 神锋卡罗尔 大师 亨德森 飞翼 马克西 铁 卫 约翰逊",堆,个,-1.1672208309173584,"个, 些, 代","-1.1672, -1.1822, -2.8260"
538,"我 参与 了 发起 的 投票 每 年 春节 前 你 都 会 做 什么 准备 , 我 投给 了 打扫 房间 , 清 杂物 这 5 [MASK] 选项 。",个,个,-0.004467258229851723,"个, 种, 项","-0.0045, -6.2352, -6.9582"
539,第三 [MASK] 越狱 。,次,次,-1.4440271854400635,"次, 步, 个","-1.4440, -1.7941, -1.9683"
540,"这 [MASK] 冷冷 的 天气 真 不 想 出去 啊 刚 考完 试 也 不 急着 看书 无聊 地 在 床 上 打滚 , 余光 刚好 扫 过 的 3 DS 不 不 行 不 行 不 行 !",种,样,-0.5185579061508179,"样, 种, 个","-0.5186, -1.0770, -2.9142"
541,"脑子 真 疼 初 七 [MASK] 小 人 , 回家 歹饺子 哈哈",管,发,-1.1804744005203247,"发, 个, 下","-1.1805, -1.9434, -2.0572"
542,"打扮 得 如此 粉嫩 斯文 , 却 在 如厕 后 展示 了 你 颠覆性 的 一 [MASK] 临门一脚 冲厕 所 !",面,次,-0.5732471346855164,"次, 个, 种","-0.5732, -1.7267, -2.7070"
543,"工作 动态 在 新春 佳节 合家 团聚 之际 , 华山 东路 派出所 也 以 传统 方式 欢度 佳节 全 [MASK] 民警 自 除夕 至 年初一 , 全天候 坚守 在 辖区 圆通 寺 圆通山 , 为 群众 平安 进香 快乐 出游 排忧 解难 保驾 护航 。",所,队,-1.286712884902954,"队, 所, 部","-1.2867, -1.3195, -1.5468"
544,"好不容易 睡 [MASK] 懒觉 , 还是 自己 逼 自己 的 , 本来 六点半 就 醒了",个,个,-0.006189207546412945,"个, 回, 起","-0.0062, -6.4764, -6.6686"
545,"她 嫌 男友 当 着 朋友 没有 给 留 面子 , 便 拿起 一 [MASK] 汽油 , 用 打火机 点燃 。",瓶,瓶,-0.9816771149635315,"瓶, 桶, 罐","-0.9817, -1.1621, -2.3462"
546,那 一 [MASK] 会 笑 的 女孩 她 是 不 是 死 了 。,个,个,-0.029963107779622078,"个, 位, 只","-0.0300, -4.4243, -5.9037"
547,在 存完 压岁 钱 回家 之后 我 偷偷 的 喝 了 一 [MASK] 红酒 感觉 头 有 点晕 啊啊 啊 不 会 吧 我 不 会 这么 弱 吧,杯,杯,-1.0211071968078613,"杯, 口, 瓶","-1.0211, -1.3935, -2.0614"
548,发表 了 一 [MASK] 转载 博文 转载 单车 万 里 藏 地 行摄 抵达 拉萨,篇,篇,-0.1086316928267479,"篇, 些, 段","-0.1086, -3.3808, -4.0389"
549,"龙年 第一 [MASK] 愿望 , 希望 今天 高速 堵车 !",个,个,-0.003709452459588647,"个, 件, 条","-0.0037, -7.2939, -7.7783"
550,"第一 站 是 民族 博物馆 , 广西 有 12 [MASK] 少数 民族 , 这里 展出 了 各 少数 民族 的 衣 食 住行 文化 。",个,个,-0.041479311883449554,"个, 种, 位","-0.0415, -3.3404, -6.5797"
551,我们 这 [MASK] 玩 了 10 几 年 的 老友 都 渐渐 迈入 三十 的 队伍 了 。,波,些,-0.6071226000785828,"些, 个, 位","-0.6071, -1.6843, -2.6240"
552,可以 睡 到 现在 真 是 一 [MASK] 享受,种,种,-0.05527245253324509,"种, 个, 件","-0.0553, -3.4968, -4.6001"
553,但 几十 [MASK] 电杆 经过 努力 还是 全部 运 到位 。,根,根,-0.4728112816810608,"根, 个, 支","-0.4728, -1.7743, -2.5685"
554,"有些 事 只 能 自己 去 度过 , 这 世界 上 根本 没有 一 [MASK] 东西 叫 感同身受 。",种,种,-0.7214916944503784,"种, 样, 个","-0.7215, -1.1250, -2.2013"
555,"都 他丫 的 这个 时间 段 了 , 还 TMD 的 放 十万 响 的 那 [MASK] 挂鞭 。",种,个,-1.0198161602020264,"个, 种, 些","-1.0198, -2.0113, -2.5448"
556,无奈 被 [MASK] 小 女孩 给 喝 倒 了,个,个,-0.03664414957165718,"个, 位, 家","-0.0366, -5.1023, -5.4902"
557,只 想 问 一 [MASK] 故人 可 安好 ?,句,句,-0.6796998977661133,"句, 声, 下","-0.6797, -1.4193, -1.8129"
558,"年终 奖 什么 时候 才 能 到手 啊 , 缺 钱 , 缺 钱 , 银行 里 还 有 一 大 [MASK] 债 等 着 还 那",堆,堆,-0.09073317795991898,"堆, 笔, 把","-0.0907, -2.8744, -4.2136"
559,"于是 我 接着 说 : “ 我们 本来 的 地球 是 在 一个 宇宙 里 , ‘ 克丽丝汀 号 ’ 到 达 了 那个 宇宙 的 边缘 , 也 就 是 那 [MASK] 黑色 的 带状 物 。",条,个,-0.6590579748153687,"个, 些, 种","-0.6591, -1.3667, -2.0558"
560,印度 要求 5 [MASK] 外国 记者 离开 克什米尔,名,名,-0.019826214760541916,"名, 位, 个","-0.0198, -4.5555, -4.9474"
561,"上 周 925 播放 了 品冠 的 后来 的 我们 , 今天 是 起床 , 这 [MASK] 概率 很 小 , 而 对 我 有 特殊 意义 的 起床 很少 有 人 知道 。",种,个,-0.09952805191278458,"个, 种, 些","-0.0995, -2.6482, -4.3155"
562,"记录 一下 , 第一 [MASK] 工作 电话 , 颜 。",个,个,-0.1350267082452774,"个, 次, 条","-0.1350, -2.9746, -4.1653"
563,斗 [MASK] 地主 我 容易 吗 ?,个,级,-1.4207477569580078,"级, 个, 名","-1.4207, -1.8643, -2.5487"
564,"看到 董卿 报幕 说 , 接下来 为 大家 带来 一 [MASK] 充满 激情 的 表演 。",段,场,-0.45341455936431885,"场, 个, 次","-0.4534, -1.9963, -2.5388"
565,"失眠 了 , 昨天 的 一 [MASK] 谈话 , 让 我 倍感 压力 之 大 。",席,次,-0.5166841745376587,"次, 个, 段","-0.5167, -1.8539, -2.2981"
566,"新 中国 成立 , 1949 年 9 月 27 日 , 在 中国 人民 政治 协商 会议 第一 [MASK] 全体 会议 上 , 通过 使用 世界 上 通用 的 公历 纪元 , 把 公历 的 元月 一日 定为 元旦 , 俗称 阳历年 。",届,届,-0.01828513666987419,"届, 次, 回","-0.0183, -4.0110, -12.9479"
567,董卿 第三 [MASK] 衣服 了,套,件,-0.3642025887966156,"件, 套, 身","-0.3642, -1.5218, -3.8297"
568,再 推荐 一 [MASK] 独立 乐队 Cults 。,个,个,-0.8460211753845215,"个, 些, 下","-0.8460, -1.8122, -1.9169"
569,皇冠 信誉 健维士 水 夫人 润年 大豆 异 黄酮 同时 补钙 送 30 [MASK] 羊 胎素 6000,粒,粒,-0.6653910279273987,"粒, 颗, 片","-0.6654, -2.3255, -2.3531"
570,"有 好些 同学 , 真的 要 想 一 [MASK] 才 能 对 上号 , 惭愧 啊 。",阵,下,-0.17067661881446838,"下, 点, 些","-0.1707, -3.4700, -3.5637"
571,"跟 我 说 这 [MASK] 话 的 人 , 你 还 记得 吗 ?",句,些,-0.6075546145439148,"些, 句, 段","-0.6076, -1.2088, -2.7770"
572,"坐 班车 时 碰见 一 [MASK] 学生 , 结果 更 一 衣 时 边上 一 人 问 我 你 是 倪老师 吗 我 是 向东 的 学生 。",批,个,-0.6768694519996643,"个, 位, 群","-0.6769, -1.8975, -2.0770"
573,"下午 加 了 点 奶粉 , 夜 里 睡 半 小时 就 醒 , 还 常 放屁 , 哭闹 要 竖 抱 , 应该 是 消化不良 , 刚 喂 了 半 [MASK] 妈咪 爱 。",包,瓶,-1.3975462913513184,"瓶, 个, 杯","-1.3975, -1.4184, -2.2901"
574,"传闻 梁洛施 对 李泽楷 下降 头 , 两 [MASK] 尸油 分别 擦在 嘴唇 和 舌头 上 。",瓶,滴,-1.5816752910614014,"滴, 瓶, 种","-1.5817, -2.2579, -2.6277"
575,粉藍色 Powder blue Vaaleansinisi auml Ljusbl aring 粉藍色 是 一 種淡淡 的 素淨 的 顔色給人 一 種憂郁 的 清新 的 感覺 粉藍讓人 感到 心平氣 和 粉藍讓 人 想到 幾近 透明 的 天空 有 一 [MASK] 純潔 的 雲遮擋,片,朵,-0.7769451141357422,"朵, 片, 些","-0.7769, -0.8063, -3.8207"
576,"今日 虽然 被 M P 喷 了 一 [MASK] 口水 , 但 也 算是 有所 突破 了 , 虽然 只 是 一 小 步 。",脸,口,-0.8964120149612427,"口, 些, 点","-0.8964, -2.0575, -2.6984"
577,"没有 吃 晚饭 , 喝 了 两 [MASK] 奶 。",次,杯,-1.5265096426010132,"杯, 瓶, 口","-1.5265, -1.5595, -1.8778"
578,一 [MASK] 人 放 在 心 里 琢磨 。,个,个,-0.1831628680229187,"个, 般, 些","-0.1832, -2.3669, -3.4528"
579,"我删 了 那 [MASK] 微薄 , 不 代表 事情 不 存在 了 !",条,些,-0.7444140315055847,"些, 个, 段","-0.7444, -1.6419, -2.7899"
580,"看 两 [MASK] GA , 我 立刻 觉得 我 又 活 过来 了 。",集,眼,-0.2858809232711792,"眼, 张, 个","-0.2859, -2.3268, -3.3848"
581,姨妈 家 里 的 几 [MASK] 呆 鱼 。,条,条,-0.5707719326019287,"条, 只, 个","-0.5708, -1.3211, -2.6701"
582,你 我 只有 一 [MASK] 联络 的 方式 !,种,个,-0.4543503522872925,"个, 种, 次","-0.4544, -1.0944, -4.7961"
583,"早安 面对 阳光 , 忽 的 一 [MASK] , 飞奔 公司 , 想 着 不 要 迟到 啊 结果 真 没 迟到 !",声,下,-1.1340608596801758,"下, 声, 个","-1.1341, -1.7457, -1.9599"
584,"当 你 想起 这 [MASK] 事 不 再 烦恼 或 有 太 多 想法 时 你 就 真的 放下 了 , 开心 开心",件,件,-0.13489143550395966,"件, 些, 种","-0.1349, -2.2299, -4.8235"
585,回来 记得 来 [MASK] 信息 电话 微博 !,个,个,-0.6184618473052979,"个, 发, 回","-0.6185, -1.4053, -3.0347"
586,"好听 又 好看 的 曲儿 清早 一 听 , 嗨 皮 一 天 自然 卷 坐 在 巷口 的 那 [MASK] 男女",对,对,-0.22315403819084167,"对, 些, 个","-0.2232, -2.3312, -3.1080"
587,"要 回家 了 , 静静 说 一起 吃 [MASK] 饭 , 是 不 是 要 给 她 说 彭 和 露露 的 事情 , 我 在 纠结 , 是 不 是 该 有 自己 的 小 秘密 ?",个,个,-0.6236785650253296,"个, 顿, 点","-0.6237, -0.9546, -3.9187"
588,曩谟 三 满 哆母驮喃阿钵啰 底贺 多 舍娑 曩喃怛侄 他 唵佉佉佉呬 佉呬吽吽 入 嚩啰 入 嚩啰钵 啰入 嚩啰钵 啰入 嚩啰 底瑟姹底瑟姹瑟 致哩 瑟致哩 娑癹吒 娑癹吒 [MASK] 底迦室 哩曳娑 嚩诃,扇,波,-2.3318114280700684,"波, 顶, 首","-2.3318, -3.3015, -3.4429"
589,给 大家 介绍 [MASK] 新 护肤品 LA MER 海蓝 之 谜,个,些,-0.9359769225120544,"些, 个, 下","-0.9360, -1.2884, -1.8966"
590,饭店 门囗 发现 一 [MASK] 鸡,只,只,-0.1619889885187149,"只, 条, 群","-0.1620, -3.0032, -4.4492"
591,"看 [MASK] 视频 都 要 复制 , 搜索 , 找 youku 的 链接 , 打开 。",个,个,-0.5669171810150146,"个, 些, 片","-0.5669, -2.5937, -2.8080"
592,这么 大 [MASK] 骨头 !,个,块,-0.20779666304588318,"块, 个, 条","-0.2078, -2.4622, -3.5858"
593,岁末 了 还 窝 了 一 [MASK] 火,肚子,把,-0.9102009534835815,"把, 个, 锅","-0.9102, -2.3015, -2.3814"
594,"新 一 年 开始 啦 , 我 不 希望 自己 明年 还 是 这个 样子 , 我 会 努力 抓住 每 [MASK] 机会 , 争取 早日 实现 自己 的 短期 目标 !",次,个,-0.17624567449092865,"个, 次, 种","-0.1762, -1.8397, -8.2794"
595,"在 花园 发现 到 一 [MASK] 走动 的 物体 在 草地 上 兜圈圈 , 传说 中 的 晨 运",个,个,-0.6505898833274841,"个, 只, 些","-0.6506, -1.9300, -2.0206"
596,仲要 一 [MASK] 假 话话 为 你 好 !,口,句,-1.039419174194336,"句, 个, 点","-1.0394, -1.8930, -2.3170"
597,再 丑 也 是 一 [MASK] 青春 无敌 的 样子 !,副,副,-0.3243173062801361,"副, 个, 种","-0.3243, -1.8123, -3.0265"
598,"我 竟然 做 了 生命套 , 而且 还 弄 了 [MASK] 骑士 护手 。",个,个,-0.21157720685005188,"个, 只, 条","-0.2116, -2.8414, -4.0586"
599,真 系 太 多 謝超哥 送 我 噶 12 [MASK] 粟 一 燒宜家 食剩 4 包咯 哈哈 !,包,包,-0.097542904317379,"包, 袋, 盒","-0.0975, -3.4053, -4.3139"
600,"初一 凌晨 一 [MASK] 人 不 回家 , 聚众 打麻 将 要 通宵 啊 , 好 尴尬",伙,个,-0.48324716091156006,"个, 家, 堆","-0.4832, -1.3833, -2.8884"
601,大 清早 的 一 出 小 区 门口 就 看到 一 [MASK] 尸体 这 算 RP 嘛,具,具,-0.2559754550457001,"具, 堆, 个","-0.2560, -2.9825, -3.1012"
602,"我 只 能 像 [MASK] 老人家 一样 瑟瑟 度过 冬天 , 盼望 春天 的 到来 , 春天 来 不 了 , 就 只 能 盼望 尽早 回 广州 了 。",个,个,-0.06471757590770721,"个, 位, 些","-0.0647, -3.3787, -4.4144"
603,boss 30 哪 [MASK] 国家 脱口而出 百度 一下 。,个,个,-0.1461068093776703,"个, 些, 种","-0.1461, -2.0342, -6.0138"
604,"今天 老公 陪我 逛 了 整天 , 结果 买 的 都 是 他 的 东西 我 只 收获 了 一 [MASK] 美食 , 大过 年 的 , 减肥 的 事 回 苏州 再 说 吧",餐,些,-0.6985119581222534,"些, 顿, 堆","-0.6985, -2.4446, -2.6168"
605,春卷 吃 [MASK] 睡觉觉,点,餐,-1.6068346500396729,"餐, 包, 面","-1.6068, -1.6966, -2.0179"
606,"距 食 [MASK] 软糖 食 得 好 狰狞 , 其实 系 米 距 食 太 多 零食 搞 到 无 胃口 食饭 , 但 家姐话 应该 五 关 事 , 系 距 失恋 , 无 胃口 了 。",粒,粒,-1.5451951026916504,"粒, 点, 个","-1.5452, -2.1039, -2.2547"
607,"好 喜欢 这 [MASK] 皮肤 , 都 来 下载 吧 我 刚 通过 分享 了 搜狗 皮肤 Light year 维尼 夫妇 巧克力 爱 下载 地址",款,个,-0.46926823258399963,"个, 款, 些","-0.4693, -1.2355, -3.9474"
608,"听 妈妈 电话 听 的 我 真 要 崩溃 了 , 我 心 里 真 快 承受 不 了 了 , 这 [MASK] 关爱 , 我 快 窒息 了",种,种,-0.7943062782287598,"种, 份, 个","-0.7943, -1.8432, -2.0420"
609,"面對 強國 的 大 [MASK] 大款 , 狗 與豬 終於 認衰 !",批,款,-0.773880660533905,"款, 批, 位","-0.7739, -2.1602, -2.6633"
610,"亲们 , 我 家 最近 人气 关注 度 最高 宝贝 新西兰 品牌 原装 进口 Heitiki 婴幼儿 宝宝 奶粉 二 [MASK] 金装包邮 分亨 给 大家 , 有 图 有 真相",段,代,-1.2300374507904053,"代, 手, 层","-1.2300, -1.8264, -2.0790"
611,"早上 的 的士 摸样 了 , 拦 了 半 [MASK] 小时 拦 不 到 , 好不容易 拦 到 , 快要 上 三环 , 手机 又 忘 拿 了 , 又 回去 拿 !",个,个,-5.006915671401657e-05,"个, 把, 点","-0.0001, -10.5255, -12.4660"
612,我 爱 丁 先生 156 想 你 的 第三 天 那 [MASK] 年,些,个,-0.6010159254074097,"个, 些, 样","-0.6010, -0.9621, -4.1538"
613,"范冰冰 这 [MASK] 经典 黑色 组合 凸显 腰身 , 强调 了 S 形 曲线 , 值得 向 大家 推荐 。",身,款,-0.914600133895874,"款, 个, 套","-0.9146, -1.4540, -2.6192"
614,"剑侠 世界 我 在 电信 吉祥区 葬花吟 武夷山 , 这里 是 五千万 人 的 江湖 , 萝莉御姐 任 你 挑选 , 抱 [MASK] 妞儿 回家 过冬咯 !",个,个,-0.13689608871936798,"个, 起, 点","-0.1369, -3.1375, -3.6110"
615,这 两 天 粉丝 每 天 一 [MASK] 人,个,个,-1.327858805656433,"个, 堆, 班","-1.3279, -1.3938, -2.5151"
616,"每 [MASK] 人 身体 棒棒 , 感情 也 顺风 顺水 !",个,个,-0.013625945895910263,"个, 家, 对","-0.0136, -4.5015, -7.6716"
617,"可以 说 : 现在 农村 市场 的 现状 一方面 是 疲软 , 另一方面 是 有效 供给 不足 , 形成 这样 一 [MASK] 局面 的 原因 何在 ?",种,个,-0.48943930864334106,"个, 种, 些","-0.4894, -0.9602, -6.9529"
618,签阿签阿签阿 可以 噶话 果断 签阿之前 阿里纳斯 就 话 区 想来 LA 啦 老 将 底薪区 都 话 受 如果 真 系 签佐班尼斯 慈世平 阿里纳斯 想象 下 尼 三 [MASK] 搞 屎棍 系 埋 一齐 会 发生 咩事 分享 图片,件,个,-0.394668310880661,"个, 位, 名","-0.3947, -2.2431, -4.1833"
619,"咿咿 是 最 下面 的 那 [MASK] 大 鸭子 , 呀呀 是 上面 的 小 鸭子 。",个,只,-0.07831387221813202,"只, 个, 条","-0.0783, -3.0578, -4.7597"
620,想起 昨晚 有 人 说 的 关于 光棍 的 一 [MASK] 话 顿时 觉得 无限 贴切 。,席,句,-0.38914549350738525,"句, 段, 些","-0.3891, -1.6007, -2.4919"
621,"还 有 妮妮 , 还 有 那 [MASK] 贤慧 的 男朋友 , 还 想 你们 呀 。",个,些,-0.871045708656311,"些, 个, 位","-0.8710, -1.1625, -1.4248"
622,漂亮 女 老师 惨遭 凌辱 www 517 sese info 疯狂 的 石头 走着瞧 追捕 枪王 之 王 万历 首 辅 张居正 黄炎培 追踪 窃听 风云 丑 女 无敌 第二 [MASK] 狗 和 狼 的 时间 贝多芬 病毒 民国 往事 小兵 张嘎 Hello 树 先生 岁月 神偷 牛郎 织女 善德女王 红楼 梦 风声 爱情 公寓,季,季,-0.770214319229126,"季, 章, 集","-0.7702, -1.7873, -2.0114"
623,"需要 一 [MASK] 跟 我 一起 奋斗 的 人 , 一起 体验 爱情 里 的 酸甜苦辣",个,群,-0.5797674059867859,"群, 个, 些","-0.5798, -1.0172, -3.3156"
624,今晚 清网 行动 的 战利品 当时 那 [MASK] 激动 恐惧 紧张 刺激 啊 想 起来 都 炭炭 zhun,个,个,-0.6366941928863525,"个, 种, 份","-0.6367, -1.4021, -3.1116"
625,"万 诗 言 小 妹妹 , 虽然 不 算 倾国 倾城 , 但 别有 一 [MASK] 风味 。",番,番,-0.010983483865857124,"番, 种, 份","-0.0110, -4.9902, -6.3397"
626,"微 阅读 周六 下午 , 他 都 会 来 茶楼 点 一 [MASK] 龙井 , 坐 在 二 楼 靠 窗 位子 。",壶,杯,-1.3750413656234741,"杯, 壶, 碗","-1.3750, -1.4693, -1.6015"
627,我 真 想 一 [MASK] 手机 砸晕 你 !,台,个,-0.6571598052978516,"个, 部, 台","-0.6572, -1.3657, -2.5316"
628,"大夫山 山地车 亚运 比赛 路径 够 刺激 , 下 [MASK] 要 继续 来 挑战 。",次,次,-0.035567786544561386,"次, 回, 面","-0.0356, -3.5921, -5.3385"
629,"想 创业 容易 , 注册 一 [MASK] 公司 也 很 简单 , 但 要 活 下去 就 难 了 , 要 做 大 做 强 更 是 难上加难 !",个,家,-0.36234015226364136,"家, 个, 间","-0.3623, -1.3121, -3.5960"
630,我 才 买 了 一 [MASK] 多 月 的 新 车子 啊 !,个,个,-0.00019283962319605052,"个, 把, 块","-0.0002, -9.6768, -10.7300"
631,"中 二 [MASK] 奖 , 希望 转运 , 2012 加油 。",等,等,-0.0634995549917221,"等, 头, 码","-0.0635, -3.1921, -5.9006"
632,若 是 可以 不 想 念 若 是 可以 在 有 那么 一 [MASK] 新 的 他,个,个,-0.21446050703525543,"个, 些, 种","-0.2145, -3.4116, -3.6644"
633,真 想来 一 [MASK] 真真正 正 的 旅游 啊 。,次,次,-0.5273628830909729,"次, 趟, 场","-0.5274, -1.7248, -1.9706"
634,我 感觉 我丫 的 离 中风 这 [MASK] 事 越来越 靠边 了 。,档子,件,-0.07921665906906128,"件, 个, 回","-0.0792, -3.5180, -3.6692"
635,"你 送 祝福 我 送礼 新 的 1 年 开始 , 祝 好 事 接 2 连 3 , 心情 4 [MASK] 如春 , 生活 5 颜 6 色 7 彩 缤纷 , 偶尔 8 点 小 财 , 烦恼 9 霄 云外 , 请 接受 我 10 心 10 意 的 祝福 !",季,季,-0.1554228514432907,"季, 面, 眼","-0.1554, -3.0148, -3.6008"
636,而 这 两 [MASK] 东西 绝 不 允许 他 在 十几 岁 的 年纪 选择 爱情 。,样,样,-0.22251370549201965,"样, 种, 个","-0.2225, -1.9968, -2.9811"
637,感 薄熙 来说 廉洁 是 一 [MASK] 幸福转,种,种,-0.00792950764298439,"种, 份, 个","-0.0079, -5.2712, -7.2484"
638,分享 圖片 这 [MASK] 猫 牛 了 它 看见 什么 啦 两 眼 发 清光 了 南瓜,只,只,-0.03253606706857681,"只, 个, 头","-0.0325, -4.8348, -5.1361"
639,你 的 心 是 一 [MASK] 墙 。,面,堵,-0.23525305092334747,"堵, 面, 道","-0.2353, -2.3092, -2.4370"
640,各 [MASK] 吃喝 多 了 !,种,位,-0.050196681171655655,"位, 种, 家","-0.0502, -3.9162, -4.2991"
641,长 这么 大 还 是 第一 [MASK] 小 年夜 没有 和 家人 在一起 过 。,次,次,-0.15510088205337524,"次, 个, 种","-0.1551, -1.9812, -6.9976"
642,第一 [MASK] 上 微博 很 高兴,次,次,-0.011612585745751858,"次, 个, 张","-0.0116, -4.7932, -7.2120"
643,这 [MASK] 耗儿 鱼 确实 好 吃 惨,家,个,-0.6970016360282898,"个, 道, 种","-0.6970, -2.4050, -2.5385"
644,"这 [MASK] 国际 礼拜堂 的 圣诞树 , 是 我 今年 见 过 最 美 的 可惜 照片 拍 不 出 它 的 美感 , 只 能 将 就 着 看看",棵,个,-0.6364805102348328,"个, 家, 座","-0.6365, -1.8245, -1.9430"
645,爸爸 妈妈 今年 你 给 了 我 一 [MASK] 特别 的 惊喜 !,个,个,-0.06127269193530083,"个, 份, 次","-0.0613, -3.1082, -5.0034"
646,"三 [MASK] 同堂 在 微博 , 应该 是 破 纪录 的 了 !",代,代,-0.005744234658777714,"代, 世, 班","-0.0057, -5.1855, -9.6266"
647,"这 [MASK] 过 的 很 无聊 啊 , 再 也 没有 儿时 对 过 年 的 期盼",节,样,-0.7017807960510254,"样, 次, 个","-0.7018, -1.6269, -2.0995"
648,第二 [MASK] 乐 !,波,章,-1.8488582372665405,"章, 部, 声","-1.8489, -1.9928, -2.3470"
649,"第一 [MASK] 坐到 这个 样子 的 , 看来 还是 南航 比 东航 硬件 给 力阿 !",次,次,-0.044044800102710724,"次, 个, 位","-0.0440, -3.3318, -6.9563"
650,"第一 [MASK] 在 异地 而且 是 实在 不 乍地 的 酒店 倒头 便 睡 , 看来 我 实在 累得 不 轻 啊 !",次,次,-0.010051951743662357,"次, 个, 间","-0.0101, -4.9762, -7.2913"
651,"结果 还 是 只有 自己 承受 , , 原来 只 是 一 [MASK] 梦 。",个,场,-0.39139026403427124,"场, 个, 次","-0.3914, -1.1446, -6.5080"
652,今晚 各 [MASK] 无奈 啦 !,种,位,-0.04657717049121857,"位, 种, 个","-0.0466, -3.6337, -4.5954"
653,"一 [MASK] 感人 的 漫画 谨 以 此 画 祝愿 所有 博友 父母 龙年 身体 安康 , 祝愿 天下 老 人 都 能 感受 后辈 的 关爱 , 如果 有 爱 , 就 让 爱心 表达 传递 !",幅,幅,-0.37575477361679077,"幅, 组, 张","-0.3758, -2.2888, -3.0048"
654,"坐 火车 真 累 , 还 有 十几 [MASK] 小时 , 我 一定 要 完成 我 的 理想 , 然后",个,个,-6.246761768124998e-05,"个, 分, 块","-0.0001, -10.6954, -11.2018"
655,"不 对 称 的 美 另 [MASK] 又 特别 , 亮色 的 圆点 生命力 十足 , 轻松 跳进 视线 。",类,类,-0.0038575332146137953,"类, 味, 级","-0.0039, -6.2063, -7.4796"
656,小毛 这 [MASK] 帽子 真 好看,顶,顶,-0.28809764981269836,"顶, 个, 种","-0.2881, -1.9966, -3.4700"
657,只有 上 十二 [MASK] 小时 夜班 的 人 才 知道 漫漫长夜 有 多 长,个,个,-0.0014521288685500622,"个, 点, 分","-0.0015, -6.9031, -10.1030"
658,"今年 过年 影响 最 深刻 的 画面 央视 花上 千万 元 租 了 一 [MASK] 直升机 , 跟 拍 广东 农民工 为了 省 钱 骑 摩托车 返乡 的 画面 !",架,架,-0.18708859384059906,"架, 台, 部","-0.1871, -2.0606, -3.9280"
659,"我 如果 真的 爱 一 [MASK] 人 , 就 会 让 她 幸福 快乐 。",个,个,-0.0002714167640078813,"个, 些, 家","-0.0003, -9.4186, -9.8478"
660,顶 你 大年 初一 卑 人 一 野 灌 半 [MASK] 红酒咩 状况 已经 好坚 了 隔离 果 d 全部 训低,瓶,杯,-0.9621829986572266,"杯, 瓶, 碗","-0.9622, -1.2015, -2.8014"
661,2011 年 全 年 CPI 的 平均 在 562010 年 全 年 在 33 也 就 是 增长 了 23 举 例 2010 年 买 一 [MASK] 裤子 要 100 元 2011 年 底 买 要 1001231023 真 不 知道 这样 算 对 不 对 了,个,条,-0.2185879945755005,"条, 件, 双","-0.2186, -2.3206, -2.9681"
662,"12 最近 身边 发生 的 人 和 事 , 不得不 让 我 重新 审视 爱情 和 婚姻 , 我 不 明白 一 [MASK] 眼 里 只有 孩子 却 把 老公 打入 冷宫 的 女人 , 是 怎样 维持 她 的 爱情 ?",个,个,-0.014334709383547306,"个, 位, 名","-0.0143, -4.6171, -6.3372"
663,"让 trouble 都来 的 更 猛烈 些 吧 , 让 我 一 [MASK] 人 静静 的 戴上 耳机 , 让 我 继续 活 在 那些 幻想 中 吧 。",个,个,-0.0009753690683282912,"个, 家, 行","-0.0010, -7.3989, -8.9095"
664,国安 海南 训练 过 小 年 吃 饺子 确定 无缘 签 葡超锋霸 尽管 远 在 海南 进行 冬训 国安 也 没 耽误 按 着 老礼儿 过年 专程 随队 过去 的 厨师 就 给 全队 做 了 一 [MASK] 饺子 和 炸酱面 让 全 队 也 好好 解 了 解馋 。,顿,顿,-1.5622104406356812,"顿, 个, 盘","-1.5622, -1.5632, -1.7390"
665,那些 年 我们 一起 追 的 女孩 mv 电影 完整版 1 [MASK] 惊心 吴奇隆 四爷 绝密 档案 康熙 来 了 的 丝 全集 2012 分享 自,步,步,-0.07504849880933762,"步, 幕, 号","-0.0750, -3.5266, -5.3735"
666,好 有 基情 的 一 [MASK] 浪漫 死 了 !,幕,张,-1.793664574623108,"张, 段, 场","-1.7937, -2.4101, -2.6611"
667,"帮 非非理 [MASK] 发 要 170 , 够大 熊理 一 年 的 发 了 。",个,发,-0.5363371968269348,"发, 头, 个","-0.5363, -2.2909, -2.3249"
668,"从 小 到 大 , 我 最后 悔 得 3 [MASK] 事 就 是 1 没有 听 父母 话 好好 学习 天天 向上 。",件,件,-0.003387759206816554,"件, 个, 点","-0.0034, -6.2939, -6.9847"
669,还 有 十五 [MASK] 小时,个,个,-0.0012847089674323797,"个, 分, 点","-0.0013, -7.5411, -8.6672"
670,"时间 真 是 一 [MASK] 好 药 , 比 什么 都 管用",副,剂,-0.3041518032550812,"剂, 种, 把","-0.3042, -2.4251, -3.0458"
671,"妹妹 吃 饺子 发现 是 肉馅 , 吃 了 一半 给 他 老公 了 , 结果 钱 就 在 剩下 的 一半 里 每 年 都 为了 吃 那 [MASK] 钱 撑 的 要 死 , 却 每 年 都 吃 不 到 悲催",个,些,-1.2962850332260132,"些, 个, 块","-1.2963, -1.3834, -2.0017"
672,"岁月 不饶人 , 细 英 不 等 我 真的 舍 不 得 徽州 , 对于 宿舍 的 两 [MASK] 徽州 女人 , 实在 无 以 言 谢",个,个,-0.2016676366329193,"个, 位, 名","-0.2017, -1.7562, -5.1029"
673,"没 预料 到 这 [MASK] 出差 需要 这么 长 时间 , 好 想 写 书法 哈哈 , 好酸 的 假 文化人 。",回,次,-0.1199326440691948,"次, 趟, 样","-0.1199, -2.9007, -3.3578"
674,"我 参与 了 发起 的 投票 继威幂恋 后 , 你 希望 哪 对 荧屏 情侣 公开 恋情 , 我 投给 了 这 1 [MASK] 选项 。",个,个,-0.015672853216528893,"个, 项, 条","-0.0157, -5.0280, -5.9541"
675,"为了 那 [MASK] 十分 可观 的 工资 , 也 得 坚持 住 。",笔,笔,-0.928118884563446,"笔, 份, 个","-0.9281, -0.9994, -2.0694"
676,从 我 出生 一 [MASK] 月 整整 带 到 我 三 岁 !,个,个,-0.0002662893966771662,"个, 点, 次","-0.0003, -10.3979, -10.4664"
677,决定 再 养 [MASK] 袖珍 椰子树,盆,棵,-0.835675060749054,"棵, 株, 个","-0.8357, -1.3475, -2.0047"
678,"火车 订票 网站 各 [MASK] 登 不 上 , 好不容易 登上 了 吧 , 订单 又 提交 不 上 , 是 想 怎样 啊 , 抓 狂暴 走 中",种,种,-0.11541108042001724,"种, 个, 家","-0.1154, -2.8867, -4.3303"
679,"她 一直 希望 我 幸福 , 不管 我 行走 在 那 [MASK] 世界 !",个,个,-0.03538486361503601,"个, 些, 种","-0.0354, -3.6128, -5.7613"
680,", 我 投给 了 快要 上课 了 这 1 [MASK] 选项 。",个,个,-0.01531932596117258,"个, 号, 种","-0.0153, -5.9173, -6.0557"
681,来 新加坡 之后 真心 的 笑 就 少 了 还 记得 小时候 总是 说 我 一 笑 眼睛 就 成 眯咪 眼 了 好 怀念 一 [MASK] 度 过 的 日子 什么 都 不 用 想 现在 是 不 是 什么 都 不 一样 了 没 长 醒 的 男人 都 滚 一边 去 我们 不 要 !,起,起,-0.029440028592944145,"起, 路, 样","-0.0294, -4.2363, -5.1578"
682,"好评 , 这 [MASK] 宝贝 最 受 好评 , 快来 看下 原装 OKI 彩粉 OKI 310033003400510096009800 化学粉 100g , 价格 4800 元 , 购买 链接 , 更 多 宝贝 请 看",款,款,-0.3085702359676361,"款, 个, 件","-0.3086, -1.8310, -3.4781"
683,原来 只有 我 自己 一 [MASK] 人 的 时候 会 被 人 欺负,个,个,-0.0011131400242447853,"个, 些, 群","-0.0011, -8.2757, -8.4388"
684,"三 [MASK] 猪 真 能 睡 , , ,",只,只,-0.20587515830993652,"只, 头, 条","-0.2059, -2.1692, -3.6894"
685,"又 想到 一 [MASK] 问题 , 年后 还 招 不 到 , 就 快 可以 招 应 届 了 , 应届 , 90 后么 。",个,个,-0.004020477179437876,"个, 些, 点","-0.0040, -6.6136, -7.5660"
686,一 [MASK] 诺言 占据 了 所有 信任 。,个,句,-0.6216287612915039,"句, 个, 条","-0.6216, -1.4017, -2.8285"
687,"这 是 一 [MASK] 新年 招财 猫 , 1 分钟 内 转发 此 猫 图 , 新 的 一 年 里 将 好运 连连 , 福气 冲天 原文 地址 y2 Yfi6twU 原文 地址",只,只,-0.08052238821983337,"只, 条, 个","-0.0805, -4.1577, -4.3280"
688,"收拾 东西 , 发现 很多 小时候 穿 过 的 很 可爱 的 衣服 啊 嘻嘻 , 与其 说 是 收拾 东西 , 不如 说 是 疯狂 试 衣服 哈哈 , 新 的 旧 的 , 我 的 妈妈 的 , 有 杀错 没 放 过 啊 不 知道 变换 了 几 [MASK] 风格 呢",种,种,-0.3458949327468872,"种, 个, 次","-0.3459, -1.7226, -3.5354"
689,"真的 很 感动 , 地理 老师 今年 最后 一 [MASK] 地理 课 跟 我们 玩 游戏 了 , 而且 还 发糖 好 开心",节,节,-0.403511643409729,"节, 次, 堂","-0.4035, -1.6025, -2.4224"
690,"一 [MASK] 晚上 , 买 了 年货 , 收拾 了 行李 , 整理 了 房间 , 但 还是 少 了 东西 没 买 , 明早 继续 。",个,个,-0.0023140241391956806,"个, 家, 号","-0.0023, -7.3919, -8.0195"
691,"我 想 知道 哪天 我 喝 醉 了 酒 , 一 [MASK] 人 又 在 大街 上 , 会 歇 撕 底 里 喊出 谁 的 名字",个,个,-0.05898982658982277,"个, 家, 群","-0.0590, -3.7877, -3.9869"
692,那 [MASK] 土黄色 我 真 不 DJ 。,个,种,-0.981704831123352,"种, 个, 些","-0.9817, -1.0860, -2.4330"
693,"让 别人 讨厌 自己 , 也 是 一 [MASK] 艺术 !",门,种,-0.6437826156616211,"种, 门, 项","-0.6438, -0.7656, -5.7443"
694,"说话 的 声音 又 变 了 , 像 [MASK] 男人",个,个,-0.005222463048994541,"个, 位, 些","-0.0052, -6.3757, -7.2898"
695,做 [MASK] 鸡蛋 饼,个,面,-1.9292864799499512,"面, 起, 家","-1.9293, -2.0413, -2.3999"
696,本来 想 通宵 的 突然 好困 睡觉 去 做 [MASK] 好 梦 吧 dx 拜年 nono 拜年,个,个,-0.10812637954950333,"个, 点, 些","-0.1081, -2.9460, -4.2716"
697,"但 愿 每 [MASK] 人 都 可以 到 自己 想 去 的 地方 好好 感受 , 开心 游玩 。",个,个,-0.0005769009003415704,"个, 家, 位","-0.0006, -7.8837, -9.2650"
698,谢 了 哥 几 [MASK] 等 哥们 可以 喝 的 时候 一定 不 醉 不 归,个,个,-0.8844538331031799,"个, 句, 杯","-0.8845, -2.0387, -2.2812"
699,"我 不 敢 AT 你们 , 这些 话 , 就 这样 湮没 吧 , 看见 也 好 , 看 不 到 也 罢 , 这样 的 心境 , 本 就 不 该 让 你们 感觉 到 呢 我 还 会 以 各 [MASK] 笑 的 样子 履行 我 的 承诺 我 一直 会 在 。",种,种,-0.00400396017357707,"种, 样, 类","-0.0040, -6.0810, -7.3515"
700,总理 的 一 [MASK] 话 胜过 任何 利好 因素,句,句,-0.29479357600212097,"句, 席, 番","-0.2948, -1.9391, -2.2919"
701,表姐们 这 [MASK] 赌徒,群,个,-1.1029701232910156,"个, 些, 群","-1.1030, -1.2176, -2.4540"
702,祝福 我 的 宝贝们 学习 更 上 一 [MASK] 楼 !,层,层,-0.00011265912326052785,"层, 个, 段","-0.0001, -9.3866, -11.4858"
703,一 [MASK] 人 在 我 家 牛牛 !,群,个,-0.35012269020080566,"个, 家, 群","-0.3501, -1.6625, -2.7298"
704,雨 会 的 台北 故宫 那些 宝物 都 是 俺们 家 的 多 好 台湾 服务业 真心 赞野柳旁 711 相 中 你 好 凯蒂吊饰 被 告知 需 集点 后方 能 换 购 怏怏 走开 又 被 店员 唤回 从 口袋 掏出 一 [MASK] 慷慨 赠送 很 感动 遂 晚餐 金门 高梁 助兴 也,枚,份,-1.3279109001159668,"份, 个, 张","-1.3279, -2.2770, -2.5923"
705,记忆 是 [MASK] 奇怪 的 东西 。,个,个,-0.1526317000389099,"个, 种, 件","-0.1526, -2.2304, -4.0644"
706,所以 如果 你 发现 一 [MASK] 人 很 怕 失去 你 !,个,个,-0.018732629716396332,"个, 些, 种","-0.0187, -4.2762, -6.3016"
707,"补上 甜 食 苦 手 , 6 寸 都 觉得 头疼 不过 买 来 画 30 的 那 [MASK] 蓝莓 酱 好 好吃",瓶,个,-1.307682991027832,"个, 种, 款","-1.3077, -1.9871, -2.2804"
708,赶 不 上 第一 [MASK] 人 只好 等 第二 拨人 了 !,拨,拨,-0.1496574431657791,"拨, 批, 个","-0.1497, -2.3780, -3.8838"
709,这 一 [MASK] 吸血鬼 日记 看 的 我 崩坏 了 编剧 你 还 能 再 扯 点么 老 K 你 怎么 就 这样 爱上 C 了 ?,集,篇,-0.48431482911109924,"篇, 本, 部","-0.4843, -2.3792, -2.5523"
710,"发表 了 博文 从 情苦 中 了 悟 无常 四十二 [MASK] 经 云 爱 欲 之 人 , 犹如 执炬 , 逆风 而 行 , 必 有 烧火 之 患 。",章,章,-1.2390248775482178,"章, 道, 行","-1.2390, -2.2022, -2.4016"
711,"市场 上 的 爆款 , 淘宝网 上 热卖 的 2011 新 款 女装 冬装 3926 可爱 围巾 帽 可 脱卸 抽绳 面包 加厚 长 款 棉 价格 20000 元 , 本 店 第一 [MASK] 货源 , 降低 中间 环节 成本 , 直接 让利 给 消费者 , 非常 值得 关注 , 分享 给 大家 ,",手,手,-0.009786956943571568,"手, 批, 线","-0.0098, -5.6751, -7.4088"
712,我 想 画 一 [MASK] 圈 把 自己 关 在 里面 。,个,个,-0.14285781979560852,"个, 圈, 条","-0.1429, -2.2018, -4.6919"
713,一 [MASK] 月 后 还 得 离开 还 得 离开 还 得 离开 。,个,个,-0.0008973332005552948,"个, 些, 点","-0.0009, -8.3783, -8.9379"
714,"不过 我 可 有 点 好奇 , 他 是 不 是 真的 能 过来 , 这 一 人 多 深 的 水 可不 是 闹着玩 的 , 就 一 [MASK] 答应 了 , 不过 却 警告 他 : “ 可 别 给 我 玩花样 , 我 不 会 救人 , 更 不 会 人工呼吸 ” 。",口,口,-0.011760996654629707,"口, 次, 声","-0.0118, -5.3335, -6.0475"
715,"看见 一 [MASK] 大佛 , 没 拍 到 。",尊,尊,-0.4698686897754669,"尊, 个, 座","-0.4699, -1.7784, -1.7875"
716,头发 很 长 还 没 剪 我 爱 剪 头发 随便 找 一 [MASK] 没 人 的 稍微 修 一下 行不,间,个,-0.4294542074203491,"个, 家, 处","-0.4295, -2.0437, -3.0584"
717,"寻 交通 事故 知情人 1 月 10 日 9 时 20 分许 , 东兴 中路 凯旋门 酒店 对 开 路段 发生 一 [MASK] 交通 事故 , 造成 摩托车 驾驶人 当场 死亡 。",宗,起,-0.004564913455396891,"起, 宗, 次","-0.0046, -6.2977, -6.7451"
718,"你 知 不 知道 难 做 的 事 和 应该 做 的 事 , 往往 是 同 一 [MASK] 事 ?",件,件,-0.47778838872909546,"件, 回, 种","-0.4778, -1.0079, -5.1246"
719,啊啊 啊 第一 瓶 要 不 要 那么 大 啊 打 了 一 [MASK] 多 钟 才 打 了 一半 啊 肿么 办,个,个,-0.2670069634914398,"个, 分, 点","-0.2670, -1.9131, -2.6718"
720,"给 朋友们 发 了 这样 一 [MASK] 祝福 信息 , 收到 好多 压岁 钱 了 !",条,条,-0.17953261733055115,"条, 个, 段","-0.1795, -2.3538, -4.0637"
721,站 在 一 [MASK] 人 在 家里 。,个,个,-0.09152157604694366,"个, 群, 些","-0.0915, -4.1950, -4.4405"
722,怀念 小学 时 900 [MASK] 人 就 逼 你 睡觉 。,家,个,-0.7460528612136841,"个, 家, 路","-0.7461, -1.0241, -3.8407"
723,"恰巧 有 [MASK] 不 知情 的 医生 路过 , 看到 这 情况 就 说 这 刀 还 开 的 真 久",位,个,-0.3106171786785126,"个, 位, 些","-0.3106, -1.3770, -4.9791"
724,4747 啊 同 4 [MASK] 数 甘 有 缘噶 48484848,双,位,-0.5860527157783508,"位, 个, 点","-0.5861, -1.8986, -2.7817"
725,"只 味好 正 , [MASK] 香水樽 的 design 更正 , 深 得 我心",个,味,-1.521156907081604,"味, 只, 把","-1.5212, -2.0069, -2.3334"
726,"6 点 了 , 一 [MASK] 晚上 失眠 。",个,个,-0.006838944740593433,"个, 起, 次","-0.0068, -7.1676, -7.1851"
727,好 厚 一 [MASK] 锅盖 。,顶,个,-0.7717126607894897,"个, 层, 张","-0.7717, -0.9122, -3.4979"
728,发表 了 博文 有关 老师 的 几 [MASK] 笑话 老师 的 点评 太 精辟 了 !,则,个,-0.1648697406053543,"个, 句, 条","-0.1649, -2.5637, -3.3993"
729,"晚上 才 睡 两 [MASK] 小时 , 回家 不 瘦 都 难 。",个,个,-0.0002888262097258121,"个, 点, 把","-0.0003, -9.5119, -10.0536"
730,"或许 都 是 一 不 小心 , 就 像 我 一 不 小心 的 病 了 , 足足 做 了 一 [MASK] 月 的 病人 。",个,个,-0.00020714759011752903,"个, 些, 把","-0.0002, -10.1715, -10.3255"
731,不过 增加 [MASK] 垃圾 分 。,个,点,-0.5661742687225342,"点, 些, 个","-0.5662, -1.3516, -2.4805"
732,今天 生日 居然 有 [MASK] 自 说 是 高中生 的 女女 要 和 我 裸聊 !,个,个,-0.12386927008628845,"个, 位, 名","-0.1239, -2.3345, -5.1253"
733,很 高兴 能 当 一 [MASK] 宅女 啊哈,个,个,-0.37732741236686707,"个, 名, 位","-0.3773, -1.4707, -3.1678"
734,"跪求 这 [MASK] 的 nichkhun 真 人 无 水 印版 啊 , 拜托 拜托 。",张,样,-1.0498027801513672,"样, 次, 个","-1.0498, -1.7949, -2.0876"
735,"但 永远 要 记着 有 [MASK] 前提 语言 是 用来 加强 沟通 的 , 而 不 是 用来 制造 交流 双方 之间 的 障碍 的 。",个,个,-0.39722007513046265,"个, 些, 条","-0.3972, -1.1592, -5.3228"
736,"十几 年 来 老爸 的 第一 [MASK] 下厨 , 嗯 , 值得 纪念 。",次,次,-0.0044476804323494434,"次, 个, 回","-0.0044, -6.3863, -7.5950"
737,不 许走 给 我 跳 [MASK] 舞 。,个,场,-0.8041954636573792,"场, 个, 起","-0.8042, -0.9438, -3.4384"
738,"发表 了 博文 加勒比海 盗 , 看完 加勒比海 盗 4 , 总 有 一 [MASK] 意犹未尽 的 感觉 。",种,种,-0.02482016198337078,"种, 股, 些","-0.0248, -4.5500, -5.2740"
739,办公桌 上 又 多 了 一 [MASK] 如意 寓意 着 我 新 的 一 年 称心如意,盆,个,-0.6917769908905029,"个, 份, 幅","-0.6918, -2.3701, -2.5347"
740,"据 英国 每 日 邮报 报道 一 [MASK] 研究 发现 , 人们 在 睡前 玩 手机 , 频繁 发送 电子 邮件 , 会 影响 睡眠 质量 。",项,项,-0.006588298827409744,"项, 组, 个","-0.0066, -5.7930, -6.8736"
741,哦 看到 一 [MASK] 萨摩耶 姚明级 的 。,匹,个,-0.7013010382652283,"个, 些, 辆","-0.7013, -2.3314, -2.8696"
742,一 [MASK] 人 平平安安 一起 过 年 才 是 最 快乐 最 幸福 的 !,家,家,-0.013643588870763779,"家, 个, 群","-0.0136, -4.3741, -7.8518"
743,晚安 啦 各位 希望 大家 发 [MASK] 好 梦 啦,个,个,-0.30106061697006226,"个, 发, 点","-0.3011, -2.6286, -2.8320"
744,"我 的 小 黄 它 终于 拿到 了 , 还 有 车 内 清新 [MASK] 羊 同学 穿 拖鞋 出来 给 我 送 真的 雷住 我 了",剂,群,-1.683573842048645,"群, 双, 只","-1.6836, -1.7435, -2.8922"
745,"多少 年 下来 又 有 几 [MASK] 人 没有 变化 , 当时 的 初衷 又 守住 了 多少 ?",个,个,-0.02681182697415352,"个, 代, 位","-0.0268, -4.1575, -5.5603"
746,"神探夏 洛克 , 才 看 了 30 分钟 , 就 觉得 很 好看 , 可惜 第一 季 才 三 [MASK] , 今天 可以 追 完 了 !",集,集,-0.14338621497154236,"集, 季, 遍","-0.1434, -2.3052, -4.5429"
747,今天 输 了 2000 [MASK] 钱,块,块,-0.22664809226989746,"块, 个, 点","-0.2266, -2.6581, -2.8171"
748,"温家宝 历史 是 人民 书写 的 没有 一 [MASK] 政府 拥有 特权 温家宝 我 之所以 一再 强调 改革 , 不仅 要 进行 经济 体制 改革 , 还 要 进行 政治 体制 改革 , 最 重要 的 就 是 政府 要 密切 联系 群众 , 倾听 群众 的 意见 和 呼声 。",个,个,-0.1203320249915123,"个, 家, 位","-0.1203, -2.6089, -4.4609"
749,"剑侠 世界 我 在 白虎堂 三 [MASK] 黄金 , 谁 主 红尘 , 谁 是 英雄 。",层,块,-2.0328867435455322,"块, 座, 把","-2.0329, -2.4046, -2.4283"
750,"朋友 是 [MASK] 幼师 , 人 很 单纯 很 爱 幻想 , 我 一直 觉得 她 工作 很 开心 。",个,名,-0.7626155614852905,"名, 个, 位","-0.7626, -0.9741, -2.4782"
751,昨 [MASK] 看 了 场 电影 金陵 十三衩 。,个,次,-2.0717368125915527,"次, 下, 起","-2.0717, -2.2390, -2.6232"
752,宫锁 珠帘 只 看 过 [MASK] 惊心 的 路过,步,个,-1.784084677696228,"个, 眼, 次","-1.7841, -1.8457, -2.4810"
753,可 根据 客户 要求 制作 各 [MASK] 规格 的 羊毛 毡子 !,种,种,-0.014345230534672737,"种, 类, 个","-0.0143, -5.0314, -5.1666"
754,这 三 [MASK] 孩纸 都 感冒 了 同病 相怜 辛苦 都 死伤 不 起 啊 新年 愿望 还 是 身体 健康 啊 有 木 有 你 也 肚子 疼 我 也 是 大过 年 的 吃 太 多 了 干净 不 干净 的 往 嘴 里 塞 你 没事 了 吧,个,个,-0.058763690292835236,"个, 种, 位","-0.0588, -4.3591, -4.4805"
755,一 [MASK] 精美 的 动态 图片,组,张,-0.735410749912262,"张, 组, 个","-0.7354, -1.4331, -1.7492"
756,"你 在 的 时候 , 总 有 一 [MASK] 期待 !",种,种,-0.6716794967651367,"种, 份, 个","-0.6717, -1.8785, -2.1709"
757,必胜客 就 是 拿 各 [MASK] 理由 搪塞 我 人类 已经 无法 阻止 必胜客 续 杯 了,种,种,-0.008033810183405876,"种, 个, 类","-0.0080, -5.7063, -6.0636"
758,"大 聲公 的 我 的 大 聲公無 與倫 比 聲音 故事 創作 影片 , 感動 了 我 立即 參加 華碩 及 英特 爾無 與倫 比 聲音 故事 影片 分享 活動 , 分享 令 您 感動 的 影片 , 就 有 機會獲 得 配備 第二 [MASK] 英特爾 酷睿 i5 處理器 N 系列 周傑 倫驚 嘆號 !",代,代,-0.0034094094298779964,"代, 版, 波","-0.0034, -7.2250, -7.3272"
759,香港 连 [MASK] 放炮 的 都 没有 我 好 闹 心 !,个,个,-0.03096662275493145,"个, 些, 群","-0.0310, -5.8984, -5.9278"
760,"2012 年 注定 有 大 波折 的 星座 第一 [MASK] 射手座 大 波折 感情 上 会 有些 大 波折 , 如果 处理 不 好 , 很 可能 Game Over 。",名,名,-0.043077677488327026,"名, 位, 个","-0.0431, -4.3749, -4.8073"
761,它 有 [MASK] 美丽 的 名字 叫 紫气东来 WeicoLomo,个,个,-0.006512163672596216,"个, 种, 句","-0.0065, -5.7494, -7.1886"
762,"晚上 取暖 不 小心 把 鞋 底 烧 了 , 今早 就 看见 老爸 在 那儿 纳鞋 底 , 他 那 一 [MASK] 的 人 真 是 心灵 手巧 持家 顾家 , 家里 有 他 很 踏实 , 平实 中 有 暖意 , 过 生活 的 。",辈,代,-0.9108039140701294,"代, 辈, 家","-0.9108, -0.9972, -2.3035"
763,真心 想 吧 这 [MASK] 坑 爹 的 雪 露 蓝 军装 出出 去 不过 实在 是 不 上 价 啊 留 着 闹 心 不 留 价格 闹心,套,个,-0.9180740118026733,"个, 款, 样","-0.9181, -1.8962, -2.0115"
764,谢谢 谢谢 大半夜 唱歌 给 我 听 的 那 [MASK] 仁兄 哈哈哈 可以 安心 躺下 了 晚安,位,位,-0.2983655631542206,"位, 个, 些","-0.2984, -1.5161, -3.7804"
765,"过 年 第三 [MASK] 看人 在 Jiong 途 发现 我 虽然 不 能 回家 , 但是 也 没 象 他们 一样 惨 。",遍,次,-0.31975093483924866,"次, 回, 眼","-0.3198, -2.5546, -2.6088"
766,"警察 叫 来 了 大楼 的 保安 , 当 他 翻 了 半 天 终于 找到 能 打开 邻居 房门 的 那 [MASK] 钥匙 时 , 我 注意 到 它们 都 已经 锈迹 斑斑 。",串,把,-0.17926160991191864,"把, 些, 个","-0.1793, -2.3317, -3.8606"
767,补上 照片 护士长 的 几 [MASK] 这个 笑脸 给 病人 希望,笔,句,-0.7469939589500427,"句, 个, 张","-0.7470, -1.7312, -1.9504"
768,一切 一切 也 都 是 为 你 而 做 你 想 以 呢 [MASK] 暧昧 关系 继续 落去 嘛 ?,种,个,-0.9916156530380249,"个, 些, 等","-0.9916, -2.4175, -2.4920"
769,"430 起床 , 洗漱 , 早餐 500 出 家门 , 打 的 去长 客站 530 [MASK] 溪 沈阳 客车 出发 620 到达 沈阳 打 的 去 桃仙 机场 650 到达 机场 领 登机牌 进 候机室 800 登机 准备 起飞",本,本,-0.298508882522583,"本, 双, 家","-0.2985, -2.8023, -2.8822"
770,上传 了 17 [MASK] 照片 到 相册兮陌 。,张,张,-0.013643709942698479,"张, 幅, 个","-0.0136, -5.3384, -5.7112"
771,蓝色 S 曲线 诱惑 高清 无水印 7 [MASK] 下载,张,集,-0.2302686721086502,"集, 位, 次","-0.2303, -3.5823, -3.6011"
772,"每 [MASK] 人 都 有 他 的 秘密 , 能 告诉 别人 的 秘密 还 算是 秘密 吗 ?",个,个,-0.00018234722665511072,"个, 位, 种","-0.0002, -10.0091, -10.2044"
773,这 [MASK] 上涨 的 主要 原因 和 动力 是 什么 ?,波,次,-1.163385033607483,"次, 种, 波","-1.1634, -1.5467, -1.9651"
774,原来 中间 少划 了 一 [MASK] 额,刀,点,-1.5552922487258911,"点, 笔, 个","-1.5553, -1.6352, -2.3309"
775,换 [MASK] 账号 就 行 !,个,个,-0.014539224095642567,"个, 下, 回","-0.0145, -5.6140, -6.2322"
776,每 [MASK] 人 都 在 勉强 自己 。,个,个,-0.0007633499335497618,"个, 种, 次","-0.0008, -8.3792, -9.4505"
777,你 妹鱼 后门 跟 战场 一 样样 的 干啥 我们 这儿 一 过 年 跟 打仗 似 的 你妹 各 [MASK] 妹,种,位,-1.2960246801376343,"位, 种, 个","-1.2960, -1.4102, -1.5824"
778,"那 [MASK] 说 不 行 , 你 毛太多嘞 。",个,个,-0.5262680649757385,"个, 位, 些","-0.5263, -2.9163, -3.0836"
779,两 [MASK] 都 到齐 了 真 期待 Moonlight 戴 上去 的 效果 还 有 我 想 说 的 是 水水家 的 客服 真心 好 支持 你 家,幅,件,-1.602863073348999,"件, 套, 款","-1.6029, -1.9406, -2.1923"
780,"在 群里聊 舞蹈 , 突然 想到 了 这个 , 第五 [MASK] CCTV 舞蹈 大赛 技巧 展示 环节 , 妹子 小哥们 的 技巧 身段 风姿 无 一 不 醉 人 啊 , 只 可惜 没 找到 高清 版本 , BGM 也 很 给力 , 推荐",届,届,-0.0705743208527565,"届, 次, 季","-0.0706, -3.6936, -4.5340"
781,"转自 , 在 一 [MASK] 远房 亲戚 家 住 了 两 天 。",个,个,-0.2661019563674927,"个, 位, 家","-0.2661, -1.8819, -3.4803"
782,悲剧 卡 里面 还 剩 2 [MASK] 01 毛,块,点,-0.8205621838569641,"点, 块, 张","-0.8206, -1.8105, -2.4383"
783,我 正在 参加 宝岛 Eye 上 幸福 圆梦 伦敦 活动 现 正 在 伦敦 嗯 一 [MASK] 人 好 寂寞 你 快来 陪 我 吧,个,个,-0.00936191901564598,"个, 家, 群","-0.0094, -5.7719, -6.0973"
784,这 是 一 [MASK] 艰难 的 博弈,场,场,-0.5180807113647461,"场, 个, 次","-0.5181, -1.2923, -2.8292"
785,"这 [MASK] 构图 具有 突出 主体 , 使 画面 趋向 均衡 的 特点 。",种,种,-0.12980851531028748,"种, 类, 样","-0.1298, -2.7355, -3.4706"
786,"开门 , 开灯 , 开窗 , 给 我 的 草换 上 清水 , 给 自己 泡 一 [MASK] 暖暖 的 茶 。",杯,杯,-0.22121621668338776,"杯, 壶, 盏","-0.2212, -1.8419, -4.4255"
787,"126708 目前 西 二 [MASK] 官园 桥 上 南 向 北方 向 有 事故 , 请 后 车 注意 避让 。",环,环,-0.006563880015164614,"环, 路, 线","-0.0066, -6.1447, -6.5957"
788,"和 打 了 一 [MASK] 电话 , 聊 了 很多 , 可 现在 的 心情 突然 变得 很 down 。",路,个,-0.9857240319252014,"个, 次, 通","-0.9857, -1.0619, -1.5874"
789,下 [MASK] 住這 家 試試 。,次,次,-0.005794052500277758,"次, 面, 回","-0.0058, -5.6338, -6.2660"
790,贝宁送 的 烟灰缸 不 敢 用 导致 每 天 一 [MASK] 烟灰缸 昨天 纸杯 今天 八宝粥 罐,种,个,-0.7102150321006775,"个, 次, 盒","-0.7102, -2.6226, -3.0020"
791,"好像 我们 的 手机 要 成 街机 了 , 越来越 多 , 火车 上 我 旁边 一 人 还 用 [MASK] 白的",个,对,-1.5617833137512207,"对, 个, 点","-1.5618, -1.5824, -2.7620"
792,亲爱 的 出差 北京 回来 正好 给 我 带回 了 一 [MASK] 红 帽子 。,顶,顶,-0.05195946991443634,"顶, 个, 颗","-0.0520, -3.3483, -6.0649"
793,"今天 考试 , 我 要 加油 , 你 地伍 信 我 考到 全 级 前 100 , 哼 , 我 就 考 比 你睇 , 话 晒 伊 两 [MASK] 星期 都 认真 左 , 我 要 加油 , 204 加油",个,个,-0.0018184615764766932,"个, 颗, 位","-0.0018, -8.1148, -8.1743"
794,"我 擦终于 打完 了 , 这 [MASK] 决赛 没有 失败者 , 非常 经典 的 比赛 。",场,场,-0.5494959354400635,"场, 个, 次","-0.5495, -1.5309, -1.6904"
795,"花瓣网 每 日 精选 易知难 , 歌唱 演员 , 80 年代 成都 艺术圈 中 非常 抢眼 的 一 [MASK] 女子 。",个,位,-0.5459258556365967,"位, 个, 名","-0.5459, -1.0015, -3.5769"
796,睡 了 五 [MASK] 小时 车 上 再 睡 一会,个,个,-0.0002506689343135804,"个, 点, 次","-0.0003, -9.5839, -10.4707"
797,今晚 hcmcc 历 [MASK] 老板 齐聚 北海,届,任,-0.7070850729942322,"任, 届, 代","-0.7071, -0.8854, -2.4955"
798,", 我 投给 了 杨幂 和 谁 在一起 都行 这 1 [MASK] 选项 。",个,个,-0.014925024472177029,"个, 号, 种","-0.0149, -5.6825, -6.0711"
799,"对于 湖人队 今日嘅 表现 , 我 只 能够 用 两 [MASK] 字嚟 形容 失望",个,个,-0.0025687399320304394,"个, 行, 句","-0.0026, -6.5814, -8.4708"
800,"继续 讲 回 吃 的 , 档次 上去 了 , 东 西 实在 就 是 贵 字 , 例如 吃 着 一 [MASK] 再 普通 不 过 的 卤水 鹅 头 , 后 , 哥 报价 是 300 大 元 !",盘,碗,-0.7519292235374451,"碗, 个, 顿","-0.7519, -1.9844, -2.8138"
801,"我 难得 看 一 [MASK] 新闻 联播 , 就 是 想 看看 她 肿么 说 马英九 连任 , 结果 它 什么 都 没 说",次,次,-0.7647145390510559,"次, 下, 个","-0.7647, -1.3857, -2.4930"
802,"今晚 再次 接到 那 [MASK] 吓人 的 电话 , 尼玛 的 干嘛 泄露 我 的 号码 , 尼玛 的 你们 惨 了",个,个,-0.3007432520389557,"个, 种, 些","-0.3007, -2.8218, -2.8531"
803,2 [MASK] 苹果 。,个,个,-0.9605674743652344,"个, 种, 根","-0.9606, -1.7097, -3.3010"
804,女 童蕾 丝 花边 毛衣 儿童 毛衣 女 8800 元 近期 售出 2 [MASK] 地址,件,个,-0.6638709306716919,"个, 件, 家","-0.6639, -2.5719, -2.6123"
805,"第一 [MASK] 见面 你 就 把 我 笔 盒 上 的 樱桃 小 丸子 贴纸 撕掉 在 上面 写 谁 是 你 的 白马王子 , 你 真的 很 讨厌 好 不 好 !",次,次,-0.008550197817385197,"次, 眼, 个","-0.0086, -5.2680, -6.5097"
806,", , , 猜猜 我 画 的 是 什么 , 提示 3 [MASK] 字 港 台 演员 。",个,个,-0.02573094516992569,"个, 名, 位","-0.0257, -4.0415, -6.0630"
807,我 没有 期待 你 说 什么 没有 没 有 期待 个屁 以后 别 发 短信 给 我 了 我 没 资格 理解 你 别 回 了 这 三 [MASK] 字 太 刺眼 !,个,个,-0.001700057415291667,"个, 行, 串","-0.0017, -6.7620, -9.2375"
808,"与 其 听 那些 痛彻 心扉 的 悲情 情歌 , 想 着 对方 的 变化 , 转身 , 离开 , 然后 用 委屈 的 泪水 淹没 自己 , 还 不 如 听听 能 给 你 力量 , 让 心 能 长出 另 一 [MASK] 翅膀 的 旋律 。",双,双,-1.413473129272461,"双, 个, 只","-1.4135, -1.4574, -1.8590"
809,啥时 给 搞 [MASK] Thinkpad 学生机 ?,个,个,-0.363479882478714,"个, 点, 下","-0.3635, -2.1287, -3.2413"
810,"母亲 为 惨死 女儿 求助 女儿 17 岁 半夜 惨死 在 南北 广场 出租 屋 12 [MASK] 坠下 不明不白 , 她 双 手 握 拳 死 不 瞑目 。",楼,楼,-0.04962470382452011,"楼, 层, 号","-0.0496, -3.0562, -7.8316"
811,"操 了 , 总 有 那么 一 [MASK] 傻逼 出现 在 老子 的 梦里 , 你 凭 什么 ?",个,个,-0.33808234333992004,"个, 群, 些","-0.3381, -2.4318, -2.8289"
812,如今 A [MASK] 迎来 了 龙年 。,股,家,-1.788891077041626,"家, 族, 门","-1.7889, -2.3306, -2.9809"
813,某 [MASK] 神亲 说 的 原话,位,位,-0.9394127130508423,"位, 个, 些","-0.9394, -0.9933, -2.2967"
814,"第六 印 是 序幕 , 第七 印 的 前 四 [MASK] 号筒 才 是 真正 的 試煉 。",枝,个,-1.2288084030151367,"个, 根, 支","-1.2288, -2.2753, -2.3628"
815,老伴 和 两 [MASK] 女儿 苦口 婆心 地 督促 我 到 户外 爬爬山 看看 海 打打拳,个,个,-0.011818956583738327,"个, 位, 名","-0.0118, -4.7544, -5.9578"
816,"一 [MASK] 话 情书 有时 , 我 只 是 想 能 有 个人 , 紧紧 抱 着 我 不 放 , 直 到 我 的 心情 真的 好 起来 。",句,句,-0.47215399146080017,"句, 段, 封","-0.4722, -2.0241, -2.0616"
817,要 像 [MASK] 爷们 一样 的 生活,个,个,-0.7213096618652344,"个, 些, 点","-0.7213, -1.2784, -3.3405"
818,"一 [MASK] 人 , 还 真 有点 怕 呀",个,个,-0.05483922362327576,"个, 家, 些","-0.0548, -3.5472, -4.8967"
819,我 爱 你 两 年 零三 [MASK] 月 822 days 最 好 的 笑 给 你,个,个,-0.002380639547482133,"个, 颗, 把","-0.0024, -8.1947, -8.2941"
820,"重 回 儿时 回忆 , 买 [MASK] 老虎 衣 过 年 , 哈哈哈哈 , 好 喜欢 的 , 特别是 帽子",件,个,-0.9407822489738464,"个, 件, 套","-0.9408, -1.2819, -2.4764"
821,"市内 压车 已经 崩溃 了 , 还是 不 出门 好 啊 , 中山 这 [MASK] 人 贴 人 车贴 车 了",面,个,-0.7751803994178772,"个, 种, 样","-0.7752, -1.7265, -2.2619"
822,人生 就 是 一 [MASK] 选择题 呀 !,道,道,-0.6114206314086914,"道, 个, 场","-0.6114, -1.1869, -3.0505"
823,"如果 U [MASK] 坏 了 , 可以 尝试 这样 找到 相应 的 芯片 工具 重新 刷一遍",盘,盘,-1.4861061573028564,"盘, 片, 块","-1.4861, -1.8840, -2.9557"
824,足彩妖 刀 周日 西 甲 重心 推荐 3 [MASK] 赫塔菲桑坦德 马拉加,场,场,-1.7986308336257935,"场, 分, 张","-1.7986, -1.9155, -2.2316"
825,每 [MASK] 杀 完人 总是 还 要 沉浸 在 对 与 错 里面 很 久 今天 思路 还 不 够 清楚 呀呀呀,次,次,-0.005461799446493387,"次, 个, 回","-0.0055, -6.0811, -6.4313"
826,"想起 一 [MASK] 歌词 , 最 怕 自己 从今以后 什么 都 不 相信 。",句,句,-0.6159089803695679,"句, 首, 段","-0.6159, -1.5784, -1.9208"
827,上传 了 5 [MASK] 照片 到 相册 森林 公园,张,张,-0.012474113143980503,"张, 组, 幅","-0.0125, -5.4761, -5.5602"
828,"前年 我 喜欢 小 德 , , , , , 没 想到 真 是 [MASK] 汉子",条,个,-0.12456689774990082,"个, 条, 身","-0.1246, -3.0831, -4.7991"
829,救命 我 爸 爱上 王力宏 X 李云迪 了 QAQ 现在 每 天 只要 有 重播 的 春晚 都 要 看 那 [MASK] 节目 然后 特别 嗨 并且 表示 这 是 他 最 喜欢 的 节目 没有 之一,个,个,-0.06125304847955704,"个, 些, 种","-0.0613, -3.6032, -4.9722"
830,"1 下午 我 娘 电话 , 貌似 过年 走 了 几 [MASK] 亲戚 被 逼急 了 , 接 其 电话 就 问 我 你 到底 有 没 有 结婚 的 可能 ?",个,个,-0.872976541519165,"个, 趟, 次","-0.8730, -1.2167, -1.8594"
831,那 是 第一 [MASK] 使用 了 漂亮 印刷 字体 的 电脑 。,台,台,-0.6723527312278748,"台, 部, 个","-0.6724, -1.2243, -2.3064"
832,"我们 说 女性 在 她 的 一生 中 会 发生 一 [MASK] 不同 于 男性 的 生理 的 变化 , 那么 在 这些 生理 变化 的 过程 中 您 也许 注意 不 到 因此 而 带来 视力 上 的 问题 。",系列,些,-0.008967132307589054,"些, 种, 个","-0.0090, -5.3093, -6.4574"
833,"折腾 了 几 天 总算 把姐 嫁 出去 了 , 深刻 的 体会 到 择偶 条件 里 多 [MASK] 本 地区 人 是 多么 重要",个,个,-0.22693568468093872,"个, 些, 点","-0.2269, -2.1977, -3.6938"
834,"真 好 , 看完 真 想 穿 过去 真 美 , 你 就 是 我 心 中 那 [MASK] 口 中 念 着 岁月 静 好 的 甄嬛 爱 你",个,个,-0.13078109920024872,"个, 位, 颗","-0.1308, -3.0459, -3.7864"
835,空 无 一 人 的 九 [MASK] 市场部,层,号,-1.8909209966659546,"号, 楼, 间","-1.8909, -2.5814, -2.6219"
836,"不 怕 不 怕 不 怕 , , , 还 有 一 [MASK] 补考 机会 。",次,次,-0.6185594201087952,"次, 个, 些","-0.6186, -1.0807, -2.6827"
837,让 我们 来 看看 2011 年 Billboard 前 十 [MASK] 单曲 的 详细 排名 吧,位,名,-1.151000738143921,"名, 张, 首","-1.1510, -1.2393, -1.8212"
838,至少 要 花上 多少 [MASK] 年头 才 能 学会 爱情 是 什么 东西,个,个,-0.010101864114403725,"个, 次, 回","-0.0101, -6.2538, -6.3677"
839,"复 [MASK] 习 , 容易么 ?",个,点,-1.9506522417068481,"点, 个, 笔","-1.9507, -2.5910, -2.6187"
840,第一 [MASK] 收甘多 利市 !,次,次,-0.5699823498725891,"次, 回, 个","-0.5700, -2.0356, -3.4838"
841,"Norman , 今日 繼續 放送 TV drama 確認 逃亡者 第二 [MASK] 青山 倫子 渡辺 大福 本 清 三",回,季,-0.6970734596252441,"季, 集, 回","-0.6971, -1.9535, -2.4557"
842,"生命 就 像 一 [MASK] 火车 , 朋友 就 像 车 上 的 旅客 , 不 是 所有 人 都 能 陪 你 到 终点 。",列,列,-0.7338380813598633,"列, 辆, 班","-0.7338, -1.5442, -2.5093"
843,连 看 [MASK] 病 都 不 能 坚持 的 我 还 能 做 什么 !,个,眼,-0.07412552088499069,"眼, 个, 身","-0.0741, -3.1166, -5.3959"
844,"我 是 [MASK] 变态 的 家伙 , 别 惹 我",个,个,-0.004073441028594971,"个, 些, 群","-0.0041, -6.7031, -7.4956"
845,微 博转 了 一 [MASK] 看到 很多 纠结 难耐 的 状态 真心 地 感叹 自己 拥有 拿 的 起放 的 下 的 本领 是 有 多 好 啊,圈,圈,-0.19467826187610626,"圈, 下, 遍","-0.1947, -2.5481, -3.0535"
846,哦哟 您 八二年 就 没 当 医生 了 自己 背 完 汤头 还 要 药性 歌括 四百 [MASK] 点 背 茯苓 ?,味,点,-0.5007389783859253,"点, 分, 个","-0.5007, -2.3509, -2.3703"
847,"手机 没 电 了 , 漫长 的 16 [MASK] 小时 怎么 办 ?",个,个,-0.00011933562200283632,"个, 把, 块","-0.0001, -10.8872, -10.9960"
848,"让 人 幸福 的 三 [MASK] 事情 有 人爱 , 有 事 做 , 有所 期待 。",件,件,-0.03436105325818062,"件, 个, 种","-0.0344, -4.4238, -4.5440"
849,"父辈 倒 是 自 幼 于 此 地 长大 , 与 此 地 感情 深厚 , 不过 我 就 没啥 感觉 了 , 同辈 之间 年龄 或者 相差 太 大 或者 三 观 差异 过 多 , 总的来说 无 太 多 的 交集 , 不过 本着 都 是 一 族 亲戚 的 出发点 , 一 [MASK] 总不",门,起,-1.6116421222686768,"起, 辈, 家","-1.6116, -1.7888, -2.4949"
850,"我 没 什么 大 的 愿望 , 只 希望 一 [MASK] 人 能 整整齐齐 健健康康 快快乐乐 地 生活 在一起 。",家,家,-0.015509694814682007,"家, 个, 群","-0.0155, -4.3756, -6.2899"
851,北京 抽样 5000 [MASK] 家庭 算出 去年 城镇 居民 增收 7 新闻 腾讯网,户,户,-0.13162341713905334,"户, 个, 家","-0.1316, -2.2325, -5.1825"
852,"像 横断 山脉 中 所有 的 峡谷 一样 , 位 于 云南 迪庆 藏族 自治州 香格里拉 的 巴拉格 宗 大 峡谷 也 是 南北 走向 , 新 造山 运动 把 岗曲河河 水 深深 地 [MASK] 压 在 海拔 仅 一千多 米 的 谷底 。",剂,封,-0.6572438478469849,"封, 包, 堆","-0.6572, -2.5239, -2.5944"
853,"昨天 是 土牛 他们 一 [MASK] 从 小 到 大 的 兄弟 来 家里 作夜 , 喝酒 , 到 了 十二点 以后 , 敲锣 打鼓 挨家挨户 要 酒喝 , 很 是 热闹 。",拨,群,-1.0097330808639526,"群, 对, 个","-1.0097, -1.3503, -2.0942"
854,"刚 开始 我 觉得 你 是 [MASK] 拘谨 , 不苟言笑 的 男孩子 。",个,个,-0.005116356536746025,"个, 位, 种","-0.0051, -5.8965, -7.0626"
855,自嘲 是 一 [MASK] 高 层次 的 幽默 。,种,种,-0.015147208236157894,"种, 个, 场","-0.0151, -4.6360, -7.1393"
856,"我 在 净慈寺 , 这个 春节 要 跑 多少 [MASK] 庙 啊",个,座,-0.8212165832519531,"座, 个, 家","-0.8212, -1.4374, -2.2257"
857,望到 佢好 饱仲 一 [MASK] 名牌,身,身,-1.2962685823440552,"身, 个, 件","-1.2963, -1.6888, -2.0454"
858,"一 [MASK] 绳子 轻松 瘦 腿侧站 踢腿 针对 肌肉 腿大肌 及 外侧肌 动作 借助 椅背 支持 身体 , 侧向 坐椅 站直 , 把 健身 带捆 在 双脚 脚跟 位置 。",根,根,-0.7186322808265686,"根, 条, 双","-0.7186, -0.7548, -4.5965"
859,"我 毫 不 掩饰 倾诉 对 你 的 爱 , 千 [MASK] 柔情似水 , 百依百顺 在 你 的 面前 。",般,般,-0.4472167491912842,"般, 种, 次","-0.4472, -3.0147, -3.0797"
860,"给 大家 推荐 一 [MASK] 金星 园 二手房 , 18600 平米 的 3 室 2 厅 2 卫 , 65000 万 。",套,套,-0.8184940814971924,"套, 下, 个","-0.8185, -1.4725, -1.5801"
861,看 完 春晚 节目单 各 [MASK] 觉得 不 必要 看但 从 节日 角度 考虑 看 春晚 又 是 一 必须 参与 的 项目 好 吧 重 在 参与,种,位,-0.08167628198862076,"位, 种, 个","-0.0817, -2.9228, -4.2760"
862,企鹅 罐 rar 这 [MASK] 应该 是 对 的 吧,次,个,-0.9233589172363281,"个, 样, 点","-0.9234, -1.0368, -2.9472"
863,连续 睡 不 到 五 [MASK] 小时 哪天 会 猝死 在 地铁 里 吧 这么 辛苦 是 为 哪般 啊,个,个,-0.00026664711185730994,"个, 点, 分","-0.0003, -9.3196, -9.8944"
864,国内 恶 银行 好 气西 了 [MASK] 那 火 哈堵 !,册,把,-1.9408795833587646,"把, 对, 点","-1.9409, -2.4666, -2.7821"
865,肋膈角 那 [MASK] 窝窝 疼 的 好 厉害 。,个,个,-0.09797248989343643,"个, 些, 块","-0.0980, -3.9741, -4.0777"
866,来 一 [MASK] 5 年 内 的 目标 !,张,个,-0.31300145387649536,"个, 下, 次","-0.3130, -1.6095, -4.8048"
867,"对 省委 的 前 几 [MASK] 老 书记 , 对 那些 经验 丰富 、 德高望重 的 老同志 , 新 班子 至今 还 经常 向 他们 登门 请教 。",任,位,-1.02279531955719,"位, 任, 届","-1.0228, -1.0521, -1.9899"
868,"临 走时 , 保安室 的 哥们 又 给 了 我 三 [MASK] 很 水 我 也 不 墨迹 , 知道 自己 的 情况 , 客气 了 下 就 收下 了 。",支,瓶,-0.6875270009040833,"瓶, 杯, 个","-0.6875, -1.3402, -3.2291"
869,"我 现在 尿布 也 用 花王 了 , 爱 婴室 两 大 [MASK] 300 元 怎么样 啊 ?",包,套,-1.81233549118042,"套, 件, 箱","-1.8123, -1.8570, -2.0039"
870,"哎呀 哎呀 , 回家 炒 第一 [MASK] 菜 , 手忙脚乱 的 , 额",顿,道,-0.3680654764175415,"道, 盘, 个","-0.3681, -2.7347, -2.8174"
871,"我 刚刚 在 爱 问 共 享 资料 上 传 了 资料 , 欢迎 大家 下载 分享 20102011 学年度 七 年级 数学 上 [MASK] 期 中 试题 及 答案 doc 更 多",册,册,-0.056504324078559875,"册, 下, 届","-0.0565, -4.4614, -4.6633"
872,"过期 一 [MASK] 多 月 了 , 我 还 吃么 ?",个,个,-8.726500527700409e-05,"个, 把, 颗","-0.0001, -10.0702, -11.5751"
873,"五 年 了 , 三 [MASK] 月 的 疯狂 , 走到 最后 , 反而 默默 的 安静 下来 , 难道 真 的 是 因为 大家 的 离别 和 淡忘么 , 还是 自己 所 期望 的 呢 ?",个,个,-0.0006484106997959316,"个, 把, 分","-0.0006, -8.2829, -9.9378"
874,我 做 了 [MASK] 不 重要 的 决定 什么 负 责任 的 恋爱 者 滚 你 奶奶 的 吧 我 就 是 一 混蛋 混蛋,个,个,-0.2582717537879944,"个, 些, 件","-0.2583, -2.0202, -2.8081"
875,"只 是 我 也 迟迟 看 不 到 你 让 我 融进 你 的 生活 , 在 你 朋友 那里 , 有 我 这么 一 [MASK] 人 吗 ?",号,个,-0.023294741287827492,"个, 群, 种","-0.0233, -4.7801, -5.0309"
876,余文乐 吧 每 日 签到 2012 年 1 月 17 日 可 乐 签到 [MASK] http t cn z0ep6 MO 各位 早安 起床 啦 早餐 时间 到,帖,点,-2.3557586669921875,"点, 发, 帖","-2.3558, -2.7306, -3.0246"
877,去年 我国 43 亿 [MASK] 遭受 自然 灾害 1126 人 死亡,人次,户,-1.2703568935394287,"户, 次, 口","-1.2704, -1.6560, -1.8447"
878,樱花妹 这 [MASK] 福利 真好,次,个,-0.5952972769737244,"个, 次, 种","-0.5953, -2.5967, -2.6634"
879,最后 一 [MASK] 岗 。,班,个,-0.19681903719902039,"个, 座, 排","-0.1968, -3.4494, -4.2904"
880,被 一 個惡夢 驚醒 了 出 了 一 [MASK] 汗 真的 不 是 非 一般 真實 看來 今晚 我 是 睡 不 著 的 了,身,身,-0.10799960792064667,"身, 把, 口","-0.1080, -2.8976, -3.8973"
881,"对 文昌 宫 、 文昌 君 不 感 兴趣 , 说 我 木然 , 那 等 你 看到 我 对 七 [MASK] 山 边 的 那些 古柏 感 兴趣 的 样子 , 你 定然 会 认为 我 的 脑子 有 毛病 。",曲,台,-0.5889123678207397,"台, 座, 棵","-0.5889, -2.2863, -3.6856"
882,总是 那 [MASK] 脸 。,张,张,-0.063205286860466,"张, 个, 副","-0.0632, -3.3512, -4.6168"
883,目的 : 有助于 触 球 时 的 方正 [MASK] 面 。,杆,手,-2.1111574172973633,"手, 路, 场","-2.1112, -2.4085, -2.5253"
884,"发表 了 博文 回归 好久 没有 玩 新浪 博客 了 , 回来 看看 , 补充 [MASK] 资料 爱好 , 同步 微博 。",些,下,-0.5527302026748657,"下, 点, 些","-0.5527, -1.2404, -2.0948"
885,湖南 卫视 在 放 着 上 一 年 快乐 大 本营 言承旭 我 的 第一 [MASK] 偶像 。,个,个,-0.20110374689102173,"个, 位, 任","-0.2011, -2.7894, -4.0211"
886,"没有 撑到 十二点 , 因为 要 赶早 [MASK] 飞机 回 上海 对 不 起 哈 祝 乃 一 年 比 一 年 高 富帅 等 我 到 家 送图 给 乃么么哒",点,班,-0.27352696657180786,"班, 点, 些","-0.2735, -1.5885, -4.5824"
887,"高 一 寒假 全 科 强化班 网校 课程 在 现有 优惠 上 , 再 享受 88 折 优惠 包括 高 一 上 下 学期 语文 数学 英语 物理 化学 生物 地理 等 全部 课程 , 共 11 [MASK] 课程",个,门,-0.06790352612733841,"门, 个, 节","-0.0679, -3.6744, -3.9841"
888,早起 这 [MASK] 事 是 要 多 痛苦 有 多 痛苦,档子,件,-0.0667305588722229,"件, 种, 回","-0.0667, -3.8224, -4.1891"
889,"金秋 时节 , 层林尽染 , 依山傍水 的 徽派 古 村落 形成 了 一 [MASK] 天人合一 的 水墨 山水画 , 显得 静谧 悠远 。",幅,幅,-0.042773302644491196,"幅, 副, 面","-0.0428, -3.2794, -6.3049"
890,肥 了 两 [MASK] 回到 汕头 当站 上 体重 秤 的 那 一 瞬间 尼玛 什么 的 都 阻止 不 了 我 减肥 的 步伐 !,圈,次,-1.373866319656372,"次, 圈, 个","-1.3739, -1.5426, -1.8356"
891,刘俐俐 张绍 刚 场 上 互掐 俩 [MASK] 人 都 有 错 。,个,个,-0.06742691993713379,"个, 本, 路","-0.0674, -4.7711, -4.9579"
892,好 彩有哩 [MASK] 微博 可以 让 硪对伱 表白 吖吖 好 中意 伱吖吖 !,个,个,-0.6547791957855225,"个, 条, 发","-0.6548, -0.8607, -4.5729"
893,"我 希望 永远 不 要 再 听到 希望 工程 这 四 [MASK] 字 , 这 都 应该 是 政府 的 基础 工程 。",个,个,-0.0003436201950535178,"个, 行, 名","-0.0003, -8.5715, -10.5828"
894,今天 又 是 一 [MASK] 大 丰收 !,个,个,-0.11686907708644867,"个, 次, 场","-0.1169, -3.0446, -4.1411"
895,还 有 [MASK] 经典 的,个,些,-0.7675260305404663,"些, 个, 点","-0.7675, -1.2136, -2.8613"
896,黑 的 这 几 [MASK] 我 还 蛮 喜欢 的 其他 的 个人 觉得 莎拉伯顿 的 设计 太 纯净 了 有点 唯美 不 像 麦昆 一向 的 诡异 和 黑暗 亚历山大 麦昆 海洋 生物 的 艺术 之 作 17,套,个,-1.1699278354644775,"个, 张, 款","-1.1699, -1.7590, -2.7621"
897,"这 [MASK] 人 会 间歇 的 尝试 与 人 亲近 接触 , 但 却 常常 失败 。",类,种,-0.7259073257446289,"种, 类, 些","-0.7259, -1.0874, -1.9633"
898,打 了 [MASK] 下午 篮球 。,个,个,-0.11069732159376144,"个, 下, 些","-0.1107, -2.9925, -4.8995"
899,"我 亲爱 的 妈 有 [MASK] 异于 常人 的 本领 , 就 是 在 你 心情 灿烂 的 时候 能够 让 你 突然 抑郁 沉沦 , 觉得 昏 天地 暗 的 !",个,个,-0.2842532992362976,"个, 种, 些","-0.2843, -2.0283, -3.5754"
900,"剩余 两 天 课 一 天 早起 , 两 [MASK] 省考",次,次,-0.97786545753479,"次, 个, 点","-0.9779, -1.0105, -3.2802"
901,晨 锅 这 [MASK] 你 不 是 亮点 亮点 是 你 后面 的 内位 姐姐 哇 表情 帝丫,次,个,-0.5496466159820557,"个, 位, 样","-0.5496, -2.1902, -2.7947"
902,"沉睡 在 E [MASK] 中 的 苍老师 , 阔别 多日 , 你 还 好么 ?",盘,声,-0.652102530002594,"声, 波, 幕","-0.6521, -3.4132, -3.4796"
903,等 采访 一 [MASK] 代表 。,个,个,-1.1650394201278687,"个, 些, 下","-1.1650, -1.7936, -1.8010"
904,"今天 董事长 在 睡午觉 , 和 他 老爸 行走 在 讨债 的 康庄 大道 上 , 收回 一 [MASK] 白条 !",张,张,-0.3274237811565399,"张, 条, 些","-0.3274, -2.9223, -3.3790"
905,"意大利 倾覆 游轮 乘客 称 场景 如 泰坦尼克 惨剧 1 [MASK] 豪华 游轮 在 意大利 近海 触礁 倾覆 , 幸存 乘客 描述 称 , 当时 大部分 乘客 都 在 用 晚餐 , 突来 的 巨响 打断 了 欢乐 气氛 。",艘,艘,-0.033332064747810364,"艘, 号, 座","-0.0333, -4.8010, -4.9214"
906,回家 四 [MASK] 钟 又 长安 !,个,分,-0.6794043779373169,"分, 点, 个","-0.6794, -0.7534, -4.0422"
907,"看到 微博 有 这么 一 [MASK] 话 你 总怪 我 , 对 你 过分 依赖 , 很 奇怪 没有 你 我 该 怎么 办 。",句,句,-0.3327493369579315,"句, 段, 个","-0.3327, -1.2955, -5.6366"
908,"VICTIM 2012 年 春夏 系列 新品 型录 日本 品牌 Victim 在 今日 揭露 明 年度 春夏 新品 的 型录 , 可以 看到 一 [MASK] 轻便 而 有形 的 薄 外套 , 以 皮革 材料 与 帽夹 的 搭配 为主 也 有 轻便 具 机能性 的 风衣 外套 , 可 搭配 出 具有 outdoor 风格 的 穿 搭 。",系列,款,-1.2664211988449097,"款, 些, 件","-1.2664, -1.3245, -1.5665"
909,炮火连天 啊 过 年 的 气息 就 是 这样 满 天 的 火药味 买 了 几 [MASK] 旺旺 大礼包 送 人 你 旺 我 旺 大家 旺,包,个,-0.3186001777648926,"个, 盒, 张","-0.3186, -2.2216, -3.9350"
910,准备 第三 [MASK] 喔耶,轮,集,-2.1669294834136963,"集, 季, 波","-2.1669, -2.3786, -2.4654"
911,"新年 第一 天 , 我 做 了 一 [MASK] 浪漫 的 梦 , 醒 了 。",个,个,-0.03245885297656059,"个, 场, 次","-0.0325, -3.5443, -7.1954"
912,大年 初一 因为 要 上班 又 是 一 [MASK] 人 在 家 好 不 开心 啊,个,个,-0.015072294510900974,"个, 家, 群","-0.0151, -4.4494, -7.0792"
913,穿上 一 [MASK] 帅气 的 西装 。,身,身,-0.2829361855983734,"身, 件, 套","-0.2829, -2.1994, -2.5218"
914,"一 生 最 重要 的 三 [MASK] 日子 世界 上 有 你 的 那 天 , 世界 上 有 我 的 那 天 , 我 和 你 成为 我们 的 那 一 天 。",个,个,-0.04991381615400314,"个, 种, 段","-0.0499, -3.9757, -4.6356"
915,中国 大人 秀 居然 把 冠军 给 了 一 [MASK] 唱 男人 歌 还 走音 的 女人 。,个,个,-0.04478655755519867,"个, 位, 些","-0.0448, -3.5727, -5.4628"
916,138 我 想 是 那 [MASK] 坚强 又 美丽 的 人 。,种,个,-0.6703813672065735,"个, 样, 种","-0.6704, -1.1264, -2.4166"
917,"上海 中医药 大学 药学院 副院长 陶建生 曾 道破 天机 考验 一 [MASK] 药品 能否 服用 , 无非 看 两 点 一 是 疗效 , 一 是 安全 。",种,种,-0.7175330519676208,"种, 款, 个","-0.7175, -1.5915, -1.8921"
918,"5 在 中央 空调 室内 摆放 一 [MASK] 水 或 使用 保湿机 , 避免 泪液 蒸发 过 多",盆,盆,-0.7878190875053406,"盆, 杯, 瓶","-0.7878, -1.3613, -2.3380"
919,"结果 11 点 去 到 根据 点 , 又 给 灌 了 近 2 [MASK] 啤酒 。",支,瓶,-0.36343178153038025,"瓶, 杯, 桶","-0.3634, -2.0232, -2.7867"
920,老娘 法眼 一 开 就 知道 你 是 [MASK] 妖孽 了 。,个,个,-0.005424762610346079,"个, 些, 下","-0.0054, -6.6875, -7.2066"
921,"也许 错过 了 就 错过 了 , 时间 会 帮 我 换 一 [MASK] 新 的 梦 !",个,个,-0.10100862383842468,"个, 次, 份","-0.1010, -3.8342, -4.1003"
922,"过敏 体质 的 人 伤 不 起 中午 吃 了 [MASK] 桂林 米粉 , 脸 又 红 又 肿跟 猪头 一样 , 主管 第一 反应 就 是 嫌 我 丑",碗,碗,-0.7062749862670898,"碗, 个, 份","-0.7063, -1.7558, -2.7833"
923,隔离 玩 单机 游戏 果 [MASK] 就 免 提 啦嘉骅 话斋 so what,个,盘,-0.9413504600524902,"盘, 个, 粒","-0.9414, -2.7447, -2.8467"
924,"6 生活 太 艰难 了 , 为了 多 掌握 一 [MASK] 吃饭 的 手艺 , 我 正在 练习 左 手 使 筷子 。",门,些,-0.7946162223815918,"些, 点, 下","-0.7946, -1.0540, -2.0545"
925,分享 一 [MASK] 来自 酷狗 音乐 的 歌曲 许巍 曾经 的 你 分享 自 酷 狗 音乐,首,首,-0.1359805017709732,"首, 些, 段","-0.1360, -2.9089, -3.2500"
926,"今天 的 春节 愿望 姐要 热 血 地 好好 学习 , 积极 向上 , 立志 做 一 [MASK] 视 钱财 如 粪土 的 屎壳郎 , !",个,个,-0.11647944897413254,"个, 名, 位","-0.1165, -2.2765, -5.2132"
927,"来 乡下 吃 餐饭 , 也 要 带 着 目的 来 的 , 都 是 一 [MASK] 想 巴结 黑暗 的 官僚主义 的 无良 商人 , 也 有 想 寻找 财路 物识 商人 的 父母官 , 官臭 加上 铜臭 的 社会 早 已 猥亵 了 我们 美好 的 理想",伙,些,-0.20938508212566376,"些, 群, 个","-0.2094, -2.6428, -3.2000"
928,各 [MASK] 红包 塞进 口袋 。,种,种,-0.06118803471326828,"种, 类, 个","-0.0612, -3.5080, -4.7984"
929,我 自己 处理 这 [MASK] 事 好 了 。,件,件,-0.19117972254753113,"件, 些, 个","-0.1912, -2.4157, -3.0404"
930,有 没有 哪 一 [MASK] 人 愿意 为了 自己 的 女朋友 而 不 抽烟 呢,个,个,-0.17670772969722748,"个, 种, 类","-0.1767, -1.9745, -4.4053"
931,"新年 注册 [MASK] 微博 , 说说 身边 的 事 。",个,个,-0.3625430166721344,"个, 发, 点","-0.3625, -1.5767, -3.5525"
932,他 在 信 的 末尾处 写道 祝 你 度过 一 [MASK] 愉快 的 晚年 !,个,个,-0.013002822175621986,"个, 段, 次","-0.0130, -4.6839, -7.1460"
933,"此后 罗马 天主教 曾 派出 七 [MASK] 主教 来华 协助 孟德 高 维 诺 传教 , 其中 有 三 人 到达 , 并 开辟 了 泉州 等 主教 区 。",个,位,-0.3132292926311493,"位, 名, 个","-0.3132, -1.3904, -4.2943"
934,以 一 [MASK] 旅行者 在 路 上 的 心态 入眠 !,个,个,-0.6726017594337463,"个, 种, 位","-0.6726, -0.9768, -2.7058"
935,但 我 至少 捡到 了 一 [MASK] 爱 。,份,份,-0.21444138884544373,"份, 点, 种","-0.2144, -2.6937, -3.6839"
936,"早上 五点 起床 , 给 孩子们 化妆 , 给 他们 找 10 [MASK] 楼 考点 , 和 他们 一起 排 长长 的 队 , 和 他们 说 加油 , 看 着 他们 进 考场 , 希望 他们 都 能 考 个好 成绩 。",号,号,-0.17336134612560272,"号, 层, 楼","-0.1734, -1.9967, -5.0817"
937,"早上 搬 行李 , 又 跑到 其他 [MASK] 傻乎乎 说 怎么 开 不 了 门 。",栋,家,-0.660344123840332,"家, 处, 楼","-0.6603, -0.9944, -3.4817"
938,三星路 [MASK] 香酥 鸡咯,次,口,-0.8700411915779114,"口, 线, 面","-0.8700, -2.0761, -2.8609"
939,"远远 望去 , 地点 好像 就 是 旅馆 门口 , 战战兢兢潜 过去 , 原来 是 抓 了 三 [MASK] 墨西哥 偷 车 小 贼 。",个,个,-0.2763920724391937,"个, 名, 只","-0.2764, -1.6559, -4.2202"
940,我 爱 死 这 [MASK] 日志 了,篇,篇,-0.5143001079559326,"篇, 个, 条","-0.5143, -1.2306, -3.0616"
941,很 讨厌 有些 人 半夜 三 [MASK] 烧 炮长 !,间,点,-0.3214595317840576,"点, 次, 餐","-0.3215, -2.6661, -2.6738"
942,7 两 [MASK] B 型 血 的 人生 出 的 孩子 是 2 B 的 吧 ?,个,个,-0.12642410397529602,"个, 种, 位","-0.1264, -3.0215, -3.8418"
943,我 是 [MASK] 保守 的 人 。,个,个,-0.007764664012938738,"个, 位, 些","-0.0078, -5.7893, -6.2046"
944,除夕 最 大 愿望 就 是 一 亲戚 给 我 一 [MASK] 薄薄 的 红包 对 我 说 钱 太 多 了 装 不 进去 里面 有 张卡密码 是 你 生日 自己 去取 哈哈 有 同 感同 鞋 的 转发,个,个,-0.11454294621944427,"个, 张, 块","-0.1145, -2.6434, -4.9469"
945,"过 了 起飞 时间 还 有 十二 [MASK] 人 没有 登机 , 争分夺秒 的 春运 啊 , 伤 不 起",个,个,-0.0510452575981617,"个, 号, 点","-0.0510, -4.1771, -5.4542"
946,"终于 到家 了 , 还是 家 里 好 啊 , 虽然 没 暖气 可 是 杭州 的 那 [MASK] 暖和 多 了 !",间,个,-0.7524261474609375,"个, 种, 样","-0.7524, -1.8353, -2.1770"
947,"我 讨厌 别人 跟 我 说 呵呵 , 讨厌 别人 跟 我 说 对 不 起 , 如果 是 这 两 [MASK] 词 , 我 宁愿 你别 跟 我 说话 , 我 用 不 着",个,个,-0.0023230453953146935,"个, 种, 句","-0.0023, -7.1820, -7.8504"
948,等 一 [MASK] 晴天,个,个,-0.24953921139240265,"个, 下, 次","-0.2495, -2.1837, -2.8726"
949,刚 在 南京 见 了 一 [MASK] 粉色 哑光 奔驰 真 骚包,个,个,-1.047115683555603,"个, 辆, 件","-1.0471, -1.8073, -2.5409"
950,发表 了 博文 完美 婚恋 关系 的 三 [MASK] 标准 !,个,个,-0.36867931485176086,"个, 种, 条","-0.3687, -2.2298, -2.3559"
951,"我 刚刚 通过 下载 了 安信 证券 宏观 研究 2012 年 1 月 产能 周期 理论 概述 之 二一 [MASK] 基于 国际 收支 变化 的 分析 框架 pdf , 推荐 给 大家 !",个,个,-0.5546522736549377,"个, 套, 种","-0.5547, -1.8663, -3.2940"
952,上传 了 1 [MASK] 照片 到 相册 animation,张,张,-0.017087606713175774,"张, 个, 幅","-0.0171, -5.0442, -5.8786"
953,"她 不必 问 寒 道 暖 , 光是 那 一 [MASK] 微微的 笑容 就 把 就餐 者 浑身 的 疲惫 、 枯燥 的 心田 熨 得 平展展 的 。",缕,个,-0.17130178213119507,"个, 丝, 张","-0.1713, -3.1663, -3.8568"
954,"万 能 的 微博君 , 赏 我 [MASK] 结局 呗",个,个,-0.10773396492004395,"个, 下, 点","-0.1077, -3.3094, -3.7588"
955,比 一 [MASK] 还 堵 。,环,路,-1.5888646841049194,"路, 般, 次","-1.5889, -1.6812, -2.3946"
956,每 天 看 几百 [MASK] 厚 的 书 而且 还 有 密密麻麻 的 理论 公式 和 定理 记人 名都 怪难 的 什么 凯恩斯 恩格尔 云云 你们 好好 在 西方 做 研究 为何 还 来 毒害 我们 ?,页,页,-0.14445337653160095,"页, 本, 册","-0.1445, -2.6110, -3.6687"
957,跟萌 妹子 一 下午 连刷 了 两 [MASK] 几么 圆满 哈 皮,遍,个,-1.1699610948562622,"个, 次, 张","-1.1700, -1.6168, -2.2770"
958,"换 了 两 [MASK] 地铁 , 都 坐 过 站 。",趟,次,-0.5327382683753967,"次, 趟, 个","-0.5327, -1.6215, -2.3728"
959,"生日 快乐 啊 甘 多 年 啦 , 中 记得 第一 [MASK] 参加 你 生日 party 间 麦当劳 衣家 都 已经 拆 左咯 , 不过 我 地 之间点 都 系 吾 变嘎 , 今日 同 吾 到 你 庆祝 啦 , 不过 你 今日 同 以后 都 要 开开 心心",次,次,-0.018453119322657585,"次, 个, 届","-0.0185, -4.7369, -6.2662"
960,大家 快 D 来海珠 花市 C132 档 之前 有条 微 薄 话 转 左 有 奖品 原来 系真噶 我 抽 中 左 [MASK] HelloKitty 大家 快 D 来 啊,个,个,-0.7396076917648315,"个, 架, 次","-0.7396, -3.1074, -3.3678"
961,"饿 的 失眠 , 好 想 [MASK] 火锅 。",次,点,-0.33282747864723206,"点, 下, 回","-0.3328, -2.4332, -3.4108"
962,"小 年 来 了 以前 过 小 年 的 时候 , 要 往 灶 门 上 涂 红糖 , 现在 终于 知道 这 是 为什么 了 据说 这 一 天 , 灶王爷 都 要 上天 向 玉皇大帝 报告 这 一 [MASK] 人 的 善恶 , 让 玉皇大帝 赏 罚 。",家,家,-0.3401595652103424,"家, 代, 个","-0.3402, -1.7903, -3.5219"
963,首 [MASK] 张宗昌 大骂 读书人 是 狗屁,发,席,-0.7417572140693665,"席, 次, 批","-0.7418, -2.3037, -2.3442"
964,今晚 开车 那 [MASK] 很 怀念 很 怀念 的 感觉,段,种,-0.2382121980190277,"种, 个, 段","-0.2382, -2.6239, -3.0435"
965,"如果 天气 不 好 , 就 在 家 泡 [MASK] 茶 , 看看 书 , 听听 歌 。",壶,杯,-0.4763358235359192,"杯, 个, 壶","-0.4763, -1.8496, -2.0220"
966,女人 一定 要 找 [MASK] 会 欣赏 自己 的 男人 !,个,个,-0.004983843304216862,"个, 些, 对","-0.0050, -6.4320, -7.1348"
967,"受 苹果 公司 的 iPod 和 iPhone 等 一 [MASK] 产品 的 影响 , 以 英文 字母 i 开头 俨然 已经",系列,些,-0.19740143418312073,"些, 类, 批","-0.1974, -2.4826, -3.1427"
968,生命 不 是 一 [MASK] dota 。,局,场,-0.10589341819286346,"场, 个, 部","-0.1059, -3.5040, -4.3008"
969,我 家 的 沙滩 变得 一点 也 不 漂亮 了 不 喜欢 了 像 [MASK] 垃圾堆 一样,个,个,-0.024857375770807266,"个, 堆, 座","-0.0249, -4.0959, -5.8081"
970,"向 我 弟弟 请教 英语 , 还 帮取 我 了 一 [MASK] 英文 名 。",个,个,-0.011639661155641079,"个, 下, 些","-0.0116, -5.5827, -6.1225"
971,http t cn h4QJCa 我 用 魔幻 古筝 演奏 了 一 [MASK] 动听 的 梅花 三 弄 。,曲,曲,-0.7005699276924133,"曲, 首, 段","-0.7006, -1.2847, -1.7812"
972,世界 上 的 另 一 [MASK] 我 心理氧 吧 心理网,个,个,-0.08245263993740082,"个, 种, 面","-0.0825, -3.3116, -4.3331"
973,"一 [MASK] 好 鞋 不 要 在乎 外观 是 不 是 好看 精致 , 穿 的 是否 合脚 只有 自己 知道 。",双,双,-0.047493305057287216,"双, 只, 款","-0.0475, -4.1974, -4.4594"
974,是 这 [MASK] 话,句,句,-0.1793038249015808,"句, 个, 些","-0.1793, -3.1385, -3.3074"
975,大早 上 打 电话 说 少 给 他 一 [MASK] 运费 !,笔,点,-0.3133438527584076,"点, 些, 个","-0.3133, -2.2198, -2.9304"
976,收 了 [MASK] 红包 嘎嘎,个,个,-0.13068634271621704,"个, 张, 点","-0.1307, -3.3449, -3.7528"
977,"肤色 黝黑 的 空少 一 [MASK] 短 打扮 , 开始 兜售 酒水 饮料 方便面啥 的 。",身,身,-0.05483739823102951,"身, 个, 副","-0.0548, -3.7463, -5.0953"
978,"朋友 都 回去 了 , 只 剩下 我 一 [MASK] 人 了 , 唉 !",个,家,-0.47788524627685547,"家, 个, 些","-0.4779, -1.3919, -3.1363"
979,你们 快 去 看 我 人人 分享 的 那 [MASK] 文章 !,篇,篇,-0.0926467701792717,"篇, 些, 个","-0.0926, -3.2509, -3.3077"
980,今晚 葛个 婚礼 真系 好 浪漫 啊 好 温馨仲 好 感动 啊 搞到 d 观众 都 泪 汪汪 甘 呢 [MASK] 婚礼 够 晒 豪华咯 羡慕 不 来,个,个,-0.1526964157819748,"个, 架, 位","-0.1527, -3.3211, -4.5944"
981,"只 是 突然 极 心疼 在 这 一 行 工作 了 那么 久 的 爸爸 , 等 休息 了 一定 要 买 [MASK] 最 好 的 护手霜 给 他 。",个,个,-0.9633548259735107,"个, 些, 点","-0.9634, -2.0220, -2.3235"
982,拐弯 是 前进 的 一 [MASK] 方式,种,种,-0.01935325749218464,"种, 个, 般","-0.0194, -4.0722, -6.9309"
983,晚上 不 上 婆度 食 饭利 是 少 了 几十 元 妈 稳 借口 话利 是 掉 了 婆话 距 发 钱 行 特别扭 鸡 哈哈妈 去 打 麻雀 [MASK] 人 比利 是 又 无比 翻 我,滴,家,-1.2452349662780762,"家, 把, 对","-1.2452, -2.1526, -2.1896"
984,"让 人 感觉 末日 之 桥 , 带来 [MASK] 希望 。",丝,点,-1.1798988580703735,"点, 些, 个","-1.1799, -1.7527, -2.3409"
985,Lucy 张芯晨 又 完成 了 一 [MASK] 市民 的 心愿 。,个,个,-0.38437074422836304,"个, 位, 名","-0.3844, -1.8457, -3.2740"
986,"在 必胜客 吃 披萨 , 讨 [MASK] 好 彩头",个,个,-0.049437373876571655,"个, 点, 回","-0.0494, -4.1572, -4.5253"
987,"三 [MASK] 要 记住 吃一堑 长一智 , 经 一 事 长 一 能 , 交 一 友 结 一 缘 。",个,个,-1.328425407409668,"个, 句, 分","-1.3284, -2.0273, -2.7518"
988,好 大 几 [MASK] 酒 哦,缸,杯,-1.0427172183990479,"杯, 瓶, 个","-1.0427, -1.3631, -2.5170"
989,估估 [MASK] G 糸画 上去 定纹 上去 既 ?,个,把,-0.7324672341346741,"把, 个, 点","-0.7325, -2.7274, -3.3511"
990,"倾城 之 泪 全 家 福将 曝光 明星 客串 齐贺 岁 一 [MASK] 寒流 让 国内 普遍 降温 , 而 北方 大部 地区 也 频现 冬日 雪景 。",股,场,-0.3228110373020172,"场, 股, 波","-0.3228, -2.5093, -2.5323"
991,"撑死 了 , 到底 有 几 [MASK] 菜 都 忘记 了 , 晚饭 不 吃 了 。",道,道,-0.8260326385498047,"道, 样, 个","-0.8260, -1.2247, -1.8841"
992,妈 的 跑 了 半 [MASK] 小时 现在 腿 还 疼,个,个,-5.185738700674847e-05,"个, 把, 点","-0.0001, -11.2538, -12.2672"
993,"一会儿 有 他 最 爱 的 飞机 餐 , 还 能 把 我 那 [MASK] 也 吃 了 , 能 不 激动 不 ?",份,个,-0.7853986620903015,"个, 些, 餐","-0.7854, -2.0542, -2.1964"
994,"并 拍 下下面 一 [MASK] 照片 , 说 真的 我 看后 流泪 了 !",组,张,-0.37436309456825256,"张, 组, 些","-0.3744, -1.5012, -2.9669"
995,而 我 又 怎 能 忘 了 你们 亲爱 [MASK] 嫂子们 挑 个 吧 等 我 回去 领走 !,滴,滴,-1.3935753107070923,"滴, 个, 家","-1.3936, -2.2905, -2.8509"
996,"但 看看 这个 插座 , 再 原有 的 基础 上 再 加上 了 2 [MASK] USB 接口 , 充电 不 仅仅 靠 电脑 的 USB 接口 了 。",个,个,-0.0742187350988388,"个, 条, 根","-0.0742, -4.0407, -4.4360"
997,除了 玩游戏 还 能 干 [MASK] 别 的 不 。,点,点,-0.052777811884880066,"点, 些, 个","-0.0528, -3.0626, -6.2079"
998,一 [MASK] 罗汉 坐 在 大堂 咖啡厅 茶 喝喝,群,个,-1.5012129545211792,"个, 群, 位","-1.5012, -1.5188, -1.7205"
999,"吃 了 一 [MASK] 麻酱 凉皮 , 那 滋味 比 想象 的 差远 了 。",碗,碗,-1.4106942415237427,"碗, 口, 顿","-1.4107, -1.4365, -2.0484"
1000,"专家 认为 当前 的 市场 状况 , 与其 说 是 豪华车 的 盛宴 , 不如 说 更 像 一 [MASK] 品牌 的 狂欢 。",场,个,-0.4491451382637024,"个, 场, 种","-0.4491, -1.5087, -2.8174"
1001,要 想 照顾 每 [MASK] 人 的 感受 。,个,个,-0.0006751908804289997,"个, 种, 位","-0.0007, -8.7480, -8.8152"
1002,"那 我 就 给 [MASK] 机会 你 了解呗 , 反正 , 我 是 要 追到 你 的 。",个,个,-0.06158142164349556,"个, 点, 些","-0.0616, -3.1334, -4.3766"
1003,"跑到 荥经 买 了 [MASK] 小 砂锅 , 顺便 吃 了 传说 中 好吃 到 爆 的 凉粉 , 小米辣 伴 着 凉粉 入口 , 确实 很 爽正宗 的 哒哒面 和 棒棒 鸡 都 因 过 年 关门 没 吃 成 雅西 高速 到 荥经 就 封闭 了 据说 3 月 才 正式 通车",个,个,-0.19827723503112793,"个, 碗, 份","-0.1983, -2.9090, -3.4499"
1004,"你 说 你 一 [MASK] 月 给 我 打 了 多少 电话 , 你 的 话费 就 多少 可是 从今以后 你 的 手机 再 也 不 会 有 拨 出去 的 号码 , 我 的 手机 再 也 不 会 有 你 的 已 接来 电",个,个,-0.00044898336636833847,"个, 次, 分","-0.0004, -9.1240, -9.5494"
1005,"一 [MASK] 眼神 足以 表达 一切 , 还是 你们 豆豆 懂 你 啊 !",个,个,-0.07158442586660385,"个, 双, 张","-0.0716, -3.5438, -4.1375"
1006,"艾丽 公主 奥兰 [MASK] 毛呢 大衣 2011 新 款 冬装 外套 风衣 女装 服饰 22800 元 热销 中 , 别 错过 哦",朵,朵,-0.6570507884025574,"朵, 发, 匹","-0.6571, -2.3402, -2.4607"
1007,"我 参与 了 发起 的 投票 2011 年 360 公司 我 最 喜欢 的 年会 节目 微 评选 , 我 投给 了 2360 军情 解密 这 1 [MASK] 选项 。",个,个,-0.005898912437260151,"个, 项, 组","-0.0059, -6.7057, -7.0212"
1008,却 又 开始 惴惴不安 的 怕 被 谁 截去 一 [MASK] 天荒地老 。,个,个,-0.6064628958702087,"个, 样, 次","-0.6065, -2.5166, -3.1708"
1009,"都 射 了 6 [MASK] 了 , 这个 女 的 还 要 http t cn z0gw3vv 我 的 娜塔莎 爱情 公寓 Hello 小姐 大卫王 与 贵妃 军情 解码 天天 向上 杀 虎口 客服 很 忙 假如 爱 有 天意 乌托邦 办公室 狐步 谍影 禁止 的 游戏 历史 的 进程兔 宝宝 超级 巨星 青 木瓜 之 味 戒烟 不 戒酒",次,次,-0.16628071665763855,"次, 个, 点","-0.1663, -2.9701, -3.9088"
1010,扫盲 [MASK] 2011 之 微博 十 大 热门 段子,帖,行,-2.4368553161621094,"行, 节, 通","-2.4369, -2.4542, -2.8472"
1011,20111223 一 生 一 [MASK] 合家欢 之 东 成西 就 2012 陈翔 比武 招亲 摄 by 土土 分享 自,世,世,-0.10758739709854126,"世, 次, 对","-0.1076, -2.3363, -6.2672"
1012,我 不 想 三 四 [MASK] 月 都 无 球 可 打 。,个,个,-0.00011695115244947374,"个, 把, 季","-0.0001, -10.1910, -11.5140"
1013,"雪域 天晴郎 , 腊梅 处处 香 , 吃 完 烤鱼 , 买 [MASK] 腊梅 回家 去",束,个,-1.0314819812774658,"个, 点, 些","-1.0315, -1.1880, -2.6984"
1014,又 是 一 [MASK] 下雨天,个,个,-0.1320725828409195,"个, 场, 次","-0.1321, -2.8829, -3.5447"
1015,半夜拉 肚 纸 真 不 是 [MASK] 好 事 接着 睡 了,件,件,-0.01898135617375374,"件, 个, 种","-0.0190, -4.0711, -7.5384"
1016,这 2 天 每 天 做 梦 都 在 锻炼 麻痹 昨天 梦到 和 沃伦 一 [MASK] 练手 臂 难道 真 是 我 太 寂寞 了,起,起,-0.024069922044873238,"起, 样, 块","-0.0241, -4.2072, -5.0572"
1017,终於 都 解放 了 呢 妈咪 你 快 [MASK] 来呀,滴,回,-0.5287981033325195,"回, 起, 点","-0.5288, -1.2169, -2.8569"
1018,漂亮 女 老师 惨遭 凌辱 http t cn z0gzl3B 小鹿斑比 万 有 引力 画壁 单身 女王 英雄 梦幻曲 七十二 [MASK] 租客 粤语 版 铁石心肠 我 的 野蛮 女友 2 夜 店 告密者 新 电影 传奇 特工 008 拆弹 部队 武林 外传 香奈儿 的 秘密 情史 恋人 絮语 老马家 的 幸福 往事 花木兰 铁面 歌女,家,号,-0.6476998329162598,"号, 楼, 个","-0.6477, -1.6517, -2.0219"
1019,"送 一 大 [MASK] 白 玫瑰 虽然 浪漫 , 但 让 我 觉得 有点 奢侈 啊 !",束,束,-1.20644211769104,"束, 朵, 把","-1.2064, -1.2665, -2.3424"
1020,"读书 时 , 以前 那 [MASK] 中午 午睡 晚上 早睡 早上 六点半 到 校 的 我 到 之后 每 天 早上 七 点 起来 经常 差点 迟到 的 我 。",个,个,-0.6852330565452576,"个, 种, 些","-0.6852, -0.8550, -3.6837"
1021,"几 [MASK] 知道 女儿 爱 自己 的话 , 爸爸 抱 着 我 , 他 哭 我 哭 妈妈 哭 小姨 哭 。",句,次,-0.2557189464569092,"次, 个, 点","-0.2557, -2.8713, -3.1811"
1022,天翼 快讯 1 铁道部 启动 新 一 [MASK] 客票 系统 规划 及 设计 。,代,代,-0.1588456630706787,"代, 轮, 波","-0.1588, -2.0347, -5.0335"
1023,"这个 新年 似乎 还 没 玩够 睡够 就 匆匆 要 打包 行李 了 , 带 着 一 [MASK] 的 不舍",肚子,脸,-1.003711223602295,"脸, 丝, 点","-1.0037, -1.2837, -2.0629"
1024,限制级 为 4 [MASK] 的 大片 http t cn z0eom40 盘 龙 卧虎 高 山顶 暗香 内线 上 错 花轿 嫁对郎 小兵 张嘎 鲜花 朵朵 女 神捕 聚宝盆 还 珠 格格 2 欢喜 婆婆俏 媳妇 沧海 蜗居 浙版 西游记 永 不 瞑目 铁 梨花 大 境门 说好 不 分手 杨光 的 快乐 生活 3 命运 兵峰 聊斋 3 黑 冰,级,级,-0.17517828941345215,"级, 位, 楼","-0.1752, -3.1646, -3.2549"
1025,社会 逼迫 我 要 带 一 [MASK] 面具 天使 香烟,层,副,-0.6651102304458618,"副, 个, 件","-0.6651, -1.1818, -3.9256"
1026,"不 难 发现 , 我 每 [MASK] 博文 包括 转发 都 是 有 目的 的 。",篇,篇,-0.17329557240009308,"篇, 次, 个","-0.1733, -2.7099, -3.2333"
1027,"生命 是 一 [MASK] 过程 , 可悲 的 是 它 不 能 重来 , 可喜 的 是 它 不 需要 重来 。",个,个,-0.09741562604904175,"个, 种, 段","-0.0974, -2.8192, -4.2466"
1028,接 下来 发 一 [MASK] 80 年代 徐家汇 的 照片,组,张,-0.5336282849311829,"张, 组, 些","-0.5336, -1.7414, -1.9639"
1029,"新年 到来 , 我 也 结束 了 一 [MASK] 感情 , 希望 新 的 一 年 有 新 懈逅",段,段,-0.13980461657047272,"段, 些, 份","-0.1398, -2.5453, -3.5384"
1030,"山西 静乐 县委 书记 因 女儿 吃空饷 5 年 被 免职 太原 1 月 15 日 电 因 父亲 是 地方 官员 , 竟 让 读书 的 女儿 吃 财政 空饷 长 达 5 年 , 1 月 15 日 , 这 [MASK] 身为 县委 书记 的 父亲 因此 被 免职 。",位,位,-0.048861321061849594,"位, 名, 个","-0.0489, -3.4353, -4.2176"
1031,"分享 我 的 POCO 作品 福布斯 寰球 价码 最高 10 [MASK] 名模 , 快来 看 呀",位,位,-0.357342004776001,"位, 名, 个","-0.3573, -2.0614, -2.5219"
1032,"就算 这 牌子 没 怎么 见 过 , 看 这 [MASK] nokia , 国内 要 卖 800 人民币 左右 。",款,个,-0.7172749638557434,"个, 款, 台","-0.7173, -1.6959, -2.9361"
1033,"纵使 你 有 千 [MASK] 的 苦 , 那 有 能 表明 你 有 多 在乎 ?",番,般,-1.3979430198669434,"般, 世, 次","-1.3979, -1.9053, -2.6520"
1034,"宁 士高 跳 过 警卫 的 尸体 大 叫 道 , 这时 前面 传来 三 [MASK] 枪 响 。",声,声,-0.009056205861270428,"声, 个, 道","-0.0091, -5.6968, -6.0813"
1035,睡 了 五 [MASK] 小时 又 爬 起来 了,个,个,-0.00025722713326103985,"个, 点, 分","-0.0003, -9.8380, -10.2926"
1036,昨天 做 了 [MASK] 梦梦 到 我 放弃 了,个,个,-0.018792573362588882,"个, 些, 点","-0.0188, -5.4777, -5.5136"
1037,"周末 就 是 福利哇 , 难得 我 又 睡 了 [MASK] 好 觉 , 虽然 内心 的 矛盾 并 未 消散 , 但 我 真 的 真的 快乐 轻松 了 不少 。",个,个,-0.0037166913971304893,"个, 次, 张","-0.0037, -7.0635, -7.4366"
1038,你 舍得 起身 未 打佐 6 [MASK] 电话俾 你 啦,个,个,-0.3331071436405182,"个, 通, 次","-0.3331, -2.1543, -2.9886"
1039,"十九 [MASK] 的 孩纸 今天 你们 英语 课 怎样 啊 因为 生病 关机 了 , 碰巧 英语 老师 有 事 回家 , 她 的 交待 短信 我 木 有 收到 , 啊 希望 课 过 得 还 可以 吧 对 不 起 了",班,班,-0.662725031375885,"班, 级, 点","-0.6627, -1.6522, -2.2212"
1040,"2012 年 春节 期间 , 我 来到 了 一 [MASK] 山里 乡村 2012127 乡村 生活 体验 中 !",个,个,-0.2654617428779602,"个, 处, 座","-0.2655, -2.9641, -3.0353"
1041,"送 祝福 喜 迎 新春 转发 得 小 米 F [MASK] 祝福 所有 米粉 龙年 大吉 学业 节节 高升 , 爱情 甜甜蜜蜜 , 事业 顺顺 利利 , 家庭 美美 满满",码,发,-2.13789963722229,"发, 粒, 帖","-2.1379, -2.6168, -2.9102"
1042,真 是 一 [MASK] 有 阳光 的 温暖 假日 !,个,个,-0.023288212716579437,"个, 次, 段","-0.0233, -4.9085, -5.1579"
1043,"如果 电影 都 需要 有 一 [MASK] 主题 的话 , 金陵 十三钗 的 主题 必须 是 救赎 。",个,个,-0.03860389441251755,"个, 些, 种","-0.0386, -3.8167, -4.6870"
1044,"我 参与 了 发起 的 投票 乐排网 TOP 看 音乐 第 27 期 , 我 投给 了 陈楚生 爱情 是否 依然 这 1 [MASK] 选项 。",个,个,-0.010970165953040123,"个, 项, 条","-0.0110, -5.8744, -6.4069"
1045,"打扫 卫生 洗衣 做饭 虽然 累 , 可 这 [MASK] 家 的 感觉 好 幸福 !",种,个,-0.46492117643356323,"个, 样, 回","-0.4649, -1.8091, -2.1506"
1046,粤语 歌 真 难学 虽然 好听 但 这 到底 是 哪 [MASK] 发明 的 语种 我 学得 快 疯 了 !,个,个,-0.51814866065979,"个, 种, 位","-0.5181, -2.0815, -2.1631"
1047,"经过 13 [MASK] 小时 的 奔波 , 终于 到 我 家 的 小 县城 了",个,个,-0.00043872679816558957,"个, 点, 块","-0.0004, -9.2788, -9.6630"
1048,"撑 麦王 争霸 , 下 [MASK] 我 要 参加",次,次,-0.5625908374786377,"次, 面, 场","-0.5626, -1.9043, -2.6836"
1049,两 [MASK] 小孩 在 洗澡 挨 我 偷拍 一直 喊 冷,个,个,-0.026223327964544296,"个, 位, 名","-0.0262, -4.7361, -5.0659"
1050,"小 朋友们 玩 的 也 欢乐 , 代币 是 一 人 二十 [MASK] 瓜子",个,个,-0.5637626647949219,"个, 颗, 块","-0.5638, -2.0693, -2.2543"
1051,公司 吃 团圆饭 抽 中 三 [MASK] 奖 !,等,等,-0.0063815051689744,"等, 个, 次","-0.0064, -6.9198, -7.0598"
1052,"一 生 中 的 7 [MASK] 点 1 应当 多 一点 善心 , 少 一点 心眼 。",个,个,-0.07228565216064453,"个, 点, 条","-0.0723, -3.4910, -4.5626"
1053,有 时候 自己 就 会 想 这样 的 生活 什么 时候 才 是 [MASK] 头 啊 ?,个,回,-1.4057226181030273,"回, 顶, 码","-1.4057, -1.9870, -2.1198"
1054,"酷毙 了 视觉 系 米拉乔沃维奇 , 虽然 你 经常 演 生化 危机 , 拍 [MASK] 法国 名酒 广告 也 不 必 搞 得 这么 The End Of The World 吧 , 闪电 龙卷风 海啸 地震 冰风暴 , 整 得 跟 代言 2012 似 的 高清 组图",个,个,-0.6091486811637878,"个, 些, 点","-0.6091, -1.3781, -3.0475"
1055,"你 地 T 几 乱 , 多谢 感夜仲系街 打包 比 我 [MASK] 朋友",个,个,-1.4296401739120483,"个, 帮, 发","-1.4296, -2.5509, -2.6840"
1056,"明天 是 老爸 生日 , 因为 亲友 太 多 , 我们 决定 去 餐馆 订餐 , 并且 多 点 [MASK] 素菜 , 帮 亲友们 解解 油腻 , 亲友们 都 赞成 这个 提议 , 说 真的 吃 不 动 大",些,点,-0.2944718599319458,"点, 些, 个","-0.2945, -1.4177, -5.2014"
1057,"谢谢 今天 姐夫哥 为 我 唱 的 那 [MASK] 歌 , 听 的 很 心酸 , 爱 你们 ,",首,首,-0.03190769627690315,"首, 些, 段","-0.0319, -3.7324, -6.1955"
1058,"热 热 的 糯米 园子 出锅 了 , 我 和 妈咪 第一 [MASK] 杰作 !",次,个,-0.2650948762893677,"个, 件, 次","-0.2651, -2.9139, -2.9483"
1059,"人生 感悟 与 朋友 闲聊 , 他 说 很 想 抽点 时间 多 读 [MASK] 书 , 以 充实 自己 。",点,点,-0.3170875310897827,"点, 些, 本","-0.3171, -1.3092, -6.8303"
1060,"iphone4s 就 这个 [MASK] 为什么 那么 令 人 疯狂 , 求 解释",样,样,-1.4822943210601807,"样, 点, 名","-1.4823, -2.2105, -2.5113"
1061,天啊 我们 四 [MASK] 吃 了 多少 啦 撑死 啦,个,个,-0.1950649619102478,"个, 口, 位","-0.1951, -2.5003, -3.3376"
1062,"还 有 几 [MASK] 小时 我 就 会 回到 你 身边 , 等 着 我",个,个,-0.0013787710340693593,"个, 分, 点","-0.0014, -7.1523, -9.4696"
1063,"大年 初一 , 老天爷 给 了 大家 好 天气 , 出 了 大 太阳 , 阳光明媚 今年 会 是 [MASK] 好 兆头 噢",个,个,-0.0019393282709643245,"个, 件, 些","-0.0019, -8.0570, -8.1254"
1064,"亚 只 有 沉溺 工作 , 不 让 自己 有 一 [MASK] 喘息 的 机会 想起 远 。",丝,个,-0.29712143540382385,"个, 次, 点","-0.2971, -1.7912, -3.3061"
1065,被 两 [MASK] 男人 的 基情 刷屏 了 !,个,个,-0.024997252970933914,"个, 位, 名","-0.0250, -3.9428, -6.3336"
1066,"所谓 光鲜 的 时尚 产业 , 其 生产 过程 是 劳苦 和 一 [MASK] 不 苟 的 。",丝,丝,-1.9073504518019035e-06,"丝, 点, 个","-0.0000, -13.8213, -14.9990"
1067,"我 真 的 , 好 想 再 用 那 [MASK] HP 同 人 的 调调 写 SS , 呵呵 呵呵 呵呵",个,种,-0.33930546045303345,"种, 个, 样","-0.3393, -1.9936, -2.5885"
1068,传闻 一 [MASK] 赣南 机械厂 的 退休 老 工人 把 尸体 的 乳房 和 阴部 割 下 带 回家 。,名,位,-0.731266975402832,"位, 名, 个","-0.7313, -1.3812, -1.4271"
1069,为什么 费翔 不 唱 冬天 一 [MASK] 火 天 干 物燥 小心 火烛 连 春晚 都 迷信 了,把,点,-1.1594024896621704,"点, 把, 个","-1.1594, -2.4834, -2.4857"
1070,只 是 她 需要 碰上 一 [MASK] 懂事 的 男人 。,个,个,-0.047446366399526596,"个, 位, 些","-0.0474, -3.4494, -5.0146"
1071,清純 妹妹 脱衣 苍天 有 泪 双面 女友 喜羊羊 与 灰 太 狼 之 给 快乐 加油 爱 到底 安娜卡列尼娜 一 [MASK] 把 你 打到 菜市口 乞者 胆小鬼 疯狂 的 石头 大 汉 天子 单身汉 与 时髦 女郎 闯荡 赤焰 战场 喋血 北平 大 路 之 歌 番茄 姐弟 武林 风 白色 情人节,拳,路,-1.425236701965332,"路, 个, 拳","-1.4252, -1.5664, -2.1176"
1072,早点 休息 明天 初一 新 的 一 年 希望 你 有 一 [MASK] 新 的 开始,个,个,-0.05416277050971985,"个, 份, 次","-0.0542, -4.0640, -4.4087"
1073,"希望 有 个人 , 在 我 嘴里 说 没事 的 时候 , 看出 我 不 是 真的 没事 有 [MASK] 人 , 在 我 强颜欢笑 的 时候 , 知道 我 不 是 真的 开心",个,个,-0.1328926384449005,"个, 些, 种","-0.1329, -2.1304, -5.6903"
1074,30 [MASK] 小时 。,个,个,-0.004328784998506308,"个, 分, 块","-0.0043, -7.0311, -7.5857"
1075,一 [MASK] 葡萄酒 却 勾 不 起 一点 睡意,瓶,杯,-0.44042304158210754,"杯, 瓶, 口","-0.4404, -1.6537, -3.7928"
1076,"本来 今天 是 不 怎么 开心 的 刚好 碰到 个人 以为 他 可以 下午 陪 我 聊聊天 的 , 谁 知道 那 [MASK] 家伙 居然 闹 失踪",个,个,-0.060292571783065796,"个, 帮, 些","-0.0603, -3.9201, -4.4527"
1077,"谢谢 制作 这 [MASK] 小片 的 亲 , 因为 太 喜欢 所以 转 了 , 想 让 更 多 的 粉看到 。",部,个,-0.3213081359863281,"个, 部, 篇","-0.3213, -2.0826, -3.4249"
1078,"不 一定 过 着 优雅 豪华 的 生活 , 我 愿意 在 平凡 的 生活 中 寻求 那 [MASK] 淡然 !",份,份,-0.030980393290519714,"份, 种, 些","-0.0310, -3.5821, -6.6463"
1079,"爸 邀 我 和 妈 打牌 , 只 到 现在 结束 , 他 就 没 给 我们 几 [MASK] 做庄 的 机会 。",次,次,-0.7321915626525879,"次, 个, 场","-0.7322, -0.7349, -4.8590"
1080,"沈思 博转山 转 水 转 过 庄凝 这 [MASK] 佛塔 , 只 为 遇见 谢端 , 情 若 锦瑟无端 , 长 不过 执念 , 短 不过 善变 , 走完 执念 , 庄凝 的 尽头 便 是 齐 享错 过 你 为 遇见 谁",座,座,-0.041584502905607224,"座, 个, 片","-0.0416, -4.1203, -5.0039"
1081,我 还 是 [MASK] 男人 吗 ?,个,个,-0.00541337626054883,"个, 种, 点","-0.0054, -6.7313, -7.0207"
1082,喝喝喝哈搓搓 的 你 是 不 是 [MASK] 缺 心 眼 哦,个,个,-1.210351586341858,"个, 脸, 点","-1.2104, -2.3952, -2.5395"
1083,我 的 世界 跟 你们 不 在 一 [MASK] 平行线 上 没有 任何 交集,个,条,-0.11819342523813248,"条, 个, 道","-0.1182, -2.4928, -4.6302"
1084,"今天 跟 老妈 两 [MASK] 人 在 家 , 所以 做 了 牛肉饭 。",个,个,-0.003807452507317066,"个, 家, 口","-0.0038, -6.2046, -6.5254"
1085,"怪 之 得 锦 头晕 啦 , 原来 我 训左 三 [MASK] 钟 有 多 了",个,分,-0.10764016956090927,"分, 个, 点","-0.1076, -3.0210, -3.1586"
1086,阿婆 屋 企 多 左 一 [MASK] 传销 佬有 距 讲 无 人 讲 啊,个,位,-0.8875482678413391,"位, 个, 名","-0.8875, -1.2656, -2.4661"
1087,"得 拉 , 先 是 年 前 一 [MASK] 星期 电脑 坏 , 离 过 年 两 天 摩托车 坏 , 现在 电视 又 坏 , 你 到底 想 我 怎么样咯 ?",个,个,-0.00023099467216525227,"个, 下, 颗","-0.0002, -9.3594, -10.0825"
1088,到达 土耳其 给 我 第一 印象 一 [MASK] 现代 欧洲化 的 城市 比 我 想 得 强 多 了,座,个,-0.15621358156204224,"个, 座, 下","-0.1562, -2.6169, -4.2571"
1089,"大过 年 的 , 让 我 在 机场 看见 范伟 了 , 哈哈 , 他 不 上 春晚 也 来 多伦多 过年 啊 还 跟 老爹 一 [MASK] 飞来",趟,起,-0.3321022391319275,"起, 样, 块","-0.3321, -1.5453, -3.4934"
1090,"我们 要 好好 生活 因为 世界 上 只有 一 [MASK] 你 所以 别 亏待 自己 , 没有 人 能 控制 你 的 情绪 只有 你 自己 , 开心 就 笑 不 开心 就 叫 。",个,个,-0.0028959084302186966,"个, 只, 种","-0.0029, -6.7677, -7.8150"
1091,"担心 一 [MASK] 人 , 担心 她 是否 安好 , 担心 她 是否 心情 好 了 , 担心 她 是否 还 会 害怕 , 担心 她 是否 已经 深入 睡眠 , 担心 她 是否 已 忘 却 不 快 , 妞 , 开心 起来 , 肥 才 开心 。",个,个,-0.011645450256764889,"个, 家, 些","-0.0116, -4.9142, -5.9601"
1092,上传 了 2 [MASK] 照片 到 相册 乓乓 乒乒,张,张,-0.009949605911970139,"张, 个, 幅","-0.0099, -5.3404, -5.6922"
1093,这 [MASK] 这个 我 要 Keep Keep !,次,个,-0.003902350552380085,"个, 样, 张","-0.0039, -7.5881, -7.8247"
1094,"记者 想 , 有 4 [MASK] 词 可以 勾勒 出 他们 的 面庞 刻画 出 他们 的 心灵 , 那 就 是 忠诚 奉献 深情 和 追求 。",个,个,-0.04618695378303528,"个, 首, 句","-0.0462, -4.1923, -4.7805"
1095,"这个 时候 , 我 睡 [MASK] 午觉 吧",个,个,-0.06993866711854935,"个, 起, 下","-0.0699, -3.4500, -4.0096"
1096,108 [MASK] 玫瑰 。,朵,朵,-0.5525321960449219,"朵, 号, 个","-0.5525, -2.9664, -2.9807"
1097,欧阳 夏丹 真 是 [MASK] 全 才 !,个,个,-0.017053956165909767,"个, 位, 名","-0.0171, -4.4320, -7.2122"
1098,"社会 新闻 9 岁 女孩 学艺 4 年 成 剪纸 高手 妙手 剪 双龙贺 新年 龙年 来 了 , 滨东 小学 二 年级 的 张晗 小 姑娘 花 3 天 时间 , 用 红 纸 剪出 这 [MASK] 直径 约 70 厘米 的 双 龙 戏珠 。",幅,个,-1.4911483526229858,"个, 条, 幅","-1.4911, -1.8576, -2.0592"
1099,"突然 想起 李鸫 老板 的 一 [MASK] 话 多 搭桥 , 少 树 墙 。",句,句,-0.04408609867095947,"句, 段, 番","-0.0441, -3.4751, -5.6174"
1100,你 讲 得 啱啊 你 就 系贱 你 真 系贱 你 系 一 [MASK] 贱人 甘鸠 无辜 甘柒 可 怜 你 就 犯人 变 被害人 我 就 被害人 变 犯人 你 好 嘢咯,个,个,-0.14108021557331085,"个, 班, 群","-0.1411, -2.9226, -4.5465"
1101,"目前 的 感觉 是 微博 至少 有 两 [MASK] 功能 , 一 是 狐朋狗友 互相 捧臭脚 , 二 是 提供 一点 原创 , 我们 专业 叫 UGC 。",个,个,-0.33472496271133423,"个, 种, 点","-0.3347, -2.0703, -2.3142"
1102,"韩寒 对 掐方 舟子 方舟子 说 我 相信 如果 是 在 一 [MASK] 公正 的 法庭 , 我 是 不 会 败诉 的 。",个,个,-0.006250923499464989,"个, 次, 场","-0.0063, -6.6917, -6.8332"
1103,发表 了 一 [MASK] 转载 博文 转载 一 失足 成千古恨 图,篇,篇,-0.09886484593153,"篇, 条, 个","-0.0989, -3.7894, -4.0268"
1104,"我 好 担心 啊 , 她 第一 [MASK] 关 机关 那么 久 , 好 无助 啊 !",次,次,-0.0091094970703125,"次, 个, 眼","-0.0091, -4.8885, -8.0465"
1105,"我 在 盛大 起点 中文网 找到 一 [MASK] 神 书 足球 圣徒 , 精彩 好 书 一定 不 要 错过 啊 。",本,本,-0.06386411935091019,"本, 部, 个","-0.0639, -3.9514, -4.5174"
1106,我 擦这集 竟然 有 两 [MASK] 小时 都 成 电影 了,个,个,-0.0004495796747505665,"个, 本, 位","-0.0004, -9.8424, -9.9738"
1107,"帮 朋友 处理 一 [MASK] 淘宝 商品 的 售后 问题 , 买来 没 几 天 坏 了 找 客服 , 我 随手 点 了 下 交易 详情 , 瞬间 我 就 不 淡定 了",宗,下,-0.2364574521780014,"下, 个, 些","-0.2365, -2.4157, -2.4760"
1108,3 [MASK] 尺寸 可 供 选择 。,种,种,-0.15040981769561768,"种, 个, 款","-0.1504, -2.3302, -3.5566"
1109,"细佬 发烧 , 漏夜送 医院 吊针 , 细佬 想 听 歌 , 罗出 打晒 结嘅 耳机 , 老豆 即刻 就 抢 左 去 为 据解 结 我 鼻 一 [MASK] 酸 , 然后 好 想 喊 , 父母 对 你 的 爱 就 是 无微不至 !",阵,阵,-0.49559417366981506,"阵, 口, 个","-0.4956, -2.3721, -2.5944"
1110,体育课 班 傻仔 打爆咗 [MASK] 波,个,波,-0.5928162336349487,"波, 班, 拳","-0.5928, -3.2414, -3.6100"
1111,CF 好像 仿照 战争 机器 了 看 兽族 皮肤 和 后面 那 [MASK] 机器 兽,个,个,-0.9453639984130859,"个, 些, 种","-0.9454, -1.1842, -2.9108"
1112,来 吧 第二 [MASK] 通宵 让 通宵 来 的 更 猛烈 些 吧 !,个,次,-0.7054226994514465,"次, 个, 轮","-0.7054, -1.4455, -2.9572"
1113,职职 居然 出现 了 十八 [MASK] 灯 全 亮 的 选手 !,盏,盏,-0.3954734206199646,"盏, 个, 道","-0.3955, -2.4208, -2.6436"
1114,一 [MASK] 一刀剜 在 你 心口 上 。,刀,刀,-0.005962229333817959,"刀, 把, 口","-0.0060, -6.3367, -7.5345"
1115,这 [MASK] 照片 貌似 在 哪里 见 过 。,张,张,-0.8276007771492004,"张, 些, 个","-0.8276, -1.1833, -1.8668"
1116,"过年 打扫 卫生 有感 当 打扫 完 二 [MASK] 卫生 的 时候 , 三 楼 的 又 来 了 , 打扫 完 三 楼 后 , 四 楼 的 又 没 打扫 , 这样 下来 要 想 打扫 完 家 里 的 卫生 也 需要 好 几 天 。",楼,楼,-0.006646799389272928,"楼, 层, 次","-0.0066, -5.1293, -9.0599"
1117,刚 订 了 mcqueen 的 两 [MASK] 东西 !,样,样,-1.023814082145691,"样, 件, 个","-1.0238, -1.0715, -2.2322"
1118,"为 解决 此 问题 , 牛顿 潜心 研究 创立 了 微积分 , 将 一 [MASK] 名 叫 高等 数学 的 新 科目 设为 全 校 的 必修课 , 并 规定 不 及格者 来 年 必须 缴费 重修 直 到 通过 。",门,门,-0.19353628158569336,"门, 个, 种","-0.1935, -2.3401, -2.8510"
1119,外面 的 各 [MASK] 炮声 不断 2012 来 喏各位 同仁 新年 快乐 !,种,种,-0.07710964232683182,"种, 路, 类","-0.0771, -3.5238, -4.2581"
1120,"粉丝 颁奖 典礼 最近 转发 了 我 88 [MASK] 微博 , 获得 了 我 颁发 的 最 爱 转发 奖 , 获得 提名 的 还 有 谢谢 你们 一路 陪 着 我 !",条,条,-0.5024796724319458,"条, 个, 号","-0.5025, -1.5359, -3.0234"
1121,为什么 命运 要 让 两 [MASK] 不 可能 在一起 的 人 相遇,个,个,-0.005342124029994011,"个, 位, 颗","-0.0053, -6.2428, -7.1778"
1122,"今年 要 红红火火 , 新年 快乐 , 放 [MASK] 鞭炮先 。",个,个,-0.7454567551612854,"个, 点, 起","-0.7455, -1.3697, -1.7831"
1123,"堵车 一团麻 的 二环 , 不 说 好多 都 回家 了 吗 , 咋还 一 天 比 一 天 [MASK] 的 我 火大 。",堵,堵,-0.004630181938409805,"堵, 发, 下","-0.0046, -6.5993, -7.9885"
1124,"才 12 [MASK] 红包 , 我 决定 要 调 自己 的 胃口 , 回到 广州 才 打开 。",个,个,-0.2222089320421219,"个, 块, 张","-0.2222, -2.4335, -3.4815"
1125,再度 重 遇 国内 唯一 一 [MASK] 天花 可 变 色温 的 737800 客机,台,架,-0.1600218564271927,"架, 台, 次","-0.1600, -2.6398, -4.2738"
1126,补眠 补眠 晚安 了 做 [MASK] 好梦,个,个,-0.022002054378390312,"个, 点, 些","-0.0220, -4.2399, -6.3306"
1127,此刻 肚子 饿 了 才 想起 自己 今天 一 天 都 没 吃 什么 只 是 中午 吃 了 两 [MASK] 糖 现在 要 去 煮饭 了 等 爸 妈 还 有 哥 回来 吃饭 噢噢 我 是 幸福 的,粒,颗,-0.8036003708839417,"颗, 块, 个","-0.8036, -2.0804, -2.6336"
1128,"外面 烟花 噼里啪啦 的 , 春节 的 气息 浓烈 啊 , 亲爱们 , 望 你们 能 过 [MASK] 十全十美 的 幸福 龙年",个,个,-0.004431755281984806,"个, 条, 些","-0.0044, -7.1289, -7.2026"
1129,"到处 都 是 背起 行囊 赶车 回家 的 人 , 归心似箭 , 家 的 含义 就 是 , 不管 你 有 多 难过 , 多 疲惫 , 到 了 那 [MASK] 被 称为 家 的 地方 , 立即 满 血 复活",个,个,-0.0952950045466423,"个, 种, 些","-0.0953, -2.9974, -3.9982"
1130,"心 香 一 瓣 永远 不 会 没有 人 爱 你 , 因为 世上 最 爱 你 的 人 就 是 你 的 身体 , 无论 你 多 [MASK] 离弃 它 伤害 它 , 它 也 没有 微言 继续 支持 你 , 养活 你 。",番,次,-0.0940963625907898,"次, 样, 番","-0.0941, -3.2548, -4.1995"
1131,"她 的 背 轻轻 倚 在 沙发 靠 上 , 身体 坐 直 , 微 红 的 脸上 浮 起 一 [MASK] 笑意 , 对着 余 宏 。",缕,丝,-0.1345040649175644,"丝, 层, 个","-0.1345, -3.9329, -4.1312"
1132,有时候 我 只 是 需要 一 [MASK] 说话 的 人 。,个,个,-0.01526691298931837,"个, 位, 些","-0.0153, -5.0333, -5.8143"
1133,"喜欢 一 [MASK] 人 , 似乎 也 不 一定 都 是 幸福 的",个,个,-0.014857809990644455,"个, 些, 群","-0.0149, -4.6064, -6.1324"
1134,"谢谢 我 妈生 了 我 , 还 给 我 一 [MASK] 这么 漂亮 的 眼睛 双眼皮 长 睫毛 哦咦 嘻嘻 玩 笑啦",双,个,-0.40569791197776794,"个, 双, 对","-0.4057, -1.6842, -3.4393"
1135,"中午 管理 人员 餐厅 的 四 [MASK] 菜 茄子 青菜 炸鸡腿 肉 , 我 只 能 吃 青菜 , 什么 天理 啊 我 跟 老妈 说 她 笑 了",样,道,-0.9960325956344604,"道, 季, 个","-0.9960, -1.2502, -1.4360"
1136,如果 是 你 在 这个 处境 下 请用 四 [MASK] 字 形容 您 的 感觉,个,个,-0.0012163762003183365,"个, 行, 笔","-0.0012, -7.0965, -9.4057"
1137,"在 所有 的 维生素 中 , 维 C 是 人体 每 天 需要量 最 多 的 维生素 , 因为 维 C 比 其它 维生素 或 矿物质 更 多 地 耗用 于 各 [MASK] 人体 肌能 。",种,种,-0.16929931938648224,"种, 项, 类","-0.1693, -2.2405, -3.6709"
1138,"我 在 盛大 起点 中文网 找到 一 [MASK] 神 书 无 限 斩杀 , 精彩 好 书 一定 不 要 错过 啊 。",本,本,-0.07232967019081116,"本, 个, 部","-0.0723, -4.0074, -4.0175"
1139,"我 弟 手 里 的 相机 , 像 一 [MASK] 时光 流逝机 。",台,台,-0.6614840030670166,"台, 个, 架","-0.6615, -1.8406, -2.0944"
1140,"似乎 不 是 , 你 看 他 乒乓球 打 得 多 好 , 还 养 了 [MASK] 儿子 , 呵呵 控制 能力 蛮好 的",个,个,-0.011749478057026863,"个, 双, 点","-0.0117, -5.5937, -6.3982"
1141,"继续 着 我 的 失眠 之 痛 , 冰冷 的 雨 , 洋洋洒洒 的 沥下 城市 就 像 是 一 [MASK] 腐城 , 开始 变 得 灰暗 不已 。",座,座,-0.07849353551864624,"座, 个, 片","-0.0785, -2.7963, -4.8463"
1142,我 参与 了 发起 的 投票 你 最 喜欢 MIC 的 那 [MASK] 歌 ?,首,首,-0.01005959790199995,"首, 些, 支","-0.0101, -4.9092, -7.1183"
1143,发表 了 一 [MASK] 转载 博文 转载 二十一 度母 礼赞 文 大宝 法王 率领 僧众 唱颂,篇,篇,-0.10247712582349777,"篇, 些, 条","-0.1025, -4.0130, -4.1953"
1144,想 做 [MASK] 守时 的 人但 就 我 个人 守时 了,个,个,-0.011737717315554619,"个, 些, 点","-0.0117, -5.4164, -6.0940"
1145,"9700 拍摄 用 手头 的 黑莓 9700 拍 同样 一 [MASK] 景 , 模式 不同 , 味道 也 大 不 一样 。",处,场,-0.06671080738306046,"场, 个, 张","-0.0667, -3.7266, -4.6308"
1146,"还 有 两 [MASK] 小时 就 下班 了 , , 上班 下班 都 无聊 。",个,个,-0.0002641430764924735,"个, 点, 把","-0.0003, -9.3975, -10.7799"
1147,"经过 一 [MASK] 折腾 终于 把 它 摆平 了 , 邻居 都 过来 询问 。",番,番,-0.036201365292072296,"番, 阵, 段","-0.0362, -3.6663, -6.0589"
1148,今年 除夕 还是 一 [MASK] 人 在一起 吃饭 唯一 的 遗憾 是 爷爷 的 离开 回想 去年 的 今天 他 还 在 我 的 身边 心 好 痛 好痛 我 多么 希望 时光 倒回 让 我 再次 拥有 你 你 一定 要 在 天堂 好好 的,家,个,-0.388919472694397,"个, 家, 群","-0.3889, -1.1853, -4.9102"
1149,"有 一 [MASK] 女人 真 不 适合 带回 家 外日 , 我 真 错 了",种,种,-0.35138237476348877,"种, 个, 些","-0.3514, -1.5241, -3.6287"
1150,看上 一 [MASK] 法兰克 穆勒,款,眼,-1.9808602333068848,"眼, 张, 个","-1.9809, -2.1923, -2.4533"
1151,"饮 多 两 [MASK] 已经乜 也 都 唔知 , 无 晒 知觉 唔知 发生 乜也事 。",杯,杯,-0.147098571062088,"杯, 碗, 次","-0.1471, -3.5006, -3.6417"
1152,"今天 把 一 [MASK] 齐 腰 的 长发 剪 了 , 还 破天荒 的 拉直 了 才 发现 曾经 的 头发 是 有 多 干 哪 , 不过 剪 了 短发 , 还 延 不 习惯 的",头,头,-0.04626923054456711,"头, 条, 个","-0.0463, -4.4730, -4.7425"
1153,"饿死 了 , 没 吃午饭 , 现在 才 下班 回家 , 车上 怎么 一 [MASK] 麻辣烫 的 味道 呀 受 不 了 !",股,股,-0.2499353289604187,"股, 点, 种","-0.2499, -2.7064, -3.6360"
1154,吃 [MASK] 饭麻 将 给 它 搞起 !,个,个,-0.7858885526657104,"个, 顿, 盒","-0.7859, -2.0335, -2.3674"
1155,"在 六班 的 最后 一 [MASK] 课 , 我 竟然 错过 了 。",节,节,-0.20384040474891663,"节, 堂, 次","-0.2038, -1.7597, -5.2862"
1156,"内 眼线 画法 6 步骤 一 学 就 会 第 1 [MASK] 抬起 眼皮 , 用 眼线 笔 从 眼 尾 开始 描绘 。",步,步,-0.008252665400505066,"步, 次, 个","-0.0083, -5.9817, -7.2223"
1157,开心 团购 春节 不 打烊 199 抢购 原 1288 的 彩贝儿 摄影 2012 乖 宝宝 套餐 服装 3 [MASK] 其成 都 团购团 26,套,个,-2.2922325134277344,"个, 套, 次","-2.2922, -2.6173, -2.6197"
1158,"面对 着 不 完整 的 曾经 的 喜欢 的 人 试验 饰演 恋人 , 只 能 拥有 一 [MASK] 不 完整 的 世界 。",个,个,-0.00657395925372839,"个, 片, 种","-0.0066, -6.6745, -7.1878"
1159,"我们 在 旁边 观察 , 哪 一 [MASK] 人 将来 能 有 成就 , 哪 一 看到 一 念 菩提心 的 博文 转载 净空 法师 能 不 能 成就 都 在 谦敬 有感而发 的 评论 。",种,个,-0.06097349897027016,"个, 种, 位","-0.0610, -3.9504, -4.8398"
1160,爱 变成 了 一 [MASK] 枷锁 。,把,个,-0.6469630599021912,"个, 种, 道","-0.6470, -1.7823, -2.3169"
1161,"第一 [MASK] 感谢 皇马 , 让 我 惊出 了 一 身 冷汗 !",次,次,-0.06752345710992813,"次, 个, 句","-0.0675, -3.5051, -4.2497"
1162,"系 哩个 时刻 我 林 起 了 正在 上 夜班 的 你 再 过 一 [MASK] 钟 就 要 起身 跑步 了 , 点算训 未 ?",个,分,-0.03144707530736923,"分, 个, 点","-0.0314, -4.1418, -4.5955"
1163,"本来 以为 这 [MASK] 行程 的 时间 会 非常 充裕 , 但是 才 是 一 不 小心 稍稍宅 了 一 天 而已 , 一 天 而 已 啊 。",次,次,-0.6279419660568237,"次, 个, 趟","-0.6279, -1.1829, -2.0067"
1164,足球史 上 最 诡异 的 十 [MASK] 进球,粒,个,-0.10879243165254593,"个, 粒, 次","-0.1088, -3.0800, -4.6659"
1165,没 水 过 一 [MASK] 囫囵觉 !,个,个,-0.5696519613265991,"个, 种, 点","-0.5697, -1.4191, -2.9776"
1166,"泸州 夜晚 妖气 冲天 , 哈批 , 你 [MASK] 日龙 , 你 电话 不 接 被 妖魔 鬼怪 抓 进 水帘 洞 关起 了 啊 ?",个,名,-1.4265016317367554,"名, 个, 本","-1.4265, -1.7457, -1.9603"
1167,饭局 也 疯狂 一 [MASK] 拥有 很 深刻 的 政治 讽刺 倾向 的 恶 搞 喜剧片 。,部,部,-0.13967786729335785,"部, 个, 种","-0.1397, -2.7742, -4.2863"
1168,今晚 又 无 节目 啦 不过 为 佐初 四 [MASK] 晚 我 会 努力 稳,个,下,-1.6365752220153809,"下, 节, 本","-1.6366, -2.0459, -2.1138"
1169,"珠珠 看 他 又 拿出 那 [MASK] 劲道 来 了 , 便 不再 说 下去 。",股,股,-1.4628628492355347,"股, 个, 些","-1.4629, -1.6959, -2.1101"
1170,"发表 了 博文 2010 年 5 月 11 日 D9 雍 布拉康 昌珠寺 2010 年 5 月 11 日 D9 雍 布拉康 昌珠寺 今天 一早 起来 退房 , 很 奢侈 地 花 了 10 [MASK] 钱 打车 去 尼泊尔 大使馆 , 匆匆 在 大使馆 门口 的 照相馆 照",块,块,-0.00536681292578578,"块, 分, 点","-0.0054, -5.6028, -7.3211"
1171,谁 饮 一 [MASK] 月光 ?,壶,杯,-1.4185307025909424,"杯, 壶, 盏","-1.4185, -1.6513, -1.9135"
1172,"李思思 凭 什么 主持 央视 春晚 原本 六 人 行 的 主持群 朱军 配 周涛 , 李咏 配董卿 , 毕福剑 的 加入 是 最 大 特色 , 可 春晚 新人 李思思 的 亮相 更 是 增色 不少 , 俨然 为 春晚 主持界 带来 一 [MASK] 清新 之 风 。",股,股,-0.13588407635688782,"股, 阵, 道","-0.1359, -2.4352, -4.7420"
1173,"吃 [MASK] 药药 睡觉 , 希望 这个 安眠药 有 效果 , 晚安 。",粒,点,-0.7561244964599609,"点, 个, 些","-0.7561, -1.1411, -2.4046"
1174,湖 人 三 [MASK] 投手 太 弱 了,分,名,-0.42783495783805847,"名, 位, 个","-0.4278, -1.9978, -2.5638"
1175,"不 应该 是 谁 走进 我 的 心 , 而 是 谁 能 让 我 爱上 他 , 说不定 人家 的 心 也 是 冻结 的 呢 , 爱情 是 两 [MASK] 人 一起 经营 的 。",个,个,-0.002867395058274269,"个, 代, 种","-0.0029, -7.0428, -7.4487"
1176,我 在 www damai cn 发现 了 一 [MASK] 非常 不错 的 演出 2012 南亚 之门 大型 群星 演唱会 昆明站 时间 是 20120218 场馆 在 昆明市 体育场 强烈 推荐 !,个,个,-0.22997590899467468,"个, 场, 次","-0.2300, -2.0638, -3.3339"
1177,"分享 图片 另 一 [MASK] 灿烂 生活 , 爱 你 韩承羽 !",种,种,-0.27446627616882324,"种, 个, 份","-0.2745, -2.6510, -3.5162"
1178,"圣者 约翰克里斯多夫 终于 渡过 了 河 , 他 的 肩上 扛 着 一 [MASK] 孩子 , 他 放下 孩子 , 叹 口 气 问 孩子 , 你 多 重 啊 !",个,个,-0.018636131659150124,"个, 对, 只","-0.0186, -5.5465, -5.7814"
1179,新 伊 兰特 双门 版谍 照 曝光 有 望 引入 国内 网 上 车市 西安 分站 讯 近日 国外 媒体 再次 曝光 了 全新 伊 兰特 双门版 的 路 试 谍照 与 之前 不同 此 [MASK] 曝光 车型 没有 采用 任何 伪装 这 也 可以 让 我们 更加 清晰 的 了解 此 款 车型 。,次,次,-0.004541801288723946,"次, 番, 处","-0.0045, -6.6799, -6.7221"
1180,泪 奔 四 [MASK] 故事 过度 得 太 好 了 !,个,个,-1.3532116413116455,"个, 楼, 集","-1.3532, -2.4685, -2.4964"
1181,"晒 一下 当时 在 游 凤凰 古城 时候 , 小小 牺牲 自己 色相 的 而 赢得 的 奖励 两 [MASK] 酒吧券",张,个,-0.5661804676055908,"个, 间, 家","-0.5662, -1.8215, -1.8341"
1182,"不 能 再 让 心情 这么 坏 下去 了 , 长久 的 失眠 只 会 让 自己 气 血 淤滞 得 更 厉害 , 让 自己 这 [MASK] 脸 越来越 不 成样 了 。",张,张,-0.02208973839879036,"张, 个, 副","-0.0221, -4.4608, -5.0852"
1183,"韩寒 和 郭敬明 刚好 代表 80 后 价值 取向 的 两 [MASK] 郭敬明 要 名声 钱 虚荣 , 这 是 好 事情 我 不 想 贬低 他 。",面,个,-0.3346034288406372,"个, 种, 位","-0.3346, -2.9139, -3.1194"
1184,民主 的 表现 为 中央 与 地方 的 二 [MASK] 选举 制度 。,级,级,-0.27385377883911133,"级, 次, 等","-0.2739, -2.0820, -3.3228"
1185,"回来 了 回来 了 开开 心心 过 年 , 就算 回来 时间 短 , 总 比 一 [MASK] 人 在 那里 好 , 嘎 !",个,个,-0.01469399780035019,"个, 家, 群","-0.0147, -4.4410, -7.2062"
1186,新 还 珠 格格 之 人儿 何处 归 20 [MASK] 享自,分,分,-0.01190780196338892,"分, 回, 张","-0.0119, -6.7342, -6.8164"
1187,"2012 年 1 月 8 日 , 广西 桂林 , 在 6 [MASK] 全 副 武装 的 公安 特警 的 护送 下 , 阳桥 附近 一 通信 营业厅 的 工作 人员 曾 小姐 带 着 30 万 元 现金 安全 来到 银行 。",名,名,-0.02342805452644825,"名, 位, 个","-0.0234, -4.5224, -4.6785"
1188,250 克 好 利源 脆皮 软糖 鲜 乳球 混 合口味 580 元 近期 售出 103 [MASK] 地址,件,家,-1.4132565259933472,"家, 个, 号","-1.4133, -1.8046, -1.8917"
1189,儿女 双 全 是 不 是 [MASK] 梦 ?,个,个,-0.2624022960662842,"个, 对, 种","-0.2624, -2.5182, -3.9873"
1190,"男人 从 女人 那 最 想 得 到 10 [MASK] 东西 , 看似 平淡 , 却 最 最 真实 !",种,样,-0.22467505931854248,"样, 件, 种","-0.2247, -2.4753, -2.6839"
1191,分享 图片 一 [MASK] 天 起火 啊 咋办尼,线,个,-1.8380916118621826,"个, 线, 回","-1.8381, -1.8607, -2.0045"
1192,第一 [MASK] 听到 那么 正常 的 声音 !,次,次,-0.002353873336687684,"次, 个, 眼","-0.0024, -6.7766, -7.0461"
1193,还 没来 的 及 开通 短信 功能 的 我 表示 今天 享受 不 到 这 [MASK] 快感 了 。,种,种,-0.0962323546409607,"种, 个, 些","-0.0962, -3.0351, -4.0993"
1194,"刚 准备 打 电话 , 发现 手机 里 的 电话 号码 全 没 了 , , 昨天 晚上 睡前 没 事 做 , 看看 手机 里 那 [MASK] 什么 云 备份 , 通通删 了 , 结果 电话 薄 里 的 号码 全 都 没 了 , 这下 怎么 办 噢 , 烦躁 !",个,个,-0.3538038432598114,"个, 些, 张","-0.3538, -1.3946, -4.1958"
1195,一大早 麻麻 就 各 [MASK] 不 高兴 。,种,种,-0.05915600061416626,"种, 个, 处","-0.0592, -3.0144, -6.5602"
1196,"如果 那 年 , 我们 多 对 或者 多 错 两 [MASK] 题 , 那么 现在 会 不 会 在 不同 的 地方 , 认识 完全 不同 的 人 , 做 着 完全 不同 的 事 果然 , 高考 的 迷人 之 处 , 不 是 在于 如愿以偿 , 而 是 阴差阳错 。",道,道,-0.007765204645693302,"道, 个, 次","-0.0078, -5.1949, -7.6897"
1197,"微博 就 是 一 [MASK] 横跨 心灵 的 桥 , 走 过 了 无数 代沟 , 猜忌 , 不信任 还 有 差异",座,座,-0.16305962204933167,"座, 条, 个","-0.1631, -2.6130, -3.3939"
1198,比 你 见 下 [MASK] 大 场面 哦,滴,面,-0.6786589026451111,"面, 次, 个","-0.6787, -1.8270, -2.4949"
1199,"内心 充满 忌妒 , 心 中 不 坦白 , 言语 不 正 的 人 , 不 能 算是 一 [MASK] 五 官 端正 的 人 。",位,个,-0.059947721660137177,"个, 位, 种","-0.0599, -3.9663, -3.9940"
1200,现在 还 有 谁 能 和 我 聊 三 [MASK] 钟 呵呵,个,分,-0.028131654486060143,"分, 点, 个","-0.0281, -3.9198, -5.4333"
1201,"虽然 比分 没有 改写 , 可 球员们 都 很 积极 , 都 在 不遗余力 的 奔跑 另外 , 小 胡安 来 了 就 好好 的 踢意杯 , 别 让 副队 再 出场 了 , 那么 大 年纪 了 万一 伤 弄 [MASK] 伤退 就 不 好 了",个,发,-1.7664234638214111,"发, 回, 个","-1.7664, -1.8486, -2.0084"
1202,新年 第一 [MASK] 讨到 的 红包,拨,个,-0.7397026419639587,"个, 次, 张","-0.7397, -1.2254, -2.9975"
1203,"我 在 这里 攀枝 花 火车站 热 的 心 发慌 , 四 [MASK] 人 一 包厢 , 看书 的 看书 , 耍 手机 的 耍 手机 , 就 我 无聊 , 要 回家 了 , 把 过 年长 的 肉 甩掉 吧",个,个,-0.005383173003792763,"个, 口, 家","-0.0054, -5.8813, -7.3078"
1204,"很 喜欢 的 一 [MASK] 话 , 什么 时候 学会 相互 理解 , 那 将 会 是 永恒 的 乌托邦 。",句,句,-0.028807098045945168,"句, 段, 些","-0.0288, -3.6143, -7.8188"
1205,"有些 人 是 一辈子 做 不 了 淑女 的 , 因为 做 淑女 不 是 说说 , 想 装 就 能 装 的 , 而 是 由 内 而 外 的 一 [MASK] 气质",种,种,-0.011188157834112644,"种, 份, 个","-0.0112, -5.3131, -5.9729"
1206,"维生素 C 不 足 也 会 降低 免疫力 , 人们 可以 从 柑橘类 水果 中 摄取 这 [MASK] 营养素 。",种,些,-0.3615627884864807,"些, 种, 类","-0.3616, -1.3942, -3.0576"
1207,"Then , 猜猜 这 [MASK] 美女 1 路 车 让 我们 等 得 好 辛苦 谢谢樊 阿姨 的 礼物 , 无敌 精致 的 鞋垫 , 叫 我 怎么 忍心 垫脚丫子 捏 ?",位,个,-0.9773168563842773,"个, 位, 些","-0.9773, -1.1699, -2.4082"
1208,看到 这 阳光 灿烂 蓝天 白云 我 脑子 里 只 蹦出 一 [MASK] 话 !,句,句,-0.007314546033740044,"句, 段, 个","-0.0073, -5.5803, -6.2089"
1209,新年 快乐 趁 老豆 开工 前 拿佐 两 [MASK] 斟茶利 是 先 哈哈多 谢 爹娘 祝 你 地 身体 健康 财源 广进 嘻嘻 继续 训觉,封,杯,-0.34290656447410583,"杯, 碗, 壶","-0.3429, -2.8632, -3.1718"
1210,"有 香浓 的 咖啡 和 美味 的 蛋糕 , 有 淡淡 的 书香 , 有 轻轻 的 音乐 萦绕 耳旁 , 门口 放 着 几 [MASK] 小 花 。",盆,朵,-0.6467055082321167,"朵, 盆, 束","-0.6467, -1.4083, -2.0344"
1211,無聊 沒事幹 一 [MASK] 利 是 都 沒收 到 不 想 收懶 得 出去,封,件,-1.6447038650512695,"件, 下, 些","-1.6447, -1.6820, -1.9706"
1212,第四 [MASK] 的 抢 七 精彩 精彩 紧张 !,盘,轮,-1.1791654825210571,"轮, 场, 届","-1.1792, -1.3727, -2.8982"
1213,"我 可 不 想 让 这 [MASK] 函数 突然 坍缩 , 所以 最 好 的 办法 就 是 不 观察 。",波,个,-0.07254626601934433,"个, 些, 种","-0.0725, -3.1584, -5.0229"
1214,我 想 吃 双 [MASK] 雪糕 北冰洋哒,棒,层,-0.28738924860954285,"层, 面, 味","-0.2874, -2.5740, -3.1106"
1215,"点击 参与 每 天 一 [MASK] 希望 能 中 , 我 超 喜欢 这 双 红色 的 本命年 啊",次,个,-1.6167049407958984,"个, 对, 颗","-1.6167, -2.5519, -2.6236"
1216,"半 [MASK] 月 后 再 见 , 我 亲爱 的 表哥",个,个,-0.00014186912449076772,"个, 把, 辈","-0.0001, -10.6426, -10.6865"
1217,"6 岁 以下 儿童 , 可以 有 一 [MASK] 家长 在 医院 陪护 。",名,名,-0.4390908479690552,"名, 位, 个","-0.4391, -1.4088, -2.2739"
1218,"每 [MASK] 过 年 我 妈 就 会 提起 我 那 抹 不 掉 的 回忆 , 呵呵 , 那些 年 的确 是 幸福 甜蜜 的 , 感谢 你 我 的 7 仔",次,次,-0.09900382161140442,"次, 个, 回","-0.0990, -2.5886, -4.4837"
1219,一 [MASK] 身 就 见到 哩件 野,起,起,-0.12086311727762222,"起, 回, 下","-0.1209, -2.8304, -3.5534"
1220,喜欢 那 [MASK] 手机 彩铃 。,个,个,-0.7450538873672485,"个, 些, 种","-0.7451, -1.4267, -2.1060"
1221,面牽 一 綫吃 今年 既 第一 [MASK] 冰震 奶茶 好好 味 我 在 這裡 银座 广场,餐,杯,-0.7930037975311279,"杯, 碗, 次","-0.7930, -2.0903, -2.4731"
1222,去 北京 的 路 上 还 有 7 [MASK] 小时 加油 啊 开车 开 的 腰酸 想 你 呀 乖乖 等 我 回家,个,个,-0.00030510310898534954,"个, 点, 块","-0.0003, -9.1445, -10.2416"
1223,搞 了 这么样 一 [MASK] 好 天气 。,个,个,-0.05027765780687332,"个, 场, 次","-0.0503, -4.6775, -4.7566"
1224,"身价 计算 报告 吴美娜 , 你 现在 的 身价 是 26 万 , 身价 状态 每 月 395 [MASK] 的 速度 上涨 快来 算算 你 的 身价 吧 !",块,次,-1.231792688369751,"次, 点, 块","-1.2318, -1.6885, -2.6353"
1225,这个 深夜 我 做 了 一 [MASK] 很 勇敢 的 事情 没错 觉得 值得 就 去 做 争取 自己 想要 的 跟 着 感觉 走,件,件,-0.776583194732666,"件, 些, 个","-0.7766, -0.8518, -2.4002"
1226,"列车员 推 着 蛋糕 瓜子 和 武侠 言情 凶杀 小说 在 车厢 过道 里 来来往往 , 许久 不见 有 一 [MASK] 生意 。",笔,笔,-1.3166800737380981,"笔, 番, 点","-1.3167, -1.5805, -1.9440"
1227,不 要 浪费 生命 在 痛苦 的 选择 上 听 说 模联 这 [MASK] 女士 必须 穿 裙装,次,些,-1.5545991659164429,"些, 类, 个","-1.5546, -1.8492, -1.9912"
1228,"今天 的 主要 剧情 就 是 大早 上 就 拿 着 滑板 满 街 的 跑 , 原本 好好 的 说 出来 吃 个 早点 , 现在 早点 没 吃 着 还 闹 出来 这些 [MASK] 事 , 真 TM 愤青 。",些,回,-1.2837694883346558,"回, 种, 件","-1.2838, -2.3353, -2.4191"
1229,"6 年 , 父母 的 委屈 , 我 的 恨 , 以及 当年 太 奶奶 的 含恨 而 终 , 就 在 你们 的 自相 残杀 中 慢慢 报 了 长子 有 什么 用 , 长孙 有 什么 用 , 最终 敌 不过 一 [MASK] 利字",个,点,-1.7579528093338013,"点, 句, 个","-1.7580, -1.7644, -1.7662"
1230,"这 两 袋 猫 粮 价格不菲 , 一 [MASK] 吃 了 一半 另 一 袋 还 没 开封 的 。",袋,袋,-0.00893543753772974,"袋, 包, 只","-0.0089, -6.1358, -6.1430"
1231,比 平时 晚到 家 一 [MASK] 小时 啊,个,个,-0.0007854207651689649,"个, 些, 点","-0.0008, -8.3164, -8.4781"
1232,"我们 第一 [MASK] 到 临海 , 后面 的 , 要 加油 了 !",个,次,-0.29359713196754456,"次, 个, 班","-0.2936, -2.7030, -2.9429"
1233,与 三 [MASK] 不 知名 大叔 玩起 了 狼人,位,个,-0.6283899545669556,"个, 位, 名","-0.6284, -1.2498, -1.7495"
1234,以前 多 清新 的 一 [MASK] 脸 哇,张,张,-0.01063444186002016,"张, 个, 副","-0.0106, -5.4244, -5.8715"
1235,"每 [MASK] 看完 北爱 , 心 里 就 难受 的 睡 不 着 。",次,次,-0.011040675453841686,"次, 回, 个","-0.0110, -5.0467, -6.8605"
1236,"今天 打给 她 , 希望 正 如 她 所 讲 的 一样 , 梦 与 现实 是 相反 的 , 2012 [MASK] 大运 。",行,行,-0.02679058350622654,"行, 世, 门","-0.0268, -5.4894, -5.6773"
1237,祥哥 像 你 那 [MASK] 玫瑰 花瓣 不 啊,个,个,-1.0145772695541382,"个, 样, 种","-1.0146, -1.8252, -2.0290"
1238,我 参与 了 发起 的 投票 你 喜欢 哪 5 [MASK] NBA 球队 ?,支,个,-0.7804657220840454,"个, 支, 家","-0.7805, -1.2758, -2.3555"
1239,这 才 是 迟到 的 第一 [MASK] 新年 快乐 啦啦 啦啦 爱 你们,波,次,-0.9878556132316589,"次, 步, 个","-0.9879, -1.0502, -3.0668"
1240,活活 60 [MASK] 抽 奖 名额 都 愣是 坚持 没 中 。,个,个,-0.23503942787647247,"个, 号, 张","-0.2350, -3.8695, -3.9067"
1241,"在 乡下 , 看见 一 [MASK] 爷爷 正在 做 扫 把 , 原来 是 这么 做 的 , 好像 拔河 比赛 !",个,位,-0.29617777466773987,"位, 个, 家","-0.2962, -1.4573, -5.3712"
1242,龙年 你 可以 减肥 了 我 很 认真 [MASK] 跟 你 讲 !,滴,只,-2.516502857208252,"只, 点, 面","-2.5165, -2.6342, -2.7151"
1243,"预订款 还 没 开售 预计 一 周 之后 可 代 到 , Micro 和 Nano 两 [MASK] 尺寸 都 有 , 颜色 绝对 抢眼 , 连 平时 只 喜欢 暗色系 的 我 都 有点儿 心动 , 够 尖儿 !",个,种,-0.4022660255432129,"种, 款, 个","-0.4023, -1.7391, -1.9451"
1244,观众 对 魔术 揭秘 这 [MASK] 空前 的 求知欲 。,种,种,-0.372422993183136,"种, 样, 个","-0.3724, -2.1711, -2.8446"
1245,你 妈妈 你们 一 [MASK] 都 不 要 动 !,个,点,-0.42429304122924805,"点, 个, 次","-0.4243, -1.3456, -4.0931"
1246,吵架 是 生活 里 的 调味 [MASK] 痛苦 但 也 要 快樂 地 活 著 !,剂,剂,-0.14746356010437012,"剂, 道, 片","-0.1475, -3.8872, -4.4313"
1247,往年 感觉 你 总 买 一 大 [MASK] 花 回来 要 我 帮忙 清理 装饰 什么 的 很 烦 。,堆,盆,-0.6549763083457947,"盆, 堆, 束","-0.6550, -1.5070, -2.4476"
1248,"并 用 手 捧 水 向 脸上 泼 , 记得 用 冷水 泼 脸 20 [MASK] 左右 就 可以 了 。",次,下,-0.6357575058937073,"下, 次, 遍","-0.6358, -0.9726, -3.0452"
1249,三元桥 就 一 [MASK] 班 车 。,辆,个,-1.038108229637146,"个, 趟, 班","-1.0381, -1.4146, -1.9968"
1250,"面条 之 路 一 [MASK] 纪录片 , mark",部,部,-0.5705391764640808,"部, 个, 集","-0.5705, -1.3632, -3.0505"
1251,"爱情 是 会 冷却 的 , 在 平淡 的 日子 里 , 最 重要 的 是 经常 给 两 [MASK] 相互 依偎 的 心 加加 温爱情 是 会 沉淀 的 , 在 相处 的 日子 里 , 要 记得 时不时 摇晃 一下 盛装 爱情 的 水杯 !",颗,颗,-0.047373492270708084,"颗, 个, 条","-0.0474, -3.1670, -6.7877"
1252,"家人 都 不 认同 我 谈 朋友 , 这 是 怎么 一 [MASK] 事 ?",回,回,-0.00027606720686890185,"回, 件, 个","-0.0003, -8.4382, -10.3587"
1253,新年 第一 [MASK] 祝愿 大家 龙年 发大财,帖,个,-1.3629008531570435,"个, 声, 张","-1.3629, -1.8068, -2.5239"
1254,起身 啦 起身 啦 玩 咖啡 恋人 啦 虽然 唔知几 时 会 唔玩 但是 宜家 仲系度 玩仲 有 边 鬼 [MASK] 玩噶 ?,个,家,-1.6152456998825073,"家, 点, 面","-1.6152, -2.9427, -3.0445"
1255,"这 是 日本 Epoch 开发 的 一 [MASK] 运动 感应 游戏 或称 独立 游戏机 , 不 隶属于 nitendo s box 阵营 , 游戏者 扮演 机器 猫 或 称多 拉 a 梦 或者 大雄 或称康 夫囧 等 人 , 在 游戏 中 戴 着 竹蜻蜓 飞行 寻宝 。",个,款,-0.07484716176986694,"款, 个, 种","-0.0748, -3.4227, -3.8757"
1256,"人 在 雾 中 走 , 一切 都 隐隐约约 , 影影绰绰 , 思绪 飘然 疑 似 自己 如 一 [MASK] 秋 叶 , 随 秋风 漂 失 , 不 知会 吹 落 到 何处 ?",片,片,-0.17457376420497894,"片, 枝, 朵","-0.1746, -3.2673, -3.8297"
1257,"发表 了 博文 胃 靠 养 之 冬季 养 胃 心得 人体 有 众多 的 器官 , 血管 , 四肢 , 骨头 , 关节 , 要 想 身体 整体 健康 , 那么 每 一 [MASK] 单元 的 健康 必不可少 。",个,个,-0.0007075189496390522,"个, 道, 位","-0.0007, -9.2073, -9.2916"
1258,在 這新春 佳節 大 年 三十 [MASK] 應和 家人 其樂 融融 的 吃 完 年夜飯 看看 春節 聯歡 晚 會什麼 的 那 是 多麼 美好 的 事兒 呀 !,本,本,-0.4027310907840729,"本, 回, 只","-0.4027, -1.8105, -2.5426"
1259,等 我 睇个 新 天生 一 [MASK] 先,对,个,-1.6771925687789917,"个, 样, 对","-1.6772, -1.8793, -2.0104"
1260,"回家 的 路 上 , 困死 啦 困死 啦 困死 啦 跟 [MASK] 兄嫂 同 车 , 又 无聊 又 尴尬 , 唉唉唉",堂,个,-0.8941017389297485,"个, 家, 位","-0.8941, -1.3088, -2.3387"
1261,成 [MASK] 事 真係 笑 中 有淚 向前 望,件,件,-0.7974554300308228,"件, 番, 回","-0.7975, -1.8845, -2.4390"
1262,", 明年 给 她 找 [MASK] 儿媳妇 随便 他们 去 逛 。",个,个,-0.04376833885908127,"个, 点, 些","-0.0438, -3.6554, -5.0875"
1263,"红 嘴 鸟 包 邮韩版 磨砂 真皮 钨钛金 双 [MASK] 牛皮 花瓣 咖色 单肩 斜挎 女式 包包 21500 元 热销 中 , 别 错过 哦",层,层,-0.2914135158061981,"层, 面, 排","-0.2914, -1.7003, -4.0447"
1264,甘肃 武威 地区 发生 31 [MASK] 地震 分享 自,级,级,-0.2018735259771347,"级, 次, 起","-0.2019, -1.9326, -3.9620"
1265,"平时家 在 心 里 此刻家 在 眼前 泸州 老窖 伴 您 回家 离 回家 还 有 2 天 我 的 祝福 乘 着 除夕 的 钟声 飞向 你 , 愿 你 新 的 一 年 快乐 笑 [MASK] 高幸福 美满 全 家 好 快来 和 我 一起 参加 泸州 老窖 伴 您 回家 的 活动 吧 !",步,脸,-0.44259995222091675,"脸, 声, 步","-0.4426, -1.6307, -3.4462"
1266,究竟 谁 该 拥有 那 [MASK] 火车票,张,张,-0.10939236730337143,"张, 些, 份","-0.1094, -2.9548, -3.8425"
1267,"九寨沟 海拔 在 2 千 米 以上 , 遍布 原始 森林 , 沟 内 分布 一百零八 [MASK] 湖泊 , 有 童话 世界 之 誉九寨沟 为 全 国 重点 风景 名胜区 , 并 被 列入 世界 遗产 名录 。",个,个,-0.10305332392454147,"个, 座, 处","-0.1031, -2.7165, -3.7422"
1268,用心 去 做 每 一 [MASK] 事 !,件,件,-0.004968208726495504,"件, 个, 份","-0.0050, -6.6840, -7.2372"
1269,MY LOVE 中 非常 中意 的 一 [MASK] 歌 请 你 给 我 好 一点 的 情敌 田馥甄 分享 自,首,首,-0.0017102672718465328,"首, 支, 句","-0.0017, -7.7818, -8.1142"
1270,"昨晚 梦见 穿 新 鞋 , 起来 趁 还 没 忘记 赶紧 周公 解梦 一下 , 一 看 就 乐 了 未婚 女子 梦见 穿 新 鞋 , 会 嫁给 一 [MASK] 宽宏 大量 聪明 能干 的 男子 。",位,个,-0.4802921712398529,"个, 位, 名","-0.4803, -1.0194, -4.2461"
1271,晚上 在 家么 事 泡 [MASK] 脚 神马 的 真 是 舒服 !,个,个,-0.22112631797790527,"个, 双, 下","-0.2211, -2.2336, -3.5984"
1272,"不 去 思考 , 不 去 怀念 , 只是 爱 体验 这 [MASK] 感觉 。",种,种,-0.0874677300453186,"种, 份, 个","-0.0875, -2.7667, -4.2292"
1273,", 我 投给 了 风声 吴 大队长 这 1 [MASK] 选项 。",个,个,-0.022791599854826927,"个, 号, 种","-0.0228, -5.3107, -5.7870"
1274,哈哈 我 要 进 地铁 的 时候 先 看到 你 脚 下 的 鞋 脑海 第一 [MASK] 浮现 肯定 是 B BOY 抬头 一 看 居然 是 你 哈哈够 搞笑 的 我 还 刚 从 华强 北练 完舞,个,个,-0.05059623718261719,"个, 次, 眼","-0.0506, -3.2574, -5.1246"
1275,"试 了 三 [MASK] 包子 , 肉包 比 对面 好吃 , 香菇包 跟 菜包 则 不 及 , 豆脑 更 可 无视 。",种,种,-0.9234031438827515,"种, 个, 包","-0.9234, -1.3208, -2.3343"
1276,"余 则 成 的 潜伏 之 道 1 [MASK] 牢 嘴 , 少 议 同事 , 多崇 上级 。",管,封,-1.147917628288269,"封, 堵, 点","-1.1479, -2.0665, -2.5035"
1277,看到 逸能 石缘 的 博文逸 能 石缘 奇石 100 [MASK] 36 洪福齐天 有感而发 的 评论 。,枚,号,-2.10264253616333,"号, 块, 级","-2.1026, -2.5534, -2.6769"
1278,"刚刚 百 度 了 一下 , 加智齿 应该 是 32 [MASK] 牙齿 。",颗,颗,-0.16193193197250366,"颗, 个, 级","-0.1619, -3.3004, -3.4226"
1279,"西媒曝 2 中 超 队 邀古蒂 加盟 财力 雄厚 砸 重金 购金 狼 据 西班牙 媒体 称 , 除了 之前 传出 的 上海 申花 外 , 还 有 另 一 [MASK] 财力 雄厚 的 中超球队 向 金狼 发出 了 邀请 。",支,支,-0.1796073019504547,"支, 家, 个","-0.1796, -2.0235, -4.1795"
1280,"今天 一早 起来 , 赚 死 了 , 有 木 有 尤其 那 两 [MASK] 粉嫩 粉嫩 的 让 人 特别 开心 , 谢谢 啦亲 记得 新 的 一 年 要 事事 顺心哟",封,个,-1.003288745880127,"个, 颗, 朵","-1.0033, -1.9100, -2.6390"
1281,快 来 看看 的 微博 傻子 一 [MASK] 围观 !,枚,起,-0.0056459843181073666,"起, 路, 个","-0.0056, -6.2506, -7.2334"
1282,"这 [MASK] 宝贝 这 两 天 问 的 人 满 多 2011 年 夏装 韩版 夏威夷 沙滩裤 五分裤 男士 花裤 迷彩裤 纯 棉 , 价格 3900 元 , 见",件,个,-0.34085625410079956,"个, 款, 位","-0.3409, -2.1895, -2.9793"
1283,"每 天 都 要 吸收 [MASK] 养生 知识 , 过 年 也 不 能 例外 !",些,点,-0.5166060328483582,"点, 些, 下","-0.5166, -0.9924, -3.8440"
1284,梦见 一 [MASK] 境 。,场,环,-0.4922920763492584,"环, 世, 处","-0.4923, -2.6649, -3.3843"
1285,"在 河源 很 无助 , 今晚 一 [MASK] 人 在 翔丰 的 麦当劳 过夜 , 麦当劳 没 开 暖气 很 冷 , 时间 再 快点 吧 !",个,个,-0.4863816201686859,"个, 行, 家","-0.4864, -1.7007, -1.7193"
1286,"杨贰佰叁 拾 陆宝 大 [MASK] 花 盛开 我 的 今夏 , 来自",朵,片,-1.235914945602417,"片, 枝, 名","-1.2359, -2.2266, -2.5790"
1287,和 两 [MASK] 鸡巴 佬搞基,个,个,-0.08822861313819885,"个, 位, 名","-0.0882, -3.2567, -4.4213"
1288,"一 [MASK] 曾经 熟识 , 现今 却 并 无 联系 的 人 , 跋山涉水 , 风尘仆仆 , 汇于一堂 。",群,群,-0.47083520889282227,"群, 个, 些","-0.4708, -1.5080, -2.6667"
1289,啾啾啾 9 现在 成为 了 一 [MASK] 市长 !,名,名,-0.5521699786186218,"名, 个, 位","-0.5522, -1.3039, -2.0978"
1290,第一 [MASK] 发 压岁 钱 啊 !,次,次,-0.3328942656517029,"次, 个, 章","-0.3329, -2.3108, -2.8238"
1291,"当 上班 的 心情 比 上坟 还 要 沉重 的 时候 , 职场 教会 我们 三 [MASK] 事 要么 忍 , 要么 狠 , 要么 滚 。",件,件,-0.0010258450638502836,"件, 样, 点","-0.0010, -7.5446, -8.8158"
1292,"昨夜 烟 花卷 卷舒 , 团圆 除夕 一 [MASK] 亲 。",家,家,-0.01659703254699707,"家, 路, 个","-0.0166, -5.3402, -6.5064"
1293,所有 的 车 都 只 能 绕过 这 [MASK] 车 从 两 边 小心翼翼 地 驶过 。,辆,辆,-0.5539743304252625,"辆, 些, 个","-0.5540, -1.4915, -2.3994"
1294,"网 上 的 富 二 [MASK] 斗富 , 看 了 你 会 傻眼 的 吧 。",代,代,-1.4305124977909145e-06,"代, 层, 级","-0.0000, -14.0625, -15.9003"
1295,迎 财神 这 [MASK] 神圣 的 任务 就 交给 我 老爸 了,项,个,-0.3403123617172241,"个, 项, 样","-0.3403, -2.4830, -2.7698"
1296,你 睇下 依 种 是否 你 上 [MASK] 想要 果 种 果仁,次,次,-0.40528860688209534,"次, 面, 身","-0.4053, -2.2763, -3.2102"
1297,"美文 故事 人生 有 三 [MASK] 东西 是 无法 隐瞒 的 咳嗽 贫穷 和 爱 你 想 隐瞒 , 却 欲盖祢彰 。",样,样,-0.28919413685798645,"样, 种, 个","-0.2892, -1.6602, -3.1187"
1298,第一 [MASK] 用 肯德基 网 上 订餐 。,次,次,-0.034064993262290955,"次, 个, 步","-0.0341, -4.5998, -5.7223"
1299,"真的 不 是 生气 , 就 是 感觉 你 这 [MASK] 人 怎么 配 活 在 这个 世界 上 , 把 你 的 所 做 所 为 拍成 电视剧 全 世界 人 都 得 买 机票 来 沈阳 朝 你 吐口水 。",种,个,-0.3636673092842102,"个, 种, 样","-0.3637, -1.3286, -4.2381"
1300,"此后 , 马来营 给 杜保乾 夫妇 送 过 各 [MASK] 高档 服装 , 以至 禁 不 住 向 杜保乾案 办案 人员 感叹",种,种,-0.10475990921258926,"种, 类, 样","-0.1048, -2.3843, -6.0669"
1301,古巨基 都俾 你 窒死 一 [MASK] 有 文化 咖人 的 幽默 林敏聪 你 系 得噶 人才,个,个,-0.17241650819778442,"个, 位, 群","-0.1724, -2.5183, -4.6827"
1302,你 知道么 刚刚 看到 一 [MASK] 很 有意思 的 问题 那里 可以 买 尼泊尔 佛像 ?,个,个,-0.02415967918932438,"个, 些, 条","-0.0242, -5.1037, -5.3960"
1303,", 我 投 给 了 激烈 的 PVP 战场 竞技场 这 1 [MASK] 选项 。",个,个,-0.0256493017077446,"个, 种, 项","-0.0256, -5.2496, -5.3706"
1304,"走出 教堂 , 迎面 看见 了 这 [MASK] 树 , 是 谁 种下 的 ?",棵,棵,-0.05538300797343254,"棵, 颗, 株","-0.0554, -3.6296, -4.8511"
1305,"哎 , 擦了 [MASK] 肩 !",个,下,-0.6924540996551514,"下, 把, 双","-0.6925, -2.2745, -2.7213"
1306,找 一 [MASK] 好 老婆 是 我 一 生 的 追求 。,个,个,-0.004362967796623707,"个, 位, 对","-0.0044, -5.7694, -8.0917"
1307,月 塘小禾 又 完成 了 一 [MASK] 市民 的 心愿 。,个,个,-0.4553801417350769,"个, 位, 些","-0.4554, -1.8268, -3.1091"
1308,"所谓 的 拜年 就 是 在 这 [MASK] 吃点 东西 再 跑到 那家 吃点 东西 , 回家 的 时候 就 饱 了 。",家,家,-0.0011297287419438362,"家, 个, 些","-0.0011, -8.5722, -8.8473"
1309,"一大早 起来 搞 卫生 , 出 一 [MASK] 汗 , 真 舒服 !",身,身,-0.09844513982534409,"身, 点, 把","-0.0984, -3.5674, -3.8778"
1310,你 啥时候 能 不 一 [MASK] 贱样 啊 喂 !,脸,副,-1.065606713294983,"副, 个, 点","-1.0656, -1.6420, -1.6673"
1311,"当日 , 安徽 黄山 风景区 雪后 放晴 , 罕见 的 瀑布 流云 从 始信峰 的 山坳 中 奔腾 而 下 , 汹涌澎湃 , [MASK] 山峰 在 云海 中 若隐若现 , 美轮美奂 , 似 海市蜃楼 , 蔚为 壮观 。",座,群,-0.5022616386413574,"群, 座, 个","-0.5023, -1.8782, -2.9920"
1312,我 当时 那 叫 一 [MASK] 晕啊 笑 语录 我 正 在 玩 微博 精选 看 短信 发微 博,个,个,-0.006118739955127239,"个, 声, 句","-0.0061, -6.2285, -7.0206"
1313,"昨天 碰到 一 [MASK] 朋友 , 她 女儿 去年 考上 了 P , 这 让 我 无比 的 羡慕 , 因为 P 是 这 附近 最 好 的 私立 学校 。",个,个,-0.5945733785629272,"个, 位, 些","-0.5946, -0.8361, -5.1078"
1314,噬魂师 粤语版 在 线 观看 噬魂师 粤语版 第 038 [MASK] 噬魂师 粤语版 全集 天 上 人间 动漫网,集,集,-0.0242324061691761,"集, 季, 卷","-0.0242, -4.6167, -5.7273"
1315,史 上 春节 前 最后 1 周 行情 揭秘 15 年 中 14 [MASK] 翘尾 财经 频道 东方 财富 网 分享 自,次,次,-0.9527601003646851,"次, 个, 股","-0.9528, -1.3237, -2.5591"
1316,"老公 酒醒 以后 早上 醒来 , 丈夫 对 妻子 说 , 咱们 家 有 鬼 , 昨晚 我 回到 家 , 去 厕所 , 一 开门 灯 就 自己 亮 了 , 还 有 一 [MASK] 寒气 逼 来 !",股,股,-0.08453826606273651,"股, 阵, 丝","-0.0845, -3.2977, -3.7469"
1317,"到 一 狒狒 [MASK] 前 , 飞晏 指 着 笼子 和 梁爽 说 看 , 佛佛 。",笼,面,-0.1161348968744278,"面, 眼, 身","-0.1161, -3.5100, -3.5741"
1318,食 饭 就 吃 鸡 鸭 鹅 过 [MASK] 年姐 用 不 用 天天 鸡 鸭 鹅 本来 我 很 喜欢 吃 鸡 的 衣架 听到 都 厌食 饭食 鸡食 饭食 鸭 食 饭食 鹅 我 要 海鲜,个,个,-0.5459145307540894,"个, 些, 点","-0.5459, -1.8179, -1.9061"
1319,我 一 [MASK] 人 一口气 喝 了 大 半瓶 竹叶青 。,个,个,-0.02883642166852951,"个, 家, 行","-0.0288, -4.4671, -4.4821"
1320,初一 到 初五 中国 教育 一 [MASK] 晚 十一点半 怪兽 档案,台,般,-1.7119390964508057,"般, 节, 号","-1.7119, -2.1023, -2.1553"
1321,"在 我 的 出走 计划 前 , 我 可以 有 [MASK] 放松 的 地方 !",个,个,-0.04726819321513176,"个, 些, 点","-0.0473, -3.7730, -3.9708"
1322,"假期 真 不 适合 忙 工作 , 半天 写 不 出 一 [MASK] 字",行,个,-0.6256427764892578,"个, 行, 篇","-0.6256, -1.3751, -3.4423"
1323,"小 米 自动 醒 了 亲昵 两 [MASK] 趴 我 身上 继续 睡 , 夜 静悄悄 人 的 思路 也 异常 清晰 , 喝 杯 温水暖胃 , 感觉 很 好 , 早安 !",下,个,-0.9603663086891174,"个, 下, 手","-0.9604, -1.8297, -2.0830"
1324,"gc 是 第二 天 同学 去 找 那 老板 说 要 退碟 , 那 老板 还 小声 的 嘀咕 了 一 [MASK] 为什么 要 退 啊 , 唱 的 蛮好 的 蛮好 的 。",句,句,-0.2306271195411682,"句, 下, 声","-0.2306, -2.1107, -2.8063"
1325,"又 是 一 [MASK] 人 , 接个 十 年 不 见 的 亲人 , 听 生辰 快乐 真 是 悲喜 交集 。",伙,家,-0.2694026231765747,"家, 个, 代","-0.2694, -1.7381, -4.5299"
1326,"厚 涂 的 质感 真心 很 棒 , 不过 Flash 永远 都 画 不 到 这 [MASK] 效果 了 。",种,种,-0.2990681827068329,"种, 个, 些","-0.2991, -1.4297, -4.7176"
1327,"小姨 生 了 [MASK] 妹妹 , 哈哈 , 六 斤 二 两 !",个,个,-0.019160514697432518,"个, 位, 双","-0.0192, -5.1805, -5.6993"
1328,"2 佛像 若 是 以 挂图 的 形式 , 应该 剪 一 [MASK] 一 元 大小 的 红 纸 贴 在 佛祖 莲座 上 或 座位 上 , 以 示 吉祥选 。",张,张,-0.10422684252262115,"张, 个, 块","-0.1042, -3.5263, -3.7565"
1329,"终于 做 了 [MASK] 了 决定 , 不管 对 不 对 都 不 能 后悔 , 也 回 不 了 头 了 , 只是 我 会 为 此 付出 代价 失去 最 亲 最 爱 的 宝贝 , 或许 只有 这样 才 能 回到 以前 , 很 痛苦 很 心疼",个,个,-0.5431501865386963,"个, 下, 对","-0.5432, -1.7204, -2.1724"
1330,"推荐 给 大家 一 [MASK] 不错 的 小 工具 眼 保健操 , 实用 又 方便 , 真的 很 赞 哦 !",个,个,-0.25524336099624634,"个, 些, 款","-0.2552, -2.3270, -2.7530"
1331,"Julia Fullerton Batten 的 青春期 故事 在 很多 摄影展 中 出现 过 , 她 巧妙 地 利用 逼真 的 电影 模型 场景 , 以 一 [MASK] 超",种,个,-1.7586092948913574,"个, 些, 次","-1.7586, -2.7485, -2.8072"
1332,"有 消息 说 , 由 於 精确 制导 炸弹 的 广泛 应用 , 美国 根本 不必 投入 六 [MASK] 航母 就 可 达到 很 好 的 作战 效果 。",艘,艘,-0.004670422989875078,"艘, 架, 枚","-0.0047, -5.9044, -7.6211"
1333,"新 既 一 年 , 我 最 大 的 愿望 就 系 [MASK] 死 鸡眼 好 翻太 烦 人 了",粒,个,-1.5014907121658325,"个, 把, 点","-1.5015, -1.9595, -2.3184"
1334,Oh 贞姐 的 重阳 各 [MASK] 美啊,种,种,-0.3781207501888275,"种, 位, 家","-0.3781, -2.3259, -2.3458"
1335,想 家 一 [MASK] 没有 欺骗 可以 擦干 眼泪 的 地方 。,个,个,-0.0994618833065033,"个, 样, 种","-0.0995, -4.1652, -4.4645"
1336,"Moumoon 哈雷路亚 最近 好 爱 这 [MASK] 歌 , 很 好听",首,首,-0.0055944356136024,"首, 些, 张","-0.0056, -6.7362, -6.7426"
1337,"红衣 女孩 叫 静宜 , 几 年 前 她 跟 穆林 的 那 [MASK] 邂逅 可能 是 老天 早就 注定 了 的 姻缘 。",次,次,-0.6216792464256287,"次, 场, 个","-0.6217, -0.8456, -4.1889"
1338,"就 是 早上 喝 了 一 [MASK] 珍养 牛奶 , 是 不 是 要 用 冷酸 灵 ?",瓶,杯,-0.9506418704986572,"杯, 瓶, 罐","-0.9506, -1.2758, -2.8882"
1339,我 那 [MASK] 烂 苹果 愁 了 我 一 晚上,个,个,-0.3913147449493408,"个, 颗, 棵","-0.3913, -2.0082, -3.4528"
1340,那 [MASK] 爱 着 油画家 的 我 。,个,个,-0.3152771294116974,"个, 样, 些","-0.3153, -2.2270, -2.3017"
1341,"我 参与 了 发起 的 投票 您 的 上网 主页 是 , 我 投给 了 其他 这 1 [MASK] 选项 。",个,个,-0.01115422323346138,"个, 种, 项","-0.0112, -5.6926, -5.7513"
1342,"今天 早晨 多亏 烧 锅炉 大爷 没烧 , 不 给 我 冻醒 都 赶 不 上 回家 的 2 [MASK] 汽车",路,辆,-0.9549497961997986,"辆, 号, 路","-0.9549, -1.8424, -2.1399"
1343,原来 Think Different 这 [MASK] 话 是 Lee Clow 和 他 的 团队 策划 出来 重塑 Apple 形象 的,句,句,-0.1838274747133255,"句, 段, 番","-0.1838, -2.1116, -3.9979"
1344,"大年 初一 的 , 打 了 三 [MASK] 小时 的 球 。",个,个,-0.00020047051657456905,"个, 点, 块","-0.0002, -10.6555, -10.9374"
1345,就 像 给 空喊 口号 者 当头 一 [MASK] 棒喝 。,记,顿,-0.18493324518203735,"顿, 个, 头","-0.1849, -2.4455, -3.5502"
1346,"翻到 了 好早 以前 微薄 的 一 [MASK] 测试 , 以前 以为 自己 真的 会败 , 而 现在 决定 赢 了 它 !",个,份,-1.3137094974517822,"份, 个, 本","-1.3137, -2.1128, -2.2741"
1347,每 一 [MASK] 生意 上 的 成绩 突破 超标 我 都 好 开心 !,次,次,-0.0870959535241127,"次, 个, 项","-0.0871, -3.2230, -4.3125"
1348,"于是 他 每 天 写 一 [MASK] 情书 放进 他 信箱 , 因为 他 知道 他 只 是 随口 说说 不 会 去 翻 信箱 。",封,封,-0.07259311527013779,"封, 份, 些","-0.0726, -3.1946, -4.7664"
1349,"已经 几 [MASK] 不 起来 昨天 是 几 点 入睡 的 , 昏昏 沉沉 的 一 觉 睡 到 现在 。",记,点,-0.04592294245958328,"点, 次, 个","-0.0459, -3.4762, -5.1928"
1350,"有 降落伞 , 蝴蝶结 , 旋风 , 各 [MASK] 礼炮 , 火花式 , 还 有些 不 知道 是 什么",种,种,-0.021788273006677628,"种, 类, 样","-0.0218, -4.0299, -6.3195"
1351,"看完 了 铁甲 钢 拳 , 有 [MASK] 儿子 真好",个,个,-0.10850193351507187,"个, 点, 些","-0.1085, -2.7052, -4.1523"
1352,几 多 [MASK] 可以 爱到 几 多 岁,对,次,-0.4442763924598694,"次, 点, 个","-0.4443, -2.6253, -3.2272"
1353,"赵本山 惜别 春晚 舞台 , 有点 惋惜 , 他 是 一 [MASK] 人 记忆 中 的 人物 。",代,个,-0.8523650169372559,"个, 代, 般","-0.8524, -0.9259, -2.1816"
1354,我 觉得 我 是 [MASK] 妈 !,个,个,-0.26983141899108887,"个, 张, 家","-0.2698, -3.3264, -3.6677"
1355,过 年 就 不 要 提 那 [MASK] 贱女人 。,个,些,-0.4836926758289337,"些, 个, 种","-0.4837, -1.6774, -1.7509"
1356,"明天 晚上 有 重大 活动 , 但愿 老天 能 帮忙 , 能够 一 [MASK] 小时 不 下雨 。",个,个,-0.002166291233152151,"个, 点, 些","-0.0022, -6.6420, -8.4671"
1357,今天 目睹 了 大 悦 城 zara 一 [MASK] 血战 我 只 能 说 那 姑娘 很 好 的 保护 了 她 爷们儿,场,场,-0.03334001451730728,"场, 次, 番","-0.0333, -3.9987, -5.2614"
1358,"设计 生活 发现 新鲜 小 叶子 , 大 用途 p Every leaf traps CO2 每 一 [MASK] 叶子 都 能 吸收 二氧化碳 , 拯救 树木 , 拯救 环境 , 拯救 地球 拯救 你 !",片,片,-0.11982809007167816,"片, 个, 颗","-0.1198, -3.4520, -3.7029"
1359,"整 [MASK] 人 就 我 喝酒 , 喝 了 快 五 瓶 , 晕",桌,个,-0.14186207950115204,"个, 群, 团","-0.1419, -2.2970, -5.0734"
1360,我 还是 觉得 那 [MASK] 傻夫夫 的 单纯 的 男生 更 让 人 倾心 阿,种,个,-0.9526489973068237,"个, 种, 些","-0.9526, -1.2467, -1.2553"
1361,"012712 向 苏昌茂 发起 竞技 挑战 , 成功 , 获得 了 20 点 经验值 , 20 [MASK] 银币",枚,点,-0.6377114057540894,"点, 枚, 个","-0.6377, -1.7897, -1.9500"
1362,"100 泰 [MASK] , 零钱",株,拳,-1.1711201667785645,"拳, 股, 面","-1.1711, -2.0704, -2.1225"
1363,"海南 这 [MASK] 天气 , 你 是 想 怎样 ?",种,种,-0.26569104194641113,"种, 个, 样","-0.2657, -1.8113, -3.1277"
1364,"我 就 去 了 , 是 不 是 就 是 有 的 人 非 得 让 金 希澈 每 [MASK] 想 亲近 中饭 的 行动 都 变 恶心 啊 ?",次,次,-0.07129717618227005,"次, 个, 种","-0.0713, -2.9205, -5.4509"
1365,"边 [MASK] 去 宵夜 啊 , 求 陪同",个,回,-1.5586740970611572,"回, 路, 下","-1.5587, -1.7507, -2.6474"
1366,"这 两 [MASK] 照片 太 坑 爹 了 , 以后 我们 可以 不 要 把 人 拍 那么 小 嘛 ?",张,张,-0.13592743873596191,"张, 组, 个","-0.1359, -2.4285, -3.8509"
1367,"都 是 你 , 大半夜 的 喊 吃 面 , 我 撑死 了 , 又 刷 了 一 [MASK] 牙 , 臭 猫 猫",遍,次,-0.8024885058403015,"次, 下, 口","-0.8025, -1.5451, -1.8919"
1368,"也 真的 好 想 你们 , 谁 让咱 不 能 一 [MASK] 电话 就 能 见 呢",个,个,-0.4620586633682251,"个, 通, 下","-0.4621, -1.0935, -4.4607"
1369,是 不 是 过 了 一 [MASK] 难忘 的 激动 的 十八 生日 呢 亲亲亲 哈哈张 总 策划 比 你 还 激动 类 还 有 最后 被 我 逼 出来 的 压轴 好 戏 真 幸福 可爱 这些 都 是 送给 你 的 pub 神马 的 知道 你 不 期 啦,个,个,-0.018713923171162605,"个, 段, 次","-0.0187, -4.9149, -5.5193"
1370,"第二 [MASK] 出锅 , 有 小宝 最 喜欢 的 腊肠 包",笼,盘,-1.3619532585144043,"盘, 次, 个","-1.3620, -1.8908, -2.1817"
1371,年货 太 多 [MASK] 里 也 只有 我 能 扛 起 吃光 它们 的 重任 了 !,家,家,-0.10088050365447998,"家, 眼, 手","-0.1009, -3.5694, -3.7069"
1372,"世事 匆匆 过 , 每 [MASK] 人 都 经历 着 不 一样 的 酸甜苦辣 , 或许 甘甜 , 或许 苦涩 , 只是 我们 都 要 面对 介已 有的 事实 , 接受 并 迈向 更 美好 的 地方 。",个,个,-7.081282819854096e-05,"个, 代, 种","-0.0001, -10.6949, -11.8546"
1373,今年 的 最后 一 [MASK] 菜 简直 就 是 经典 啊 好香,道,道,-0.037412676960229874,"道, 个, 盘","-0.0374, -4.1041, -4.8984"
1374,"冷 笑话 拍卖会 上 , 一 [MASK] 阔佬 对 大家 宣布 他 不慎 将 自己 的 钱包 丢 在 了 会场 , 内 有 现金 10000 元 , 谁 能 将 钱包 送 还 给 他 , 他 将 出 酬金 100 元 。",位,个,-0.6644014716148376,"个, 位, 名","-0.6644, -0.9565, -2.4182"
1375,失眠 有 [MASK] 想 自杀 的 感觉,种,种,-0.06176343187689781,"种, 点, 些","-0.0618, -3.0370, -4.7887"
1376,今天 亲自 下手 做 了 一 [MASK] 子 菜 不错 哈哈,桌,桌,-0.8513929843902588,"桌, 辈, 家","-0.8514, -2.3223, -2.5980"
1377,"说 爱 我 , 在 我 的 耳边 对 我 说 , 我 已经 真的 太 久 忘 了 这 [MASK] 心动 。",种,份,-0.28385651111602783,"份, 种, 个","-0.2839, -1.9708, -2.9557"
1378,"人 地 放假 一 [MASK] 身 就 得 中午 下午 同 晚上 , 而 我 一起 身 就 剩翻 下午 同 晚上",起,起,-0.0005784515524283051,"起, 下, 回","-0.0006, -8.3605, -9.0131"
1379,还 有 一 大 [MASK] 树叶 等 着 我 扫 呜呜 手 又 要 痛 了,堆,片,-0.29749512672424316,"片, 堆, 块","-0.2975, -1.8264, -3.8452"
1380,卡卡 又 名 一 [MASK] 花,支,枝,-1.1904361248016357,"枝, 朵, 束","-1.1904, -1.6133, -1.8170"
1381,"7300 多 万 [MASK] 的 中外 参观 者 , 在 中国 上海 世博会 联手 托举 了 一个 冉冉 升起 的 环球 梦想 。",人次,名,-0.15288780629634857,"名, 次, 位","-0.1529, -2.4168, -3.5859"
1382,"把 两 人 重叠 的 感觉 越来越 强烈 是 怎么回事 陌生 又 熟悉 的 怦然心动 , 果然 认真 喜欢 起 一 [MASK] 人 来 , 有些 感觉 是 比 恋爱 也 来 得 真实 的 。",个,个,-0.01790902018547058,"个, 些, 群","-0.0179, -5.1073, -5.4637"
1383,在 厦门 担心 五 元 买 不 到 一 [MASK] 面包 于是 给 了 十 元 只 是 在 遇到 他 又 向 路人 索要 面包 钱 时 不得不 感慨 厦门 物价 之 高,个,块,-1.1712864637374878,"块, 个, 包","-1.1713, -1.3682, -1.7648"
1384,"一 [MASK] 善于 浪漫 的 男人 , 必然 经历 过 很多 女人 的 训练 , 他们 的 浪漫 是 种 技巧 , 可以 对 你 , 也 可以 对 别人 。",个,个,-0.010971431620419025,"个, 位, 名","-0.0110, -4.9309, -6.1244"
1385,"一 黑人 司 机载 了 一 [MASK] 白人 母子 , 孩子 问 为什么 司机 伯伯 的 肤色 和 我们 不同 ?",对,对,-0.0017715281574055552,"对, 个, 群","-0.0018, -7.8574, -8.2941"
1386,1500 [MASK] 酒店 休息 。,回,回,-0.5520660877227783,"回, 点, 号","-0.5521, -2.5551, -3.0633"
1387,"后来 抽奖 , 又 抽到 一 [MASK] 笔 , 虽 不 算 好 , 总 比 什么 都 没有 的 人 强 。",盒,笔,-1.1676896810531616,"笔, 支, 把","-1.1677, -1.4595, -1.9724"
1388,"从 材料 的 角度 讲 , 找 一 [MASK] 能 把 咖啡 吸附 的 类似 冰块 的 材料 应该 不 是 难事 。",个,种,-0.38425207138061523,"种, 个, 块","-0.3843, -1.9733, -2.6606"
1389,给 大家 推荐 [MASK] 地方 是 上上 上 周 我 去 参加 朋友 搞 的 圣诞 派对 的 地方 游艇 俱乐部 在 老 码头 附近 又 一 装 B 圣地,个,个,-0.054537415504455566,"个, 下, 些","-0.0545, -3.2517, -5.5675"
1390,刘俐俐 张绍 刚 场 上 互掐 两 [MASK] 人 的 心理 素质 都 不 咋地 。,个,个,-0.01403194572776556,"个, 组, 队","-0.0140, -5.8721, -6.0848"
1391,"在 公交车 上 , 你 会 选择 哪 一 [MASK] 位置 坐 ?",个,个,-0.03456711396574974,"个, 种, 些","-0.0346, -3.4221, -8.2808"
1392,上传 了 14 [MASK] 照片 到 相册 一 花 一 世界 。,张,张,-0.02036789059638977,"张, 幅, 组","-0.0204, -4.8324, -5.1114"
1393,27 [MASK] 逆转 啊 !,分,章,-1.108328104019165,"章, 号, 楼","-1.1083, -2.2914, -2.7792"
1394,是 自己 亲手 造就 了 这 [MASK] 模样 。,幅,个,-0.36163759231567383,"个, 种, 副","-0.3616, -1.9378, -2.3294"
1395,"说 不 出口 我 有 多么 喜欢 你 , 这 多 无奈 , 可是 我 不 后悔 , 这 [MASK] 路 , 我 从来 没 想 过 自己 会 后悔",条,条,-0.47591304779052734,"条, 段, 个","-0.4759, -1.3524, -3.1720"
1396,"为什么 妇女 同志 的 聊天 内容 总是 別家 的 钱 啊 , 房子 啊 , 还 得 整 [MASK] 楼 都 听到 的 声调 , 为 毛呢",幢,栋,-0.48263707756996155,"栋, 幢, 个","-0.4826, -1.4596, -2.3319"
1397,"好久 没 认真 看 两 [MASK] 我 生命 中 最 亲 最 亲 的 人 , 我 似乎 从 不 敢 与 他们 四 目 相对 , 就 好像 对 他们 我 亏欠 了 前世 今生 。",个,眼,-0.3467523157596588,"眼, 个, 次","-0.3468, -1.5129, -3.3662"
1398,"我 在 年货 大街 开 吃 啦 doggy 在 小小 乐园 开 了 一 [MASK] 年货 大街 , 免费 吃 免费 玩 新年 过 太爽 !",条,家,-0.9635668992996216,"家, 条, 个","-0.9636, -1.1169, -1.4088"
1399,原来 挂彩 了 扇子 也 废 了 睡觉 睡觉 准备 下 一 [MASK] 刘小婷 要 hold 住,场,场,-1.524000644683838,"场, 季, 个","-1.5240, -2.3847, -2.6291"
1400,又 看 了 一 [MASK] 青春期 。,部,下,-0.8182637095451355,"下, 遍, 次","-0.8183, -1.8414, -2.0904"
1401,"刚刚 顾客 给 了 我 几 [MASK] 巧克力 饼干 , 也 不 推让 很 厚 脸皮 的 就 顺手 收下 了 !",包,个,-1.299790859222412,"个, 片, 块","-1.2998, -1.5367, -2.0936"
1402,lowlow 这 素 不 素 你 的 那 [MASK] 电摩 ?,辆,个,-1.017317771911621,"个, 辆, 台","-1.0173, -1.5770, -2.6718"
1403,"学生 时代 让 人 头疼 的 各 [MASK] 符号 阿尔法 贝塔 伽玛 德尔塔 伊普西隆泽塔伊塔西塔约 塔卡帕兰姆达米 欧纽克 西欧 米克隆 派柔西格玛 陶玉 普西隆弗爱凯普赛 , 大家 能 读出 多少 呢 ?",种,种,-0.09278769791126251,"种, 类, 个","-0.0928, -2.5480, -5.0370"
1404,"清 茶 一 [MASK] 送 闲人 , 余香 一 缕 伴君眠 。",盏,盏,-0.9439189434051514,"盏, 杯, 壶","-0.9439, -1.0962, -1.8537"
1405,穆里尼奥往 队员 手上 塞 小 纸条 三 [MASK] 锦囊 上面 写 了 啥图 分享 自,条,分,-0.7388702630996704,"分, 个, 级","-0.7389, -2.2787, -2.3417"
1406,睡 三 [MASK] 钟头,个,个,-0.13009841740131378,"个, 分, 点","-0.1301, -2.8402, -3.2940"
1407,"路虎 音速 飞行 时间 最 能 激发 我 极 速 渴望 的 3 [MASK] 歌曲 是 Don t Stop Believin Counterpoint Centerfield , 你 的 呢 ?",首,首,-0.026716383174061775,"首, 个, 支","-0.0267, -4.6846, -4.7069"
1408,一 [MASK] 桔子 。,盆,个,-0.9677093029022217,"个, 种, 片","-0.9677, -2.3129, -2.7732"
1409,"感冒 了 真 难受 , 鼻子 里 [MASK] 的 脑袋 昏昏 的 。",堵,堵,-0.609108567237854,"堵, 面, 头","-0.6091, -1.7563, -2.4284"
1410,在 平沙 真心 求 各 [MASK] 节目 啊 。,种,种,-0.3035852015018463,"种, 个, 类","-0.3036, -2.1126, -2.1914"
1411,回 [MASK] 家 总 那么 惊心动魄 !,个,回,-0.44236141443252563,"回, 家, 首","-0.4424, -1.7817, -2.9208"
1412,牺牲 这 [MASK] 东西 才 不 重要 !,种,些,-0.7478439211845398,"些, 个, 种","-0.7478, -1.1342, -2.0966"
1413,"其实 , 自 上月 开始 , 印尼 方面 就 曾 表示 , 将 对 非法 进入 印尼 海域 进行 捕鱼 的 外国 渔船 采取 严厉 措施 , 印尼 海军 总司令 前 [MASK] 时候 也 曾 警告 说 , 印尼 海军 将 击沉 在 印尼 海域 非法 捕鱼 的 外国 渔船 。",些,段,-0.3940964937210083,"段, 些, 个","-0.3941, -1.1251, -6.9028"
1414,“ 你 车上 有 二 [MASK] 第一流 的 配备 啊 !,套,手,-0.9633108377456665,"手, 种, 级","-0.9633, -2.4339, -2.5721"
1415,这 是 哪 [MASK] 学校 啊,间,个,-0.4170018434524536,"个, 所, 家","-0.4170, -1.8226, -2.1837"
1416,一 [MASK] 好 刀会 让 厨师 得心应手 !,把,把,-0.03988492488861084,"把, 手, 口","-0.0399, -3.9294, -5.3130"
1417,"剑侠 世界 我 在 万 花 谷 副本 , 这里 是 五千万 人 的 江湖 , 萝莉御姐 任 你 挑选 , 抱 [MASK] 妞儿 回家 过冬咯 !",个,个,-0.15794870257377625,"个, 起, 点","-0.1579, -2.6105, -3.8892"
1418,"人人 都 戴 着 一 [MASK] 面具 , 我 的 面具 是 真实 。",个,副,-0.8133628368377686,"副, 个, 面","-0.8134, -1.1508, -2.0261"
1419,"收 手机 就 收 手机 啦 , 随便 了 , 反正 时间 很 快 过大 不 了 一 两百 [MASK] 弄 部 二手 的 来",块,块,-0.2638114094734192,"块, 个, 回","-0.2638, -2.7513, -3.7227"
1420,"专心 做事 能够 耐 得 住 一 [MASK] 时间 暂时 的 寂寞 的 人 , 往往 可以 得到 较 长 时间 的 精彩 人生 !",段,段,-0.02393682673573494,"段, 些, 点","-0.0239, -4.0728, -5.9549"
1421,"那 时候 的 我 就 会 尴尬 的 看 着 他 , 他 每 [MASK] 都 笑 着 点头 承认 。",次,次,-0.0026415276806801558,"次, 个, 回","-0.0026, -6.4635, -8.1020"
1422,"OMG , 原来 菠萝 欧 Yi 然 一生 可能 会 爱上 9 [MASK] 人 , 还 不 赶快 来 看看 你 一 生 会 爱上 多 少 人",个,个,-0.0637514740228653,"个, 种, 次","-0.0638, -3.2385, -4.6367"
1423,修修 你 看 你 那 [MASK] 样 !,个,个,-0.02787880226969719,"个, 些, 点","-0.0279, -5.6767, -5.7017"
1424,"他 是 这块 大 陆上 一个 新 的 传奇 , 不仅仅 勾 动 了 众多 女孩 的 心 , 还 引来 了 无数 [MASK] 嫉妒 的 眼睛 。",双,双,-0.41494715213775635,"双, 个, 颗","-0.4149, -2.0721, -2.5009"
1425,58 [MASK] 正宗 川味 仅 125 元 !,团,家,-1.4784448146820068,"家, 道, 款","-1.4784, -1.6574, -2.4309"
1426,"今天 上午 去办 身份证 , 下午 两 [MASK] 课 没 上 , 微开 心呐 明天 最后 一 天 了 更 开心 了",节,节,-0.15907548367977142,"节, 堂, 门","-0.1591, -2.5117, -3.1542"
1427,漂亮 女 老师 惨遭 凌辱 http t cn z0eh6iY 儿 本色 走着瞧 Hello 树 先生 第一 [MASK] 血 4 黑暗 终结者 画 壁 万 有 引力 恶夜 惊魂 叶 问 前 传 一 夜 未 了 情仁寺 洞 丑闻 疯狂 的 赛车 男儿 本色 嫩模 写 真 德云社 weibo com 上线 男儿 本色,滴,滴,-0.1661062389612198,"滴, 个, 点","-0.1661, -4.0111, -4.3280"
1428,第一 [MASK] 见面 就 那么 亲热 真 是 让 人 受宠若惊,次,次,-0.015327072702348232,"次, 眼, 面","-0.0153, -4.2222, -7.9642"
1429,现在 发现 这 140 [MASK] 字 的 小 空间 里 已经 不 能 圆满 的 表达 我 的 想法 了 过好 每 一 天 。,个,个,-0.018063770607113838,"个, 块, 名","-0.0181, -5.1706, -5.6395"
1430,"现在 去 北京 这 [MASK] 中途 还 能 flyback 的 短差 居然 超重 5KG , 而且 感觉 里面 什么 都 丢 不 得 我 的 年龄 增长 都 体现 在 行李 重量 上 了 我 在 这里 首都 机场 T3 航站楼",种,个,-0.9391946792602539,"个, 种, 样","-0.9392, -1.2019, -2.3663"
1431,博阿滕 太 虎 奇兵 一 [MASK] 奎花 有点儿 软 可 有 可 无 。,员,号,-1.6480965614318848,"号, 般, 线","-1.6481, -2.0057, -2.7465"
1432,"吃饱 了 , 这 [MASK] 韩国 纸上 烧烤",点,家,-0.9173546433448792,"家, 个, 种","-0.9174, -1.4109, -3.1260"
1433,"第一 [MASK] 坐 磁悬浮 , 妈妈 , 我 回来 了",次,次,-0.0031483806669712067,"次, 个, 班","-0.0031, -6.5294, -8.6972"
1434,"最近 进步 多 5 [MASK] 半月 , 近来 安谷 有 不少 新 进步 , 如 前天 开始 便便 突然 变 条状 了 看 别人 吃喝 东 西 小 嘴巴 会 抿 啊 抿 , 好像 自己 嘴 里 也 有 好吃 的 一样 , 还 会 很 认真 盯住 别人 手 里 的 食物 研究 。",个,个,-0.003434110665693879,"个, 次, 只","-0.0034, -6.7775, -8.3637"
1435,家 里 一 [MASK] 少女 都 变成 已婚 妇女 了 。,个,些,-0.925246000289917,"些, 家, 个","-0.9252, -1.5097, -1.6297"
1436,"包括 2012 [MASK] 的 多 看 也 有 人 反应 说 字体 发虚 , 看来 原 系统 也 不 是 那么 不 好 的 。",版,版,-0.053474266082048416,"版, 次, 下","-0.0535, -4.1511, -5.3495"
1437,每 [MASK] 不 爱 舌吻 的 姑娘 都 是 因为 没有 遇上 真正 深爱 的 男人 陆琪,个,个,-0.031818781048059464,"个, 位, 次","-0.0318, -3.6835, -6.6705"
1438,找 [MASK] 女友 回家 过年 。,个,个,-0.10263001173734665,"个, 回, 位","-0.1026, -3.3168, -4.3864"
1439,"录制 番茄 春晚 的 当时 , 丝玛普 还 玩 了 抻面 的 呀 , 五 [MASK] 人 玩 的 哈皮 极 了 。",个,个,-0.005486071575433016,"个, 家, 口","-0.0055, -6.7773, -6.9805"
1440,"做 了 [MASK] 新 头发 , 喜欢",个,个,-0.11974887549877167,"个, 些, 点","-0.1197, -2.7968, -4.3415"
1441,"到 日本 两 天 了 , 分享 一些 见闻 , 1 住 的 前面 有所 小学 , 这么 冷 的 天 所有 小朋友 全 是 短裤 短 裙 , 一 [MASK] 长袖 校服 , 没有 毛衣 , 更 别 说 棉袄 , 真 是 太 佩服 !",件,身,-0.3177959620952606,"身, 件, 套","-0.3178, -1.7769, -3.2974"
1442,貌似 是 人生 第一 [MASK] 穿 牛仔裤 。,次,次,-0.00397116644307971,"次, 个, 回","-0.0040, -6.1183, -7.5711"
1443,"唔 记得 带 手机 , 俾多 [MASK] 你 电话 我 我 就 到 了",次,次,-1.3631846904754639,"次, 个, 架","-1.3632, -1.3886, -2.9590"
1444,"別 了 我 的 两 [MASK] 宝贝 , 想 你们 。",个,个,-0.03195354342460632,"个, 位, 只","-0.0320, -4.1759, -4.8517"
1445,分享 音乐 [MASK] 祝福 卓依婷,声,节,-1.2446945905685425,"节, 圈, 间","-1.2447, -1.7780, -3.1446"
1446,把 它 从 一 楼 搬到 五 [MASK] 累死 我 了 !,楼,楼,-0.0018932849634438753,"楼, 层, 级","-0.0019, -6.3726, -9.8471"
1447,"那些 嘴里 说 着 怕 对方 伤心 所以 不 愿意 拒绝 的 人 , 根本 就 是 想 脚踏 两 [MASK] 船 , 享受 被 人爱 的 滋味 。",条,只,-0.5383050441741943,"只, 条, 艘","-0.5383, -0.9105, -5.8294"
1448,你 说 对 我 是 谁 我 凭 什么 要求 你 按照 我 嘅喃法 去 做 再 一 [MASK] 心淡,次,颗,-1.077907681465149,"颗, 条, 次","-1.0779, -1.4468, -1.7230"
1449,"不管 哪 [MASK] 说法 , 既然 是 关虎屯 , 和 老虎 肯定 是 脱 不 了 干系 的 。",种,种,-0.12269001454114914,"种, 个, 家","-0.1227, -2.2577, -5.0898"
1450,"老师 的 短篇 小说 已经 出 了 好几 [MASK] 合集 了 没有 犯人 的 杀人 之 夜 , 交警 之 夜 , 怪笑 小说 ,",本,本,-1.1252832412719727,"本, 个, 部","-1.1253, -1.4484, -1.6657"
1451,"岛 上 资源 丰富 , 植被 茂盛 , 并 有 四 [MASK] 淡水 泉 。",眼,处,-0.4154362976551056,"处, 个, 座","-0.4154, -1.5865, -2.9218"
1452,"2012 赢 诺亚 方舟 船票 推荐 一 [MASK] 不错 的 活动 迎 2012 年 , 有 奖 转发 赢取 海洋 航行者 号 5 天 4 晚 免费 船票",个,个,-0.12494530528783798,"个, 些, 项","-0.1249, -2.9218, -4.2626"
1453,"当 老爸 苦恼 着 穿 哪 [MASK] 裤子 去 拜年 时 , 一旁 已经 被 问 得 不 耐烦 的 老妈 来 了 句 穿 你 妈 给 你 的 皮 。",条,条,-0.283799409866333,"条, 件, 种","-0.2838, -2.5786, -2.6639"
1454,"自从 老爸 老妈 来 了 以后 , 我 家 的 绿色 植物 明显 长势 明显 好转 , 还 多 了 一 [MASK] 水仙 , 老爸 老妈 好叻 。",盆,只,-1.5494686365127563,"只, 盆, 株","-1.5495, -1.9002, -1.9065"
1455,"冰糖 银耳羹 , 去火 的 我 现在 的 伙食 待遇 和 孕妇 一 [MASK] 标准 了",个,样,-0.448385089635849,"样, 个, 般","-0.4484, -1.1695, -3.6278"
1456,做 了 一 [MASK] 子 菜 就 为 吃 我 的 红油 卤水 牛肉粉 啊 !,桌,桌,-1.0602524280548096,"桌, 辈, 阵","-1.0603, -1.2085, -1.9754"
1457,"突然 想去 看 日出 很 想 去 感受 一下 日出 东方 无限 梦想 天马行空 的 感觉 , 一 [MASK] 大 笨 鸟 冲上 云霄 , 与 云层 摩擦 发出 充满 力量 的 声音 , 踏上 直 奔 梦想 的 航道 我 是否 在 描述 飞机 呢 ?",架,只,-0.05384644865989685,"只, 群, 个","-0.0538, -3.6299, -4.8583"
1458,"附近 有 [MASK] 二 逼 我 怀疑 不 是 发 神经 就 是 喝醉酒 , 大半夜 的 在 那 唱歌 , 还 跑调 , 喔 不 神 啊 , 救救 我 吧 , 让 我 睡觉 吧",个,个,-0.07053741812705994,"个, 位, 张","-0.0705, -3.4208, -4.2425"
1459,"顺着 靴子 往 上 望去 , 一身 黑衣 , 衬 得 白 靴 更为 刺眼 , 手臂 中 还 高高 地 举 着 一 [MASK] 马 鞭 , 只是 因为 老 驿卒 爬 起 得 快 , 这 一 鞭 才 没有 抽 下来 。",条,根,-0.5118154287338257,"根, 条, 把","-0.5118, -2.2666, -2.4964"
1460,"楼下 有 两 [MASK] 野猫 在 叫春 , 有点 吓人 。",只,只,-0.022214481607079506,"只, 条, 个","-0.0222, -4.7643, -4.9490"
1461,想起 第一 [MASK] 见 你 的 时候 已 被 深深 吸引 你 的 一举一动 你 的 一颦一笑,次,次,-0.17951257526874542,"次, 眼, 个","-0.1795, -1.8320, -6.2804"
1462,"自从 离家 来 港 后 , 每逢 入夜 , 望 着 那 [MASK] 静谧 地 亮 着 的 街灯 , 总会 想起 上海 家中 的 灯光 ... ...",盏,些,-0.8196464776992798,"些, 盏, 条","-0.8196, -1.1761, -3.1435"
1463,今天 早上 被 一 [MASK] 韭菜 饺子 打倒 了 !,个,个,-0.4457390010356903,"个, 顿, 包","-0.4457, -2.8191, -3.2493"
1464,发表 了 帖子 各 [MASK] 十 大 201112 赛季 NBA 十 大 中锋 !,类,队,-0.9754765629768372,"队, 项, 种","-0.9755, -1.5744, -1.6285"
1465,"我 没有 多么 高尚 , 这个 世界 只有 自己 才 会 珍惜 自己 , 别人 的 假面 [MASK] 言辞 都 是 他 妈 的 狗屁 , 我 要 让 自己 变 得 更加 强大 , 我 你 看 不 透",具,具,-0.011664626188576221,"具, 条, 套","-0.0117, -5.9297, -6.2831"
1466,铭记 心 又 完成 了 一 [MASK] 市民 的 心愿 。,个,个,-0.43825802206993103,"个, 位, 些","-0.4383, -1.9168, -2.8463"
1467,现在 吃 [MASK] 早饭 好 难 啊,个,个,-0.5204471945762634,"个, 点, 顿","-0.5204, -1.6693, -1.8992"
1468,谁 会 为 我 流 一 [MASK] 眼泪 ?,滴,滴,-0.10292105376720428,"滴, 把, 下","-0.1029, -3.5912, -4.4494"
1469,如果 再 洒 [MASK] 桂花 在 上面 就 完美 了 。,些,点,-0.5325354337692261,"点, 些, 个","-0.5325, -0.9525, -4.2682"
1470,先 喝 [MASK] 海鲜 汤解 解馋,个,杯,-1.20619797706604,"杯, 碗, 点","-1.2062, -1.2791, -1.4705"
1471,休息 下 老公 买 了 两 [MASK] 鸡腿,个,只,-0.8498027324676514,"只, 个, 条","-0.8498, -1.1540, -2.7670"
1472,"肆哲 周五 下班 手 捧 包子 在 落 小 雨 的 街 上 走 , 去 赴 一 [MASK] 拼音 授课 , 看 起来 落寞 又 悲惨 , 心 里 却 觉得 生活 对 我 足够 好 。",趟,场,-0.7898617386817932,"场, 个, 次","-0.7899, -1.8629, -2.5859"
1473,这 一 刻 回想 了 下 过去 的 一 年 突然 好 感动 啊 经历 了 年 前 的 诸多 不 顺和 各 [MASK] 挫折 终于 还是 笑 着 迎来 了 2012 家庭 和睦 最 重要 希望 来年 顺顺 利利 亲人 和 朋友们 都 身体 健康 事业 更上一层楼 努力 成为 农 商行 小开,种,种,-0.014775960706174374,"种, 类, 项","-0.0148, -4.6797, -6.1669"
1474,2 [MASK] 触动 了 而已 。,次,只,-1.5400474071502686,"只, 个, 点","-1.5400, -1.6875, -2.5671"
1475,"第四一六 学 区 , 四一一八 [MASK] 毕业 学员 终于 获得 最后 的 自由 。",届,届,-1.3454782962799072,"届, 班, 号","-1.3455, -1.5107, -2.2618"
1476,"在 一 [MASK] 感情 中 比 控制 不 住 自己 情绪 更 可怕 的 事情 还 有 很 多 , 比如 彼此 失去 信任 。",段,段,-0.02820013463497162,"段, 种, 份","-0.0282, -4.8575, -5.0370"
1477,qq [MASK] 208891444 希望 大家 能 家 哦 。,群,群,-0.19497708976268768,"群, 号, 间","-0.1950, -1.8017, -6.5953"
1478,"已 进入 龙年 , 愿 今年 自己 和 家人 有 [MASK] 好 身体 好 心情 好 空间 。",个,个,-0.00715772807598114,"个, 点, 份","-0.0072, -6.1561, -6.4516"
1479,"那些 年 , 我们 一起 追 的 女孩 为什么 那 一 [MASK] 请 你 继续 喜欢 下去 没有 说出口咧 !",句,句,-1.5207030773162842,"句, 次, 季","-1.5207, -1.6386, -2.2567"
1480,"新 老师 头型 像 [MASK] 老 太太 要是 心里 有 点 堵 , 那 就 上 山 打 老虎 !",个,个,-0.08600523322820663,"个, 张, 位","-0.0860, -3.6184, -4.0118"
1481,每 [MASK] 喜欢 榴莲 的 人 你 都 伤 不 起 啊 !,个,个,-0.03048412688076496,"个, 位, 次","-0.0305, -3.7813, -5.8815"
1482,"昨晚 做 了 [MASK] 好 真实 的 梦 , 醒来 后 把 我 给 吓 得 啊",个,个,-0.008340052329003811,"个, 件, 些","-0.0083, -6.0287, -6.4530"
1483,"原谅 我 , 这样 一 [MASK] 遥望 幸福 的 傻 女孩",个,个,-0.03658609464764595,"个, 位, 只","-0.0366, -3.7493, -5.8794"
1484,也 不 知道 会 是 哪 [MASK] 店 。,个,家,-0.1789693683385849,"家, 个, 间","-0.1790, -2.1103, -3.6851"
1485,简直 是 一 [MASK] 惩罚 !,种,种,-0.10330807417631149,"种, 个, 次","-0.1033, -2.5960, -5.1424"
1486,"尼玛 的 , 谁 在 骂 我 , 今天 打 了 十几 [MASK] 喷嚏 了 。",个,个,-0.06295394152402878,"个, 次, 只","-0.0630, -3.2844, -4.5510"
1487,"世界 上 最 有 内涵 的 一 [MASK] 图 对 , 又 是 凤姐 , 仔细 看图 找 亮点 !",张,组,-0.7593318223953247,"组, 张, 个","-0.7593, -0.9378, -2.6861"
1488,今年 过 年 去 老 公家 不 知道 冷 不 冷 心里 一直 有些 忐忑 这 可以 第一 [MASK] 不 在 爸 妈 身边 过 年 有 总 有点 怪怪 的 感觉 !,次,次,-0.007069363724440336,"次, 个, 季","-0.0071, -5.5792, -7.5843"
1489,我 要 出去 吃 东西 啊 吃 东 西 邓米 花卷粉 泸州 白糕 泡菜 抄手 冷 [MASK] 豆腐 鱼 如果 可以 的 话 也 吃吃 刨冰 吧 hiahia 还 有 神马 好吃 的,串,面,-0.3708518147468567,"面, 锅, 盘","-0.3709, -2.5989, -2.6035"
1490,"现在 心 中 已经 有 [MASK] 目标 , 靠 自己 , 我 行 的 。",个,个,-0.05836319550871849,"个, 些, 点","-0.0584, -3.6324, -4.0337"
1491,"前 几 天 拍 的 Pika 这 [MASK] 我 大 爱 啊 , 卡哇伊 !",张,个,-0.8190007209777832,"个, 张, 片","-0.8190, -1.1685, -2.6414"
1492,想 睡 [MASK] 一 天 一 夜 了,个,个,-0.4870263934135437,"个, 下, 家","-0.4870, -1.6722, -3.8282"
1493,"如果 一切 尽如人意 , 我 不 敢 想象 那 [MASK] 未来 。",种,个,-0.2891448140144348,"个, 些, 种","-0.2891, -2.0266, -2.3729"
1494,"除夕夜 十二点 , 和 小学 同桌 初 中 同桌 发 小 迎 着 新年 首 [MASK] 雪上 大龙山 烧 香 !",场,场,-0.8653972148895264,"场, 个, 轮","-0.8654, -1.4622, -2.0644"
1495,限制级 为 4 [MASK] 的 大 片 白雪雪 清純 妹妹 直播 可怜 的 富家 小 姑娘 露露 公主 金钻鼠 王千 年 之 爱 大力士 麦当娜 相爱 的 人 啊 世界 大物 雕龙 记 无敌 降落伞 要员 双 雄 雅典娜 战争 女神 日照 重庆 80 后 奋斗 记 终极 挑战 国语 版 忽然 情人,级,级,-0.16272564232349396,"级, 楼, 位","-0.1627, -3.2784, -3.5173"
1496,原来 三 [MASK] 月 了 。,个,个,-0.0013605667045339942,"个, 点, 下","-0.0014, -7.9252, -8.8187"
1497,是否 壓力 太過 了 導致 莪嚴重 失眠 呢 請賜 予莪 一 [MASK] 神仙 聖水,支,杯,-0.6386708617210388,"杯, 瓶, 滴","-0.6387, -1.3756, -3.6225"
1498,我 在 这里 虹桥 机场 2 [MASK] 航站楼 出发 回家 路上,号,号,-0.0005609774379990995,"号, 楼, 个","-0.0006, -8.4679, -8.9443"
1499,"半夜 起来 喂奶 , 渐渐 习惯 了 这 [MASK] 痛苦",种,种,-0.1414787322282791,"种, 个, 份","-0.1415, -2.6184, -3.6673"
1500,"新年 的 第一 [MASK] 饭 , 我 的 杰作 !",桌,顿,-0.05888910964131355,"顿, 碗, 盒","-0.0589, -4.2101, -4.6701"
1501,"早起 的 鸟儿 有 虫 吃 , 虽然 出面 好 冻 同 好好 眼训 , 但 依然 返 去 拜年 , 拿 [MASK] 好 彩头 啦 !",个,个,-0.5243182182312012,"个, 回, 下","-0.5243, -1.4131, -2.7498"
1502,"有 谁 可以 介绍 好看 的 电视剧 给 我 看 , 随便 那 [MASK] 年代 !",个,个,-0.011608545668423176,"个, 些, 种","-0.0116, -4.9867, -6.3455"
1503,年货 新疆 特产 和 田 枣红枣 特级 500g 新疆枣 和 田 大 枣子 2 [MASK] 包邮 批发 5488,件,个,-1.5288077592849731,"个, 包, 件","-1.5288, -2.0987, -2.2633"
1504,"但 为 表明 此 [MASK] 捐助 的 透明 程度 , 全程 一对一 , 捐款 直接 交付 刘挚斌 家属 , 汇款 也 请 直接 打入 刘挚斌 个人 帐号 。",次,次,-0.007655704393982887,"次, 项, 笔","-0.0077, -5.6541, -6.0261"
1505,在 预计 2012 年 会 售出 的 800 万 [MASK] EV 及 HEV 中 恐怕,辆,只,-1.043261170387268,"只, 个, 枚","-1.0433, -2.3885, -2.5652"
1506,"分别 的 时刻 终于 到 了 , 第一 [MASK] 离开 的 朋友 祝你 前程似锦 。",个,个,-0.43921875953674316,"个, 次, 位","-0.4392, -1.1870, -3.3845"
1507,在 各 [MASK] 瓶子 中间 看 西游记,种,个,-0.20091602206230164,"个, 种, 类","-0.2009, -1.8026, -5.6263"
1508,"针对 本 [MASK] 调控 中备 受 影响 的 房地产业 , 央行 行长 周小川 日前 表示",轮,轮,-0.02334861271083355,"轮, 次, 波","-0.0233, -3.7823, -8.9985"
1509,他们 两 [MASK] 各 方面 都 很 相似 !,个,个,-0.22772374749183655,"个, 家, 位","-0.2277, -2.4786, -2.6642"
1510,"算命 暗喜 因为 我 用 的 是 2012 [MASK] 新浪 微博客 户端 , 周边 的 人 上面 有 你 的 样子 和 天翼 智能 手机 标识 !",版,版,-0.2976325452327728,"版, 款, 号","-0.2976, -2.3636, -3.3793"
1511,"农历 除夕 和 正月 初一 , 从 南国 椰岛 到 北部 边陲 , 从 东海 前哨 到 雪域 高原 , 全 军 和 武警 部队 精心 安排 官兵 节日 生活 , 确保 官兵 过 一 [MASK] 欢乐 祥和 充实 而 有 意义 的 新春 佳节 。",个,个,-0.0009177364991046488,"个, 段, 份","-0.0009, -8.6117, -8.6134"
1512,爱情 是 两 [MASK] 人 相互 的,个,个,-0.01609228365123272,"个, 种, 群","-0.0161, -4.6143, -6.6494"
1513,一 [MASK] 简单 的 创意 菜 鸡蛋 碰 石头 一 转眼 就 剩下 了 石头 。,道,道,-0.7875316143035889,"道, 个, 种","-0.7875, -1.0389, -3.2385"
1514,总算 开始 了 快乐 大 本营 仔仔 新 天生 一 [MASK] 仔仔 加油 永远 爱 你,对,对,-0.9472857713699341,"对, 个, 枚","-0.9473, -2.1614, -2.4269"
1515,给 你 喜欢 的 角色 穿上 你 现在 穿 的 衣服 谁 来 把 我 拖 出去 打死 OTL 我 不 想 活 了 谁 来 给 我 几 [MASK] OTL,拳,分,-0.568875789642334,"分, 个, 点","-0.5689, -2.1377, -3.1693"
1516,我 听 过 这 [MASK] 专辑 MIKI 中谷美紀,张,张,-0.12309898436069489,"张, 个, 首","-0.1231, -2.6846, -4.2687"
1517,"可 刚才 一 听 到 妈妈 电话 , 才 说 几 [MASK] 话 就 想 哭 了 。",句,句,-0.015262615866959095,"句, 个, 次","-0.0153, -4.8642, -5.7687"
1518,"我 在 这里 , 农家 草鸡 汤 , 老豆腐 , 坐 等 老板 自己 腌制 的 第一 [MASK] 咸肉 我 在 这里 苏州市 吴中区",缸,口,-1.1280577182769775,"口, 道, 块","-1.1281, -1.1381, -2.5931"
1519,"一早 陪 外婆 去 医院 开药 , 看到 一 [MASK] 瘦小 的 婆婆 背 着 比 它 大 一 倍 的 老公 来 看 医生 !",个,个,-0.406807005405426,"个, 位, 只","-0.4068, -1.7517, -2.0824"
1520,花 了 70 [MASK] 的 冤枉钱 。,块,块,-0.24674640595912933,"块, 刀, 分","-0.2467, -3.0948, -3.6202"
1521,"爱情 都 是 自私 的 , 有的 人 哪怕 爱情 已 成 陌路 , 也 不 愿 放 爱 一 [MASK] 生路 。",条,条,-0.005611638072878122,"条, 个, 片","-0.0056, -6.5773, -6.8618"
1522,"哇 , 两 [MASK] 波 丧命 对攻 , 打到 光芒 四 射 !",队,波,-0.07175309211015701,"波, 个, 声","-0.0718, -3.2858, -5.5727"
1523,"可敬 可爱 的 李 老师 , 是 你 引 我 走 进 知识 宝库 的 大门 , 也 是 你 把 枯燥 的 数学 变成 了 甘甜 的 清泉 , 让 我 这 [MASK] 幼苗 茁壮 成长 。",棵,个,-1.0385260581970215,"个, 棵, 颗","-1.0385, -1.1228, -1.7031"
1524,"那样 很 烦 我 不 想 带 目的 的 去 接近 一 [MASK] 人 对味 就 当好 朋友 一心一意 处 , 不 对味 话多 不 必 多 说",个,个,-0.08213099837303162,"个, 些, 群","-0.0821, -3.3770, -4.0039"
1525,", 我 投给 了 AYUMI 这 5 [MASK] 选项 。",个,个,-0.01607859507203102,"个, 种, 项","-0.0161, -4.8724, -6.0170"
1526,看来 我 不 能 不 吃早饭 10 [MASK] 水饺 下肚 好 满足 KISS,个,个,-0.35207700729370117,"个, 粒, 块","-0.3521, -2.9111, -3.0613"
1527,起 了 [MASK] 大早 赶 火车,个,个,-5.912955748499371e-05,"个, 起, 次","-0.0001, -10.9874, -11.8775"
1528,"天 冷 的 时候 , 去 看 一 [MASK] 英伦 的 房子 。",所,下,-0.3236009180545807,"下, 个, 些","-0.3236, -2.2179, -3.0711"
1529,"集团 客户 部 有 美女 以前 从来 没 见 过 诶 , 看来 时 不时 的 还是 要 到 6 [MASK] 晃荡 晃荡 !",楼,楼,-0.28365907073020935,"楼, 层, 点","-0.2837, -2.3311, -3.5655"
1530,"幸好 找 老公 单位 安排 了 一 [MASK] 迪拜 办事处 的 宿舍 , 解决 了 大 问题 。",间,个,-0.7794949412345886,"个, 间, 家","-0.7795, -1.0327, -2.8425"
1531,这 [MASK] 的 明信片 统一 是 新年 祝词 了 啊哈,批,次,-0.29394879937171936,"次, 样, 家","-0.2939, -2.0721, -3.3861"
1532,"孩子 就 是 [MASK] 入侵者 , 先 是 入侵 身体 , 后来 是 入侵 生活 !",个,个,-0.03297513723373413,"个, 种, 位","-0.0330, -4.6178, -5.0759"
1533,"所 认啊 , 喝 酒 这 [MASK] 事儿 , 跟 工作 和 学习 是 一样 一样 地 。",档子,件,-1.116243600845337,"件, 回, 个","-1.1162, -1.4762, -1.7792"
1534,"对 此 , 相关 债权人 表示 质疑 , 认为 这 是 一 [MASK] 骗局 。",场,场,-0.6607303023338318,"场, 个, 种","-0.6607, -0.8810, -3.4683"
1535,尼玛 的 我 只 坐 到 过 火车站 你 给 我 来 [MASK] 中山 北路,个,个,-0.6643829345703125,"个, 点, 张","-0.6644, -2.6432, -2.8036"
1536,三 [MASK] 女人 饿疯 了 。,个,个,-0.021960439160466194,"个, 位, 名","-0.0220, -4.3199, -6.3080"
1537,回家 就 是 吃吃喝喝 rz 明天 还 得 跟 我 爹 一 [MASK] 吃 饭 愁 死 了 。,起,起,-0.03047877922654152,"起, 块, 样","-0.0305, -3.9792, -5.7628"
1538,限制级 为 4 [MASK] 的 大片 http t cn SaaXSy 疯狂 的 赛车 请 你 原谅 我 情书 我 相信 甜蜜 的 生活 相亲齐 上阵 幸福 不 拒绝 眼泪 哈 皮 父子 山楂树 之恋 双子 神偷 疯狂 的 背后 北非 海岸 的 火焰 真 假 医生 毛毛 的 故事 罗马 帝国 沦亡 录 Badboy 特 攻,级,级,-0.1141781359910965,"级, 位, 楼","-0.1142, -3.6596, -4.2524"
1539,老婆 其实 还 有 很多 话 要 说 却 一时 忘记 要 说 了 只有 默默 的 看 着 你 再 见 老婆 我 会 想 你 的 一 [MASK] 月 后 见,个,个,-0.002118027536198497,"个, 些, 把","-0.0021, -7.3797, -8.9363"
1540,"我 隐隐约约 听见 表哥 和 徐 媚 在 客厅 里 说 着 什么 , 接着 似乎 争吵 了 起来 , 我 挣扎 着 想 爬 起来 , 却 一 [MASK] 又 栽 在 了 床 上 。",头,头,-0.16140463948249817,"头, 下, 把","-0.1614, -1.9767, -4.7876"
1541,看看 这 [MASK] 混血儿 混美 可 不 可 爱 啊 !,只,个,-0.8767497539520264,"个, 些, 种","-0.8767, -1.1550, -2.6585"
1542,"一 [MASK] 眼睛 打动 , 中国 输 了 。",局,双,-0.1480015218257904,"双, 只, 个","-0.1480, -2.7318, -3.1913"
1543,我们 三 [MASK] 的 家当 这个 钱 蛮 好看 。,个,口,-0.5078070163726807,"口, 个, 代","-0.5078, -1.3922, -3.0256"
1544,爸爸 怕 料 不 够 问 那 大叔 说 一 [MASK] 料 能 给 它们 吃 多久 ?,包,份,-1.501149296760559,"份, 个, 点","-1.5011, -1.9072, -2.3906"
1545,"我 只 想 做 一 [MASK] 有 主见 的 女生 , 有 着 普通 的 外表 和 淡定 的 灵魂 。",个,个,-0.045330390334129333,"个, 名, 位","-0.0453, -3.5351, -4.3120"
1546,"我 的 简介 改为 怂月 一 [MASK] 岩扉松 径 长 寂寥 , 惟有幽人 自来 去 。",枚,号,-2.2898430824279785,"号, 声, 行","-2.2898, -3.1205, -3.1583"
1547,"韩国 经典 恐怖 电影人 形师 The Doll Master 2004 沈亨泽金 有 美林 恩京 五 [MASK] 模特 受到 美术馆 馆长 邀请 来到 位于 森林 的 美术馆 , 这个 美术馆 收藏 和 制作人 偶",位,位,-0.2576954662799835,"位, 个, 名","-0.2577, -2.1662, -2.4008"
1548,"今日 士嘉堡 东区 Malvern Town Centre 的 一 [MASK] 理发店 内 遭 枪击 , 已 无 生命 迹象 , 警方 正在 寻找 疑犯 。",间,家,-0.648736834526062,"家, 间, 个","-0.6487, -0.8192, -3.8866"
1549,父母 永远 喜欢 凌驾于 子女 头 上 摆出 一 [MASK] 高高 在 上 神圣 不 可 侵犯 的 姿态 。,副,副,-0.10994875431060791,"副, 个, 种","-0.1099, -3.0034, -3.3572"
1550,我 才 买 了 [MASK] 红衣吖 !,件,件,-0.22447539865970612,"件, 个, 条","-0.2245, -2.3366, -3.7198"
1551,"今晚 我 在 丈母娘 家 里 偷 了 一 [MASK] 旺仔 牛奶 , 我 想 去 打麻 将 就 可以 拿 出来 喝 , 没 人 看到 我 就 拿 起来 塞进 衣袋 把 拉链 拉上 !",罐,瓶,-0.7191454172134399,"瓶, 杯, 罐","-0.7191, -1.3371, -1.9537"
1552,"昨晚 做 了 [MASK] 让 我 无颜 以 对 梦 , 梦中 的 我 竟然 对 怀中 的 他 说 我 好 怕 死 , 如果 我 死 了 , 你 会 陪 我 一起 吗 ?",个,个,-0.02931143343448639,"个, 场, 次","-0.0293, -4.0824, -5.6619"
1553,下 [MASK] 的 酒 在 龙年,次,面,-0.2291605919599533,"面, 次, 口","-0.2292, -2.6793, -3.3457"
1554,"测测 能 代表 你 2012 运势 的 字 掐指一算 , 测 出来 是萌 , 解读 为 瞬间 勾萌 , 万千 宠爱 于 一身 , 一 [MASK] 受宠 。",世,路,-1.5681121349334717,"路, 起, 身","-1.5681, -1.7227, -2.4810"
1555,我 就 是 一 [MASK] 白痴 。,个,个,-0.041169337928295135,"个, 群, 只","-0.0412, -5.1132, -5.4088"
1556,"我 竟然 是 最后 一 [MASK] 离开 公司 的 人 , 要 不 要 这样 敬业 啊 , 关 电脑 关灯 关门 , 明年 见 啦 福 到 啦 招财",个,个,-0.045095786452293396,"个, 位, 次","-0.0451, -3.7811, -4.4978"
1557,是 一 [MASK] 以 雄险 的 山景 为 主体 特色 并 具有 一定 历史 文化 内涵 的 山岳型 国家级 风景 名胜区 。,处,个,-0.4321913421154022,"个, 处, 座","-0.4322, -1.4853, -2.5069"
1558,"外婆 终于 可以 睡 [MASK] 好 觉 了 粑粑 还 是 睡 的 那么 香 , 任凭 宝宝 哭 得 再 响 都 听 不 到 。",个,个,-0.0004709875793196261,"个, 顿, 回","-0.0005, -8.7870, -9.4141"
1559,"壮观 看 中国 10 大 地标 建筑 水 立方 不仅 是 一 [MASK] 优美 和 复杂 的 建筑 , 她 还 能 激发 人们 的 灵感 和 热情 , 丰富 人们 的 生活 , 为 人们 提供 记忆 的 载体 。",幢,座,-0.28236067295074463,"座, 个, 种","-0.2824, -1.8431, -3.0743"
1560,水 为 财 一 [MASK] 水 鱼 从化 来,班,般,-2.423229217529297,"般, 道, 个","-2.4232, -2.7716, -3.0106"
1561,"祝福 你 , 愿 你 有 [MASK] 安详 的 晚年 。",个,个,-0.0027688294649124146,"个, 份, 段","-0.0028, -6.9165, -8.3239"
1562,发表 了 博文 死亡 真相 死亡 真相 死后 是否 会 到 另 一 [MASK] 世界 继续 生存 ?,个,个,-0.0031485003419220448,"个, 种, 片","-0.0031, -6.0773, -8.7772"
1563,失眠 啊 完全 没有 睡意 肿么 办 各 [MASK] 听 没 效果 干瞪眼 儿 中,种,种,-0.04717952385544777,"种, 位, 个","-0.0472, -4.1411, -4.1919"
1564,今日 一 [MASK] 人 去 细 姨屋 企玩 !,家,行,-1.0452547073364258,"行, 家, 个","-1.0453, -1.2391, -1.7384"
1565,"如果 可以 拥有 一 [MASK] 特异 功能 , 我 想 要 瞬间 转移",项,个,-0.9332678318023682,"个, 种, 些","-0.9333, -1.0619, -2.1674"
1566,跟 着 我 的 三 [MASK] 女人 媳妇 闺女 和 丈母娘 一起 过 大年 。,个,个,-0.05656493455171585,"个, 位, 家","-0.0566, -3.1199, -6.7852"
1567,"在 一 [MASK] 上升 的 趋势 中 , 你 选择 做 多 , 正确 的 几率 会 很 大 , 失败 的 几 率 却 很 低 。",波,个,-0.17669762670993805,"个, 种, 波","-0.1767, -2.5971, -3.1224"
1568,"谁 来 一 [MASK] 打晕 我 , 这样 明天 就 不 用 上班 啦",拳,把,-0.851823091506958,"把, 拳, 下","-0.8518, -1.1391, -2.2616"
1569,"表面 相敬如宾 , 暗地 互 称 傻逼 这 是 一 [MASK] 什么 境界 ?",种,种,-0.11712804436683655,"种, 个, 门","-0.1171, -2.2899, -5.1166"
1570,"国际 影星 汤唯 受邀 赴 台 担任 台北 电影节 颁奖人 , 7 月 9 日 她 出席 主演 的 电影 晚秋 记者会 , 再度 被 问及 那 一 [MASK] 长 达 5 分钟 的 吻戏 时 , 汤唯 忆起 拍摄 过程 , 直言玄彬 很 害羞 。",幕,场,-0.6793426275253296,"场, 段, 幕","-0.6793, -1.1709, -2.0319"
1571,"鞭炮声 阻挡 不 了 我 的 事业 , 一 觉 睡 了 十七 [MASK] 小时 , 新 纪录 啊",个,个,-0.00022074035950936377,"个, 分, 点","-0.0002, -9.6319, -10.3332"
1572,"公司 5 [MASK] 蔓延 着 很 诡异 , 危机感 浓烈 的 气氛 。",楼,部,-0.6917049288749695,"部, 处, 面","-0.6917, -1.2397, -2.4924"
1573,"快 过年 了 , 打算 在 网 上 买 我 鬼妞 的 一 [MASK] 书 , 好好 犒劳 下 自己 , 因为 我们 这 木 有 卖妞 的 东西",本,本,-0.2144308239221573,"本, 套, 些","-0.2144, -2.3761, -2.9500"
1574,"一 [MASK] 带毛 的 大痣长 那里 , 就 知道 传 是非 , 挑拨 离间 。",颗,颗,-0.49680107831954956,"颗, 个, 只","-0.4968, -1.8253, -3.4022"
1575,复习 概率 的 孩子 看到 亨利 站 在 温布利 球场 重新 穿上 阿森纳 的 队服 心底 就 是 一 [MASK] 莫名 的 感动 啊 welcome home henry,阵,种,-0.09991955757141113,"种, 阵, 股","-0.0999, -3.5568, -3.8390"
1576,看 你 曾经 看 过 无数 [MASK] 的 风景 。,遍,次,-0.14983786642551422,"次, 遍, 样","-0.1498, -3.0329, -3.3509"
1577,"下文 男生 对 昨夜 球场 摆酷 , 看见 恐龙 撞 树 , 恐怖 恐怖 , 可怜 那 [MASK] 小 树 !",棵,棵,-0.3019060492515564,"棵, 颗, 些","-0.3019, -2.5291, -3.1034"
1578,我 在 爱奇艺 高清 看 了 铠甲 勇士 刑天 第 60 [MASK] 最后 的 战役 分享 自,集,集,-0.2570703327655792,"集, 章, 回","-0.2571, -1.9449, -4.0419"
1579,"发表 了 博文 播阳镇 人民 政府 助纣为虐 见证 地方 邪恶 势力 以 有碍 风水 强拆 的 合法性 播阳镇 人民 政府 助纣为虐 见证 地方 邪恶 势力 以 有碍 风水 强拆 的 合法性 今天 早上 上网 , 映入 眼帘 的 第一 [MASK] 新闻 就 是 村委",则,条,-0.3679821193218231,"条, 个, 则","-0.3680, -1.9683, -1.9846"
1580,"不 是么 , 一 [MASK] 的 梨花带 雨 , 一 宿宿 的 夜不成眠 , 以及 所有 的 惆怅 迷茫 , 困惑 忧伤 , 狠狠 的 冲刷 着 我 的 内心 , 最终 现出 梦想 的 俊朗 模样 , 留 这 更 坚实 的 部分 陪 我 颠沛流离 , 斩 获 希望 。",次,路,-0.21245482563972473,"路, 次, 场","-0.2125, -2.9386, -3.1172"
1581,执 着 这 两 [MASK] 字 有 这么 难 吗,个,个,-0.0022321799769997597,"个, 行, 笔","-0.0022, -6.4151, -9.1178"
1582,施华洛世奇 旋转 水滴 批发 60203800 元 近期 售出 2 [MASK] 地址,件,个,-0.39804065227508545,"个, 家, 处","-0.3980, -2.9821, -3.3389"
1583,"一 [MASK] 狼籍 , 一边 收拾 一边呕",片,片,-0.817238450050354,"片, 身, 脸","-0.8172, -0.9169, -3.9383"
1584,"如果 我 是 導演 , 跳兩 [MASK] 就夠 了 中時 20120113",次,次,-1.1674429178237915,"次, 段, 幕","-1.1674, -1.8960, -2.1856"
1585,"脑海 转瞬 即逝 学时 嬉戏 雪地 画面 让 心生 一 [MASK] 波澜 , 但 很 快 回复 平静 。",季,丝,-0.601736307144165,"丝, 阵, 股","-0.6017, -1.7480, -1.9214"
1586,"哈哈 , 刚才 做 了 一 [MASK] 52 心理 年龄 测试 , 发现 我 的 心理 年龄 27 岁 , 与 我 的 实际 年龄 相差 5 岁 。",次,个,-0.610159158706665,"个, 次, 项","-0.6102, -1.1403, -3.9016"
1587,上传 了 1 [MASK] 照片 到 相册 我们 仨,张,张,-0.02303951047360897,"张, 个, 幅","-0.0230, -4.7356, -5.5520"
1588,如果 有幸 我 想 嫁给 一 [MASK] 会 照相 的 人 他 不 一定 是 摄影师 但是 在 他 眼 里 我 是 最 美 的 风景 。,个,个,-0.018878759816288948,"个, 位, 名","-0.0189, -4.0875, -7.0635"
1589,爆潮 VANS ERA 海蓝 浅蓝 配色 显 的 超级 清爽 干净 HF 钢印 大 底 尺码 37 [MASK] 内 长 235 特价 298 样品 鞋,码,码,-0.18494436144828796,"码, 号, 身","-0.1849, -3.2532, -4.0171"
1590,你们 还 有 几 [MASK] 草莓 啊 ?,锅,个,-0.5014297962188721,"个, 棵, 颗","-0.5014, -2.3460, -2.7769"
1591,昨晚 做 了 一 [MASK] 奇怪 的 梦但 景色 狠 美 。,个,个,-0.019898811355233192,"个, 场, 些","-0.0199, -4.8977, -5.4294"
1592,"怕 我 爱 的 人 不 出现 , 出现 的 人 不 喜欢 , 又 不 愿 改变 对 爱 的 执着 , 静静 地 等待 着 那 [MASK] 天荒地老 。",份,个,-0.4706459641456604,"个, 份, 些","-0.4706, -2.3645, -2.3889"
1593,我 竟然 被 [MASK] 惊心 感动 的 哭哭啼啼 !,步,家,-1.3854435682296753,"家, 所, 点","-1.3854, -2.0030, -2.8323"
1594,怎么 感觉 在 说 某 [MASK] 学院 ?,间,个,-0.15405826270580292,"个, 些, 所","-0.1541, -2.5916, -3.2051"
1595,"我 哥们 说 他们 全家 在 攒钱 买 骨灰盒 和 坟地 , 想 活 这 住 得 憋许 , 死 了 弄 [MASK] 宽敞 的 盒子 和 坟地 , 也 装会爷 。",个,个,-0.2286146879196167,"个, 点, 块","-0.2286, -2.6645, -3.1478"
1596,闻到 那 [MASK] 酒味 真心 喝 不 下去 !,股,股,-0.2053237408399582,"股, 种, 点","-0.2053, -2.2957, -3.9327"
1597,"吃 咖啡 额宁 年年 要 闻 着 那 [MASK] 刺鼻 的 大蒜 味儿 , 痛苦 得来 一 天 世界 !",股,股,-0.3855670094490051,"股, 种, 些","-0.3856, -1.5929, -2.7850"
1598,"迪斯尼 的 一旦 里面 有 缺货 的 , 给 我 一 [MASK] 25 off 的 code , 又 来 诱惑 我",个,个,-0.13522082567214966,"个, 张, 套","-0.1352, -2.9251, -4.4318"
1599,ZARA 进门 就 是 两 [MASK] 穿 了 打折 的 模特 哈哈,排,个,-0.27280470728874207,"个, 位, 名","-0.2728, -1.6539, -4.4772"
1600,知 不 知道 是 什么 棉花糖 啊 物 [MASK] 去,块,件,-0.9432073831558228,"件, 种, 等","-0.9432, -1.4070, -2.4815"
1601,明天 上 完 最后 一 [MASK] 班 !,个,个,-0.8731824159622192,"个, 堂, 节","-0.8732, -1.4246, -1.5663"
1602,", 我 投给 了 金贤 重 这 3 [MASK] 选项 。",个,个,-0.01765795238316059,"个, 种, 项","-0.0177, -4.9042, -5.5486"
1603,", 我 投给 了 文科 给力 这 1 [MASK] 选项 。",个,个,-0.015932386741042137,"个, 项, 种","-0.0159, -5.4601, -5.9202"
1604,"江西 九江 龙 凤 胎 一 死 一 伤 1 月 10 日 , 都 昌 周溪镇 家家福 超市 门 前 摆放 着 一 [MASK] 男婴 尸体 , 身边 是 圣元 优 博 奶粉 。",具,具,-0.0039255679585039616,"具, 只, 个","-0.0039, -7.0773, -7.2642"
1605,"小 废物 于 大 废物 没有 分开 , 只是 她们 去 了 另外 一 [MASK] 空间 。",个,个,-0.06669799983501434,"个, 片, 种","-0.0667, -4.3391, -4.3869"
1606,"我 今天 从 龙湖 西苑 走路 到 软件园 , 那 不 是 一般 两 [MASK] 的 远 。",般,步,-0.5097282528877258,"步, 点, 分","-0.5097, -2.2593, -2.6831"
1607,2012 春运 我 觉得 28 [MASK] 放票 就 该 实名制 怎么 就 不 怕 垄断 老百姓 就 不 怕 买 不 到 票 了,号,点,-0.7377808690071106,"点, 号, 分","-0.7378, -0.8434, -3.6191"
1608,推荐 一 [MASK] 纯 音乐 风 居住 的 街道 风住街,曲,条,-0.8102149367332458,"条, 些, 个","-0.8102, -1.0568, -2.2135"
1609,今 个儿 终于 睡 了 [MASK] 懒觉 。,个,个,-0.010047315619885921,"个, 点, 些","-0.0100, -5.8282, -6.9595"
1610,对 说亲 你 加 我们 QQ 群 一起 玩 你 画 我 猜 我们 需要 你 这 [MASK] 高 玩 !,位,样,-0.4859123229980469,"样, 个, 种","-0.4859, -1.9092, -2.5021"
1611,逗 馒头 大 笑 秘笈 1 做 鬼 脸 2 [MASK] 怪声 3 做 鬼 脸 加发 怪声 。,发,发,-0.0007449181866832078,"发, 个, 点","-0.0007, -8.9956, -9.1755"
1612,"南方 周末 在 哈佛 谈 辛亥 辛亥 革命 100 周年 , 正 值 哈佛 建校 375 年 纪念 , 哈佛 大学 一 周 之内 连续 举办 了 两 [MASK] 有关 辛亥 革命 的 研讨会 。",场,次,-0.5350208878517151,"次, 场, 届","-0.5350, -1.0812, -3.2944"
1613,", 我 投给 了 王珞丹 据说 开场 舞 这 1 [MASK] 选项 。",个,个,-0.017463352531194687,"个, 项, 种","-0.0175, -5.1927, -5.8181"
1614,"在 我 生日 这 一 天 替 你 许 [MASK] 愿 , 祝 你 有 风 无 浪 你 懂 的 !",个,个,-0.020784184336662292,"个, 些, 点","-0.0208, -4.8697, -5.0518"
1615,iPhone 4S 今日 开售 看 着 那些 排队 去 买 4 s 的 人 真的 跟 穷 二 [MASK] 没什么 两样,代,代,-2.145769485650817e-06,"代, 辈, 下","-0.0000, -14.2252, -15.7454"
1616,"成 一 [MASK] 人物 小品 , 款 为 诸法无相 , 能 除 一切 苦 。",张,幅,-1.3522075414657593,"幅, 部, 个","-1.3522, -1.9815, -2.0123"
1617,下午 三节 课 两 [MASK] 课 看 电影 哈哈,节,节,-0.009238587692379951,"节, 个, 门","-0.0092, -5.6311, -6.7299"
1618,"想到 我 八月 了 的 大 熱天 下午 三點 去 拿 花 , 三 [MASK] 去 仟吉領 蛋糕 , 自己 選半天 的 香水 和 裙子 , 為除 了 我 媽以外 的 人 策划 半個月 的 生日 。",次,点,-0.41143369674682617,"点, 班, 分","-0.4114, -2.9049, -3.4899"
1619,U [MASK] 坏 左 啊 。,盘,点,-2.1527466773986816,"点, 个, 发","-2.1527, -2.3018, -3.1542"
1620,"一 脸 错愕 的 司机 和 一 [MASK] 你 看 我 干嘛 的 我 对视 了 良久 , 我 才 啊啊 啊啊 啊 莫 不 是 天 太 冷 把 脑子 冻坏 了",脸,脸,-0.27072644233703613,"脸, 副, 个","-0.2707, -2.3681, -2.7553"
1621,颠沛流离 两 [MASK] 半 小时 终于 从 虎门 回到 南城,个,个,-0.0003041491436306387,"个, 点, 条","-0.0003, -9.4637, -10.1615"
1622,"总局 不 让 拍 穿 越剧 , 这 春晚 就 弄 出来 一 [MASK] 批判 穿越 的",个,个,-0.70674067735672,"个, 场, 些","-0.7067, -3.0229, -3.0416"
1623,"想到 那些 成绩 优秀 的 , 比 自己 强 的 都 是 从 小 生活 在 音乐 的 环境 里 , 我 的 童年 却 是 八 [MASK] 环书 , 所谓 的 知识 的 海洋 。",面,面,-0.09639754891395569,"面, 本, 卷","-0.0964, -3.4954, -4.7212"
1624,"跟 聊 了 3 [MASK] 小时 的 电话 , 从 高中 认识 聊 到 现在 的 生活 , 能 跟 你 一起 走 过 , 笑 过 , 哭过 的 朋友 真的 不 多 珍惜 所有 我爱 的 你们",个,个,-0.0004507722915150225,"个, 点, 次","-0.0005, -9.4695, -9.5711"
1625,"4 刘禅 的 经历 告诉 我们 富 二 [MASK] 自己 没有 本事 , 即使 有 再 牛 的 职业 经理人 也 难免 被 兼并 的 命运 。",代,代,0.0,"代, 层, 辈","0.0000, -16.7625, -16.9261"
1626,三 [MASK] 奖 出现,等,等,-0.01510999258607626,"等, 级, 分","-0.0151, -5.7730, -6.7418"
1627,"拉倒 , 一 [MASK] 人 怎么 做 !",个,个,-0.3446795344352722,"个, 般, 群","-0.3447, -1.9859, -2.8425"
1628,成 [MASK] 巡逻队 甘,个,员,-0.6340101361274719,"员, 本, 团","-0.6340, -2.4392, -3.0320"
1629,就 这个 灰机 让 我 等 了 十五 [MASK] 小时,个,个,-0.00022908688697498292,"个, 分, 点","-0.0002, -9.4390, -10.1499"
1630,"春运 期间 数十亿 [MASK] 的 流动 , 怎么 弄 也 运 不 完 。",人次,次,-1.47709321975708,"次, 股, 块","-1.4771, -2.0199, -2.2824"
1631,只 係饮 左 一 [MASK] 块面 就 红 到 马骝屎 忽咁 打工 的 孩子 伤 不 起 呀,罐,点,-1.9213733673095703,"点, 个, 片","-1.9214, -2.1178, -2.5448"
1632,"每 [MASK] 月 总 有 那么 几 天 心情 不 好 , 别 惹 我",个,个,-0.00019021650950890034,"个, 次, 本","-0.0002, -9.4102, -10.3784"
1633,上传 了 15 [MASK] 照片 到 相册 高高 高丽棒,张,张,-0.007687838282436132,"张, 个, 幅","-0.0077, -5.8426, -6.4552"
1634,"今天 一 [MASK] 男 的 问 我 要 照片 , 我 多 羞涩 的 给 他 说 我 长 得 太 丑 了 , 冒 得 勇气 照相 啊 。",个,个,-0.04945916682481766,"个, 位, 名","-0.0495, -3.2433, -5.9709"
1635,"一 夜 醒来 , 满 眼 银装素裹 , 白色 雪 下 , 一 [MASK] 红 花 含苞 待放",枝,朵,-0.2464112639427185,"朵, 片, 枝","-0.2464, -3.4584, -3.4630"
1636,坤記 果然 無改錯 [MASK] 明顯 是 人 的,名,版,-1.7418172359466553,"版, 只, 本","-1.7418, -2.4355, -2.5206"
1637,本 想 来 [MASK] 优雅 淡定 的 旅途 的 。,个,趟,-1.0051424503326416,"趟, 段, 场","-1.0051, -1.3468, -1.7711"
1638,十二 星座 隐藏 最 深 的 一 [MASK] 白羊座 很 居家 金牛座 耍心眼 双 子座 默默 落泪 巨蟹座 超级 冒险 家 狮子座 装傻 处 女座 花心 好色 天秤座 小气 鬼 兼 007 天蝎座 常 被 骗 射手座 原则 不 改 摩羯座 浪漫 多情 水瓶座 低调 双 鱼座 理性 的 工作狂 点 开大 图 更 精彩,面,面,-0.5020036697387695,"面, 点, 个","-0.5020, -1.3465, -3.6482"
1639,"寒潭 锦鲤 , 始终 热爱 这 [MASK] 清冽 深潭 独自 游弋 的 小 鱼 。",尾,条,-0.4369907081127167,"条, 些, 只","-0.4370, -2.0204, -2.2113"
1640,"真 幸福 , 跟 弟弟 去扫 了 些 吃 的 , 哈哈哈 那 是 一 [MASK] 劲儿 的 高兴 啊 !",个,个,-0.03477691859006882,"个, 股, 把","-0.0348, -3.6076, -6.7565"
1641,"原来 跟 超市 收银员 , 差头 司机 这些 不 认识 的 人 说 新年 快乐 是 [MASK] 很 快乐 的 事 啊 !",件,件,-0.014263000339269638,"件, 个, 种","-0.0143, -4.3556, -7.7044"
1642,镜中 张枣 只要 想起 一 生 中 后悔 的 事 梅花 便落 了 下来 比如 看 她 游泳 到 河 的 另 一 岸 比如 登上 一 [MASK] 松木 梯子 危险 的 事 固然 美丽 不如 看 她 骑 马 归来 面颊 温暖 羞涩 。,株,个,-1.328566551208496,"个, 段, 条","-1.3286, -2.1635, -2.3231"
1643,我 一定 是 傻 了 玩 这么 [MASK] 毫 无 营养 的 游戏 玩 到 现在 都 这么 晚 了 赶紧 睡觉 去,个,个,-0.3327006995677948,"个, 些, 点","-0.3327, -2.6854, -2.9512"
1644,"乔布斯 表示 不 甘 示弱 视频 比尔盖茨 向 我国 人民 拜年 恭贺 新 禧 新春 之 际 , 微软 创始人 比尔盖茨 也 不 忘 向 中国 人民 恭贺 新禧 , 道 一 [MASK] 春节 快乐 。",声,声,-0.0004641894774977118,"声, 个, 句","-0.0005, -8.4752, -9.0246"
1645,"对 鞋 湿嗮 , 浸嗮 水 , 今日仲 提前 买佐 [MASK] 饭 返工 , 返 到 餐厅 换 完衫 , 跟 着 就 俾人 cut 佐班 。",个,班,-0.4599941372871399,"班, 餐, 次","-0.4600, -1.3128, -4.4594"
1646,"又 是 一 [MASK] 闪电 , 将 眼 前 的 树林 照 得 如 白昼 , 赵辰 的 心 跳动 得 如 叶尖 急速 滴落 的 雨点 一样 快 。",道,道,-0.04565532132983208,"道, 阵, 个","-0.0457, -4.2068, -4.6465"
1647,只有 我 和 白薯 二 [MASK] 人 。,个,个,-0.006620398722589016,"个, 种, 家","-0.0066, -6.3592, -7.1840"
1648,"昨儿 和 LG 去 血 拼 了 一下 , 哈哈 收获 木 老老滴有哇 , 给 我 从 内 到 外 都 买 新 得 了 , 哈哈 , 不过 可 怜 [MASK] LG 大大 的 出血 呀",滴,下,-1.761399745941162,"下, 家, 个","-1.7614, -1.9748, -2.2949"
1649,"同 看 那些 年 , 我 們一起 追 的 女孩 雖然 我們 很 失望 , 因為 把 好看 的 三 [MASK] 鐘刪 了 但 我 們懷 著 好看 的 心情 去 看 的 。",分,分,-0.00037605679244734347,"分, 只, 句","-0.0004, -9.3980, -10.1805"
1650,"我 参与 了 发起 的 投票 你 希望 龙俊亨 和 具荷拉 在一起 吗 , 我 投给 了 只要 龙 喜欢 这 1 [MASK] 选项 。",个,个,-0.015371983870863914,"个, 项, 种","-0.0154, -5.3891, -5.8643"
1651,"大家 都 写 字 画画 的 , 偶 就 来 放 [MASK] 孔明 灯 吧 !",个,个,-0.5988513231277466,"个, 点, 些","-0.5989, -1.0938, -3.2509"
1652,讨厌 这 [MASK] 不 下雨 地上 还 湿湿 的 天气 。,种,种,-0.33293241262435913,"种, 样, 个","-0.3329, -1.5292, -3.2592"
1653,"某 人 用完 我 手机 后 , 我 QQ 头像 变成 一 [MASK] 奶牛 和 一 草原 了",头,头,-0.827339231967926,"头, 只, 个","-0.8273, -1.2841, -2.3045"
1654,"大半夜 的 竟然 还 有 很多 加 V 的 的 童鞋们 没有 睡觉 大部分 还 是 官方 微博 真的 很 想 问 一 [MASK] 亲 大半夜 的 加班 , 有 3 倍 工资么 ?",句,下,-0.40824654698371887,"下, 句, 声","-0.4082, -1.8544, -2.2413"
1655,这里 向 您 推荐 一 [MASK] 隐藏 餐厅 的 设计 方案 。,个,种,-1.1830097436904907,"种, 些, 个","-1.1830, -1.2894, -1.3451"
1656,烦 得 一 [MASK] CNM,笔,身,-1.450482726097107,"身, 家, 世","-1.4505, -2.5620, -3.2672"
1657,"第一 [MASK] 专门 录视频 , 讲 得 自己 都 没有 信心 了 。",次,次,-0.03235745057463646,"次, 个, 段","-0.0324, -5.7741, -5.7995"
1658,最后 一 [MASK] 班会 。,个,次,-0.1374378353357315,"次, 个, 场","-0.1374, -2.6313, -3.6005"
1659,明天 要 知道 语文 成绩 了 怎么 办 一 想到 改卷 老师 会 耻笑 我 的 作文 水平 是 如此 低下 我 就 想 滚 地 明天 会 不 会 被 肥强 和 思娟 骂 [MASK] 狗血淋头 呢 但 愿 不 会 吧 求全 级 前 50,个,个,-0.004735099617391825,"个, 些, 点","-0.0047, -6.8698, -7.5397"
1660,"下班 前 在 58 上 发 了 一 [MASK] 雷 人 的 招聘 , 结果 奇迹般 在 回家 的 路 上 就 接到 面试者 的 电话 问 应聘 邮箱 。",则,个,-0.6018097400665283,"个, 条, 篇","-0.6018, -1.8736, -2.1615"
1661,"在 睡觉 的 时候 来 [MASK] 电话 , 你 想 怎样 。",个,个,-0.12731677293777466,"个, 通, 回","-0.1273, -2.4484, -4.5541"
1662,"妈 的 真想 换 [MASK] 号码 都 这么 晚 了 还 吵 无聊 , 幼稚",个,个,-0.020635463297367096,"个, 号, 回","-0.0206, -5.4947, -6.1172"
1663,一 [MASK] 人 在 赌博 老家 每 天 都 能 看到 这个,堆,个,-0.7653913497924805,"个, 家, 般","-0.7654, -1.2955, -2.2978"
1664,"老爸 你 说 的 是 真的 还 是 假 的 , 你 说 给 我 弄 [MASK] 爱 疯 4S 是 真的 还 是 假 的 啊",个,个,-0.46821117401123047,"个, 点, 起","-0.4682, -1.5245, -3.9297"
1665,在 你 寂寞 无助 的 时候 给 你 [MASK] 关怀 !,丝,点,-0.3218114376068115,"点, 些, 个","-0.3218, -2.0116, -2.1483"
1666,"首先 , 先 将 隔离 霜倒 一些 在 手心 回温 , 一 [MASK] 的 用量 大概 是 1 元 硬币 的 大小 。",次,次,-0.08750617504119873,"次, 般, 瓶","-0.0875, -3.3914, -4.0006"
1667,"看 了 微 电影 我 愿意 , 感觉 那 [MASK] 导演 很 白痴 。",个,个,-0.26321011781692505,"个, 些, 位","-0.2632, -1.9331, -2.7475"
1668,你 在 有 奖 转发 活动 祝福 拾衣网 正式 上线 转发 有 礼 中 抽 中 一 [MASK] 奖 价值 1000 元 时尚 靓包 中 奖 编号 3738440 。,等,等,-0.02196555770933628,"等, 个, 件","-0.0220, -5.1017, -5.8761"
1669,今天 了 了 [MASK] 心事 。,桩,些,-1.350661039352417,"些, 点, 分","-1.3507, -1.5392, -2.8928"
1670,准备 睡觉 系列 睡眼 朦胧 头发 乱 [MASK] 睡衣 调 小 浓,笼,发,-1.182754635810852,"发, 码, 卷","-1.1828, -2.2192, -2.4056"
1671,"岁月 轮回 , 繁华 殆尽 , 不 变 的 仍 是 自己 那 [MASK] 不 服输 的 心 ?",颗,颗,-0.003299727337434888,"颗, 份, 股","-0.0033, -7.1074, -7.2302"
1672,"看 完 电影 回家 已经 十二点 多 了 , 电梯 一 [MASK] 处 站 了 不少 人 。",楼,楼,-1.0971753597259521,"楼, 口, 层","-1.0972, -1.3321, -1.6549"
1673,"为了 拥有 一 [MASK] 随时 可秀 的 美腿 , 可 得 勤加练习 , 做好 每 日 的 必修 课 哦 !",双,双,-0.0320882648229599,"双, 条, 对","-0.0321, -4.2847, -5.0230"
1674,"凡 事 都 要 一分为二 , 文凭 确实 是 [MASK] 好 东西 , 但 好 东西 未必 能 让 我们 成为 什么 东西 !",个,个,-0.4393118619918823,"个, 件, 种","-0.4393, -1.1199, -4.5007"
1675,5 [MASK] 我 宝贝 的 歌,页,首,-0.8141717910766602,"首, 个, 张","-0.8142, -2.2566, -2.8351"
1676,"都 射 了 6 [MASK] 了 , 这个 女 的 还 要 http t cn z0DNZ5v 命运 万 有 引力 画壁 单身 女王 恋人 国王 与 我 风月 大刀 钟楼 怪人 爱情 公寓 2 夜 店 告密者 雪之女王 泡沫 之 夏 电影 唐山 大 地震 李春天 的 春天 禁忌 的 女人 衣冠 禽兽 恋爱 通告 海洋 天堂 铁面 歌女",次,次,-0.16967172920703888,"次, 个, 点","-0.1697, -2.9233, -3.9344"
1677,"天目湖 旅游 度假区 位 于 江苏省 常州市 溧阳 城南 8 公里 处 , 被 誉为 江南 明珠 绿色 仙景 , 是 首 [MASK] 国家 AAAA 级 景区 点 之一 , 是 江苏省 省级 旅游 度假区 。",批,批,-0.018009819090366364,"批, 个, 家","-0.0180, -4.1089, -7.4226"
1678,你 以后 最好 只 对 我 一 [MASK] 人 心 软 。,个,个,-0.0010968499118462205,"个, 般, 种","-0.0011, -7.9805, -8.0110"
1679,"咳咳参 北斗 哇 , 越来越 多 没 [MASK] 头 说 走咱 就 走 啊 , 你 走 他 走 我 也 走 啊 。",个,回,-0.9007083177566528,"回, 个, 对","-0.9007, -2.4313, -2.9698"
1680,今年 春晚 是 不 是 很 那 [MASK] 好看 呢 ?,个,样,-0.6413345336914062,"样, 个, 种","-0.6413, -1.3402, -2.7886"
1681,"昨儿 剥 牛 赢 了 115 , 今天 就 输 了 60 , 只 赚 了 [MASK] 小钢炮 的 饭钱",个,个,-0.5225751399993896,"个, 点, 些","-0.5226, -1.6377, -2.9110"
1682,"岁月 流逝 , 一 晃 就 是 五 年 , 我 终于 怀着 一 [MASK] 异样 的 心情 和 一个 令 我 一直 耿耿于怀 的 悬念 , 带 着 我 的 丈夫 还有 孩子 , 回到 家乡 探亲 。",种,种,-0.4923219084739685,"种, 个, 份","-0.4923, -1.2981, -3.0408"
1683,"现在 的 孟聚 也 是 一样 , 看 了 50 [MASK] 的 样子 , 突然 发现 , 咦 , 这 Y 是 高手 。",章,级,-1.3935325145721436,"级, 次, 分","-1.3935, -2.6014, -2.6649"
1684,"这 [MASK] 宝贝 这 两 天 问 的 人 满 多 古玩城 铜 钱 钱币 大 钱 开光 纯 铜 五 帝 钱 , 价格 800 元 , 见",件,个,-0.20112837851047516,"个, 些, 件","-0.2011, -3.0064, -3.4928"
1685,"今年 我 就 要 立 得 拍 吧 , 过 完 年 就 去 富士 挑 很 快 我 就 会 有 一 [MASK] 相片 墙 了 o",面,个,-0.8324884176254272,"个, 张, 面","-0.8325, -2.0123, -2.0955"
1686,"给 女友 庆生 , 儿子 趁 母亲 外出 时 溜进 她 的 房间 企图 偷 走 母亲 最后 一 [MASK] 存款 。",笔,笔,-0.052433911710977554,"笔, 点, 次","-0.0524, -4.6383, -5.1529"
1687,"我 蜷沙发 玩 平板 , 胖子 继续 啃书 , 旁边 好几 [MASK] 打 扑克 的 。",桌,个,-0.033112213015556335,"个, 位, 桌","-0.0331, -4.5302, -4.9341"
1688,一 [MASK] 忍 不 住 的 心烦 头晕 出汗 想 砸烂 所有 的 东西 。,阵,种,-1.3196213245391846,"种, 个, 次","-1.3196, -1.6474, -1.9690"
1689,这 一 [MASK] 人品 太 好 了 啊 !,阵,位,-2.008209705352783,"位, 个, 点","-2.0082, -2.3168, -2.5132"
1690,"后来 分开 的 时候 , 我 剪 了 一 [MASK] 短发 。",头,头,-0.4867134094238281,"头, 个, 条","-0.4867, -1.4534, -2.8290"
1691,"传统 那 一 [MASK] 已经 不 行 了 , 我们 上 小学 时 所 接受 的 教育 , 今天 大家 已经 不 信 了 , 怎么 办 ?",套,套,-0.4749215841293335,"套, 点, 代","-0.4749, -2.3284, -2.4640"
1692,"一 [MASK] M 豆 , 小豆 嗨皮 了 。",桶,个,-1.4206311702728271,"个, 声, 下","-1.4206, -2.4700, -2.5352"
1693,"张绍刚 再 曝毒舌 视频 我 觉得 张绍刚 很 2 呀 , 2 的 不得了 , 之前 那 [MASK] 经典 的 段子 完全 适用 于 他",个,些,-0.24997328221797943,"些, 个, 种","-0.2500, -1.8373, -3.3758"
1694,"重 看 了 一 [MASK] 五 年 前 的 十兄弟 天賜良兒 , 還是 很 喜歡 老四 , 要 不 要 這麼萌 呀 , 還穿 我 Like 的 史迪奇 的 衣服",遍,下,-0.7841373682022095,"下, 眼, 遍","-0.7841, -1.6817, -1.8400"
1695,"晚上 , 猪头 给 我 狂 买 了 五十多 [MASK] 的 零食 , 我们 在 得克士 摆开 场子 边 吃 边 聊天儿 , 感觉 真 爽快 。",块,块,-0.5405588746070862,"块, 个, 样","-0.5406, -2.5498, -2.6224"
1696,"Love 也 是 有 两 [MASK] 刷子 的 , 也 不 是 靠 单纯 的 刷数据",把,个,-0.7535668611526489,"个, 把, 只","-0.7536, -1.9366, -2.4311"
1697,健康 年夜饭 一 [MASK] 范志 红原 创 营养 信息,例,道,-2.064174175262451,"道, 起, 餐","-2.0642, -2.3068, -2.5917"
1698,"立下 大志 以后 再 穷 也 得 赚 钱 盖 书房 , 还 要 有 窗 有 阳光 四 [MASK] 如春 !",季,季,-0.0030073996167629957,"季, 面, 处","-0.0030, -6.1258, -7.3025"
1699,"最近 天天 这些 , 真的 牙齿 受 不 了 了 , 这 [MASK] 准备 海鲜 , 客厅 那 边 是 牛肉 火锅 , 任君 选择 !",桌,次,-1.0498744249343872,"次, 家, 样","-1.0499, -1.3281, -1.9192"
1700,"要 把 学生 到 农村 实习 参加 医疗 预防 工作 实践 , 作为 对 毕业生 考核 的 一 [MASK] 重要 内容 。",项,项,-0.3566063344478607,"项, 个, 种","-0.3566, -1.2264, -5.8236"
1701,"再见 了 骚年 , 再见 了 那 [MASK] 充满 幻想 的 地方",个,个,-0.36133795976638794,"个, 些, 片","-0.3613, -1.4267, -3.7646"
1702,"今天 感觉 , 应该 看中 的 不 是 做 与 不 做 的 事儿 , 而 是 如何 去 做 , 怎么 做 方 能 做 的 更 好 , 不然 , 做 了 就 是 不 彻底 , 虽然 与 不 做 是 两 [MASK] 性质 , 但是 效率 就 被 打上 了 折扣 啊",码,种,-0.2698456048965454,"种, 个, 样","-0.2698, -1.4856, -5.8725"
1703,李玉刚 新 贵妃 醉 酒 金美儿 冬天 里 的 一 [MASK] 火 费翔 故乡 的 云唱 的 都 不错 。,把,把,-0.4485970437526703,"把, 团, 场","-0.4486, -2.4479, -2.4896"
1704,把 那 [MASK] 米 从 阳台 扛 厨房 去 。,袋,些,-1.57681143283844,"些, 粒, 个","-1.5768, -1.9095, -1.9267"
1705,"觉得 自己 越来越 像 霍金 了 , 每 天 窝 在 椅子 或 床上 , 歪 着 脖子 , 呆滞 的 望 着 前面 , 然后 偶尔 用 几 [MASK] 手 指 。",下,根,-0.6709222793579102,"根, 个, 只","-0.6709, -0.9380, -3.2075"
1706,出 [MASK] 成绩 至于 吗 ?,个,场,-0.7888621687889099,"场, 口, 线","-0.7889, -2.5338, -2.7131"
1707,我 发现 我 真的 是 [MASK] 巨 纠结 无比 的 人 诶艾,个,个,-0.006033885292708874,"个, 种, 位","-0.0060, -6.4340, -7.4221"
1708,等等 一 [MASK] 再等,等,等,-0.02332640439271927,"等, 下, 次","-0.0233, -4.1646, -5.6169"
1709,"士 看见 骑 着 脚踏车 的 信差 将 一 [MASK] 情报 进 花园 门口 的 信箱 , 他 顺着 思路 怜悯 起 这个 信差 来 。",封,些,-1.251663088798523,"些, 份, 堆","-1.2517, -1.2856, -2.1726"
1710,"一 不 留神 又 两 点 多 了 , 这 几 天 的 生物钟 各 [MASK] 混乱 , 就 没 调整 过来 , 要 是 过 几 天 开学 可 就 死定 了 !",种,种,-0.013236538507044315,"种, 个, 类","-0.0132, -5.0276, -6.3930"
1711,德州市 首 [MASK] 网络 春晚 分享自,届,个,-0.5243708491325378,"个, 家, 届","-0.5244, -2.1946, -2.2779"
1712,"笑话 幽默 吃客 为什么 这 [MASK] 菜 里 都 是 泥? 侍者 这 是 最 新鲜 不过 的 菜 , 刚 从 泥里拔 出来 呢 。",碗,道,-0.2902248501777649,"道, 个, 些","-0.2902, -2.1893, -2.8736"
1713,原来 邓小平 说 那 [MASK] 话 是 错 的 先 让 一部分 人 富 起来 我们 怎么 办 啊 穷穷穷,句,句,-0.5942707657814026,"句, 些, 番","-0.5943, -1.0514, -2.9901"
1714,"亲亲 我 的 小 张杰 , 下 [MASK] 月 就 要 走 了 , 恭喜 你 哈 !",个,个,-0.00017841262160800397,"个, 次, 些","-0.0002, -10.8581, -10.9725"
1715,"哈哈 转发 微博 , 有 [MASK] 人 过 年 不 给 我 红包 。",个,些,-0.05620743706822395,"些, 个, 家","-0.0562, -3.9197, -4.6619"
1716,"btw , 有 没有 哪位 借 我 一 [MASK] 车 , 我 需要 接人 !",辆,辆,-0.062067680060863495,"辆, 台, 个","-0.0621, -3.5823, -4.7521"
1717,"广德 真人 为 要 使 一般 人 都 信仰 他 、 爱护 他 , 所以 有 施 水 治 疫 的 那 [MASK] 举动 。",番,种,-0.34741106629371643,"种, 个, 些","-0.3474, -1.8175, -2.5571"
1718,"就 现在 坐 在 屋头 , 我 胃 还 是 一 [MASK] 翻涌 的 感脚 啊 老子 不 喝 酒 了 !",阵,种,-0.7840763330459595,"种, 阵, 股","-0.7841, -1.3544, -1.3563"
1719,纠结 看 [MASK] 惊心 怎么 突然 觉得 跟 若曦 一样 很 纠结 呢 ?,步,步,-0.5994317531585693,"步, 点, 样","-0.5994, -1.0713, -3.9843"
1720,"Lina Medina 是 首 [MASK] 被 发现 的 早熟 病例 , 她 的 儿子 起初 一直 认为 她 是 他 的 姐姐 , 直 到 10 岁 才 得知 事实 。",例,个,-0.8996902108192444,"个, 例, 次","-0.8997, -1.4225, -1.4995"
1721,"亲 , 龙蛋 里面 有 料 哦 , 饱 含 温馨 与 如意 , 见 了 快乐 又 健康 , 用 了 [MASK] 高升 哦 !",步,步,-1.8879485130310059,"步, 双, 点","-1.8879, -2.1883, -2.8161"
1722,"尽管 去 了 [MASK] 医院 , 但是 今天 该 干得 事 也 没 耽误 。",趟,家,-1.0862865447998047,"家, 个, 趟","-1.0863, -1.1719, -1.5013"
1723,"最近 发现 我 只 要 一 大 [MASK] 孔 她 , 她 就 马上 低头 嘟嘴 , 还 扁扁 嘴 , 样子 很 是 可 怜 。",声,口,-1.448144555091858,"口, 面, 眼","-1.4481, -1.5390, -1.6619"
1724,"四 皇 里面 的 一 [MASK] 狮子 都 悬赏 金 3 亿 3 千万 , 真 想 知道 红发 的 那些 主力 的 悬赏 金 啊 。",头,个,-1.1744117736816406,"个, 只, 些","-1.1744, -1.1761, -2.0224"
1725,"宋城 景区 19 [MASK] 线上 活动 2012 不 是 世界 末日 , 许心愿 赢取 宋城 景区 免费 门票",楼,号,-1.2846440076828003,"号, 点, 个","-1.2846, -1.6808, -2.8603"
1726,因为 她 知道 珍惜 知道 不 放弃 一 [MASK] 的 努力 需要 多 大 信心 和 坚持 你 有 没 有 看到 她 的 心里 去 你 能 帮帮 她 嘛 ?,层,次,-0.5758933424949646,"次, 点, 样","-0.5759, -1.6564, -2.9229"
1727,本来 上 一 [MASK] 的 事 轮 不 到 我们 小 的 插嘴 但是 我 实在 看 不 过 眼 心肝 不 好 的 人 就 是 低 不 得 人家 过 得 好 !,辈,次,-0.9052353501319885,"次, 辈, 代","-0.9052, -2.0087, -2.3076"
1728,倒 [MASK] 熄火 加 压线 的 居然 合格 。,桩,线,-1.5356643199920654,"线, 下, 拨","-1.5357, -1.5512, -1.8171"
1729,达 人 秀 [MASK] 因事 退出 没 来 看 的 有点 无趣 啊 所以 我 还 有空 看些 有的 没 的,波,篇,-2.4789047241210938,"篇, 节, 版","-2.4789, -2.6597, -2.7026"
1730,迫于 种种 压力 关闭 了 企鹅 空间 伴随 了 我 七 年 多 的 一 [MASK] 窗 关上 了,扇,扇,-0.10829434543848038,"扇, 个, 张","-0.1083, -2.7588, -4.5070"
1731,"尼玛 , 第一 [MASK] 醒 这么 早 今年 是 外面 还 有 鸡叫 呢",次,次,-0.015855658799409866,"次, 个, 回","-0.0159, -4.6911, -5.9425"
1732,今年 的 全 明星赛 是 哪 [MASK] 时刻 呢,个,个,-0.48762500286102295,"个, 些, 种","-0.4876, -0.9650, -5.5217"
1733,"火车 上 , 一 [MASK] 男孩 拿 着 手机 发微 博 , 他 在 微博 上 写 着 在 火车 上 , 我 对 她 一见 钟情 。",位,个,-0.12032671272754669,"个, 位, 名","-0.1203, -2.7813, -3.0211"
1734,我 坐 呢 [MASK] 船 过 海咖 !,艘,条,-0.8583549857139587,"条, 架, 艘","-0.8584, -1.9579, -2.0908"
1735,"我 参与 了 发起 的 投票 2012 , 你 最 想 去 的 中国 地 城市 篇 , 我 投给 了 桂林 寄情 山水 不 醉 不 归 这 2 [MASK] 选项 。",个,个,-0.005472347140312195,"个, 项, 种","-0.0055, -6.5704, -6.8619"
1736,"大红 灯笼 高高 挂 , 传统 节日 有时候 还是 需要 这 [MASK] 小 俗气 才 热闹 。",种,些,-0.7771214842796326,"些, 种, 点","-0.7771, -1.5020, -1.9992"
1737,"离开 西安 就 不 再 回来 , 那些 幻想 过 的 , 努力 过 的 , 爱 过 的 , 伤 过 的 , 错过 的 , 就 随风而逝 吧 一 [MASK] 人 的 路 上 , 我 也 可以 走 的 很 精彩 !",个,个,-0.016401367262005806,"个, 条, 些","-0.0164, -5.4190, -5.6524"
1738,发表 了 一 [MASK] 转载 博文 转载 疯狂 渣土 车 莽撞 的 社会 运行,篇,篇,-0.0629924088716507,"篇, 些, 条","-0.0630, -4.0125, -4.5323"
1739,"我 在 这里 杭州市 西湖区 西湖 边 , Pizza Inn 大餐 , 晚上 吃 第二 [MASK] , 罪恶 阿 !",顿,顿,-1.2032325267791748,"顿, 餐, 次","-1.2032, -1.7468, -2.3333"
1740,"为什么 那 [MASK] 小麦 煮 了 那么 久 , 小麦 还 那么 硬 ?",锅,些,-0.8988848924636841,"些, 个, 种","-0.8989, -1.5338, -1.9776"
1741,"早安 , 索尼 的 两 [MASK] 新机 还 是 值得 期待 的 , 不过 还 是 定制机 啊 , Xperia Arco hd 的 三 防 功能 和 高清屏 是 亮点",款,款,-0.21374858915805817,"款, 部, 个","-0.2137, -2.3793, -3.2506"
1742,"对 说 您 好 , 我 有 问题 咨询 , 去 哪儿 网 上 的 超值 自由 飞 我 买 了 你们 那 [MASK] 券 。",个,个,-0.5051184892654419,"个, 张, 些","-0.5051, -1.1414, -4.3524"
1743,"在 已 代表 萨斯菲尔德 出战 两 [MASK] 阿甲 春季 联赛 的 情况 下 加盟 紫 百合 佛罗伦萨 , 但 半 年 来 仅 一 球 入账 。",场,场,-0.22359596192836761,"场, 次, 届","-0.2236, -2.2081, -2.9951"
1744,看见 那 [MASK] 人 就 觉得 恶心 。,个,个,-0.5398001074790955,"个, 些, 种","-0.5398, -1.3212, -2.3874"
1745,限制级 为 4 [MASK] 的 大 片 万 有 引力 野鸭子 恶夜 惊魂 欲望号 列车 刀尖 上 行走 衣冠 禽兽 情迷 大话 王野 鸭子 妹妹 恋人 魔鬼 屠夫 写真 倩女幽魂 断 喉弩 衣冠 禽兽 万 有 引力 美女 欲望号 列车 男儿 本色 喋血 孤城 断 刺画 壁 金枝玉叶 迷幻 公园 倩女 幽魂 魔鬼 屠夫 倩女 幽魂,级,级,-0.07086098194122314,"级, 位, 楼","-0.0709, -4.4964, -4.5550"
1746,"我 华丽丽 的 失眠 袅珊 同学 , 姐很 愧疚 的 告诉 你 , 你 开导 了 那么 多 , 貌似 作 无 用功 了 明早 还 有 四 [MASK] 课 四 节课 , 孩子们 看 电影 的 时候 我 估计 可以 补眠 zZ",节,节,-0.005339427385479212,"节, 堂, 个","-0.0053, -6.2322, -6.4269"
1747,"新年 期间 , 玩 狮子 , 舞龙 , 演戏 , 说书 , 高跷 , 旱船 等 各 [MASK] 娱乐 活动 五彩缤纷 , 绚丽 夺目 。",种,种,-0.421993613243103,"种, 类, 项","-0.4220, -1.5248, -2.0850"
1748,"打 了 第一 [MASK] 场 说 赶 不 过来 , 打 了 湖南 某 新闻 电台 说 记者 睡觉 派 不 出来 , 打 了 省 政府 公安厅 的 无 人 接听 , 无语 !",线,台,-1.5118393898010254,"台, 片, 分","-1.5118, -2.0788, -2.5571"
1749,一 [MASK] 单 皮鞋 !,双,双,-0.32132628560066223,"双, 只, 对","-0.3213, -2.7757, -2.9096"
1750,"老师 听 了 一 [MASK] 耳光 给 小 刚 打去抄 的 什么 作业 , 拿 出来 。",个,记,-0.12135903537273407,"记, 个, 把","-0.1214, -2.2050, -6.6814"
1751,麻烦 大家 给 支 [MASK] 招儿 。,个,支,-0.04721064120531082,"支, 个, 点","-0.0472, -3.2460, -5.6276"
1752,"昨晚 到达 羽田 机场 , 向 机场 服务 人员 打探 酒店 位置 , 是 一 [MASK] 身 着 笔挺 制服 , 头发 花白 的 老者 , 态度 相当 和蔼 , 怕 我们 搞 不 明白 , 直接 和 酒店 通 了 电话 , 然后 又 陪 我们 到 乘车 点 , 嘱咐 了 半天 , 才 回去 。",位,位,-0.16657546162605286,"位, 个, 名","-0.1666, -2.2899, -3.0098"
1753,"过 自己 追求 的 生活 , 并不 是 每 [MASK] 人 都 能 做到 。",个,个,-0.0004712261143140495,"个, 家, 种","-0.0005, -8.9683, -9.5274"
1754,"今天 都 在 市中心 办事 , 而 alin 今天 不 忙 且 订 明天 走 , 而 我 明天室 里 团年 白天 都 空 , 我 可以 和 她 再 吃 三 [MASK] 饭 。",顿,顿,-0.49870550632476807,"顿, 次, 餐","-0.4987, -1.4774, -2.7969"
1755,喝完 那么 多 酒 只 是 更 清醒 我 根本 不 会 让 自己 喝 醉 的 只 是 听说 这 [MASK] 洋酒 后劲 很 凶 只 是 反而 愈发 的 思念 你 。,种,种,-1.093102216720581,"种, 瓶, 杯","-1.0931, -1.9074, -1.9837"
1756,第一 [MASK] 带 男朋友 见 家长 想不到 对 你 的 印象 几 好 喔 今天 我 很 开心 呢 谢谢 你 老公 我 爱 你,次,次,-0.001362715382128954,"次, 个, 回","-0.0014, -7.1928, -8.2556"
1757,吃 了 好几 [MASK] 肉 !,盘,块,-0.5725951194763184,"块, 个, 次","-0.5726, -2.7931, -3.1066"
1758,"她 身上 有 多 [MASK] 纹身 , 永远 朋克会 驾驶 飞机 。",处,个,-0.718737781047821,"个, 种, 层","-0.7187, -1.1645, -3.0782"
1759,就 像 是 一 [MASK] 纤细 的 丝 。,根,条,-0.5628992319107056,"条, 根, 缕","-0.5629, -1.1188, -3.5099"
1760,你 不 知道 的 事 每 [MASK] 听 都 很 感动,次,次,-0.025546018034219742,"次, 个, 遍","-0.0255, -4.1001, -5.8950"
1761,"杜氏 家族 今年 添 了 几 [MASK] 新丁 , 全体 姑娘 翻来 煮禄堆 。",枚,个,-0.25611865520477295,"个, 位, 户","-0.2561, -3.3409, -3.5306"
1762,"终于 跑 完 最后 一 [MASK] 亲戚 , 年 也 就 过 完 了 , 明天 开工 上班",家,个,-0.9012449383735657,"个, 批, 趟","-0.9012, -2.2838, -2.3411"
1763,"这 将 从 多 [MASK] 方面 带来 创新 , 并 减轻 美国 学生 书包 的 重量 。",个,个,-0.016737882047891617,"个, 种, 项","-0.0167, -4.1783, -7.8684"
1764,"总爱 睡 了 几 [MASK] 小时 后 , 就 开始 睡 不 着 , 又 是 这 钟 数 慢慢 地 我 开始 厌倦 这 钟 无休止 习惯 的 习惯 生活",个,个,-0.0007838698220439255,"个, 分, 本","-0.0008, -9.3838, -9.7529"
1765,"人 就 是 应该 有 梦想 , 然后 用 一生 努力 把 梦想 变成 现实 , 很多 事 需要 一 [MASK] 成功 , 只 盼 在 稳固 中 拔得头筹 。",次,次,-1.3023830652236938,"次, 路, 点","-1.3024, -1.8371, -2.0125"
1766,我 在 中影 国际 影城 签到 20 [MASK] 大闹 大闹,次,分,-1.0799789428710938,"分, 个, 张","-1.0800, -2.4381, -2.5768"
1767,还 得 一 [MASK] 人 收拾 这 破 公司 。,个,个,-0.12261009216308594,"个, 伙, 群","-0.1226, -3.8164, -3.9983"
1768,"在职场 中 就 应该 像 柯 南 那样 , 有 一 [MASK] 走到 哪 就 让 别人 死到 哪 的 霸气 。",种,种,-0.12782619893550873,"种, 股, 份","-0.1278, -2.4726, -4.6063"
1769,"想 我 长 得 这么 帅 , 改卷 老师 绝对 不 会 给 我 低分 的 , 因为 我 是 孤独 的 风 中 一 [MASK] 狼 。",匹,只,-0.5532171726226807,"只, 匹, 条","-0.5532, -1.5507, -2.6138"
1770,"老 朋友 见面 , 狠狠 的 亲切 , 记得 当年 一 [MASK] 的 年轻 , 嘿嘿 。",起,样,-0.1292497217655182,"样, 脸, 点","-0.1292, -2.2064, -5.2012"
1771,"在 游戏 梦想 商业街 中 获得 了 成就 社会 活动家 , 成为 微博 第 31 [MASK] 获得 该 成就 的 人 , 你 想 和 TA 比 试 一下 吗",位,位,-0.495269775390625,"位, 个, 名","-0.4953, -1.1326, -2.8709"
1772,"污染 指数 12 月 的 时候 买 了 口罩 , 出门 3 天 , 平均 下来 每 天 户外 活动 约 1 [MASK] 小时 , 口罩 如下",个,个,-0.0005107037723064423,"个, 点, 次","-0.0005, -9.3203, -9.9049"
1773,"电影 里 , 只 需 镜头 切换 , 字幕 上 出现 几 [MASK] 小字 二十 年 后 , 然后 红颜 白发 , 一切 都 有 了 结局 , 而 现实 的 人生 , 三 年 五 载 , 其中 哪 一 秒钟 不 需要 生生 地捱",行,个,-0.37522226572036743,"个, 行, 笔","-0.3752, -1.2299, -5.7327"
1774,"男 女 朋友 睡 一 [MASK] 房间 , 女 的 划 了 条线 过线 的 是 禽兽 。",个,个,-0.07065792381763458,"个, 间, 套","-0.0707, -3.0792, -5.4841"
1775,我 在 香港 永祥烧腊 餐厅 虹口 店 没 [MASK] 吃 只 能 外卖 了 麻痹 皇 马 又 输 了 窝色 吃 回来,堂,点,-1.5709327459335327,"点, 面, 餐","-1.5709, -2.4326, -2.5943"
1776,重 器 精品 海南 黄花油 梨红色 油梨 竹节型 把 [MASK] 摆件 2012129 分享自,件,手,-0.07017763704061508,"手, 把, 具","-0.0702, -3.2976, -4.8850"
1777,"我们 一 [MASK] 课 的 作业 , 5 分钟 很 简单 的 问题 , 帮忙 做做 不 ?",门,节,-0.10108966380357742,"节, 堂, 个","-0.1011, -2.5190, -5.1754"
1778,我 要 把 自己 裹 得 暖暖 的 管 他 臃肿 与否 帽子 围巾 靴子 大衣 各 [MASK] 上阵 我 要 暖暖 暖暖 暖暖,种,种,-0.20497366786003113,"种, 个, 位","-0.2050, -3.0461, -3.0519"
1779,这 [MASK] 天气 就 跟 屎 一样 我 的 感性 细胞 又 要 泛滥 的 扩散 了 我 要 疯 了,种,个,-0.3148374557495117,"个, 种, 样","-0.3148, -1.5904, -3.2404"
1780,"好不容易 为 我们 争取 到 的 座位 还 要 被 你 嫌弃 , 本 以为 告诉 你 会 是 [MASK] 喜讯 , 算 了 , 我 不 重要 , 不 重要 。",个,个,-0.025854123756289482,"个, 件, 条","-0.0259, -4.2732, -5.1069"
1781,向 提问 提问 周董 我 是 内蒙古 的 歌迷 什么 时候 是 下 一 [MASK] 巡演 ?,次,次,-0.5590090751647949,"次, 场, 个","-0.5590, -1.5664, -2.3266"
1782,"据 俄罗斯 媒体 报道 , 在 日本 政府 推进 的 俄罗斯 东 西伯利亚 到 太平洋 沿岸 的 石油 管道 建设 计划 中 , 日本 保证 “ 将 向 俄方 以 每天 100万 [MASK] 的 数量 进口 原油 ” 。",桶,桶,-0.03626897931098938,"桶, 枚, 件","-0.0363, -5.6512, -5.6981"
1783,看完 这个 视频 我 把 F [MASK] 外加 移动 硬盘 都 清空 了 。,盘,盘,-0.6949160099029541,"盘, 包, 片","-0.6949, -2.9081, -2.9284"
1784,"某 个人 的 电话 害 的 我 失眠 , 在 床 上翻 了 几百 [MASK] 身 还 是么 睡 着 。",个,遍,-0.15722009539604187,"遍, 页, 次","-0.1572, -2.8628, -3.2678"
1785,"京东 商城 网购 晒 单 我 买 了 [MASK] 飞科 FLYCO 电吹风 系列 FH 6218 感觉 不错 哦 优点 价格 便宜 , 够用 缺点 暂时 还 没 发现 缺点 哦 !",个,款,-1.5300174951553345,"款, 个, 波","-1.5300, -2.2573, -2.6336"
1786,"人生 就 像 一 [MASK] 舞会 , 教会 你 最初 舞步 的 人 , 却 未必 能 陪 你 走到 散场 !",场,场,-0.06918083131313324,"场, 个, 次","-0.0692, -3.1143, -4.2521"
1787,下雪咯 2012 第一 [MASK] 雪,场,场,-0.6436092853546143,"场, 个, 次","-0.6436, -2.4827, -2.7038"
1788,MAC 魅可 圣诞 限量 英伦 皇家 底妆 6 [MASK] 套刷 化妆 包 格子 的 拼接 好 别致 喜欢 点 这,件,款,-1.4316771030426025,"款, 件, 分","-1.4317, -1.7304, -2.8978"
1789,"这 [MASK] 小 青蛙 皮肤 颜色 红 黑 相间 , 微小 螨虫 为 食 。",种,只,-0.4431869089603424,"只, 些, 种","-0.4432, -1.9674, -2.6217"
1790,果果 自己 和 乒乓球 疯 了 一 [MASK] 小时 后 终于 累咯,个,个,-0.0005621701711788774,"个, 些, 把","-0.0006, -8.4316, -9.5189"
1791,我 怀念 高中 大家 每 天 一起 吃 饭 每 [MASK] 暑假 每 天 泡 一起 双 扣 的 日子 。,个,个,-0.012306466698646545,"个, 次, 下","-0.0123, -4.6720, -7.8914"
1792,一 [MASK] 人 乾福会 改善 伙食,家,般,-0.40642425417900085,"般, 个, 些","-0.4064, -2.2201, -2.3074"
1793,你 期待 一 [MASK] 怎样 的 春节 ?,个,个,-0.009210734628140926,"个, 次, 场","-0.0092, -5.9076, -6.4667"
1794,"在 扇形 的 大礼堂 内 , 一 [MASK] 教授 象 背书 一样 , 把 本来 生动 迷人 的 历史 讲 得 枯燥 无味 。",位,些,-0.9918755888938904,"些, 个, 位","-0.9919, -1.5318, -1.6679"
1795,"爱情 固然 是 每 [MASK] 少女 所 渴求 的 , 但 没有 绝对 顺利 的 爱情 。",个,个,-0.10217716544866562,"个, 位, 代","-0.1022, -2.4573, -5.7554"
1796,"祝福 朋友 , 天天 快乐 春节 快乐 表情 看到 雪 又 一 [MASK] 太阳 的 博 文明 天 我 将 去 远行 有感而发 的 评论 。",轮,个,-0.42820778489112854,"个, 次, 轮","-0.4282, -2.3753, -3.5365"
1797,支持 你 谢天华 现在 正在 看 你 的 洪武 32 千 [MASK] 大人 也 很 棒 !,户,手,-1.4460501670837402,"手, 面, 刀","-1.4461, -2.6845, -2.8299"
1798,"郭德纲 痛揍卓伟 , 大 快 , 各位 可否 还 记得 当年 窦唯怒 烧 报馆 , 当时 无 良 记者 就 叫 卓伟 , 求证 是 不 是 一 [MASK] 人 。",个,个,-0.4381961226463318,"个, 家, 帮","-0.4382, -2.0940, -2.7261"
1799,我 于是 也 会 在 心 中 盼望 着 生命 里 会 出现 那 [MASK] 人 像 李大仁 那样 的 人 会 在 我 最 寂寞 最 难受 最 憋屈 想 找 人 聊 一 聊 的 时候 就 会 随时 出现 的 人,个,个,-0.8330197930335999,"个, 种, 些","-0.8330, -1.1895, -1.3854"
1800,"听 刘欢 的 歌词 , 我 的 第一 [MASK] 想法 是 大叔 , 你 是 淘宝 请来 的 救兵 吗 ?",个,个,-0.01476561650633812,"个, 种, 次","-0.0148, -4.4860, -6.8684"
1801,我 吃 了 一 [MASK] 周 黑鸭翅 啦 没 水 喝 呀 哎呦 。,盒,只,-1.870749592781067,"只, 个, 口","-1.8707, -2.0083, -2.1735"
1802,"法国 《 回声 报 》 11月 20日 写道 , 这次 欧安会 首脑 会议 首先 是 两 [MASK] 大国 共管 时期 结束 的 象征 , 一方面 , 莫斯科 在 请求 财政 援助 , 另 方面 , 华盛顿 在 要求 为 其 海湾 远征 提供 支持 。",个,个,-0.004917653277516365,"个, 位, 次","-0.0049, -6.7277, -7.4902"
1803,达 人 福利恩 我 想要 好看 的 袜子 凑 [MASK] 热闹,个,个,-0.0039453147910535336,"个, 场, 点","-0.0039, -7.0293, -7.4933"
1804,又 陪 家裡 的 小 朋友 看 了 一 [MASK] 三個 傻瓜 。,遍,下,-0.3823767304420471,"下, 次, 遍","-0.3824, -2.0686, -3.5306"
1805,"跟 着 一 [MASK] 小 朋友 一起 收 红包 , 我 这个 大 朋友 也 有 红 包收",群,群,-1.1250070333480835,"群, 个, 些","-1.1250, -1.4940, -1.4977"
1806,极度 讨厌 自己 喝 [MASK] 酒 就 跟 白痴 一样 再 改 不 了 坏 习惯 就 戒酒 !,点,点,-0.59818035364151,"点, 下, 个","-0.5982, -2.1954, -2.3970"
1807,"树叶 , 树枝 , 草茎 上 , 已经 结上 了 薄冰 , 残留 的 几 [MASK] 棉花 , 也 披上 了 晶莹 的 外衣 。",朵,朵,-0.6559057235717773,"朵, 片, 束","-0.6559, -1.7922, -3.1882"
1808,"我 总 觉得 , 你 的 生活 会 很 美好 , 下 [MASK] 春天 一定 不 远 。",个,个,-0.03120248392224312,"个, 次, 场","-0.0312, -3.8270, -5.4451"
1809,"测试 最 适合 你 的 爱情 急救丸 当 爱情 指数 一直 在 低谷 徘徊 , 许久 不 见 起色 , 你 应该 吃上 一 [MASK] 什么 急救丸 , 让 你们 的 爱 重新 容光焕发 呢 ?",颗,些,-0.5468940138816833,"些, 颗, 个","-0.5469, -1.5411, -3.3297"
1810,"这 [MASK] 疾病 的 共同 特点 就 是 血液 中 活性 凝血酶 的 生成 出现 功能 障碍 , 进而 使得 血液 凝固 时间长 , 在 生命 过程 中 遇到 轻 微创",类,些,-0.4940563440322876,"些, 种, 类","-0.4941, -1.4635, -1.8886"
1811,"作为 普通 一 警 , 能够 登上 春晚 的 舞台 , 虽然 只有 短暂 几 [MASK] 镜头 , 我 已 很 满足 , 我 会 以 此 为 动力 , 前行 的 路 上 更加 努力 , 不 辜负 大家 的 关心 。",个,个,-0.06482473015785217,"个, 次, 张","-0.0648, -4.0334, -4.3406"
1812,睡 了 十四 [MASK] 小时,个,个,-0.0004442128702066839,"个, 点, 分","-0.0004, -9.1195, -9.3292"
1813,"连夜 赶 了 五 [MASK] 小时 的 路 , 到 了 客户 的 工厂 已经 是 凌晨 三点 了",个,个,-5.984485324006528e-05,"个, 分, 把","-0.0001, -11.3871, -11.9236"
1814,真心 喜欢 兰芝 Lanige 的 这 两 [MASK] 面膜 。,款,款,-0.3199978768825531,"款, 个, 片","-0.3200, -2.6377, -3.1159"
1815,好 想 再 淋 一 [MASK] 灰 谷 的 雨 !,场,次,-0.33033058047294617,"次, 场, 下","-0.3303, -2.4684, -2.5075"
1816,怎么 了 我 半夜 穿 着 睡衣 起床 上 [MASK] 厕所 后 老 打喷嚏 我 不 要 感冒 啊 !,个,个,-0.812589168548584,"个, 次, 下","-0.8126, -0.9322, -2.8385"
1817,"所以 努力 做 领导 , 统治 屁民们 是 每 [MASK] 人 的 崇高 理想 。",个,个,-0.007706818636506796,"个, 代, 家","-0.0077, -4.9995, -8.2928"
1818,终于 给 2 [MASK] 在 德国 工作 的 朋友 搞定 Garmin 了 。,个,个,-0.25492697954177856,"个, 位, 名","-0.2549, -1.6283, -4.1923"
1819,这 [MASK] 人 赚 再 多 钱 也 没命 去 花 。,种,种,-0.8187994360923767,"种, 些, 个","-0.8188, -1.4176, -1.7824"
1820,家里人 都 说 我 是 一 [MASK] 做事 从来 不 经 大脑 的 人 。,个,个,-0.02069077454507351,"个, 种, 位","-0.0207, -4.6606, -5.1173"
1821,"陈亚 也 有 了 , 每 [MASK] 执行 飞行 任务 你 俩 都 一起 , 生 一 男 一 女 , 还 可以 成 亲家 呢",次,次,-0.014311853796243668,"次, 个, 班","-0.0143, -5.4961, -5.9290"
1822,其实 就 是 两 [MASK] 年糕,只,个,-0.6843523383140564,"个, 块, 种","-0.6844, -2.3953, -2.8241"
1823,"早上 飘起 了 小雪 , 每 [MASK] 下雪 心情 都 非常 好",次,次,-0.0020231790840625763,"次, 个, 下","-0.0020, -6.8190, -8.8490"
1824,刚刚 有 [MASK] 妇女 打 电话 来 问 我 是 不 是 在 他 先生 那里 无奈 了,个,个,-0.3186049163341522,"个, 位, 名","-0.3186, -1.3407, -5.2264"
1825,"叙利亚 政府 从 俄罗斯 购买 36 [MASK] 战机 俄罗斯 支持 赚 钱 两 不 误 , 高",架,架,-0.009267523884773254,"架, 枚, 部","-0.0093, -6.7751, -6.8754"
1826,翻来 Kimsha 各 [MASK] 不 习惯 。,种,种,-0.3392084836959839,"种, 个, 家","-0.3392, -1.7690, -2.6859"
1827,"5 , 上街 卖花 , 见 情侣 就 说 给 你 妈 买 [MASK] 花 吧 !",束,点,-0.991901695728302,"点, 朵, 些","-0.9919, -1.7909, -2.0188"
1828,"天 才 是 各 [MASK] 时代 都 有的 可是 , 除非 待 有 非常 的 事变 发生 , 激动 群众 , 是 有 天才 的 人 出现 , 否则 赋有 天才 的 人 就 会 僵化",个,个,-0.009625357575714588,"个, 种, 类","-0.0096, -4.6992, -8.6347"
1829,"妹子 , 你 怎么 才 到 五 [MASK] 桥 啊 ?",通,道,-1.2468457221984863,"道, 棵, 条","-1.2468, -2.1256, -2.2669"
1830,"20120125 伊 达时 12 [MASK] 计算器 处理 了 1000 元 详情 , 。",位,个,-2.1208860874176025,"个, 号, 位","-2.1209, -2.1725, -2.2892"
1831,"婚姻 是 责任 , 每 一 [MASK] 步入 婚姻 殿堂 的 新人 , 你们 真的 准备 好 了 吗 ?",对,位,-0.47613343596458435,"位, 个, 对","-0.4761, -1.3561, -2.3617"
1832,2011 年 公司 实现 原油 产量 322 亿 [MASK] 同比 下降 187 实现 原油 加工量 217 亿 吨 同比 上涨 296 。,桶,桶,-0.12517090141773224,"桶, 粒, 件","-0.1252, -4.1877, -4.4514"
1833,"如果 欺负 我 , 你 想 我 会 不 会 用 那 两 [MASK] 手指 鄙视 死 你 。",根,根,-0.20631419122219086,"根, 个, 只","-0.2063, -2.5009, -2.8563"
1834,"一 [MASK] 女人 的 迷人 , 一半 来自于 她 的 幻想 。",个,个,-0.04281778261065483,"个, 种, 位","-0.0428, -3.9711, -5.2477"
1835,留下 一 [MASK] 女 同学 在 那里 恨铁不成钢 。,帮,个,-0.18766872584819794,"个, 位, 群","-0.1877, -2.8404, -3.1672"
1836,"穆雷 , 这 [MASK] 真 可惜",次,样,-1.0263254642486572,"样, 次, 个","-1.0263, -1.6118, -1.8398"
1837,"看 了 千山 慕雪 , 结局 真 悲伤 , 居然 看 的 时候 会 流 眼泪 , 那 [MASK] 歌好 悲伤 , 想来 我 老 了 。",个,首,-0.024694237858057022,"首, 些, 个","-0.0247, -4.2406, -6.1874"
1838,"陆家嘴 的 清晨 , 好久 没有 起 这么 早 了 , 这么 多 年 在 酒店 还 是 睡 不 好 , 昏天 暗地 中 感觉 自己 还 在 北京 , 今天 去 谈 海上 项目 , 谈成 了 就 可以 干 深圳 香港 这 [MASK] 线 了 , 到时候 就 可以 见到 啦 , 嘿嘿 。",条,条,-0.02242213673889637,"条, 个, 支","-0.0224, -4.7341, -4.9880"
1839,外面 有 [MASK] 神经病 一大早 在 放歌 而且 还 是 超俗 带感 的 一 听 就 知道 昰些 外省仔 。,个,个,-1.0691595077514648,"个, 点, 些","-1.0692, -1.2176, -1.4953"
1840,"我 男朋友 一准儿 是 [MASK] 路 痴 , 丫现在 还 没 找到 我 。",个,个,-0.004198172129690647,"个, 位, 些","-0.0042, -6.3388, -7.8585"
1841,"叶儿粑 拇指粽 煎 饺煎包 还 有 蛋烘糕 , 实话 说 蛋烘糕 就 是 一 [MASK] 夹 了 酸 豆角 末末 的 铜锣烧",枚,个,-0.6256921887397766,"个, 种, 块","-0.6257, -1.4863, -3.2662"
1842,"十分 好运 沾 春雨 , 百般 成功 遂 你 意 , 万 [MASK] 幸福 由 你 享 !",种,般,-0.5408952832221985,"般, 分, 份","-0.5409, -1.4841, -2.4896"
1843,"据说 , 端 今天 上午 出去 玩 , 跟 每 一 [MASK] 认识 的 人大 声 介绍 我 妈妈 在 睡觉 你 妈 就 那么 点 小 癖好 , 至于 广而告之么 。",个,个,-0.046219851821660995,"个, 位, 次","-0.0462, -3.3297, -6.0984"
1844,突然 有 [MASK] 想 旷工 的 强烈 感 !,种,种,-0.025527430698275566,"种, 股, 点","-0.0255, -4.5028, -4.8156"
1845,"回 了 一 [MASK] 家 , 甚 是 觉得 无聊 , 我 还 在 想 后天 回去 以后 我 岂 不 是 要 在 家 无聊 死 吗 ?",趟,趟,-0.547836184501648,"趟, 次, 个","-0.5478, -1.6068, -2.3589"
1846,"百 [MASK] 尚 牛 酒 , 四 塞 已 千戈 。",户,家,-1.607450008392334,"家, 口, 世","-1.6075, -1.8424, -1.9333"
1847,"叫 了 [MASK] 永和 豆浆 的 蛋 炒饭 , 十 元 钱 , 有点 不 可 思议 的 感觉 。",份,份,-0.9458644390106201,"份, 个, 碗","-0.9459, -1.3297, -2.0474"
1848,还 有福 到 啦 一 [MASK] 霖哥 辛苦 啦 新年 快乐 大家 都 顺顺利 利噢福 到 啦,个,个,-1.6210064888000488,"个, 起, 路","-1.6210, -2.0865, -2.2472"
1849,跟 发烧 了 一样 这 屋里 大概 20 度 左右 哈哈 我 却 冷 得 快 要僵 了 浑身 一 [MASK] 发毛,阵,阵,-0.1998572200536728,"阵, 片, 身","-0.1999, -2.2122, -4.6385"
1850,在 此 也 希望 这 [MASK] 青年 坚强 的 活 过来,位,些,-0.19186760485172272,"些, 群, 位","-0.1919, -2.6380, -3.1390"
1851,"当天 过 了 不久 , 这 [MASK] 邻居 遇到 住 在 另 一 边 隔壁 的 男士 。",位,位,-0.4840119481086731,"位, 名, 个","-0.4840, -1.3202, -2.3482"
1852,我 看到 你们 背影 不 知道 为什么 心里 一 [MASK] 隐痛 我 暗暗 发誓 一定 要 让 你们 过 上 无忧无虑 安定 的 生活 坚持 不 下去 松懈 的 时候 反复 告诉 自己 你 不 努力 你 还 在 指望 什么 是 的 真的 努力,阵,阵,-0.16115418076515198,"阵, 片, 丝","-0.1612, -2.6088, -3.9573"
1853,"今年 这 [MASK] 小 妹妹 , 最 特别 , 最 有 爱 。",批,个,-0.37163102626800537,"个, 些, 位","-0.3716, -1.8316, -2.4471"
1854,看到 运河 雄鹰 的 博文 转载 中国 散文 精选 300 [MASK] 初选 目录迟 智勇 选 有感而发 的 评论 。,篇,首,-0.6254716515541077,"首, 篇, 句","-0.6255, -1.1919, -3.6626"
1855,"我 参与 了 发起 的 投票人 气大 调查 罗志祥炎亚纶 韩庚 钟汉良 张杰 , 我 投给 了 罗志祥 这 1 [MASK] 选项 。",个,个,-0.007053816691040993,"个, 项, 组","-0.0071, -6.1369, -6.7570"
1856,"每 日 都 5 可以 有 一 [MASK] 安静 的 家 , 我 每 日 都 要 比 爸 妈 话 过 我 距 地 先 会 安乐 。",个,个,-0.026051465421915054,"个, 间, 处","-0.0261, -4.6554, -5.5502"
1857,像 我 这 [MASK] 文 又 不 行理 又 不 会 本来 就 差 还 要 退步 的 人 唉 该 怎么办,种,种,-0.5420678853988647,"种, 样, 个","-0.5421, -1.1360, -2.6628"
1858,"经 心理 鉴定 本人 软件 年龄 21 岁 , 比 全 国 70 的 人 要 年轻 , 是 一 [MASK] 偏 传统 居安思危 冷静 内心 坚强 的 人 !",个,个,-0.09833569824695587,"个, 位, 种","-0.0983, -2.8695, -4.2088"
1859,人生 第一 [MASK] 花 露水 。,瓶,滴,-0.7689593434333801,"滴, 杯, 瓶","-0.7690, -1.3387, -2.1787"
1860,"头 先 拆利 是 , 竟然 有 一 [MASK] 里面 是 空 的 。",封,个,-0.8490054607391357,"个, 些, 块","-0.8490, -3.1134, -3.3424"
1861,"明天 就 要 回 学校 了 , 今晚 在 家 跟 姑父 和 弟妹们 好好 来 了 几 [MASK] 双 扣斗 地主",局,场,-0.6188575029373169,"场, 次, 个","-0.6189, -1.9072, -2.4553"
1862,"十 [MASK] 聚会 , 大家 都 挺 嗨 !",班,点,-0.649174690246582,"点, 个, 次","-0.6492, -2.0319, -2.5615"
1863,"一 日 , 小 侄女 对 她 妈 说 我 要 嫁给 邻 班 的 那 [MASK] 男生 妈妈 漫不经心 的 回答 他 有 固定 工作 吗 ?",个,个,-0.08660010248422623,"个, 位, 名","-0.0866, -2.6694, -4.5384"
1864,"我 在 测测 你 最 拒绝 不 了 哪 一 [MASK] 人 的 诱惑 中 的 测试 结果 是 你 最 无法 抵抗 用 甜言蜜语 打动 你 的 多情种 , 你 也 来 测测 吧",类,个,-0.4914061427116394,"个, 种, 类","-0.4914, -1.1572, -2.7517"
1865,上传 了 7 [MASK] 照片 到 相册 我 叫 苏沐 。,张,张,-0.008969958871603012,"张, 幅, 组","-0.0090, -5.6050, -6.0299"
1866,"其实 那么 多 话 , 只有 不 愿意 三 [MASK] 字 说 得 最 快 最 大 声 最 坚定 听 得 最 清晰 。",个,个,-0.0003186972171533853,"个, 行, 笔","-0.0003, -9.6204, -10.2309"
1867,"直 到 转身 , 我 才 发现 , 原来 那 [MASK] 心碎 , 其实 , 也 是 我 自己 的 。",声,份,-0.5341469049453735,"份, 些, 种","-0.5341, -1.7519, -2.0369"
1868,"虽然 我 知道 自己 不 该 有 这 [MASK] 失落 的 情绪 , 但 还是 没 忍住 红 了 眼圈 。",种,种,-0.18916872143745422,"种, 样, 些","-0.1892, -2.0028, -4.4521"
1869,小 侄女 这 卷发 这 自 来 卷 像 不 像 巴黎 宝贝 里面 那 [MASK] 女孩 啊,个,个,-0.11744505912065506,"个, 位, 些","-0.1174, -2.9389, -3.5941"
1870,"我 好 想 有 一 天 抱 着 我们 的 小孩 , 告诉 他 , 你 爸爸 以前 多 浪漫 , 自己 偷偷 开 了 [MASK] 微博 , 里面 全 是 妈妈 的 名字 。",个,个,-0.24712981283664703,"个, 条, 张","-0.2471, -1.6803, -4.4143"
1871,今晚 我们 三 [MASK] 扑街 都 心情 吾 好 !,个,个,-0.08869479596614838,"个, 位, 次","-0.0887, -3.6417, -4.5314"
1872,"保持 周围 环境 安静 和 精神 集中 你 将 经历 一 [MASK] 坐 在 理发店 中 的 虚拟 场景 太太 太 神奇 了 , 尤其是 来自",个,个,-0.23176853358745575,"个, 次, 场","-0.2318, -2.4691, -3.2039"
1873,聆听 心灵 深处 的 那 [MASK] 声音 。,个,些,-0.7217175364494324,"些, 个, 种","-0.7217, -1.2366, -2.1398"
1874,"他 先 自爆 因為 很多 人 追問 他 葉問 第三 [MASK] 何時開 拍 , 問到 會否",集,集,-1.0805518627166748,"集, 部, 季","-1.0806, -1.1048, -1.4339"
1875,当时 匆忙 新 编成 的 两 [MASK] 集团军 的 实际 情况 怎样 呢 ?,个,个,-0.00046585919335484505,"个, 支, 家","-0.0005, -8.0095, -10.8739"
1876,"真 险吖 , 第一 [MASK] oooO Oooo 踩 你 死 中 时间 点 上班 , 比 部长 早到 1 分钟 , 不然 就 迟到 啦 , 琴晚吖 妈子 又 出事 , 不得已 又 去 左 医院 睇急诊",次,次,-0.20552247762680054,"次, 个, 班","-0.2055, -2.5667, -3.4445"
1877,送 人 之后 拿 出来 留 [MASK] 影 。,个,个,-0.026357462629675865,"个, 张, 下","-0.0264, -4.1326, -5.7361"
1878,"昨天 去 市区 比赛 , 赢 了 一 [MASK] 一千多 的 球拍 。",个,块,-1.4611235857009888,"块, 个, 张","-1.4611, -1.4904, -1.8380"
1879,"碎 不 着 , 翻翻 老 照片 , 想起 一 [MASK] 事 , 决定 把 它 办 了 , 言而有信 !",桩,件,-0.04647001624107361,"件, 些, 点","-0.0465, -3.3783, -5.5714"
1880,"这个 社会 暴力 已经 够多 了 , 打人 终究 是 不 对 的 , 但是 看看 这个 嚣张 的 简介 , 真的 是 一 [MASK] 欠揍 的 打扮 那 !",副,副,-0.6480974555015564,"副, 个, 种","-0.6481, -1.1853, -2.8945"
1881,运势 处女座 今日 运势 爱情 健康 财运 工作 速 配 水瓶座 幸运 色 卡其色 哟西五 [MASK] 星 的 上升 趋势 让 我 情 何以 堪 哈哈 祝 自己 一路 顺风,颗,行,-0.3426051735877991,"行, 颗, 手","-0.3426, -1.9194, -2.6971"
1882,老虎 抓到 一 [MASK] 梅花鹿 后 要 把 它 吃掉 !,头,只,-0.34370002150535583,"只, 头, 条","-0.3437, -1.4531, -3.7401"
1883,每 [MASK] 听 一些 初中 的 歌 就 会 自然 的 想起 一些 画面 和 感觉 爱 听 鱼 喜欢 陈绮贞 纯净 的 声音 喜欢 它 的 歌词 喜欢 它 的 旋律 喜欢 它 的 感觉 会 想起 初一 的 时候 的 单纯 什么 都 不 想 的 自己,次,次,-0.018514687195420265,"次, 回, 下","-0.0185, -4.5064, -6.8266"
1884,还是 没有 少 了 一 [MASK] 说教 。,顿,点,-0.43569597601890564,"点, 些, 丝","-0.4357, -1.9305, -2.6246"
1885,"1 月 9 日 , 北星路 喜气洋洋 , 北海市 民生 路网 三 期 工程 第二 [MASK] 道路 通车 庆典 仪式 在 此 举行 。",批,条,-1.2747230529785156,"条, 段, 次","-1.2747, -1.3172, -1.5926"
1886,"外公 我 来 了 , 今天 要 吃 十 [MASK] 你 做 的 霹雳 无敌 黯然 销魂 狮子头 。",个,个,-1.3955297470092773,"个, 块, 顿","-1.3955, -1.9226, -2.5138"
1887,英国 医生 进行 了 世界 上 第一 [MASK] 宫内 胎儿 心脏 手术 。,例,次,-0.7325037121772766,"次, 例, 个","-0.7325, -1.1664, -1.9665"
1888,"淡蓝 的 色彩 有 [MASK] 宁静感 , 简单 雅致",种,种,-0.3372899889945984,"种, 点, 些","-0.3373, -1.8853, -2.4120"
1889,韩系 风派 韩版 休闲 旅行包 男女 帆布 包 正品 电脑 双肩背 包潮 真皮 书包 价格 16800 元 最近 销售 243 [MASK] 地址 更 多,件,家,-1.0656925439834595,"家, 架, 款","-1.0657, -2.3067, -2.9346"
1890,"开始 以为 是 [MASK] 玩笑 , 越 往后 过 越 觉得 此 话 不 虚 。",个,个,-0.11268015950918198,"个, 句, 件","-0.1127, -3.1649, -3.7387"
1891,"用 于 死刑 名称 , 则 是 指 处死 人时 将 人身 上 的 肉 一 [MASK] 刀 割 去 , 使 受刑人 痛苦 地 慢慢 死去",刀,刀,-0.005535157863050699,"刀, 把, 个","-0.0055, -5.4003, -7.9347"
1892,喜欢 一 [MASK] 话 。,句,句,-0.12001752108335495,"句, 些, 段","-0.1200, -3.0622, -4.2547"
1893,"这 [MASK] 人 , 不 就 摆明 着 自己 在 炒 楼 嘛 。",种,些,-0.8668975830078125,"些, 种, 个","-0.8669, -1.0895, -2.2857"
1894,"一点 睡觉 , 梦 中去 了 [MASK] 米 国 , 七点半 爬 起来 继续 学习 。",趟,趟,-0.1531558632850647,"趟, 个, 次","-0.1532, -2.7024, -3.7631"
1895,能 想象 一 [MASK] 箱 肢解 的 娃娃 头 娃娃 身 吗 太 惊悚 了 !,箱,个,-0.5655471682548523,"个, 箱, 张","-0.5655, -3.0090, -3.3996"
1896,分享 一 [MASK] 活动 给 大家 微 女郎 龍耀 2012 !,个,个,-0.636249840259552,"个, 下, 些","-0.6362, -1.3257, -1.9578"
1897,"男人 , 就 要 做 [MASK] 像 男人 的 事 !",点,些,-0.06777709722518921,"些, 件, 点","-0.0678, -3.1850, -4.3556"
1898,"连续 下雨 , 呢 [MASK] 年成 左宅年 !",个,个,-0.7529187202453613,"个, 些, 番","-0.7529, -2.8038, -3.1953"
1899,"初步 了解 到 , 根据 南京 案件 的 特性 , 这 [MASK] 专家 中 有 犯罪 心理学 , 犯罪 踪迹学 等 领域 的 顶级 行家 , 都 有 办 过 大 案 要 案 的 经历 。",批,些,-0.11211831867694855,"些, 批, 类","-0.1121, -2.9442, -4.2244"
1900,人体 初 [MASK] 受到 结核 杆菌 感染 后 通常 绝大多数 人 没有 任何 症状 也 不 发生 结核病 少数 感染 结核 杆菌 的 人 抵抗力 降低 时 可能 发生 结核病 。,次,次,-0.007368645630776882,"次, 步, 级","-0.0074, -5.2090, -7.1645"
1901,孤单 的 呼吸 电视剧 另 一 [MASK] 灿烂 生活 片尾曲 正式 完整版 影视 原声 高清 MV 音悦 台 分享 自,种,种,-0.2627360224723816,"种, 个, 份","-0.2627, -2.6736, -3.2606"
1902,"不 知道 能否 睡 [MASK] 懒觉 , 哎 , 想 你 , 猪",个,个,-0.007854411378502846,"个, 点, 些","-0.0079, -5.9386, -6.4039"
1903,那天 我们 去 香江 汇 那里 吃 的 那 [MASK] 鸡叫 什么 来 着 ?,个,只,-0.6724897623062134,"只, 个, 些","-0.6725, -1.2423, -2.8074"
1904,"接近 岁末 , 终于 可以 看到 形式性 的 工作 的 尾巴 了 , 偷偷 地 喘 [MASK] 气 吧",口,口,-0.022579234093427658,"口, 个, 起","-0.0226, -4.6731, -5.8519"
1905,"夜深 了 , 也 不 敢 去 睡觉 了 , 怕 做 那些 噩梦 , 是 那些 事情 记得 太 牢 还 是 一 [MASK] 人 在 陌生 的 地方 太 容易 勾起 回忆 呢 , 天天 做 噩梦 实在 太 累 了 , 心思 犹如 我 掌 纹般 凌乱 。",个,个,-0.003896845504641533,"个, 些, 群","-0.0039, -6.2871, -6.9459"
1906,"酒醉 , 夜半 昏 醒 , 偶看 一 [MASK] 初恋 那件 小 事 。",片,下,-0.8833041191101074,"下, 眼, 回","-0.8833, -2.4376, -2.4769"
1907,"即便 如此 , 却 依然 喜欢 这样 一 [MASK] 浑身 缺点 的 他 。",个,个,-0.016105186194181442,"个, 位, 名","-0.0161, -4.5036, -6.6477"
1908,"食 完饭 亲爱 的 来 车 我 出去 , 哈哈 , 爱 死 了 , 不过 天气 很 冷 , 记得 着 多 [MASK] 衣服 噢",件,件,-0.730936586856842,"件, 点, 些","-0.7309, -1.2621, -1.8256"
1909,"看 过 唯美 浪漫 的 , 来 [MASK] 惊悚 恶心 的 怎样 , 人 皮 客栈 3 走 起 !",些,个,-0.4915394186973572,"个, 点, 张","-0.4915, -1.6350, -4.1442"
1910,"在 南开 最后 一 [MASK] 小时 , 被 你 偷 了 !",个,个,-0.0007715817191638052,"个, 点, 块","-0.0008, -8.8812, -9.4130"
1911,"事后 反思 , 既然 催促 多 [MASK] 都 无果 就 说明 这个 方法 不 合适 , 我 得 另 辟 蹊径 , 而 不 是 恶语 相向 , 在 此 向 孩子 真诚 地道 歉 。",次,次,-0.003763237502425909,"次, 番, 遍","-0.0038, -6.4261, -6.9481"
1912,"也 不 知道 是 不 是 老 总 都 有 在 的 才 这样子 表现 一下 的 , 呵呵呵 三 [MASK] 奖 菲利浦 音箱",等,等,-0.039308954030275345,"等, 台, 次","-0.0393, -4.9149, -5.0430"
1913,"西 甲第 19 [MASK] 巴萨 42 皇家 贝蒂斯 上 半场 哈 维和 梅西 相继 为 巴萨 建功 , 贝蒂斯 由 卡斯特罗 打进 1 球 。",轮,轮,-0.188978910446167,"轮, 场, 名","-0.1890, -2.6448, -3.2476"
1914,"兴奋 啊 兴奋 , 是 不 是 快 过年 了 , 给 了 这么 一 [MASK] 让 人 舒适 的 题目 , 中国 的 春节 也",个,个,-0.04728250205516815,"个, 道, 句","-0.0473, -4.7325, -5.0464"
1915,因为 只有 这 [MASK] 人才 能 了解 你 。,种,种,-1.055008053779602,"种, 个, 些","-1.0550, -1.1362, -1.3415"
1916,"在 正墙 里面 上 有 4 [MASK] 巨大 的 雕像 手持 钥匙 和 宝剑 的 圣徒 彼得 和 保罗 , 手持 盐瓶 和 教堂 模型 的 州 守护神 圣徒 鲁佩特 和 维吉尔 。",座,个,-0.3549880385398865,"个, 尊, 座","-0.3550, -1.9985, -2.6131"
1917,怎么 看 着 看 着 就 起 了 一 [MASK] 鸡皮 疙瘩 呢 ?,身,个,-0.6297925114631653,"个, 身, 些","-0.6298, -1.5550, -3.0092"
1918,吃 [MASK] 甘蔗 牙 还 吃 出血 了 嘴 吃 破 了 奶奶 的,个,下,-0.7436048984527588,"下, 个, 起","-0.7436, -1.3578, -2.9238"
1919,"沾 了 一 [MASK] 臭 烟味 回来 , 洗刷 去 !",身,股,-1.10207200050354,"股, 点, 身","-1.1021, -1.1175, -2.2872"
1920,"突然间 悠悠 就 会 走路 了 , 因 有 一 [MASK] 让 东西 搬到 摔 了 后脑勺 , 现在 都 是 把 胳膊 伸到 身子 前面 保持 平衡 , 实在 不 成就 趴下 , 用 胳膊 撑 一下 , 不至于 摔 着脸 , 这么 小 的 人 自我 保护 意识 倒 挺 强 。",次,次,-0.006414078176021576,"次, 回, 点","-0.0064, -6.2402, -6.9835"
1921,"说 起来 今天 是 13 [MASK] 星期五 , 也 就 是 俗称 的 黑色 星期五 呢",号,号,-0.3136273920536041,"号, 个, 点","-0.3136, -1.3656, -5.2747"
1922,"大半夜 的 我 悄悄 的 又 打破 一 [MASK] 人类 的 纪录 , 次 产量 470Ml",项,个,-0.21106038987636566,"个, 次, 下","-0.2111, -3.2535, -3.2717"
1923,荔枝 台 的 春晚 比 芒果 台 高 的 不止 一 [MASK] 档次 啊 !,个,个,-0.0024052555672824383,"个, 种, 等","-0.0024, -6.7146, -8.3056"
1924,"回家 太 闲 , 老妈 总 抓 着 我 大搞 卫生 , 其实 也 没 必要 吧 被子 之类 的 大件 物品 , 一 整 年 加 起来 盖 的 次数 绝对 不 超过 十 [MASK] 手指头 还好 明天 开始 下雨 变冷 , 不然 我 的 苦工 期限 真 不 知道啥 时候 才 能 结束 呢 !",根,个,-0.14281505346298218,"个, 次, 根","-0.1428, -2.9730, -3.3882"
1925,我 提醒 他 还 有 呢 老师 又 说 对 了 还 有 桂伦 镁 天啊 老师 啊 难道 你 忘 了 那 [MASK] 最 最 重要 的 人 了 吗,个,个,-0.2179153710603714,"个, 些, 位","-0.2179, -2.2466, -2.8320"
1926,"大过 年 的 , 出去 拜年 手 里 还 拿 着 一 [MASK] 感冒药 。",杯,瓶,-1.4720876216888428,"瓶, 些, 盒","-1.4721, -1.6641, -1.8101"
1927,未来 各 [MASK] 领域 的 精英们 。,个,个,-0.027129141613841057,"个, 种, 项","-0.0271, -3.8211, -6.6752"
1928,"年初一 , 斋饭 , 大成街 , 拉拉队 , 晚会 , 终于 回到 家 了 泡 [MASK] 脚 准备 睡觉 啦 不 洗澡 的 年初一",个,个,-0.022271892055869102,"个, 下, 盆","-0.0223, -5.1263, -6.1505"
1929,我 在 等 发 工资 了 会计 说 礼拜天 会 把 工资 打 在 我 的 卡上 我 等 啊 等 啊 心急 的 第一 [MASK] 工资,笔,个,-1.5484670400619507,"个, 笔, 发","-1.5485, -1.7288, -1.9398"
1930,"我 爸 的 外甥女 和 我 在 一 [MASK] 公司 , 但 我们 不熟 , 别人 以为 我们 不 认识 。",家,家,-0.33721598982810974,"家, 个, 间","-0.3372, -1.4120, -4.0582"
1931,"最 搞笑 的 事 , 有 人 大年 初 一 [MASK] 厕所 !",通,下,-0.41520190238952637,"下, 回, 起","-0.4152, -1.8344, -3.6115"
1932,"看 了 一 天 纪录片 , 最 喜欢 一 [MASK] 讲 罗伯特 肯尼迪 遗孀 Ethel 的 , 导演 就 是 她 女儿 。",部,部,-0.9630882143974304,"部, 个, 次","-0.9631, -1.0781, -2.9595"
1933,"我 刚刚 在 爱 问 共 享 资料 上 传 了 资料 , 欢迎 大家 下载 分享 高 一 英语 完形 填空 练习 一 [MASK] 已 打印 doc 更 多",份,篇,-1.831948161125183,"篇, 下, 套","-1.8319, -2.4012, -2.4109"
1934,"住 进去 一 天 楼 歪 了 花 了 大 价钱 , 买 [MASK] 所谓 的 台州 地区 最 大 纯 海景 住宅 小 区 的 高层 住宅 , 新 房子 搬进 去 不到 一 天 , 楼 歪 了 , 你 是 什么 心情 ?",套,下,-0.9151153564453125,"下, 个, 套","-0.9151, -0.9608, -2.5781"
1935,"英语 考试 结束 了 , 辛苦 一 凡 同学 了 , 又 一 [MASK] 拯救 了 大家 明天 的 物化 考试 , 但愿 我们 的 座位 一如既往 的 好 !",次,次,-0.03220231831073761,"次, 个, 场","-0.0322, -4.1807, -5.9618"
1936,"每 天 都 这 时候 才 有 一 [MASK] 睡意 , 唉 !",丝,点,-0.5701463222503662,"点, 丝, 些","-0.5701, -1.1136, -2.7416"
1937,"吸引力 法则 果然 厉害 , 我 真的 买到 20 [MASK] 的 票 了 , 今天 我 继续 吸引 能 换 张 不 那么 慢 的 。",号,张,-0.9041997194290161,"张, 块, 点","-0.9042, -1.6789, -1.8323"
