new_index,sentence,target,top1_prediction,top1_log_probability,top3_predictions,top3_log_probabilities
1,"无意 间 转到 一 [MASK] 摩托车 <h>网站</h> , 看 着 这些 曾经 情迷 到 疯狂 的 机器 。",个,个,-0.1677493005990982,"个, 家, 些","-0.1677, -2.3523, -3.0961"
2,上传 了 1 [MASK] <h>照片</h> 到 相册 真实 的 自己,张,张,-0.04133214056491852,"张, 组, 个","-0.0413, -4.1254, -4.2766"
3,上传 了 1 [MASK] <h>照片</h> 到 相册 2012 新 气象,张,张,-0.042065296322107315,"张, 组, 个","-0.0421, -3.6591, -4.8986"
4,"数 [MASK] <h>盘石</h> 上 , 几 叶 落 云 中 。",枝,句,-1.9448117017745972,"句, 点, 回","-1.9448, -2.6285, -2.9058"
5,"哎 , 把 一 [MASK] <h>电脑</h> 修 的 加电 无 显 了 , 悲催 的 新年 开始 。",台,台,-0.2850014865398407,"台, 个, 部","-0.2850, -1.8828, -3.7810"
6,"集团 职能 片 年会 , 多 喝 了 两 [MASK] 绿 <h>茶</h> , 结果 到 现在 还 很 有精神 , 悲催 啊 。",杯,杯,-0.48933982849121094,"杯, 瓶, 次","-0.4893, -2.5706, -2.8899"
7,"分享 了 顺和 牛肉 火锅 , 在 华阳 , 关于 牛 肉类 的 都 不错 , 建议 点牛肝 , 特色 牛肉 图 中 码满 辣椒面 的 那 [MASK] 怕 辣 的 , 肠胃 不 好 的 , 友情 <h>建议</h> 最好 不 要 尝试 哈 。",盘,种,-0.2684604823589325,"种, 个, 些","-0.2685, -2.3088, -2.5405"
8,"昨晚 女儿 从 九点半 一觉 <h>睡</h> 到今 早 的 七点 , 是 她 出生 到 现在 第一 [MASK] 睡 整夜 觉 没 起来 喝奶 , 心想 是 不过 年 长大 了 今晚 快 九点 睡 了 , 不 知 晚上 还 会 不 会 要 喝奶 希望 不 要",次,次,-0.05985431745648384,"次, 个, 位","-0.0599, -3.0019, -6.7651"
9,"预祝 满分 , 少 一 [MASK] <h>回去</h> 请 我 喝 一 瓶 。",分,点,-1.4068145751953125,"点, 瓶, 个","-1.4068, -1.5843, -1.8285"
10,贴 一 [MASK] 个人 最 心 水 的 <h>海报</h> 。,张,张,-0.4492814242839813,"张, 下, 个","-0.4493, -2.1588, -2.3268"
11,"思念 , 猶如 一 [MASK] <h>鋒利</h> 的 刻刀 , 刺入 心窩 , 再 也 拔 不 出來 了 。",把,把,-0.024720020592212677,"把, 支, 道","-0.0247, -5.1920, -5.5141"
12,可 乐 鸡翅 炖 排骨 美味 的 一 [MASK] <h>WeicoLomo</h>,餐,餐,-0.3282696008682251,"餐, 道, 顿","-0.3283, -1.9646, -2.6932"
13,不过 提前 快 一 [MASK] 钟 交卷 的 <h>感觉</h> 真 不错 !,个,分,-0.021278217434883118,"分, 点, 个","-0.0213, -4.1666, -5.3559"
14,"于是 , 我 就 喝 了 一 [MASK] <h>黑芝麻糊</h> 是 不 是 很 冷 ?",碗,杯,-0.6770105361938477,"杯, 口, 碗","-0.6770, -1.7851, -2.4546"
15,"坐 在 舱 内 , 我 又 抬 起 头 , 透过 一 [MASK] 大大 的 <h>防</h> 激光 玻璃 , 我 又 看到 了 星空 , 依旧 是 那么 的 灿烂 。",扇,片,-0.9315357208251953,"片, 块, 个","-0.9315, -1.8216, -2.0647"
16,今天 拍 全 [MASK] <h>福咯</h> !,家,家,-0.2579151391983032,"家, 部, 身","-0.2579, -3.0502, -3.5522"
17,"在 武汉 的 <h>时候</h> 我 总是 问 你 我 爱 你 你 爱 我 吗 , 每 [MASK] 听到 你 说 我 爱 你 的 时候 我 真 想 大 声 地 告诉 大家 你 是 我 的 , 这 就 是 我 表达 我 心 中 喜悦 的 方式 , 呵呵 , 很 蠢 !",次,次,-0.002305839443579316,"次, 回, 个","-0.0023, -6.8322, -7.0928"
18,一 [MASK] <h>红豆</h> 奶茶 。,杯,杯,-1.0068838596343994,"杯, 个, 碗","-1.0069, -1.6415, -2.0581"
19,"意大利 杏仁 红 茶 配 焦糖 布丁 , 绝赞 又 找到 一 [MASK] 搞 贵宾 活动 的 好 <h>地方</h>",个,个,-0.14512492716312408,"个, 家, 处","-0.1451, -2.5007, -3.5340"
20,这 [MASK] <h>药物</h> 将 能 对抗 痴呆症 对人 的 影响 。,种,种,-0.7791471481323242,"种, 类, 些","-0.7791, -1.3199, -1.7540"
21,"难得 双方 家长 都 甘 开明 , 呢 [MASK] <h>拖</h> 拍 得 真系 好 愉快 。",个,个,-1.396665096282959,"个, 次, 波","-1.3967, -2.1215, -2.3042"
22,"射手座 常 把 爱情 当成 一 [MASK] <h>游戏</h> , 喜欢 的 是 不 去 约束 他 的 人 。",场,场,-0.5805504322052002,"场, 个, 种","-0.5806, -1.6313, -1.7761"
23,"两 [MASK] <h>月</h> 来 状态 一直 不 好 , 辞旧迎新 , 状态 得以 恢复 。",个,个,-0.0008414947078563273,"个, 位, 次","-0.0008, -9.3463, -9.3769"
24,我 在 这里 徐汇区 一 [MASK] <h>人</h> 在 上海 好 无聊哦,个,个,-0.6643766760826111,"个, 群, 堆","-0.6644, -1.9461, -2.5122"
25,"夏茗悠 8 记忆 中 的 阳光 总是 明亮 耀眼 , 使 人影 无处 藏身 , 哪怕 是 最 屈辱 最 悲伤 的 日子 , 湛蓝 如洗 的 天空 也 不 带 一 [MASK] <h>云彩</h> 。",丝,丝,-0.2585107982158661,"丝, 片, 点","-0.2585, -2.3182, -2.6394"
26,"一 [MASK] <h>人</h> 上班 , 下班 , 吃饭 , 睡觉 , 周末 回家 , 时间 仿佛 回到 了 一 年 前 , 却 又 似 不 一样 。",个,个,-0.12876418232917786,"个, 群, 家","-0.1288, -2.4948, -4.6817"
27,"哎 , 有点 想 我 的 室友 了 同 床 共 枕 过 的 张青 , 对床 的 晓青 , 还 有 早起 的 晓珍 , 高 二一 [MASK] 吃 饭 的 <h>白杨</h>",起,起,-0.15151771903038025,"起, 班, 次","-0.1515, -2.7360, -3.6740"
28,20111124 [MASK] <h>DuaDua</h> 风舞 誓死 改掉 拖延 症亲 。,盒,章,-2.9430601596832275,"章, 页, 节","-2.9431, -3.0104, -3.1226"
29,"省 政协 委员 刘立平 昨天 向 记者 介绍 他 的 一 [MASK] <h>提案</h> , 建议 http t cn z0gjQlw 分享 自 这 不 能 搞 山寨",份,项,-1.0328435897827148,"项, 个, 份","-1.0328, -1.3553, -1.5814"
30,"用 热 脸 去 贴 别 [MASK] <h>冷屁股</h> , 只 能 说 自己 个人 犯贱 !",个,家,-0.9054630398750305,"家, 处, 个","-0.9055, -1.7956, -2.4050"
31,虽 说 鸥翼 真的 是 [MASK] 大 <h>美人</h> !,个,个,-0.09423284232616425,"个, 位, 张","-0.0942, -3.4375, -4.8119"
32,"我 的 人生 , 就 像 眼影 一樣 的 弧度 , 画成 一 [MASK] 不 怕 枯萎 的 <h>葉子</h> , 無論颳風 暴雨 , 衹要 還剩 一口氣 , 我還 是 堅持 走 自己 的 路 , 微笑 地 面對 所有人 的 目光 与 論語 , 讓別 人 說去 。",片,片,-0.3317331075668335,"片, 棵, 朵","-0.3317, -2.6183, -2.7217"
33,好在 有 俄 的 小 3 [MASK] <h>帮</h> 拖 不然 真的 死 了 不过 还 是 差,门,帮,-0.6213086247444153,"帮, 个, 号","-0.6213, -2.1809, -2.8278"
34,"努力 了 整个 下午 , 加上 老屋 , 一共 贴 了 四 [MASK] <h>对联</h> 。",副,幅,-0.9497694969177246,"幅, 副, 张","-0.9498, -1.5020, -1.6328"
35,我 想 换 [MASK] 微博 <h>名字</h> 。,个,个,-0.007453493308275938,"个, 下, 回","-0.0075, -6.0795, -6.6162"
36,"小 七 祝 大家 好 事 接 2 连 3 , 心情 4 [MASK] <h>如春</h> , 生活 5 颜 6 色 , 7 彩 缤纷 , 偶尔 8 点 小 财 , 烦恼 抛 到 9 霄 云外 !",季,面,-1.301700234413147,"面, 样, 点","-1.3017, -2.3591, -2.5950"
37,我 那 天 突然 翻到 于江 给 我们 写 得 信 有 [MASK] <h>笑话</h> 是 恁哎 的 有 一 天 1 看到 j 问 食堂 排队 的 人 长 不 长 然后 j 就 说 不 长 但是 好 粗 喔 哈哈 她 那个 时候 好 可爱喔,个,个,-0.5951900482177734,"个, 句, 些","-0.5952, -1.8677, -2.5251"
38,第一 [MASK] 3 点 <h>痛醒</h> 何 其 悲惨,次,章,-1.1940679550170898,"章, 集, 段","-1.1941, -1.4516, -2.5327"
39,被迫 参加 一口气 喝掉 一 [MASK] 可乐 <h>比赛</h> 的 可怜 小 朋友 。,罐,杯,-0.6766694784164429,"杯, 瓶, 罐","-0.6767, -1.3370, -2.3447"
40,"一 [MASK] 爱笑 的 <h>女孩</h> , Aom 不 笑 的 时候 都 那么 漂亮 , 笑 起来 简直 美死 了 !",个,个,-0.07863712310791016,"个, 位, 群","-0.0786, -3.2022, -4.1606"
41,"剪 左 [MASK] 好 难 看 的 <h>头发</h> , 快快 长 啊 , 怎么 办 , 我 输 了 一 票 , , ,",个,眼,-1.0095893144607544,"眼, 手, 脸","-1.0096, -1.4716, -2.2870"
42,"在 10 岁 时 , 沃兹尼克 就 自己 设计 并 组装 了 一 [MASK] 晶体管 <h>收音机</h> 。",台,台,-0.3575282692909241,"台, 个, 部","-0.3575, -1.8715, -2.6950"
43,"半 [MASK] <h>小时</h> 了 , 还是 打 不 到 车 !",个,个,-0.00012851586507167667,"个, 把, 些","-0.0001, -11.2701, -11.4850"
44,"如果 有 这样 一 [MASK] <h>人</h> , 我 会 爱 他 !",个,个,-0.012222775258123875,"个, 种, 位","-0.0122, -5.2368, -5.4601"
45,"武警 部队 已 列装 四 [MASK] 野战 宣传 文化 装备 新华网 消息 金秋 <h>时节</h> , 当 文化 一 词 成为 国人 关注 焦点 之际 , 记者 来到 威名 远播 的 英雄 皮旅 武警 驻 无锡 某师 , 探寻 和 感受 当今 中国 警营 基层 官兵 的 文化 生活 。",级,种,-0.6445069313049316,"种, 批, 类","-0.6445, -2.0607, -2.4352"
46,"分享 一 [MASK] <h>投票</h> 韩国 各 大 组合 队长 人气 比拼 第六 期 9 进 8 给 大家 , 欢迎 大家 来 投票 !",个,下,-0.022870205342769623,"下, 个, 次","-0.0229, -5.3038, -5.8836"
47,"以前 信奉 的 是 不 在 一 [MASK] <h>树</h> 上 吊死 , 走 了 很久 后 发现 却 在 树林 里 迷失 了",棵,棵,-0.08564374595880508,"棵, 个, 颗","-0.0856, -3.5523, -3.8525"
48,大年初三 冷 雨夜 两 [MASK] <h>傻婆行</h> 系 路 中间 求撞 。,个,个,-1.5140204429626465,"个, 行, 头","-1.5140, -1.5783, -2.9231"
49,"这个 年 过 得 真 忙碌 家 里 的 空调 二十四 小时 开 室温 也 只有 十五 度 , 于是 我 又 开始 埋怨 装修 时候 的 这 的 那 的 真 想 买 [MASK] 小 <h>太阳</h> 对 着 烤 !",个,个,-0.16797538101673126,"个, 点, 些","-0.1680, -3.3037, -4.0495"
50,收到 让 有 [MASK] 减肥 的 <h>胖子</h> 骑 着 卡拉车 送来 的 衣服 啦 真心 性感 啊 !,个,点,-0.5219823122024536,"点, 家, 些","-0.5220, -2.6653, -2.9314"
51,"今年 七月 , 当 我 打开 我 国内 的 号码 , 我 希望 会 是 上 百 [MASK] <h>短信</h>",条,条,-0.4037962555885315,"条, 个, 封","-0.4038, -1.3053, -4.0100"
52,"本来 以为 看 两 [MASK] <h>格蕾</h> , 再 喝 杯水 就 到 了 , 结果 看 完 格蕾 喝完 水 我 就 不 行 了 继 晕车晕 火车 后 , 我 竟然 晕机 !",集,遍,-0.9558104276657104,"遍, 集, 次","-0.9558, -1.5400, -1.8796"
53,"家庭 是 孩子 成长 的 摇篮 , 父母 是 孩子 的 第一 [MASK] <h>教师</h> 。",任,任,-0.3092196583747864,"任, 个, 位","-0.3092, -1.9204, -2.6212"
54,其实 两 [MASK] <h>人</h> 在一起 彼此 之间 一定 要 互相 信任 。,个,个,-0.00959261879324913,"个, 种, 类","-0.0096, -5.2562, -6.3423"
55,"book 到位 , 下 [MASK] <h>放假</h> 先 去 啦 。",次,次,-0.23364976048469543,"次, 回, 班","-0.2336, -2.0837, -3.5019"
56,"瘦 腿 零 负担 每 天 晚上 , 放 一 [MASK] <h>热水</h> , 水温 不 宜 过 高 , 将 腿 浸泡 1015 分钟 。",盆,杯,-0.39511966705322266,"杯, 盆, 瓶","-0.3951, -1.4408, -3.6566"
57,"这些 天 宝宝 白天 总是 很 难 哄 , 不 爱 自己 玩 不 爱笑 不 爱 说话 , 今天 是 姥姥 抱 着 睡 的 , 上午 就 开始 睡 , 一 觉 就 是 四 [MASK] <h>小时</h> , 醒来 之后 又 笑 又 玩 , 真好 !",个,个,-0.0003126156225334853,"个, 颗, 分","-0.0003, -10.0755, -10.2906"
58,"让 我们 来 猜测 这 [MASK] <h>牲口</h> 级别 的 牛人 最后 的 策略 他 能否 攻破 第十 道题 , 他 怎么 冲刺 !",位,个,-0.29682570695877075,"个, 位, 样","-0.2968, -1.6911, -3.3031"
59,"北方 每 年 都 要 给 老 祖宗 烧 [MASK] <h>钱</h> , 放放炮",点,个,-0.8504093289375305,"个, 点, 些","-0.8504, -1.5787, -1.8198"
60,没 多久 就 要 去 [MASK] <h>厕所</h> !,趟,个,-1.1520514488220215,"个, 下, 趟","-1.1521, -1.2014, -2.5619"
61,"绵绵 细雨 晨 , 漫漫 人生路 [MASK] <h>情谊</h> 深 , 淡淡 品味 真 。",丝,间,-1.8947315216064453,"间, 道, 等","-1.8947, -2.8387, -2.8626"
62,"快 看 最新 一 集火影 漫画 , 九 [MASK] 正式 <h>认可</h> 鸣 人 了 !",尾,尾,-0.46480345726013184,"尾, 段, 条","-0.4648, -1.7123, -2.7958"
63,还 有 这 一 [MASK] <h>一如既往</h> 让 我 听 不 真切 的 英语,口,句,-1.079518437385559,"句, 段, 个","-1.0795, -1.5002, -2.3851"
64,赵薇 还 算 一 [MASK] <h>演员</h> 吗 ?,线,个,-0.1709875911474228,"个, 名, 位","-0.1710, -2.6615, -2.7259"
65,睡 到 现在 好 强大 阿熬夜 通宵 的 人 伤 不 起 伤 不 起 今晚 又 不 用 睡 了妹 了 [MASK] <h>夫</h> 的,个,个,-2.489314317703247,"个, 家, 对","-2.4893, -2.5019, -3.0417"
66,"这里 一 [MASK] <h>人好</h> 混乱 的 , 胜迪 你 快点 来 !",堆,个,-1.3854598999023438,"个, 般, 样","-1.3855, -1.7192, -2.6144"
67,"到 是 虚伪 自私 的 动物 , 没有 一 [MASK] <h>人</h> 可以 爱 别人 多 嘎爱 自己 , 那 满口 的 谎言 , 又 或许 让 人 觉得 幸福 , 一旦 谎言 被 拆穿 , 那些 到 变得 虚伪 , 虚 伪 得 让 我 觉得 恶心",个,个,-0.04210539534687996,"个, 种, 样","-0.0421, -3.4919, -6.3938"
68,搞 半 天 九 [MASK] <h>叫</h> 九 喇嘛 。,尾,个,-1.1050485372543335,"个, 次, 点","-1.1050, -3.0441, -3.1510"
69,"朋友 趾高气昂 的 拍拍 肚子 说 , 就 当 里面 多 了 [MASK] <h>蛋黄儿</h> 。",个,个,-0.9377349615097046,"个, 些, 点","-0.9377, -0.9958, -2.2516"
70,"我 刚刚 在 爱 问 共 享 资料 上 传 了 资料 , 欢迎 大家 下载 分享 C0204 傅立叶 选集 第二 [MASK] <h>pdf</h> 更 多",卷,卷,-0.5214914083480835,"卷, 章, 册","-0.5215, -1.7796, -2.7934"
71,哎 又 是 一 [MASK] <h>通天亮</h>,个,个,-0.3147737383842468,"个, 次, 轮","-0.3148, -2.7590, -3.7113"
72,"最近 流行 盼望 明君 能 臣 , 寄望 人品 运气 改变 中国 , 昨友人 举例 张居正 一 [MASK] <h>鞭法</h> 让 明朝 进步 。",条,种,-2.008974075317383,"种, 个, 套","-2.0090, -2.0484, -2.4183"
73,"汕头 , 姐肥 来 了 , 坐上 第一 [MASK] <h>公车</h> , 不得不 说 , 汕头 的 公车 真 破 。",班,班,-0.9679851531982422,"班, 辆, 趟","-0.9680, -1.0844, -2.3716"
74,"三亚 免税店 , 人山人海 , 这 [MASK] <h>排</h> 的 真 长 。",队,个,-0.6761685609817505,"个, 家, 队","-0.6762, -2.0761, -2.8741"
75,"这 是 一 [MASK] 新 的 微博 <h>朋友</h> , 电商 的 , 求 大家 关注 !",个,个,-0.21193814277648926,"个, 条, 篇","-0.2119, -1.8761, -4.7054"
76,加 了 三 [MASK] <h>车厢</h>,节,节,-0.5821107625961304,"节, 个, 组","-0.5821, -1.9504, -2.1930"
77,"好 惨 啊 , 5 [MASK] 一 <h>机会</h> 都 中 捂到 奖 , 得 份 朱古力 安慰 奖 。",分,个,-0.839610755443573,"个, 次, 点","-0.8396, -1.3498, -3.1074"
78,你 [MASK] 扑街仔 <h>黄绿</h> 医生 吓 到 我 喊 左 。,个,个,-0.5319867134094238,"个, 家, 等","-0.5320, -2.3586, -3.4474"
79,"所以 不 好意思 要 先 借用 一下妳 的 照片 写 [MASK] <h>预告</h> 了 哦 , 敬请 期待 !",个,下,-0.5384107828140259,"下, 个, 篇","-0.5384, -1.7523, -2.6656"
80,若 你 想 哭 停顿 一下 请 把 我 的 这 [MASK] <h>话</h> 在 脑子 里 反复 读 下去 今时 不同 往日 读到 你 的 泪水 干 了 你 就 懂 了 。,句,句,-0.5882755517959595,"句, 段, 些","-0.5883, -1.0408, -2.9723"
81,"对 我 来说 做饭 一直 就 跟 吃饭 一样 简单 , 但是 因为 懒 得 做 , 直接 导致 在 美国 一年半 没有 好好 做 过 一 [MASK] 中国 <h>菜</h> 。",顿,顿,-1.2753980159759521,"顿, 道, 次","-1.2754, -1.3503, -1.3984"
82,"群号 208176478 , 只要 是 玩 摇滚 爱 摇滚 的 高中生 , 都 速速 加入 吧 大家 帮忙 转起 , 扩散 给 身边 每 一 [MASK] 玩 摇滚 的 <h>朋友</h> !",个,个,-0.3887457251548767,"个, 位, 群","-0.3887, -1.1610, -5.6869"
83,"大年初二 , 训咗 几 [MASK] <h>钟</h> 又 爬 起身 返 老爷 屋 企 , 系咯 , 唔系 返 外 家吖",个,个,-0.36130717396736145,"个, 分, 句","-0.3613, -1.6922, -3.7779"
84,某 [MASK] <h>瞬间</h> 青春 戛然而止,个,个,-0.6092931032180786,"个, 些, 种","-0.6093, -0.8873, -4.2593"
85,"不管 了 , 爱咋 地 咋地 , 一 [MASK] <h>人</h> 过 的 最 好看 动漫 去 看 动漫 去 作业 神马 的 一会儿 再 说 !",个,个,-0.3219020366668701,"个, 辈, 家","-0.3219, -1.6940, -3.6544"
86,真的 好 累 一 [MASK] <h>床</h> 就 要 出去 WeicoLomo,起,下,-0.6098967790603638,"下, 起, 回","-0.6099, -0.8368, -4.6596"
87,这 几 天 一直 在 吃 这 两 [MASK] <h>东西</h>,样,种,-0.8519213795661926,"种, 样, 个","-0.8519, -1.4422, -1.6365"
88,新 一 [MASK] 的 <h>吃</h> 欲 貌似 又 挑头 了 !,轮,轮,-0.3727166950702667,"轮, 波, 代","-0.3727, -2.4904, -2.6840"
89,那 [MASK] <h>人</h> 会 出现 的 !,个,个,-0.24275042116641998,"个, 些, 样","-0.2428, -2.4429, -3.0878"
90,"哇塞 今天 打 斯诺克 , 做 了 一 [MASK] 我 自己 都 无法 想象 的 <h>球</h> , 对面 崩溃 , 只 能 把 白 球 捅 进洞 , 哎 QQ 这个 应该 管管",杆,个,-0.17849592864513397,"个, 些, 颗","-0.1785, -3.8183, -4.3688"
91,"刚刚 发现 的 , 在 页面 右上方 有 一 [MASK] <h>梅花树</h> 呢 , 上面 点缀 着 红红 的 梅花 , 看上去 很 漂亮 , 心情 也 会 变好 呢",棵,棵,-0.1310509741306305,"棵, 株, 颗","-0.1311, -2.8664, -3.7077"
92,"好 想好 想稳人 陪 我 去 吃拧 [MASK] 日式 蛋 <h>包饭</h> 啊 , 好 想 吃 啊 。",个,个,-1.451682209968567,"个, 家, 种","-1.4517, -2.1091, -2.7308"
93,上传 了 7 [MASK] <h>照片</h> 到 相册 纯纯 的 爱恋,张,张,-0.019505739212036133,"张, 组, 个","-0.0195, -4.8512, -5.3603"
94,"这 两 天 遇到 第三 [MASK] 交通 <h>事故</h> 了 , 大过 年 的 , 希望 人 没事 , 大 车 烧 空 了 好像",个,次,-0.5739357471466064,"次, 起, 个","-0.5739, -1.2795, -2.6958"
95,开 了 [MASK] <h>酒版</h> 喝 了 。,支,个,-0.9354067444801331,"个, 瓶, 杯","-0.9354, -2.0115, -2.3373"
96,"2012116 , 彻夜 难眠 , 一 林 到 买 左 手机 , 一 [MASK] <h>钱</h> 都 无 , 生活 受到 威胁 , 就 觉得 后 悔 啦 !",分,点,-1.274501085281372,"点, 分, 笔","-1.2745, -1.3278, -2.2612"
97,"手机 掉 了 , 里面 哪怕 有 再 重要 的 资料 , 报案 不 说 是 被 偷 的 , 人民 警察 死活 都 不 肯 帮忙 哪怕 只 要 一 [MASK] <h>电话</h> 就 能 找回 。",个,个,-0.10830098390579224,"个, 通, 声","-0.1083, -2.8256, -4.2289"
98,至今 我 还 后怕 的 那 [MASK] <h>橙汁</h> !,个,个,-1.1053049564361572,"个, 瓶, 杯","-1.1053, -1.7898, -1.8176"
99,"2 你 可以 是 一 [MASK] <h>风景</h> , 没 必要 总是 仰视 别人 而 叹息 自己 。",道,个,-1.236545443534851,"个, 幅, 种","-1.2365, -1.9790, -2.4767"
100,忙碌 了 一 天 多么 辛苦 呀 追 了 四 [MASK] <h>心情</h> 有点 沉重 了 笑点 只 是 插曲 主 旋律 还是 令 人 发指 的 现实 猛 啊 猛 你 咋变 成 这样,集,个,-1.3060486316680908,"个, 集, 季","-1.3060, -1.5220, -1.8688"
101,"啊啊 啊 , 第一 [MASK] 这么 <h>早</h>",次,次,-0.012703902088105679,"次, 个, 回","-0.0127, -5.5727, -6.2963"
102,"珠海 天气 20120122 早 今天 星期日 , 珠海 白天 到 夜间 小 <h>雨</h> , 气温 148 , 北风 34 [MASK] 明天 小 雨 , 气温 118 。",级,号,-0.5328157544136047,"号, 级, 起","-0.5328, -1.9081, -3.3196"
103,"一 [MASK] <h>月</h> 后 , 我们 依然 什么 都 不 是 。",个,个,-0.04738805443048477,"个, 些, 段","-0.0474, -5.4637, -5.4728"
104,"还是 做 人 值得 被 信任 总 有 被 咨询 的 需要 , 无奈 有时 自身 能力 不足 , 无法 给予 答案 , 到 这 [MASK] <h>感觉</h> 很 幸福 。",种,样,-0.7994775176048279,"样, 家, 个","-0.7995, -1.8327, -1.9587"
105,"仅 半天 没 照理 手机 , 竟 一下 收到 二百多 [MASK] 祝愿 和 <h>拜年</h> , 很 感动 呀 。",条,条,-0.5994402170181274,"条, 个, 封","-0.5994, -1.3219, -2.2292"
106,"候车室 的 书店 看到 一 [MASK] 感 兴趣 的 <h>书</h> , 准备 寒假 拿 回去 实践 一下",本,本,-0.0734347477555275,"本, 些, 堆","-0.0734, -2.9708, -5.0433"
107,"闹钟 七 点 就 响 了 , 我 还 在 被窝 里 下 决心 , 我 就 是 [MASK] <h>意志</h> 薄弱 的 人 , 一 想到 又 是 一 天 的 大会 , 更 不 想 起床 了",个,个,-0.003337522502988577,"个, 位, 种","-0.0033, -7.3795, -7.6653"
108,过 了 二十 年 浑浑 噩噩 一 事 无成 的 日子 之后 我 希望 可以 改善 下 这 [MASK] 糟糕 <h>情况</h> 不 要 再 这么 混账 下去 了 !,种,种,-0.6346014738082886,"种, 个, 些","-0.6346, -1.1257, -2.6100"
109,很 奇怪 当 听到 那 [MASK] <h>话</h> 的 时候 我 为什么 会 笑 那么 久,句,句,-0.2604767680168152,"句, 些, 个","-0.2605, -2.5153, -2.5621"
110,我 在 这 拜 [MASK] 早年 <h>mk</h> 拜年 mk 拜 年,个,个,-0.24161848425865173,"个, 下, 家","-0.2416, -4.0661, -4.3119"
111,视频 打工仔 建 15 [MASK] <h>别墅</h> 赠送 村民 入住 过 新年 分享 自,栋,套,-0.862331211566925,"套, 栋, 层","-0.8623, -1.1805, -2.3633"
112,帮 爸爸 买 的 彩票 二 [MASK] <h>奖</h> 不过 阿爸 说 那 是 我 下下 学期 的 学费,等,等,-0.010827595368027687,"等, 级, 次","-0.0108, -5.7257, -6.3340"
113,明天 还 有 一 大 [MASK] <h>旅途</h> 呢 。,段,段,-0.05701455846428871,"段, 波, 堆","-0.0570, -4.2170, -5.3319"
114,吃 了 一 [MASK] 泰诺 <h>晕乎乎</h> 的 困醒 去 这 该 是 多 幸福 的 事情吖,粒,口,-1.4922195672988892,"口, 个, 点","-1.4922, -1.8917, -2.3816"
115,哈哈哈 笑死 了姐 今天 也 切 了 一 [MASK] 愤怒 的 甜椒 好 愤怒 的 <h>样子</h> 。,个,个,-0.9981003999710083,"个, 些, 下","-0.9981, -2.0164, -2.5988"
116,这样 好吗 一 [MASK] 方便面 加 <h>茶蛋</h> 给 我 吃 撑 了,袋,碗,-1.1087232828140259,"碗, 个, 般","-1.1087, -1.2985, -2.6897"
117,"世界 最 有名 的 四 [MASK] 塔类 <h>建筑物</h> 埃菲尔 铁塔 台北 101 东京 铁塔 迪拜塔 , 你 想去 哪里 ?",幢,座,-0.415550172328949,"座, 个, 种","-0.4156, -1.4101, -3.2112"
118,后面 那 [MASK] <h>戴</h> 黄 围脖 的 祝 她 快乐 吧,个,个,-0.3391459882259369,"个, 位, 些","-0.3391, -1.4996, -4.2074"
119,读 问好 灌水 表情 灌水 表情 灌水 表情 看到 yanzj 的 博文 一 [MASK] 飘 走 的 彩云 有感而发 的 <h>评论</h> 。,朵,片,-1.1843005418777466,"片, 路, 朵","-1.1843, -1.3997, -2.0701"
120,"兔年 的 最后 一 天 , 持续 感冒 中 , 我 已经 失去 嗅觉 , 估计 要 吃 一 [MASK] 食之无味 的 <h>年夜饭</h> 了",顿,顿,-0.08264794200658798,"顿, 碗, 次","-0.0826, -4.0577, -4.4465"
121,发狼们 太 拽 了 寻遍木 有 开业 了 的 刚刚 全部 吹干 一 [MASK] <h>辣</h> 毛 累死 老娘 我 了 手臂 都 举 不 起来 了,头,个,-1.9365079402923584,"个, 遍, 下","-1.9365, -2.1009, -2.2207"
122,"千 [MASK] <h>激情片</h> 可惜 了 , 美女 老师 被 OOXX 男人 帮 恶夜 惊魂 天堂 口 大情人 疯狂 的 石头 我 的 娜塔莎 Hello 小姐 拿 什么 拯救 你 , 我 的 爱人 刀尖 上 行走 今夜 有 戏 欲望号 列车 写真 毒刺 疯狂 的 石头 青 木瓜 之 味 魔鬼 屠夫 香奈儿 的 秘密 情史",部,次,-2.4880316257476807,"次, 页, 丝","-2.4880, -2.7051, -2.9665"
123,各位 过 [MASK] 好 <h>年</h> 啊 。,个,个,-0.004134188871830702,"个, 些, 点","-0.0041, -6.4479, -6.9641"
124,"父亲 给 小 米 买 了 双 皮鞋 , 一 [MASK] <h>星期</h> 之后 爸爸 问 小米 新 鞋 买 了 , 怎么 不 见 你 穿 呀 ?",个,个,-0.004622397478669882,"个, 般, 段","-0.0046, -7.4600, -7.5690"
125,"身 未 动 , 心 已 远 , 在 风景 展区 发布 20 [MASK] <h>作品</h>",组,幅,-0.4910888671875,"幅, 组, 张","-0.4911, -2.0565, -2.6675"
126,"酒 搞 多 了 , 现在 醒 了 , 口干 舌躁 , 两 [MASK] <h>果汁</h> , 真 TM 爽 !",杯,杯,-0.31956303119659424,"杯, 瓶, 个","-0.3196, -1.7101, -3.8876"
127,"六味 地黄丸 , 你丸 我 也丸 , 一 天 六十 [MASK] , <h>发发</h> 有 冲劲儿 不 来 一 发么 ?",粒,粒,-0.739692747592926,"粒, 次, 颗","-0.7397, -2.2955, -2.2963"
128,"爹娘 给 我 上 了 堂课 , 主题 是 我 要 嫁 [MASK] 什么样 的 <h>人</h> 。",个,个,-0.00429400522261858,"个, 位, 对","-0.0043, -6.0169, -7.3938"
129,"但是 两 [MASK] 之间 <h>拖</h> 了 六 年 , 结构 已经 荡然无存 。",卷,个,-1.2582371234893799,"个, 段, 家","-1.2582, -2.6599, -3.2545"
130,激动 到 我 TV 第三 [MASK] <h>到来</h> !,季,个,-1.6037449836730957,"个, 章, 次","-1.6037, -1.6985, -2.5351"
131,"刚刚 在 德克萨斯 扑克 游戏 中 与 同桌 PK , 以 一 [MASK] 葫芦 <h>牌型</h> 赢取 了 2080 筹码 !",手,张,-1.137553095817566,"张, 个, 副","-1.1376, -1.3946, -1.9178"
132,刚才 出门 走 一 [MASK] 去 邮局 的 <h>决定</h> 是 对 的 人家 今天 最后 一 天 班 我 不仅 买到 了 邮票 还 把 信 和 明信片 放 在 了 邮局 那 没有 风吹雨淋 的 邮箱 里 不过 估计 人家 年 后 才 会 寄 得 出去 了 。,遭,趟,-0.911950409412384,"趟, 圈, 步","-0.9120, -1.4345, -2.1817"
133,见 着 [MASK] 学 的 好 不 如 嫁 的 好 的 活 例 咳 太 负面 太 负面 <h>阿弥陀佛</h>,个,个,-0.5079131722450256,"个, 些, 面","-0.5079, -2.2799, -2.4457"
134,"要 把 它 过得 尽量 像 自己 想要 的 那 [MASK] <h>样子</h> , 才 对",个,样,-0.3710939884185791,"样, 种, 个","-0.3711, -1.8032, -2.0393"
135,"一 [MASK] <h>气</h> 拖完 , 累",口,口,-1.158818006515503,"口, 个, 把","-1.1588, -1.8421, -3.0205"
136,总结 一 [MASK] <h>字</h> 正 !,个,下,-0.05205283313989639,"下, 个, 些","-0.0521, -4.1825, -4.4974"
137,一 [MASK] <h>人</h> 那 木 早 回家 好 冷呐,个,个,-0.484550416469574,"个, 群, 堆","-0.4846, -2.5113, -2.9765"
138,"冷 到 发抖 , 但是 打开 衣柜 又 不 想 穿 那件 羽绒服 , 于是 下 一 [MASK] <h>吃</h> 汤圆 , 结果 一 吃 , 顿时 整个 人 火 起来 热 !",楼,个,-2.1221237182617188,"个, 顿, 步","-2.1221, -2.1498, -2.1976"
139,地球 上 两 [MASK] <h>人</h> 能 相遇 不 容易 作 不 成 你 的 情人 我 仍 感激,个,个,-0.06006506457924843,"个, 种, 位","-0.0601, -3.8453, -4.8042"
140,"两 [MASK] 寂寞 <h>嘅男人</h> 系 度 饮野 , 倾 到 无野 倾 开始 倾 魔兽 世界 为了 部落",个,个,-0.01241726242005825,"个, 位, 名","-0.0124, -5.1811, -7.3453"
141,我 参与 了 想 khuntoria 或 其中 一 [MASK] <h>亲临</h> 快乐 大 本营 ?,员,个,-0.9275900721549988,"个, 位, 员","-0.9276, -0.9914, -3.4694"
142,"2 常州市 武进区 6 [MASK] <h>地块</h> 新年 打头阵 , 土地 出让 向 乡镇 蔓延 。",宗,号,-0.591009259223938,"号, 幅, 宗","-0.5910, -2.1160, -2.1380"
143,新手 司机 的 72 [MASK] <h>错误</h> 留 着 等 自己 买车 的 时候 能 用 的 上 。,个,个,-0.6869384050369263,"个, 条, 点","-0.6869, -2.5009, -2.7123"
144,"亲爱 的 们来 听 首 歌 吧 , 一 开始 我 还 以为 是 胡 歌唱 的 确实 挺 好听 的 TVT 但是 带 不 回宫 1 的 那 [MASK] <h>感觉</h> 了 听 哭 了 我 也 不 知道 为何 何晟铭佛 说",种,种,-0.11674903333187103,"种, 个, 段","-0.1167, -3.3512, -3.8909"
145,那 人 说 我 七 年 后 会 有 一 [MASK] 大 <h>作为</h> 会 吗,番,个,-0.13374871015548706,"个, 位, 张","-0.1337, -3.5144, -4.6165"
146,海鸟 跟 鱼 相爱 只 是 一 [MASK] <h>意外</h>,场,次,-0.9886710047721863,"次, 场, 个","-0.9887, -1.4741, -1.9387"
147,"如果 没有 强大 的 有 公民 意识 的 中产 阶级 的话 , 导致 的 结果 很 可能 不 是 积极 的 <h>治理</h> 而 是 一 [MASK] 暴民 治理 。",个,个,-0.7838512659072876,"个, 种, 场","-0.7839, -0.9864, -2.4141"
148,这 几 天 来 家 里 拜年 送礼 的 较 多 刚才 发现 一 [MASK] <h>蒙</h> 牛 纯 牛奶 我 勒个去,箱,个,-1.4082317352294922,"个, 瓶, 些","-1.4082, -1.8301, -2.0613"
149,今年 照 的 第一 [MASK] <h>照片</h> !,张,张,-0.1498391181230545,"张, 个, 组","-0.1498, -2.5178, -4.0404"
150,据说 现在 三 [MASK] 之 <h>家</h> 到手 月 收入 在 1W 到 1W5 的 家庭 幸福 指数 最高 。,口,分,-0.0032105071004480124,"分, 口, 份","-0.0032, -6.1244, -7.8191"
151,"小 明 怎么 都 想 不 出来 , 一 看 答案 只 见 上面 写 的 是 一 [MASK] 害羞 的 <h>斑马</h> !",匹,只,-0.5513837337493896,"只, 匹, 个","-0.5514, -1.8838, -2.4520"
152,"连 他 都 这样 说 我 真的 很 伤心 , 我 不 是 没有 反省 我 也 知道 我 说话 不 经过 大脑 , 但是 竟然 没有 一 [MASK] <h>人</h> 理解 我 , 真的 很 伤心",个,个,-0.011205577291548252,"个, 种, 些","-0.0112, -5.5253, -6.5099"
153,"喝 了 一 [MASK] <h>红酒</h> 就 有 点晕 , 我 没有 这么 水货 吧 ?",杯,杯,-0.8940761685371399,"杯, 口, 下","-0.8941, -1.5734, -2.1713"
154,20120124 第一 [MASK] 这 <h>大半夜</h> 地 。,记,次,-0.35249996185302734,"次, 个, 张","-0.3525, -3.2521, -3.4265"
155,"这个 问题 隔天 被 愤怒 的 斑竹 删掉 了 , 于是 有 人 建议 发贴者 如果 你 觉得 有 气 的话 , 给 斑竹 发 [MASK] AIDS <h>病毒</h> 把 他 毒死",个,个,-0.15987098217010498,"个, 条, 点","-0.1599, -2.9237, -3.6683"
156,它 歸類 在 反 物質 Anti Matter 的 那組 照片 中從 第四 [MASK] <h>左</h> 二 進去 。,排,排,-1.6753950119018555,"排, 行, 位","-1.6754, -1.7877, -1.9579"
157,我 各 [MASK] <h>圆满</h> 了,种,位,-0.5782474279403687,"位, 个, 家","-0.5782, -1.5790, -2.9962"
158,我 在 这里 浦东 国际 机场 1 [MASK] <h>航站楼</h> 出发 相当 的 奢华,号,号,-0.07869032025337219,"号, 楼, 层","-0.0787, -2.8762, -4.7048"
159,中间 要 行驶 14 [MASK] <h>小时</h> 才 能 到 北京,个,个,-0.0007227290188893676,"个, 座, 次","-0.0007, -9.4815, -9.5577"
160,"男人 , 永远 不 懂得 好好 守护 那 [MASK] 跟 自己 同 甘 共苦 的 <h>女人</h> 。",个,个,-0.0684955045580864,"个, 些, 位","-0.0685, -2.9644, -4.3898"
161,"好久 没 晒 太阳 了 , 伸 [MASK] 懒 <h>腰</h> 晒晒 太阳 , 好 舒服 !",个,个,-0.0704539492726326,"个, 点, 下","-0.0705, -4.0329, -4.6141"
162,"家 里 感觉 真 好 , 哈哈 给 大家 拜 [MASK] <h>早年</h> ,",个,个,-0.022602766752243042,"个, 下, 位","-0.0226, -5.2091, -5.8893"
163,一 [MASK] 没有 爱 过 的 <h>人</h> 是 没有 资格 谈论 爱 的 。,个,个,-0.0072041344828903675,"个, 位, 般","-0.0072, -6.5569, -6.8252"
164,有些 人 不 用 付出 就 可以 得到 想要 的 又 有些 人 就算 付出 多 大 也 未 必 能 得到 半個小時 的 淚水 足以 我 訴出 多 年 的 委屈 謝謝媽媽 開學 一 個月 我會 做好 自己 給你 看 算是 爲了 某些 東西去 努力 爭取 一 [MASK] <h>嗎</h>,次,下,-0.09641074389219284,"下, 些, 次","-0.0964, -3.2436, -4.0451"
165,IP 地址 的 表示 方法 有 两 [MASK] 二进制 和 点 分 十 <h>进制</h> 。,种,个,-0.3739795684814453,"个, 种, 位","-0.3740, -2.3283, -2.6565"
166,"只要 衣服 没有 线头 没有 开裂 没有 破损 , 那么 当 男人 看到 一 [MASK] 好 身材 <h>贴身</h> 穿 着 它 时 , 他 永远 不 会 去 想 它 是 啥材料 啥品牌 多少 钱 做工 怎样 。",幅,件,-0.48372119665145874,"件, 个, 身","-0.4837, -1.5324, -3.2065"
167,分 不 开心 的 一 [MASK] <h>晚上</h>,个,个,-1.8437639474868774,"个, 面, 起","-1.8438, -1.8821, -2.5338"
168,今日 细佬 穿 了 [MASK] 李民浩 在 城市 猎人 里面 的 类似 风衣 的 <h>衣服</h> 。,件,件,-1.0965473651885986,"件, 套, 个","-1.0965, -1.2715, -2.0682"
169,"左侧 从下 数 第一 和 二 [MASK] <h>肋骨</h> 前面 的 肌肉 一 抽 一 抽 的 疼 , 是 为啥 呢 ?",根,节,-1.4050768613815308,"节, 个, 排","-1.4051, -1.4996, -1.8187"
170,讨厌 一 [MASK] <h>人</h> 也许 只 需要 一 瞬间,个,个,-0.012374536134302616,"个, 些, 种","-0.0124, -6.0618, -6.0636"
171,"身价 计算 报告 , 你 现在 的 身价 是 39 万 , 身价 状态 每 年 210 [MASK] 的 <h>速度</h> 上涨 快来 算算 你 的 身价 吧 !",分,次,-1.0569024085998535,"次, 点, 块","-1.0569, -1.3916, -3.6341"
172,"外面 已经 亮起 灯 , 十月 的 夜晚 , 你 在 归家 路 上 听 着 张楚 的 城市 之 光 穿 过 你 的 城市 , 对面 有 一 [MASK] <h>火车</h> 驶过 。",列,辆,-0.6887499094009399,"辆, 列, 班","-0.6887, -1.1758, -2.6734"
173,就 上面 一 [MASK] <h>球</h> 三十五,个,些,-2.022730588912964,"些, 段, 次","-2.0227, -2.5498, -2.6793"
174,"另外 , 每 月 还 将 有 300 [MASK] 自己 微博 的 <h>短信</h> 提醒 , 包括 新 粉丝 新 评论 新 私信 的 通知 。",条,条,-0.053235918283462524,"条, 封, 个","-0.0532, -4.0561, -4.1438"
175,欢乐 马戏团 之 三 [MASK] <h>小丑</h>,个,段,-1.9316996335983276,"段, 章, 号","-1.9317, -2.0216, -2.2795"
176,吃完 这 [MASK] <h>开始</h> 减肥 !,碗,些,-0.5787361860275269,"些, 个, 道","-0.5787, -1.3211, -3.3154"
177,"顶 看错 了 , 买 了 [MASK] <h>草莓</h> 的 !",个,个,-0.43905746936798096,"个, 瓶, 盒","-0.4391, -3.0988, -3.1606"
178,"这 [MASK] <h>路况</h> 不管 你 伤 得 起 不 , 反正 我 伤 不 起 !",种,个,-0.9479438662528992,"个, 种, 些","-0.9479, -1.7045, -2.4984"
179,"昨晚 做 夢夢 到 一 [MASK] <h>話沒</h> 有 你 , 地球 會運轉 得 更 快 高士喬 。",句,句,-0.05927508324384689,"句, 位, 段","-0.0593, -3.9942, -4.5360"
180,"三十 晚 小 墩竟然 画 了 一 [MASK] 完整 的 <h>画</h> , 我 当时 就 泪 奔 了 。",副,幅,-0.753402829170227,"幅, 个, 张","-0.7534, -1.7344, -2.0354"
181,小心 6 [MASK] 乌龙 <h>搭配</h> 易 引起 疾病 1 海鲜 与 啤酒 搭配 食用 容易 诱发 痛风 。,种,种,-0.2684689164161682,"种, 个, 类","-0.2685, -2.1846, -3.9876"
182,"妈咪 说 抹 [MASK] <h>灰</h> 还 喊 累 , 以后 嫁人 怎么 办 。",个,脸,-1.2702200412750244,"脸, 口, 眼","-1.2702, -2.1033, -2.4015"
183,没有 一 [MASK] <h>阳光</h> 的 天气 真 讨厌,丝,点,-0.6167245507240295,"点, 丝, 个","-0.6167, -1.2949, -2.6477"
184,可能 毁掉 我们 的 十 [MASK] <h>东西</h> 一 没有 责任感 的 享乐 二 不 劳 而 获 的 财富 三 没有 是非 观念 的 知识 四 不 道德 的 生意 五 没有 人性 的 科学 六 没有 牺牲 的 崇拜 七随性 而 出 的 暴躁 八 没有 理性 的 盲从九 没有 克制 的 喜欢 十 恣意 付出 的 恋爱 。,样,个,-0.7313828468322754,"个, 种, 件","-0.7314, -1.5525, -1.7675"
185,拜年 了 祝 龙年 顺顺 畅畅 一 [MASK] <h>龙</h> !,条,个,-1.118445634841919,"个, 起, 条","-1.1184, -2.1723, -2.3084"
186,"小 超市 里 前前后后 几 [MASK] <h>排队</h> 结账 的 人 , 手 里 都 拿 着 泡面 , 当然 也 包括 我 。",个,个,-0.31509920954704285,"个, 位, 排","-0.3151, -2.4746, -3.4881"
187,"我 一 [MASK] <h>人</h> 跳舞 , 从 清晨 到 日暮 。",个,个,-0.040722865611314774,"个, 家, 群","-0.0407, -3.8953, -4.7150"
188,"试问 有 边 日 会 五 [MASK] <h>黑黑</h> , 叫 都 五 应 啊 。",面,个,-1.921726942062378,"个, 行, 声","-1.9217, -2.9667, -2.9752"
189,"我 说 喝 了 一 [MASK] <h>稀饭</h> , 护士 说 你 这 是 饿 的 胃痛 。",碗,碗,-1.104982852935791,"碗, 口, 点","-1.1050, -1.7655, -2.0416"
190,可 见 团结 的 重要 如果 几 [MASK] <h>舅</h> 能够 团结 一心 白 家 早 都 兴盛 起来 了 !,个,个,-0.28052476048469543,"个, 位, 家","-0.2805, -2.3470, -2.7454"
191,"哥俩 好 类 , 来 一 [MASK] 类 <h>干杯</h> bofu 拜年",口,个,-0.6253004670143127,"个, 杯, 张","-0.6253, -2.4835, -3.0361"
192,55555 介是 肿么 一 [MASK] <h>事</h> 嘛 !,回,回,-0.32883429527282715,"回, 件, 个","-0.3288, -1.6583, -3.0531"
193,"领到 这么 大 一 [MASK] <h>红包</h> , 太 给力 了 !",个,个,-0.23955626785755157,"个, 笔, 张","-0.2396, -3.1025, -3.6906"
194,"就 情爱 而 言 , 最 悲惨 的 不 是 目光 相遇 一 人 停留 一 人 做 着 穿越 而 是 两 [MASK] 孤独 脆弱 的 灵魂 电光 <h>火石</h> 相互 催眠 , 而 瞬间 即 醒 。",个,个,-0.23358049988746643,"个, 颗, 位","-0.2336, -2.3751, -3.6051"
195,哈哈 原来 我们 家 的 家谱 编制 成 一 [MASK] <h>书</h> 了 不错 哈哈,本,本,-0.08276040852069855,"本, 个, 部","-0.0828, -4.0079, -4.0275"
196,"错 , 是 我们 领导 的 嘴 , 尼玛 , 一 [MASK] <h>话</h> 把 我们 的 年终 奖 扣掉 一半",句,句,-0.052905939519405365,"句, 个, 通","-0.0529, -4.2517, -5.0717"
197,好久 没 见 你 了 长大 了 不少 噢 三 [MASK] 多 <h>月</h> 了,个,个,-0.01007862389087677,"个, 点, 次","-0.0101, -5.8085, -6.9145"
198,同事 赵 <h>老师</h> 的 父亲 今晨 去世 周三 要 去 参加 葬礼 赵 老师 是 [MASK] 非常 好 的 老师 !,个,个,-0.47040387988090515,"个, 位, 名","-0.4704, -1.0051, -5.1501"
199,"大海 里 生活 着 一 [MASK] 快乐 的 <h>鲸鱼</h> , 它 很 爱 干净 , 天天 自己 喷水 洗淋浴 , 大家 纷纷 赞叹 它 多 讲 卫生 啊 !",条,只,-0.7394119501113892,"只, 条, 群","-0.7394, -1.4690, -1.9952"
200,"吃 太 饱 睡 不 着 , 带 着 耳机 却 听到 心跳 , 每 一 [MASK] 都 好像 巨人 走 过 <h>颤动</h> 着 身体 。",声,步,-0.6708295941352844,"步, 次, 幕","-0.6708, -1.3070, -3.5255"
201,我 崩溃 中 我 见到 了 一 [MASK] <h>集志玲</h> 和 大 话 精于 一身 的 姑娘 妈妈咪 呀 谁 也 无法 阻挡 这 姑娘 了,个,个,-0.17020659148693085,"个, 位, 名","-0.1702, -1.9556, -5.5199"
202,"刚才 梳头 , 不 留神 发现 一 [MASK] 不 属于 黑色 的 <h>头发</h> 。",根,根,-1.0599836111068726,"根, 头, 条","-1.0600, -1.4520, -2.2904"
203,"同事 都 说 我 是 超人 , 各 [MASK] <h>疯狂</h> 加班 , 我 总是 开玩笑 说 老子 要 加班 还债 , 可 谁 又 能 懂 , 我 是 在 用 工作 填补 自己 心 中 的 孤寂 。",种,种,-0.008743670769035816,"种, 个, 样","-0.0087, -5.6770, -6.3404"
204,第 84 [MASK] 奥斯卡 提名 <h>名单</h> 揭晓 雨果 艺术家 领跑,届,届,-0.002583261113613844,"届, 次, 座","-0.0026, -7.0369, -7.7278"
205,这 是 我 今天 说 的 第一 [MASK] <h>话</h> 。,句,句,-0.5954446196556091,"句, 个, 段","-0.5954, -1.5007, -1.9606"
206,"必胜客 我 等 你 的 电话 等 得 好 苦 啊 , 要 我 还是 不 要 我 , 给 [MASK] 痛 快点 的 <h>答案</h> 啊 行 啊 ?",个,个,-0.10078972578048706,"个, 点, 些","-0.1008, -2.5922, -4.9373"
207,节奏 超快 这 [MASK] <h>足球</h> 超 好看 但是 好 累 啊,种,个,-0.539451539516449,"个, 些, 张","-0.5395, -2.9056, -2.9835"
208,"你妹 的 , 该 死 的 公司 , 老子 年 后 妥妥 不 伺候 你 了 , 过 春节 连 [MASK] <h>假</h> 都 不 给 批 , 去 死 吧 你 , 疯子 老总",个,个,-0.23844397068023682,"个, 例, 节","-0.2384, -3.1201, -3.2142"
209,"一个 [MASK] <h>孩子</h> 结婚 , 有限 的 住房 已 被 分割 得 不能 再 分 , 老人 自己 在 家中 已 无 一块 清静 的 安身之地 , 又 怎 能 再 筑 起 一个 新 巢 呢 ?",个,个,-0.37081000208854675,"个, 家, 对","-0.3708, -1.2829, -5.2863"
210,总算 做掉 一 [MASK] <h>事情</h> 了 光速 爬 去 碎 觉 起床 还 得 去 看 牙医,件,些,-0.6381533741950989,"些, 件, 个","-0.6382, -1.1871, -2.8746"
211,分享 了 满 88 [MASK] <h>申通</h> 黑 巫女 蕾丝 手链 戒指 套装 女 腕饰 手绳 复古 饰品 2800,包,分,-1.3980457782745361,"分, 点, 条","-1.3980, -2.2804, -2.3322"
212,"新年 第一 天 , 一 [MASK] <h>朋友</h> 窝 在 我 家 看 电影 , 感觉 还 不错 。",群,群,-0.6248378157615662,"群, 个, 位","-0.6248, -1.3380, -2.5983"
213,"美国 的 一 [MASK] 新 <h>研究</h> 发现 , 吃 苹果 可以 促进 神经 细胞 相互 传递 信息 , 降低 老年 痴呆症 的 发病率 。",项,项,-0.022479377686977386,"项, 个, 份","-0.0225, -4.3643, -5.6340"
214,自己 家里人 吃饭 都 能 喝 多 不 就 是 斗鸡眼 么敷 [MASK] <h>泥巴</h> 的 时间 也 不 能 浪费 乡村 小姐妹 感情 深,个,个,-0.8756005167961121,"个, 脸, 面","-0.8756, -1.6515, -1.9879"
215,"我 就 开 10 [MASK] <h>树洞</h> , 说 的 也 还 是 这些 事儿 。",个,个,-0.07932853698730469,"个, 条, 座","-0.0793, -4.5823, -4.9971"
216,"反 嘴 之 什麼什 麼沒聽清 , 然後 看到 一 [MASK] <h>事問</h> , 那 女 的 想幹嗎 , 結果 那 女人 跑 的 比 兔子 還快 我 看 她 是 不 想 在 東泰 混 了 。",管,件,-0.7361266613006592,"件, 位, 堆","-0.7361, -2.2156, -2.3308"
217,每 一 [MASK] 的 <h>煎熬</h> !,次,次,-0.889877438545227,"次, 页, 步","-0.8899, -2.2693, -2.4853"
218,"猴哥 的 同学 说 她 哥哥 以前 跟 我 同班 , 她 说 她 哥哥 说 我 超 有 气质 , 心 里 五 [MASK] <h>杂陈</h> , 记得 也 这样 说 过 , 好 想 问 一下 我 现在 是 不 是 毁 了",味,味,-0.00018151261610910296,"味, 种, 行","-0.0002, -10.4906, -10.6901"
219,2011 快乐 女声 长沙 唱区 预选赛 第二 [MASK] 0092 <h>刘忻</h> 2011 快乐 女声 可 选 原 画 清晰度 分享自,场,轮,-0.6878701448440552,"轮, 季, 场","-0.6879, -1.6096, -2.5593"
220,"赖声川 透露 , 谢娜 将 在 今年 回归 暗恋 桃花源 的 舞台 , 同时 还 将 出演 他 的 另外 一 [MASK] <h>喜剧</h>",部,部,-0.04495581239461899,"部, 套, 个","-0.0450, -3.9867, -4.4439"
221,"肿得 像 猪蹄 , 还 裹 了 一 [MASK] 像 粪便 的 <h>药</h> 。",层,层,-0.6612021923065186,"层, 些, 个","-0.6612, -2.1532, -2.4527"
222,iphone 不 只 是 一 [MASK] <h>手机</h> !,台,部,-0.6879485249519348,"部, 款, 个","-0.6879, -1.6333, -1.6599"
223,"2011 的 最后 一 天 , 这里 的 天气 还 跟 往年 一 [MASK] <h>恶劣</h> !",样,样,-0.004991690628230572,"样, 般, 起","-0.0050, -5.7099, -7.7171"
224,银行 被 疑 泄露 个人 <h>信息</h> 客户 资料 在 内部 几乎 透明 你 有 没 有 被 各 [MASK] 垃圾 信息 推销 电话 轰炸 的 经历 ?,类,种,-0.0879099890589714,"种, 类, 个","-0.0879, -2.6145, -5.4323"
225,"雨 中 散步 , 一 [MASK] 多么 陌生 而 又 熟悉 的 <h>记忆</h> 。",种,段,-0.7104375958442688,"段, 个, 份","-0.7104, -1.6210, -2.0123"
226,兔泽 又 多 了 [MASK] <h>功能</h> set up 无线 打印机 呢 。,个,个,-0.06300999969244003,"个, 些, 点","-0.0630, -3.9839, -4.4265"
227,"熬 了 一 [MASK] <h>通宵</h> 白天 上班 , 还 说 回来 试试 昨天 捣腾 来 的 小 红 裙 就 碎 叫 结果 一 打开 衣柜 , 衣柜 崩溃 啊 !",个,个,-0.09608949720859528,"个, 段, 下","-0.0961, -3.8422, -4.3862"
228,明天 起床 希望 我 的 手机 就 变 出来 了 亲 你 生日 许愿 的 时候 分 我 一 [MASK] <h>愿望</h> 保佑 我 新 手机 早日 到手 亲 记得 喔亲,个,个,-0.4644583463668823,"个, 次, 份","-0.4645, -2.2748, -2.7685"
229,在 首尔 迎来 2012 D3 路口 的 食店 貌似 不少 韩剧 中 的 男 二 会 经营 一 [MASK] 这样 的 小资 <h>餐馆</h>,家,家,-0.4829375743865967,"家, 间, 个","-0.4829, -1.5310, -2.6864"
230,Home sweet home 上 [MASK] <h>回来</h> 是 什么 时候 ?,次,次,-0.09855826944112778,"次, 班, 回","-0.0986, -2.9382, -3.9099"
231,今天 开 了 一 天 的 三 [MASK] <h>车手</h> 都 被 抖麻 了,缸,个,-0.8343527913093567,"个, 位, 轮","-0.8344, -1.3445, -2.6345"
232,"始建 于 1958年 的 鞍钢 冷轧 板 厂 , 是 我国 第一 [MASK] 冷轧 <h>薄板</h> 生产 厂家 。",个,家,-0.21396583318710327,"家, 个, 批","-0.2140, -1.9184, -4.3810"
233,"感谢 胖虎 一直 欺负 我 小 夫 一直 向 我 炫耀 , 让 我 和 阿梦 患难 见 真 情 对 不 起 静香 , 我 的 心 里 只 能 装下 阿 梦 一 [MASK] <h>人</h> 。",个,个,-0.030339239165186882,"个, 样, 家","-0.0303, -4.5645, -5.6083"
234,重温 了 一 [MASK] 寂静岭 <h>经典</h> 还 是 经典 啊,遍,下,-0.18613514304161072,"下, 遍, 次","-0.1861, -3.0522, -3.1833"
235,啊 哈哈哈哈 哪 [MASK] <h>好看</h> ?,个,个,-0.053735245019197464,"个, 家, 种","-0.0537, -4.4154, -4.6510"
236,"也 对 , 那 [MASK] 知名 <h>人士</h> 会 天天 刷微博来 责骂 其他 艺人 及 粉丝 包括 自己 的",个,些,-0.022874657064676285,"些, 位, 个","-0.0229, -4.4512, -5.0837"
237,贱贱 的 过 完 年 了 我 的 小 脸 圆润 了 一 [MASK] b <h>是喜</h> 还 是 悲好,圈,些,-0.548924446105957,"些, 点, 圈","-0.5489, -1.5113, -2.5677"
238,"恶心 的 东西 我 见 多 了 , 你们 算 [MASK] <h>毛啊</h>",个,个,-0.3900474011898041,"个, 发, 点","-0.3900, -2.7681, -3.8161"
239,"作为 一 [MASK] <h>公民</h> , 有 权 对 法官 审判 的 公正 作 一下 质疑 , 有 权 对 本 案 中 司法 的 独立性 作出 更 大 的 质疑 。",个,个,-0.1866297423839569,"个, 名, 位","-0.1866, -1.8320, -4.7497"
240,记得 这 [MASK] <h>照片</h> 吗 ?,张,张,-0.3150603175163269,"张, 些, 个","-0.3151, -2.1722, -2.1811"
241,家乐福 停车 已经 停到 上去 的 那 [MASK] <h>坡</h> 啦 !,个,个,-0.24437004327774048,"个, 条, 段","-0.2444, -2.3632, -3.7745"
242,我 是 [MASK] 不 好 的 <h>人</h> 啊 鄙视,个,个,-0.004303822293877602,"个, 些, 点","-0.0043, -7.6521, -7.6974"
243,我 前 两 [MASK] <h>微博</h> 纯 属 屁憋 的 。,条,条,-1.4751129150390625,"条, 个, 篇","-1.4751, -1.5770, -1.6534"
244,"传说 如果 找到 四 [MASK] <h>小叶</h> 的 幸运 草 , 就 能 许愿 , 使 愿望 成真 。",片,个,-1.379656195640564,"个, 只, 朵","-1.3797, -1.5761, -2.1212"
245,"赶 在 生日 前 , 希望 能 用心 的 做出 [MASK] <h>像样</h> 的 成品 。",个,个,-0.1560218334197998,"个, 些, 张","-0.1560, -3.1317, -4.0370"
246,"你 是 记忆 中 最 美 的 一 天 , 遗忘 的 或许 会 是 一 [MASK] 漫长 <h>等待</h> 的 未来 岁月 。",个,段,-0.10293829441070557,"段, 个, 些","-0.1029, -2.3867, -6.0337"
247,对付 一 [MASK] <h>人</h> 最 好 的 办法 就 是 置之不理 。,个,个,-0.09654977172613144,"个, 些, 群","-0.0965, -3.5087, -3.9713"
248,"沃嘉 旅游 厦门 的 悠闲 与 懒散 最 合 小资 胃口 , 鼓浪屿 尤其 是 [MASK] <h>世外</h> 桃源 。",个,个,-0.16778962314128876,"个, 座, 处","-0.1678, -3.7884, -4.1240"
249,"洛 卡 松 了 口 气 , 这 [MASK] <h>话</h> 他 一直 藏 在 心中 , 现在 说 出来 了 , 他 觉得 自己 死 也 没有 什么 遣 憾 了 。",句,句,-1.0543406009674072,"句, 些, 段","-1.0543, -1.1096, -1.8563"
250,"明天 5 点 那 [MASK] 西班牙 国王 <h>杯</h> 的 14 决赛 , 哪 有 转播 吗 ?",场,场,-0.36157092452049255,"场, 个, 杯","-0.3616, -1.3579, -5.0333"
251,厦门 也 挺 冷 的 中午 的 当归 米 酒 两 [MASK] <h>下去</h> 这 会 好 头疼,口,杯,-0.5600104331970215,"杯, 瓶, 碗","-0.5600, -2.4275, -2.6145"
252,"一 [MASK] <h>怒火</h> 熊熊 燃烧 , 幸好 有 人 及时 帮 我 浇灭 , tmd 的 已 到 家",团,股,-1.0189182758331299,"股, 阵, 片","-1.0189, -1.8940, -2.0829"
253,各 [MASK] <h>打架</h> 梦 。,种,种,-0.11135616153478622,"种, 个, 类","-0.1114, -3.4141, -4.0754"
254,过 年 啦 这 [MASK] <h>双子</h> 的 宝贝 很 幽默 弄 得 我们 大家 都 笑哈哈,位,个,-0.2712125778198242,"个, 位, 只","-0.2712, -2.0555, -3.8359"
255,我 刚 在 MOKO 美空网 发布 了 一 [MASK] 新 <h>展示</h> 服装 片杜 达 女装,组,个,-0.6636170148849487,"个, 组, 篇","-0.6636, -2.8751, -2.9574"
256,上传 了 12 [MASK] <h>照片</h> 到 相册 SNSD,张,张,-0.018286775797605515,"张, 个, 幅","-0.0183, -5.2514, -5.3511"
257,祭 天公 的 祭桌 四 [MASK] <h>桌脚</h> 都 要 垫金 纸 !,条,面,-0.4473792314529419,"面, 个, 张","-0.4474, -2.0022, -2.2023"
258,"觉得 自己 能 生 在 这样 的 一 [MASK] <h>家庭</h> , 好 满足 !",个,个,-0.0018690995639190078,"个, 种, 位","-0.0019, -7.6739, -8.9368"
259,这 [MASK] <h>对</h> 了 吧 ?,回,个,-1.1080524921417236,"个, 样, 次","-1.1081, -1.1229, -1.6909"
260,"回到 学校 , 本 想 吃 [MASK] 开心 的 <h>早餐</h> , 谁 知道 还是 剩菜剩饭 , 心情 都 没 了",个,顿,-0.263905793428421,"顿, 个, 点","-0.2639, -2.0381, -3.0234"
261,一 [MASK] <h>情缘</h> 一 世 爱 天涯 遥寄 只 为 你 。,世,世,-0.1869393289089203,"世, 段, 场","-0.1869, -3.9459, -3.9544"
262,"亚亚 说 : “ 妈妈 , 你 看 , 爸爸 要 我 一定 要 把 这 [MASK] <h>照片</h> 放在 身上 , 千万 不能 弄 丢 , 而且 一定 要 把 你 的 样子 记 清楚 , 这样 , 如果 在 街上 看到 你 , 就 能 认 出来 了 , 不能 会 再 错 过 了 。",张,张,-0.08639499545097351,"张, 些, 个","-0.0864, -2.7698, -4.4077"
263,"无知 加 无耻 , 真 tmd 一 [MASK] <h>奇葩</h> 了 !",朵,个,-0.3077578544616699,"个, 群, 堆","-0.3078, -2.7961, -3.0481"
264,"如果 你 用 它 来 盛 天 上 的 净水 , 你 就 是 一 [MASK] <h>圣徒</h> 。",个,个,-0.4208259880542755,"个, 位, 名","-0.4208, -1.7435, -1.8070"
265,"今天 , 生理 两 [MASK] 妇重点 <h>技能</h> 看完",章,个,-0.9984690546989441,"个, 位, 项","-0.9985, -2.7302, -2.8420"
266,我 在 西 二 [MASK] <h>菜户</h> 营桥 到 西直门 桥 。,环,环,-0.28455913066864014,"环, 门, 路","-0.2846, -1.9406, -3.3475"
267,"2011 年 9 月 中旬 以来 , 香港 离岸 市场 人民币 CNH 一 改 之前 单向 升值 趋势 , 开始 出现 了 一 [MASK] 贬值 <h>走势</h> 。",轮,波,-0.6739779710769653,"波, 轮, 种","-0.6740, -1.8652, -2.0547"
268,"他们 纷纷 涌 向 大桥 , 争 睹 这 [MASK] 跨度 423 米 , 名列 世界 第二 的 <h>斜拉桥</h> 的 英姿 风采 。",座,座,-0.012095651589334011,"座, 条, 个","-0.0121, -5.5293, -5.7882"
269,"初 一 圆 明讲 [MASK] <h>参拜</h> , 遇 世博 一样 的 排队 长龙 , 香火 真 是 旺啊",堂,堂,-0.02166498266160488,"堂, 道, 台","-0.0217, -4.6412, -5.2716"
270,"第一 [MASK] <h>吃</h> 年饭 系 上 冷饭 的 , 碟饭 如果 用 来 炒饭 简直 一流 。",次,次,-0.7219750285148621,"次, 餐, 顿","-0.7220, -2.6519, -2.7457"
271,我 兴高采烈 地 把 红包 一 [MASK] <h>封地</h> 拆开 然后 再 失望 地 把 钱 重新 放 进去,封,个,-1.133508563041687,"个, 起, 块","-1.1335, -1.7143, -2.2152"
272,"昨晚 看 着 你 做 家务 的 背影 , 觉得 你 是 [MASK] 有担当 的 , 有 肩膀 的 <h>男人</h> , 被 你 照顾 着 很 幸福 。",个,个,-0.0082311499863863,"个, 位, 具","-0.0082, -5.9672, -6.8512"
273,不 漂亮 的 女生 都 会 一 [MASK] <h>手艺</h> 那 就 是 十字绣 谁 敢 出来 承认 啊 老婆 我 知道 你 会 的 你 太 久 没 露面 了,门,个,-1.631906270980835,"个, 副, 种","-1.6319, -1.8121, -2.1550"
274,各 [MASK] <h>咸</h> 。,种,声,-3.1679179668426514,"声, 句, 分","-3.1679, -3.2133, -3.2507"
275,你 会 给 儿子 找 一 [MASK] 新 <h>爸爸</h> 吗 ?,个,个,-0.10435538738965988,"个, 位, 名","-0.1044, -2.3752, -6.0136"
276,但 遗憾 的 是 没有 看到 uk vogue 上 他 受 麦姐 那 [MASK] <h>启发</h> 做 的 新款 连身 和 内衣,款,件,-1.2500511407852173,"件, 个, 款","-1.2501, -1.6915, -2.3940"
277,"需要 提醒 的 是 , 银行卡 和 身份证 尽量 不 要 放 在一起 , 如果 不法 分子 同时 获取 这 两 [MASK] <h>东西</h> , 就 有 可能 成功 办理 提前 取款 手续 。",件,种,-0.973475456237793,"种, 个, 样","-0.9735, -1.0591, -1.6714"
278,巢湖 工商 查获 一 [MASK] 假冒 解百 纳 注册 商标 <h>葡萄酒</h>,批,批,-1.1335160732269287,"批, 瓶, 件","-1.1335, -1.2316, -2.3303"
279,"这个 破 天气 就 没 见 好 过 , 今天 还 是 除夕加 老爸 的 生日 , 要 不 是 为了 交话费 , 我 才 不 愿意 出 这 [MASK] <h>门</h> !",趟,个,-0.6969968676567078,"个, 趟, 扇","-0.6970, -1.9321, -3.1378"
280,"爆笑 风格 喜剧 撒旦 女王 二 [MASK] <h>演出</h> 即将 登场 , 2012 年 2 月 7 日 到 2 月 19 日 在 D6 哦 !",轮,号,-1.6502748727798462,"号, 代, 季","-1.6503, -1.8327, -1.8353"
281,"办公室 的 几 [MASK] <h>女人</h> 叽叽 喳喳 的 讨论 甄环传 , 论调 特别 幼稚 雷 人 程度 令 人 发指 有点 忍 不 住 想 打断 她们 , 不过 还 是 使劲 憋住 了 。",个,个,-0.08003140240907669,"个, 位, 名","-0.0800, -2.8211, -4.9791"
282,"最 讲 卫生 的 家庭 主夫 每 天 洗碗 后 都 要 擦洗 一 [MASK] <h>操作台</h> , 所以 我 家 的 厨房 特 干净 !",遍,下,-0.42711785435676575,"下, 次, 遍","-0.4271, -2.0600, -2.2359"
283,"从 另 一 [MASK] <h>角度</h> 拍摄 的 日出 , 你 有 多久 没 看 过 日出 ?",个,个,-0.018666919320821762,"个, 种, 些","-0.0187, -4.4127, -6.5808"
284,"为 哪样 要 喊阿泰 [MASK] 世界 <h>和平</h> , 笑死 我 了 。",个,个,-1.8797751665115356,"个, 把, 回","-1.8798, -2.4394, -3.0073"
285,晕无拉拉通 左 [MASK] <h>宵好</h> 无 准备,个,眼,-0.7832710146903992,"眼, 手, 路","-0.7833, -2.3067, -2.9038"
286,"发表 了 博文 2012 年 01 月 21 日 祝福 每 一 [MASK] <h>人</h> 龙年 龙马精神 , 全 家 幸福 , 身体 健康 , 万事如意 , 阿弥陀佛",个,个,-0.08729983866214752,"个, 位, 名","-0.0873, -2.5002, -7.8538"
287,"他 亲情 盈盈 , 不 见 挚爱 , 找 [MASK] <h>小妾</h> 只 挠痒 。",个,个,-0.3363262712955475,"个, 回, 只","-0.3363, -3.0535, -3.4329"
288,这 或许 就 是 两 [MASK] <h>人</h> 的 分歧 。,辈,个,-0.11284889280796051,"个, 种, 类","-0.1128, -3.0499, -4.2061"
289,"璇 天才 waitingHee 默默 之中 居然 已经 积累 了 如此 的 人脉 关系 , 2012 [MASK] <h>TA</h> 注定 会 是 不 平凡 的 一 年 。",对,版,-1.2292323112487793,"版, 届, 份","-1.2292, -2.1855, -3.3320"
290,", 我 投给 了 韩爸 的 百 倍 影响力 , 粉丝 估计 在 3000 万 这 1 [MASK] <h>选项</h> 。",个,个,-0.1796756386756897,"个, 项, 种","-0.1797, -3.9303, -4.1871"
291,番薯 君 回来 了 遥远 时空 传来 一 [MASK] 二 <h>货</h> 的 呼唤,声,个,-0.8024603724479675,"个, 声, 次","-0.8025, -1.9927, -2.8431"
292,16 [MASK] <h>小时</h> 前 到达 威尼斯 。,个,个,-0.0905335545539856,"个, 点, 号","-0.0905, -3.9313, -4.7606"
293,"南宋 晚期 , 咸淳 四年 1268 年 浙江 德清 吴奥墓 出土 的 一 [MASK] 龙泉 <h>鬲式炉</h> 和 此 器 类似 。",件,件,-1.024069905281067,"件, 个, 具","-1.0241, -1.9390, -2.0838"
294,"切 香肠 是 [MASK] <h>技术活</h> , 切 得 好看 就 好吃 , 切 得 狗 啃 似 的 就 难吃 。",个,个,-0.13463273644447327,"个, 门, 项","-0.1346, -2.6500, -3.7630"
295,"死神涅 队长 摘掉 面具 后 , 也 是 一 [MASK] <h>大帅</h> 但是 女 下属 , 还是 女 实验品",个,个,-0.44282135367393494,"个, 位, 副","-0.4428, -2.3005, -2.8609"
296,对 说 不 解释 一 天刷 了 那么 多 [MASK] <h>微博</h>,条,次,-1.3516329526901245,"次, 页, 个","-1.3516, -2.0608, -2.2616"
297,"祝福 2012 年 我 和 我 的 全 [MASK] <h>人</h> 还 有 所有 亲人 和 朋友 一生 身体 健康 合家欢乐 , 万事 顺利 天天 向上 龙年 吉祥 龙年 恭喜 发大财 。",家,家,-0.14865796267986298,"家, 部, 身","-0.1487, -2.0481, -5.6768"
298,"怪 五 得 [MASK] <h>天</h> 开始 光 啦 , 原来 已经 接近 7 点 。",个,道,-1.4265706539154053,"道, 等, 分","-1.4266, -1.7022, -3.2064"
299,欢迎 下 [MASK] <h>惠顾</h> 淘金 币智 立方 小熊 一 天 趣味 木 书 智力 拼图 玩具 儿童 益智 玩具 1400,次,架,-1.1015650033950806,"架, 手, 次","-1.1016, -1.5848, -1.8882"
300,回家 路 上 遇到 什么 事 今天 本來 做好 事 給閨蜜 介紹 去 <h>朋友</h> 的 中華 料理店 打工沒 想到 碰到 朋友 的 一 [MASK] 日本 朋友 被 調侃 的 我 也 稀裡 糊塗進 去 打工 了 我 只 是 一個 陪衬 的 人 呀 !,群,位,-0.2344658076763153,"位, 名, 些","-0.2345, -3.0034, -3.2232"
301,"21 [MASK] 的 <h>任务书</h> 基本 完成 , 花 了 2 天 半 功夫 , 要 吐血 了 。",页,号,-0.10148673504590988,"号, 楼, 点","-0.1015, -3.8073, -4.4209"
302,"汤本味 仅 售 1 元 价值 826 元 瓦罐 汤汤 在 江西 食 在 北京 一 汤 一格百 [MASK] <h>其中</h> 另 有 售价 108 元 4 人 套餐 可选 关注 , 让 我们 团 在一起",味,味,-0.7686518430709839,"味, 家, 团","-0.7687, -1.7670, -2.9203"
303,20120120 直 排 轮 商品 推荐 动感 黑金 三 [MASK] <h>VIP</h> 成人 直排轮 轮滑 鞋 溜冰鞋 旱冰鞋 成人 滑冰鞋 20000 元 详情 。,代,双,-1.8357735872268677,"双, 环, 层","-1.8358, -2.3616, -2.4219"
304,ChezShea 那 [MASK] 鳕鱼 <h>味道</h> 真 不错 练习 慢 节奏 的 好 去处 喜欢 它 的 半圆形 大 窗 外面 是 pike market 有 大风 的 冬日 黄昏室 内 暖和 也 不 嘈杂 象 安全 避风港,道,个,-1.6557114124298096,"个, 条, 种","-1.6557, -1.7099, -2.7573"
305,这 [MASK] <h>图片</h> 我 喜欢,幅,张,-0.8679991960525513,"张, 个, 些","-0.8680, -1.0112, -2.4863"
306,"发表 了 博客 美 的 销售 瘦身 扩至 大 家电 部分 地区 公司 裁员 三成 市场 转冷 人海 战术 葡坎辉 偈视 美 的 这 [MASK] 高速 <h>行驶</h> 的 火车 正在 减速 , 以 确保 平稳 穿越 这个 冬天 。",辆,列,-0.37110307812690735,"列, 辆, 趟","-0.3711, -1.6333, -3.8112"
307,"今晚 幼稚 了 一 [MASK] 那些 人 , 我们 一起 追过 的 <h>女孩</h> , 感觉 还 好 啦",回,下,-0.12791845202445984,"下, 些, 点","-0.1279, -3.2685, -3.7866"
308,"走 万 里 路 胜过 读 万 [MASK] <h>书</h> , 出门 旅行 是 增长 知识 的 好 时机 , 这 是 很多 出门 旅行者 的 初衷 和 目的 。",卷,卷,-0.2789275348186493,"卷, 本, 册","-0.2789, -1.6448, -3.5417"
309,"执 着 梦想 追求 , 用 自身 的 努力 感染 和 激发 着 每 [MASK] 喜欢 她 的 <h>人</h> !",个,个,-0.18110688030719757,"个, 位, 批","-0.1811, -1.8181, -7.2541"
310,他 妈 的 一 晚 吃 两 [MASK] 顺德 <h>粥城</h>,次,个,-1.451416254043579,"个, 次, 碗","-1.4514, -1.5381, -1.5498"
311,看到 三 [MASK] <h>人</h> 吵架 。,组,个,-0.01944313943386078,"个, 位, 家","-0.0194, -6.0452, -6.2189"
312,"我擦 , 体坛 快讯 就 等 着 看 [MASK] 电视 <h>转播</h> 。",个,个,-0.7403217554092407,"个, 下, 等","-0.7403, -2.1765, -2.8990"
313,临睡 前 文艺 一下 但 愿 来生 做 一 [MASK] <h>树</h> 。,棵,棵,-0.08747507631778717,"棵, 颗, 个","-0.0875, -3.2401, -4.2879"
314,今年 最后 一 [MASK] 重要 <h>决定</h> 我 要 去 纹身 !,项,个,-0.17134223878383636,"个, 项, 次","-0.1713, -2.2641, -3.3417"
315,"两 小 无猜 一直 爱到 两 [MASK] <h>斑白</h> , 面朝 大海 一直 爱到 春暖 花 开 你 依赖 让 你 依赖 , 你 无赖 给 你 耍赖",发,头,-1.1688748598098755,"头, 个, 脸","-1.1689, -1.5028, -2.5089"
316,"昨天 的邰 先生 凤翔 木板 年画 沙龙 , 孩子们 感受 传统 的 手工 木板 年画 , 亲手 参与 制作 的 过程 , 是 一 [MASK] 非常 有 意义 的 <h>事情</h> 。",件,件,-0.013129336759448051,"件, 个, 项","-0.0131, -4.8343, -5.9597"
317,买 [MASK] <h>年货</h> 不 容易 。,个,个,-0.37214499711990356,"个, 点, 些","-0.3721, -2.7102, -2.8109"
318,"如果 , 所有 的 伤痕 都 能够 痊愈 如果 , 所有 的 真心 都 能够 换来 真意 如果 , 所有 的 相信 都 能够 坚持 如果 , 所有 的 情感 都 能够 完美 如果 , 依然 能 相遇 在 某 [MASK] <h>城</h> 。",座,个,-0.25993824005126953,"个, 座, 处","-0.2599, -2.6315, -2.7652"
319,"特别是 十一 [MASK] 三 中 <h>全会</h> 以来 , 我国 民航 事业 在 诸多 方面 都 持续 快速 发展 , 取得 了 举世瞩目 的 成就 。",届,届,-0.0002432761393720284,"届, 次, 个","-0.0002, -8.3486, -12.2611"
320,而 这 两 [MASK] <h>节目</h> 都 是 我 最爱,个,个,-0.22542138397693634,"个, 部, 套","-0.2254, -2.9499, -3.0500"
321,有 一 [MASK] 大 <h>闸蟹</h> !,串,只,-0.8629897832870483,"只, 条, 种","-0.8630, -1.4195, -2.2110"
322,"香港 万宁 创意 广告 猫咪 故事 香港 万宁 创意 广告 猫咪 故事 http t cn Sa9Y9L 主人 患病 , 猫咪 千辛万苦 寻找 高 山 雪莲 , 上演 一 [MASK] 猫咪 <h>救主人</h>",幕,幕,-0.6064828038215637,"幕, 场, 段","-0.6065, -1.2196, -2.8839"
323,多多 小 [MASK] <h>友</h>,盆,伙,-0.6428289413452148,"伙, 圈, 家","-0.6428, -2.2627, -2.5032"
324,我 刚 试 着 找 几 [MASK] 有趣 的 <h>人儿</h> 来 关注 但 实在 是 不 好找 大爷 的 老娘 我 不 干 了 。,个,个,-0.05833552032709122,"个, 位, 种","-0.0583, -3.3263, -6.0630"
325,"夜晚 的 星空 繁星 点缀 , 总 有 一 [MASK] <h>星辰</h> 为 你 指引 方向 。",颗,颗,-0.4026743769645691,"颗, 个, 些","-0.4027, -2.1408, -2.9425"
326,"推销员 因为 工作 忙 一 [MASK] <h>星期</h> 有 五 天 不 在 家 , 自然 对 太太 有所 歉意 , 想 利用 整个 周末 补偿 她 !",个,个,-0.008678554557263851,"个, 下, 般","-0.0087, -6.2584, -6.6712"
327,"昨天 A 君 带 了 一 [MASK] 红 <h>酒</h> 欺骗 我 幼 小 的 心灵 , 说好 带拉菲 , 结果 提上 来 变成 了 国产 的 长城 。",支,瓶,-0.7115134596824646,"瓶, 些, 杯","-0.7115, -2.1953, -2.5191"
328,乌克兰 团里 又 来 了 怎 一 [MASK] <h>骚字</h> 了 得比 的 上 Dance And Change Kazaky 分享 自,个,个,-0.634644091129303,"个, 位, 样","-0.6346, -3.0727, -3.3174"
329,"我 已 下载 了 Q [MASK] <h>史记</h> 很 好看 , 和 好 朋友 一下 分享 下",版,记,-0.46309423446655273,"记, 篇, 卷","-0.4631, -3.4561, -3.5708"
330,"东亚 娱乐 没有 圈 汤唯 身 着 裸色 裙 释放 小 清新 流露 东方 美 2011 年 11 月 11 日 , 上海 , 光棍节 , 汤唯 与 一 [MASK] <h>明星</h> 来到 时尚 秀场 参加 珠宝秀 。",袭,群,-1.1353485584259033,"群, 些, 位","-1.1353, -1.8075, -2.4267"
331,最后 一 [MASK] <h>年夜饭</h>,顿,餐,-1.7757575511932373,"餐, 集, 场","-1.7758, -2.2904, -2.7286"
332,怜儿 好 聪明 [MASK] <h>香好</h> 狡猾,袭,点,-2.6385726928710938,"点, 手, 味","-2.6386, -2.7573, -2.8585"
333,"虽然 被 两 [MASK] <h>魂淡打</h> 的 好 惨 , 但 小忌 你 一定 会 吐 便当 的 对吧 ?",个,个,-0.5974152684211731,"个, 颗, 位","-0.5974, -2.5222, -2.9623"
334,"痛经 女性 应该 禁食 哪 三 [MASK] <h>食物</h> 痛经 会 给 女性 朋友 的 工作 生活 造成 很 大 的 影响 , 女性 朋友 在 痛经 时 应 注意 做好 一些 保健 工作 , 比如 注意 一些 饮食 上 的 禁忌 。",类,种,-0.38130995631217957,"种, 类, 样","-0.3813, -1.2619, -4.5807"
335,去年 现在 我 还 在 法国 一 [MASK] <h>人</h> 看 着 腾讯 的 过年 广告 流马尿 。,个,个,-0.26392555236816406,"个, 家, 群","-0.2639, -2.4118, -3.2597"
336,"这 [MASK] <h>宝贝</h> 这 两 天 问 的 人 满 多 独家 美国 专柜 正品 ED HARDY 风格 彩色 纹身 鲤鱼 花纹 打底 连 裤袜 丝 袜子 , 价格 18800 元 , 见",件,个,-0.5284724235534668,"个, 款, 家","-0.5285, -2.2199, -2.8389"
337,为什么 每 [MASK] 我 对 自己 许下 的 <h>诺言</h> 都 没有 毅力 去 实现 除了 有关 你 的 现在 还 有 超多 作业 没 做 啊,次,次,-0.18679411709308624,"次, 个, 句","-0.1868, -1.8534, -6.1753"
338,话 说 今年 第一 [MASK] 桃 <h>花</h> 我 不 喜欢,朵,朵,-0.7351284027099609,"朵, 个, 株","-0.7351, -2.1198, -2.7422"
339,"这 是 一 [MASK] 转运 <h>菩萨</h> , 龙年 可 踢走 霉运 , 好运 相伴 !",尊,尊,-0.8579363822937012,"尊, 个, 位","-0.8579, -1.7874, -1.8772"
340,"听 着 李林妲 和 李宛妲 两 小 姐妹 的 歌声 , 看 着 两 [MASK] 小精灵 美丽 迷人 的 <h>笑容</h> , 那 清澈 纯洁 的 歌声 穿透 心灵 , 鼻子 突然 酸酸 的 , 眼泪 在 眼眶 中 打转 !",个,个,-0.4961811900138855,"个, 位, 只","-0.4962, -1.3338, -2.2390"
341,我 参与 了 发起 的 投票 哪 [MASK] <h>穿</h> 越剧 最 合 你 的 胃口 ?,个,个,-1.0940462350845337,"个, 种, 些","-1.0940, -1.2008, -2.0141"
342,发觉 琴晚 自己 又 做 左 [MASK] <h>贼</h> 了 !,个,手,-0.9323688745498657,"手, 个, 眼","-0.9324, -3.0198, -3.1996"
343,"中午 , 办公室 , 工作餐 , 一 [MASK] 蜿蜒 盘亘 的 <h>秀发</h> 穿梭 在 米饭 中 。",根,头,-0.12440049648284912,"头, 条, 缕","-0.1244, -3.1422, -4.8142"
344,你 是 一 [MASK] <h>笨驴</h> !,头,个,-0.41970017552375793,"个, 只, 匹","-0.4197, -2.2385, -2.3594"
345,"在 这 一个 过程 中 , 许多 人 的 个性 被 磨损 、 特色 被 掩盖 , 最后 只 开 了 一 [MASK] 平凡 无 奇 的 <h>店面</h> 。",间,家,-0.772484540939331,"家, 个, 间","-0.7725, -0.9541, -2.6185"
346,"他 算 [MASK] 什么 <h>东西</h> , 值得 您 这样 跟 我 大小声 !",个,个,-0.15689174830913544,"个, 点, 些","-0.1569, -3.1451, -3.3197"
347,", 你 在 晒 许愿瓶 的 100 [MASK] <h>用法</h> , 赢 ThinkPad 笔记本 电脑 !",种,种,-0.5588939785957336,"种, 个, 条","-0.5589, -0.9683, -4.6398"
348,"红 派壹号 处 女座 的 人 超 讨厌 没有 信用 的 人 , 就算 是 鸡毛 蒜皮 的 事 , 别 看 平时 处 女座们 都 一 根筋 , 其实 细心 的 很 , 只要 在乎 的 事 , 就 连 [MASK] 标点 <h>符号</h> 都 会 记住 。",个,个,-0.3679070472717285,"个, 下, 点","-0.3679, -2.2406, -2.4040"
349,各 [MASK] <h>绕</h> !,种,个,-2.043978691101074,"个, 种, 项","-2.0440, -2.1046, -2.9186"
350,捧 [MASK] <h>场</h> 吧,个,场,-0.16528698801994324,"场, 杯, 起","-0.1653, -3.2397, -3.4808"
351,林 夏 相亲 这 [MASK] 太 <h>逗</h> 了,段,次,-1.4301810264587402,"次, 样, 下","-1.4302, -1.8361, -2.2460"
352,去 领取 就 [MASK] <h>勋章</h> 就 可以 点亮 头像 下面 的 小 房子 。,个,发,-1.0728635787963867,"发, 行, 点","-1.0729, -1.6878, -2.1620"
353,没有 了 一 [MASK] <h>晚安</h> 是 谁 说 这个 习惯 一定 不 会 少,句,个,-0.8466969728469849,"个, 点, 些","-0.8467, -1.8868, -2.4306"
354,做 了 [MASK] <h>噩梦</h> 吓 得 我 半死 上网 查 了解 梦 才 知道 是 好 事 万 岁 万 岁 啊,个,个,-0.0196064542979002,"个, 次, 场","-0.0196, -5.2406, -5.9485"
355,"我 参与 了 2012 年 首 [MASK] CCTV 网络 <h>春晚</h> 最 想 看到 的 内地 明星 , 投给 了 唐嫣 这个 选项 。",届,届,-0.05975674092769623,"届, 次, 个","-0.0598, -4.0576, -4.4887"
356,"人生 就 像 一 [MASK] <h>火车</h> , 途径 许多 驿站 。",列,列,-0.395785927772522,"列, 辆, 趟","-0.3958, -2.1455, -2.7505"
357,解放 了 下 [MASK] <h>星期</h> 就 能 回 武汉 了,个,个,-0.09052304923534393,"个, 次, 班","-0.0905, -3.1966, -4.0393"
358,"昨晚 才 去 的 长安街 龙 凤 海鲜 酒楼 , 今天 B [MASK] 就 <h>发来</h> 说 被 烧掉 了 ?",栋,楼,-2.0638926029205322,"楼, 发, 家","-2.0639, -3.0641, -3.1936"
359,"朝着 那 [MASK] <h>目标</h> , 前进 !",个,个,-0.03962226212024689,"个, 些, 颗","-0.0396, -4.7356, -5.3838"
360,起来 第一 [MASK] <h>事情</h> 都 是 这样 的 嘛 !,件,件,-0.44748440384864807,"件, 次, 个","-0.4475, -1.8215, -2.4199"
361,疯狂 的 一 [MASK] 半 <h>小时</h> 美图秀秀 Android 版,个,个,-0.48237037658691406,"个, 点, 分","-0.4824, -2.0197, -2.5567"
362,人肉 搜索 是 一 [MASK] 很 深 的 <h>学问</h> 到 现在 我 也 不 能 说 我 掌握 得 有 多好 倒 是 希望 以后 我 都 不 会 再 用到 了 最 起码 不 要 再 为 自己 所 用 了,门,门,-0.024351738393306732,"门, 个, 种","-0.0244, -4.0764, -6.0644"
363,"我 在 快乐 购 , 过年 各 [MASK] 红 <h>灯笼</h> 挂起",种,种,-1.1116832494735718,"种, 家, 样","-1.1117, -1.8757, -2.1740"
364,也 是 最后 一 [MASK] <h>歌</h> !,首,首,-0.04619388282299042,"首, 张, 个","-0.0462, -4.2475, -4.9652"
365,"这么 重要 的 时刻 , 发 [MASK] <h>微博</h> 提醒 一下 各位 我 也 很 高调 !",个,个,-0.18216674029827118,"个, 条, 点","-0.1822, -2.6199, -3.9340"
366,"弱智 <h>儿童</h> 欢乐 多 , 做 [MASK] 快乐 的 弱智 儿童 吧 !",个,个,-0.005878407042473555,"个, 些, 只","-0.0059, -6.1088, -6.6838"
367,"做 一 [MASK] 淡淡 的 <h>女子</h> , 不浮不躁 , 不争 不 抢 , 不 去 计较 浮华 之 事 , 不 是 不 追求 , 只是 不 去 强求 。",个,个,-0.020619338378310204,"个, 位, 名","-0.0206, -4.6684, -4.8500"
368,"买 了 三 [MASK] <h>杯子</h> , 花 了 50 !",个,个,-0.23828625679016113,"个, 只, 件","-0.2383, -3.0161, -3.5677"
369,后面 还 跟 着 [MASK] <h>警车</h> 。,辆,个,-0.4722874164581299,"个, 辆, 行","-0.4723, -1.4052, -4.0413"
370,从 多 [MASK] <h>纬度</h> 对 新浪 微博 和 Twitter 进行 了 比较 。,个,个,-0.058564022183418274,"个, 条, 种","-0.0586, -3.7779, -4.0714"
371,"第一 [MASK] 看 了 爱 的 <h>现场</h> , 完全 被 KAME 征服 了 。",次,次,-0.027817821130156517,"次, 眼, 个","-0.0278, -4.0536, -6.0750"
372,"一 [MASK] <h>人</h> 孤苦 伶仃 的 , 被 抛弃 的 感觉 很 不 爽啊 !",个,个,-0.04489858075976372,"个, 般, 群","-0.0449, -4.0404, -4.7350"
373,第一 [MASK] <h>和谐号</h> 。,班,个,-1.3973071575164795,"个, 段, 节","-1.3973, -2.3080, -2.5258"
374,不 要 让 别人 影响 你 对 [MASK] <h>画</h> 的 独特 看法 。,幅,对,-0.9958421587944031,"对, 本, 笔","-0.9958, -2.6063, -2.9867"
375,"今天 我 做 了 一 [MASK] 艰难 的 <h>决定</h> , 决定 进入 故宫 做 导游 工作 。",个,个,-0.031809549778699875,"个, 项, 次","-0.0318, -4.5912, -4.7384"
376,"大家 新年 快乐 , 我 临 睡 前 抽 [MASK] <h>风</h> !",个,个,-1.2187682390213013,"个, 起, 点","-1.2188, -2.0768, -2.1399"
377,今天 第一 [MASK] <h>香薰</h> 可是 熏 死 我 了 薰衣草 的 威力 不 可 忽视 啊,次,次,-0.877363920211792,"次, 个, 件","-0.8774, -2.1003, -2.1889"
378,"难得 的 一 [MASK] 小 <h>聚会</h> , 还 搞 起来 腼腆",次,次,-0.47623467445373535,"次, 个, 场","-0.4762, -1.1798, -3.1386"
379,"所以 , 不 要 小看 任何 一 [MASK] <h>人</h> , 哪怕 是 看上去 天真无邪 的 孩童 , 他们 也 有 自己 的 思想 。",个,个,-0.14182773232460022,"个, 种, 类","-0.1418, -3.0067, -3.8170"
380,也 对 得 起 我 龙年 的 第一 天 就 熬 了 [MASK] <h>通宵</h> 看 球 !,个,个,-0.07723403722047806,"个, 些, 点","-0.0772, -3.8176, -4.3777"
381,Lightroom 一 [MASK] 比 photoshop 更 好用 的 图片 处理 软件 学院 频道 <h>蜂鸟网</h>,款,款,-0.7968335151672363,"款, 个, 些","-0.7968, -0.8556, -2.7222"
382,"好像 那 [MASK] <h>兄弟们</h> , 没有 牵挂 的 聚 在一起 , 挥霍 青春 。",班,些,-0.3108835220336914,"些, 个, 群","-0.3109, -2.0726, -2.8145"
383,15 [MASK] 的 孩子 <h>聚会</h> 改期 了 聚会 是 有 的 也许 过 年 后,班,班,-1.3771820068359375,"班, 级, 号","-1.3772, -1.5126, -2.2147"
384,农行 陷入 拒付 门 储户 2 千 存款 20 年 变 9 万 [MASK] 拒付 <h>分享自</h> ZAKER,遭,遭,-0.7239770889282227,"遭, 次, 首","-0.7240, -1.6883, -3.3584"
385,所以 像 不 需要 那 [MASK] <h>钱</h> 一样 地 工作 吧 像 从 没 被 伤害 过 地 勇敢 去 爱 吧 像 旁若无人 般 地,笔,些,-0.27035224437713623,"些, 个, 笔","-0.2704, -2.6621, -2.7328"
386,"6 [MASK] <h>生活</h> 当 乐趣 , 你 就 会 满怀信心 。",把,个,-1.9808672666549683,"个, 把, 号","-1.9809, -2.4833, -2.6408"
387,世 怎么 会 有 这样 不 要 脸 我 明明 做 的 是 长久 的 没到 一 [MASK] <h>星期</h> 就 回复 了 原样 他们 还 说 你 自己 头发 不 好 真 不 要 脸,个,个,-0.0010345563059672713,"个, 下, 次","-0.0010, -8.4263, -9.0393"
388,有 时候 不 是 不 信任 只 是 因为 比 别人 更 在乎 更 怕 失去 我们 总 在 寻找 一 [MASK] <h>感动</h> 的 瞬间 以及 那 瞬间 后面 的 人 再 累 再 苦 再 疼 也 只 是 为了 你 能 喜欢 我 而已 现在 我 不 再 爱 你 你 不 值得,个,个,-0.2047165185213089,"个, 些, 段","-0.2047, -2.7458, -3.0609"
389,微博 给 我 安全感 啦啦 啦啦 第一 [MASK] <h>晒</h> 成绩单,次,次,-1.4115551710128784,"次, 张, 篇","-1.4116, -1.9756, -2.2939"
390,雨势 今起 渐 掹申城 气温 周五 速 跌 年初一 将 达 0 [MASK] 前 <h>申城</h> 出租车 一 车 难 求 叫 车难 可能 持续 至 小 年夜 上海普,节,点,-0.7970522046089172,"点, 节, 分","-0.7971, -2.1036, -2.8095"
391,吸血鬼 第三 [MASK] <h>结局</h> 好 恐怖 啊 呼呼,季,季,-0.311625599861145,"季, 部, 章","-0.3116, -2.2040, -2.5695"
392,用 手机 看 了 一早 上 电影 才 用完 500 M 流量 还 有 1G 要 加油 于是 说 这 [MASK] 在 月结 前 不 用完 流量 就 会 觉得 亏 了 的 <h>微妙感</h> 是 怎么回事,种,样,-0.4387966990470886,"样, 种, 个","-0.4388, -1.6780, -2.3864"
393,", 我 把 最 好 的 一 [MASK] <h>朋友</h> 惹 生气 了 我 错 了 我 真的 错 了 。",个,个,-0.15063174068927765,"个, 位, 些","-0.1506, -2.4019, -4.7207"
394,最后 我 买 了 两 [MASK] 丑 <h>粮液</h> !,瓶,瓶,-0.5694363117218018,"瓶, 个, 罐","-0.5694, -2.2160, -2.5243"
395,"你 知道 自己 从来 不 幼稚 , 只是 有 那么 点 不 理智 , 豁然 后 看到 原来 的 自己 , 还 是 比较 喜欢 那 [MASK] <h>样子</h> 。",个,个,-0.6632228493690491,"个, 种, 些","-0.6632, -0.8114, -4.1680"
396,"八点半 吃 的 早餐 , 现在 九点半 就 肚子 饿 了 , 还 有 两 [MASK] <h>半钟</h> 怎么 过 ?",个,个,-0.04580113664269447,"个, 分, 点","-0.0458, -3.8979, -4.4851"
397,"人生 真 他妈 是 一 [MASK] 华美 的 <h>袍</h> , 里面 爬满 了 虱子 。",袭,个,-1.4758785963058472,"个, 张, 幅","-1.4759, -2.0754, -2.2415"
398,"泥马 啊 , 窝 一 [MASK] <h>火</h> 睡觉 , 睡 死得 了 蛋疼 的 一 比 , 既然 都 说 老娘 是 废物 了 还 干 毛 絮絮叨叨 的 !",肚子,个,-0.6912510395050049,"个, 把, 下","-0.6913, -3.0439, -3.1233"
399,我 在 這裡万 科 运河东 1 [MASK] 一 期 <h>醒</h> 了 。,号,号,-0.37261703610420227,"号, 栋, 路","-0.3726, -2.3130, -2.7346"
400,照 [MASK] 像 还 这么 小 <h>傲娇</h> !,个,头,-0.38605016469955444,"头, 片, 个","-0.3861, -1.4882, -3.6147"
401,你 是 第二 [MASK] 在 我 面前 掉 眼泪 的 <h>男人</h>,个,个,-0.021344099193811417,"个, 位, 次","-0.0213, -4.3644, -5.1492"
402,要 不 要 去 看 [MASK] <h>电影</h> 呢 。,个,个,-0.8036172986030579,"个, 部, 下","-0.8036, -1.3285, -2.2382"
403,"一 大 [MASK] 的 短信 <h>问候</h> , 电话 一大早 被 打爆 !",堆,堆,-0.4169875383377075,"堆, 串, 波","-0.4170, -2.5404, -2.7840"
404,送给 一 [MASK] <h>母女</h>,对,对,-0.40969976782798767,"对, 位, 个","-0.4097, -1.8247, -2.1193"
405,我 家 三 [MASK] <h>花</h>,朵,朵,-1.0773435831069946,"朵, 口, 代","-1.0773, -1.6226, -3.1515"
406,有 [MASK] <h>寂寞</h> 空虚 的 美眉 介绍 给 你,个,些,-0.8695497512817383,"些, 个, 点","-0.8695, -1.1664, -1.7582"
407,"一 [MASK] <h>女孩</h> 和 男孩 相亲 , 女孩 见 男孩 高高大大 , 心 中 大喜 , 就 问 男孩 你 有 几 米 高 啊 ?",个,个,-0.3352700471878052,"个, 位, 次","-0.3353, -2.1424, -2.4560"
408,下 [MASK] 再 也 不 <h>来</h> 了 。,次,次,-0.012698831968009472,"次, 面, 回","-0.0127, -4.8699, -6.8666"
409,刚刚 所 发生 的 就 当是 生命 老人 给 我 开 的 一 [MASK] 小小 的 <h>玩笑</h> 。,个,个,-0.06183089315891266,"个, 场, 句","-0.0618, -3.8617, -4.7377"
410,想 找到 一 [MASK] 愿意 陪 我 戴上 属于 我们 的 爱 的 <h>戒指</h> 。,个,个,-1.1354868412017822,"个, 枚, 只","-1.1355, -1.4824, -2.1461"
411,"58 [MASK] <h>温馨久久</h> , 满意 久久 !",团,分,-1.5491697788238525,"分, 楼, 号","-1.5492, -2.2025, -2.3211"
412,"铁甲 钢 拳 感觉 很 棒 啊 , 不过 让 我 最 在意 的 还 是 那 萌萌 的 小 男 猪脚 , 各 [MASK] <h>激爆萌</h> 让 身为 正太控 的 我 彻底 喷鼻血",种,种,-0.00714518129825592,"种, 个, 样","-0.0071, -5.8406, -7.2632"
413,嗯 找 [MASK] 罗 <h>书</h> 全 这样 的 也 就 算是 天赐 良缘 啦 !,个,个,-0.9831457138061523,"个, 些, 遍","-0.9831, -2.5282, -3.0698"
414,"杭州 试 推 <h>小学</h> 期末 免考制 , 游园会 代替 期末考 今年 , 杭州市 10 多 [MASK] 小学 推出 期末 免考制 , 代之以 游园会 。",所,所,-0.01921689882874489,"所, 个, 家","-0.0192, -4.4673, -5.1038"
415,"老家 凌晨 5 点 起床 去 挨家挨户 给 长辈 拜年 的 习俗 真 受 不 了 , 我 2 点 多 才 睡 啊 , 才 睡 2 [MASK] <h>小时</h> 啊 。",个,个,-0.0004306170449126512,"个, 点, 块","-0.0004, -9.0842, -10.1169"
416,"过年 了 , 领导 送一 [MASK] <h>炮弹</h> , 说 放 在 办公室 里 避邪 的",颗,颗,-1.225740909576416,"颗, 枚, 个","-1.2257, -1.6509, -1.7940"
417,谁 给 我 [MASK] <h>网址</h>,个,个,-0.7187257409095764,"个, 发, 下","-0.7187, -1.6332, -2.1768"
418,"每 晚 你 会 通过 手机 给 几 [MASK] <h>人</h> 说 晚安 , 清晨 醒来 你 希望 看到 谁 又 或者 说 希望 谁 正 温柔 地 充满 爱意 地 看 着 你",个,个,-0.01020820066332817,"个, 位, 名","-0.0102, -5.4125, -7.0932"
419,找到 了 可以 学 一 [MASK] 的 新歌 <h>水手</h> 怕 水,下,下,-0.9585122466087341,"下, 点, 些","-0.9585, -1.4153, -1.8991"
420,收藏 了 读心 人 第 2 [MASK] 视频 <h>快手</h> 分享,季,集,-0.7533931732177734,"集, 个, 季","-0.7534, -1.8163, -1.9792"
421,中午 和 同事 吃 饭时 照例 海阔天空 一 [MASK] <h>海聊</h> 。,番,起,-0.4783448278903961,"起, 个, 下","-0.4783, -2.8076, -3.1052"
422,"我 的 朋友 通过 我 跟 我 的 朋友 认识 了 , 然后 现在 两 [MASK] <h>人</h> 关系 比 跟 我 还 好 。",个,个,-0.004776482470333576,"个, 位, 家","-0.0048, -6.4086, -6.8762"
423,"下午 跟 姐姐 视频 之后 姐姐们 就 禁 不 住 思乡 情切 马上 开车 回来 , 杭州 回来 1 [MASK] <h>小时</h> 40 分钟 就 到 了 。",个,个,-0.0011529413750395179,"个, 号, 路","-0.0012, -8.5669, -8.7932"
424,瞳孔 深红色 于是 世界 沉入 黄昏 头发 银白色 接着 天地 升起 黎明 无数 [MASK] <h>飞鸟</h> 离开 无尽 的 大雪 回来 我 知道 你 站 在 我 背 后 安静 的 站 在 背后 点燃 了 一 整个 重 楼 。,只,个,-1.3308773040771484,"个, 次, 只","-1.3309, -1.4378, -2.0701"
425,而且 一 [MASK] 把 的 <h>掉</h> 。,把,把,-1.1904699802398682,"把, 个, 次","-1.1905, -1.9079, -2.1032"
426,"Travel toolkit 里 的 耳塞 派上 用场 了 , 头一 [MASK] <h>除夕夜</h> 睡 得 安稳 , 新年 新 气象 !",遭,次,-0.3705698549747467,"次, 个, 回","-0.3706, -1.9204, -2.5992"
427,苹果 书店 三 天 卖 了 35 万 [MASK] 电子 <h>课本</h> 啦 !,册,本,-0.5005506277084351,"本, 册, 份","-0.5006, -1.2541, -3.0644"
428,"有 人 说 有 话 直 说 , 不 要 憋着 , 才 是 兄弟 太 幼稚 了 无话不说 的 兄弟 是 小时候 所谓 兄弟 殊 不 知 一 [MASK] 成熟 的 <h>男人</h> 对 朋友 该 拿捏 的 是 什么",个,个,-0.02028285339474678,"个, 位, 名","-0.0203, -4.9457, -5.4447"
429,昨晚 睡觉 冷得 半死 某 人 11 点 多 下班 回来 往 被窝 里 伸进 一 [MASK] <h>热水袋</h> 然后 我 就 暖乎乎 地 一 觉 睡 到 天亮 谢 啦 !,个,个,-0.20143315196037292,"个, 只, 把","-0.2014, -2.5550, -3.1400"
430,"要 找 一 [MASK] 自己 喜欢 又 喜欢 自己 的 <h>人</h> 在一起 , 又 有 美好 结局 , 实在 太 难 , 叫人 不 敢 期待 。",个,个,-0.053806696087121964,"个, 群, 对","-0.0538, -3.9131, -4.3151"
431,我 应该 感到 很 幸福 才 对 有 [MASK] <h>人</h> 知道 我 没 车 回去 二话不说 就 来 接 我,个,个,-0.28558778762817383,"个, 些, 位","-0.2856, -1.7111, -3.4349"
432,"大年初四 , 财神 兵 分 五 [MASK] 正向 你 家 进发东路 <h>招财</h> , 西路 聚财 , 南路 敛财 , 西路 纳 财 , 中路 发财 。",路,路,-0.0004516071348916739,"路, 道, 行","-0.0005, -7.9767, -9.5875"
433,"孤单 只 表示 身边 没有 别人 , 但 寂寞 是 一 [MASK] 你 无法 将 感受 跟 别人 沟通 或 分享 的 心理 <h>状态</h> 。",种,种,-0.021511683240532875,"种, 个, 些","-0.0215, -3.9277, -7.5350"
434,"刚才 一 [MASK] <h>qq</h> 停 在 拐角 角落 , 问题 是 它 对面 也 停 了 车 。",辆,辆,-0.3471621572971344,"辆, 个, 家","-0.3472, -1.5481, -4.2641"
435,唉哟 的 那 [MASK] <h>马</h> 呀 1327649022477,个,个,-0.7753486633300781,"个, 只, 匹","-0.7753, -2.0012, -2.1614"
436,发 了 两 [MASK] <h>菜</h> 居然 有 这个 介货 不 是 种 在 路边 美化 环境 的么 谁 能 告诉 我 这 到底 怎么 吃 啊,箱,个,-0.6904246807098389,"个, 条, 张","-0.6904, -2.4586, -2.7905"
437,你 看 你 那 [MASK] <h>贱样</h>,个,副,-0.8106682300567627,"副, 个, 张","-0.8107, -1.1270, -2.2243"
438,"Hardpack 情 義兩 難全 之 玩爆 你 個腎 第 8 [MASK] 台灣 <h>下篇</h> KB 東區 兜個圈 撻嘢 嚇親 范曉萱 萬眾 期待 台灣篇 , 爆 范曉萱 真 係堅 , KB 撻完嘢 走先 , 留 低 萱萱 一 頭煙 , 究竟 KB 去 咗邊 大家 一齊去 睇片 !",回,集,-0.518309473991394,"集, 章, 回","-0.5183, -1.6504, -2.8250"
439,现在 都 不 演 这 [MASK] <h>类型</h> 的 角色 了 !,种,种,-0.6141737103462219,"种, 个, 些","-0.6142, -1.2736, -2.3355"
440,"亲爱 勒雪 , 虽然 你 清早 八 晨 一 [MASK] <h>电话</h> 打扰 了 我 美 梦 , 但是 我 和婷 还是 最 爱 你勒 !",通,个,-0.7070599794387817,"个, 通, 点","-0.7071, -2.0127, -2.4603"
441,"祝贺 祝贺 马大帅 同学 顺利 通过 第一 关 , 撒 花 撒 花 zeng [MASK] <h>zeng</h> 棒 也 预祝 接 下来 得 两 关 顺利 通过 噢 。",棒,棒,-0.021135205402970314,"棒, 点, 顶","-0.0211, -5.6291, -6.0222"
442,佩佩 就 是 TM [MASK] <h>人渣</h> 。,个,个,-2.099555015563965,"个, 级, 种","-2.0996, -3.4398, -3.5781"
443,再 和 大家 分享 一 [MASK] 外国 <h>给力</h> 的 cos 道具 服装 和 强大 的 后期 想 知道 更 多 外国 cos 推荐 关注 的 微博 喜欢 的 就 转 走 吧 原文 地址,组,下,-0.33253902196884155,"下, 些, 个","-0.3325, -1.8767, -3.2777"
444,每 [MASK] <h>深夜</h> 都 不 忘 让 噩梦 吓醒 记 我 记得 那么 清,个,次,-0.2347417175769806,"次, 个, 回","-0.2347, -1.7338, -4.1571"
445,"初三 今天 出发 顺德 早起 , 泡 [MASK] <h>热水澡</h> 再 更 衣 !",个,个,-0.01726187765598297,"个, 点, 下","-0.0173, -5.3209, -6.1731"
446,"给 自己 [MASK] <h>教训</h> , 明天 午饭 晚饭 不 准 吃 了 , 哪儿 也 不 去 了 , 回家 反省 去 大家 找找 我 在 哪 ?",个,点,-0.9726270437240601,"点, 个, 下","-0.9726, -1.0801, -2.0480"
447,"何必 呢 , 总 会 有 那么 一 [MASK] <h>人</h> 出现 的 不 是 吗 ?",个,个,-0.8673943877220154,"个, 些, 群","-0.8674, -1.4575, -2.1885"
448,后来 才 知道 后者 是 前者 旗下 的 另 一 [MASK] <h>牌子</h> 。,个,个,-0.09634897857904434,"个, 种, 家","-0.0963, -3.8544, -4.4071"
449,"在 桂平 西山 龙华寺 看到 的 <h>灵芝</h> , 师父 说 这 是 第四 [MASK] 灵芝",株,种,-1.5459685325622559,"种, 颗, 个","-1.5460, -1.7558, -2.4007"
450,"做 一 [MASK] 坚强 的 <h>女子</h> , 坦然 面对 , 勇敢 体会 。",个,个,-0.060170773416757584,"个, 名, 位","-0.0602, -3.1225, -4.3854"
451,还是 那 [MASK] <h>树</h> 雪后,棵,棵,-0.1149681955575943,"棵, 个, 片","-0.1150, -3.8238, -3.9825"
452,"原来 感 叫 抓字虱 , 原来 感叫扮 可怜 , 原来 我 已经 学识 每 打 完 一 [MASK] <h>电话</h> 都 爆 粗",次,个,-0.5306593179702759,"个, 次, 通","-0.5307, -1.5975, -2.4318"
453,"等 遇上 盗猎者 的 时候 , 仅 有 队长 和 记者 , 面对 盗猎 者 数十 [MASK] <h>枪</h> 盗猎者 利诱 的 , 日 泰 队长 依然 毫 不 畏惧 , 最终 命丧 枪口 。",杆,把,-0.6578535437583923,"把, 支, 个","-0.6579, -2.5530, -2.7615"
454,"在 游戏 大树 中 获得 了 成就 紫色 闪电 , 成为 微博 第 18 [MASK] 获得 该 成就 的 <h>人</h> , 你 想 和 TA 比 试 一下 吗",位,位,-0.4094059467315674,"位, 个, 名","-0.4094, -1.2750, -3.0663"
455,"虽然 由于 种种 原因 不 能 回家 过年 , 但 大年 初一 在 和 最 好 的 朋友 一起 游 公园 中 度过 , 原有 的 郁卒 也 渐渐 淡化 , 感觉 也 别 有 一 [MASK] <h>滋味</h> !",番,番,-0.006698282435536385,"番, 种, 份","-0.0067, -5.4916, -6.7092"
456,"下午 , 年 前 的 最后 一 [MASK] <h>上课</h> , 结束 以后 就 迎来 真正 的 假期 了 , 加油",次,次,-0.19776281714439392,"次, 节, 个","-0.1978, -2.4837, -3.2762"
457,皇 马 什么 时候 能 赢 一 [MASK] <h>吖</h>,次,场,-0.6535361409187317,"场, 个, 次","-0.6535, -2.3373, -2.6021"
458,看看 远处 不 一定 爱 你 的 那 [MASK] <h>人</h> 早 就 等 在 那里 。,个,个,-0.17529888451099396,"个, 些, 群","-0.1753, -2.1273, -3.8782"
459,最近 人 都 跑到 哪去 了 连 [MASK] <h>鬼</h> 影都 看 不 到 今天 真 是 差到 了 极点 了,个,个,-0.2865614891052246,"个, 发, 些","-0.2866, -3.6042, -3.6973"
460,"这 [MASK] <h>宝贝</h> 这 两 天 问 的 人 满 多 好客 茶具 大号 孟宗竹 乌金 石 茶盘 茶 具 茶 海特价 67 x 345 x8 , 价格 29800 元 , 见",件,个,-0.4535217583179474,"个, 位, 家","-0.4535, -2.9343, -2.9797"
461,我 很 喜欢 这 [MASK] <h>氛围</h> 。,种,种,-0.48573464155197144,"种, 个, 样","-0.4857, -1.0694, -4.5825"
462,台上 的 十八 [MASK] <h>武艺</h> 是 台下 挤出 空闲 时间 辛苦 排练 的 成果 呀 !,般,般,-0.25029200315475464,"般, 套, 段","-0.2503, -3.7229, -3.8131"
463,"下午 困死 了 , 于是 五点多 开始 睡 , 又 是 乱七八糟 一 [MASK] <h>梦</h> 。",队,个,-0.28255969285964966,"个, 场, 团","-0.2826, -1.9274, -4.4235"
464,上传 了 6 [MASK] <h>照片</h> 到 相册 向日葵怂,张,张,-0.029411055147647858,"张, 组, 个","-0.0294, -4.5952, -4.7095"
465,"推荐 给 大家 一 [MASK] 不错 的 小 <h>工具</h> 红烧 肉 的 做法 , 实用 又 方便 , 真的 很 赞 哦 !",个,个,-0.7352488040924072,"个, 些, 款","-0.7352, -0.8988, -2.5066"
466,旁边 坐 着 一 [MASK] 神神 叨叨 不 讲 卫生 的 极品 <h>恶男</h>,个,个,-0.09634766727685928,"个, 位, 群","-0.0963, -3.3876, -3.7629"
467,"熬夜 , 各 种痘 , 各 [MASK] <h>肿好累</h> , 我 真的 受 不 了 夜生活 了 青瓜 面膜 我 爱 你 , 快点 让 我 的 皮肤 恢复 水嫩 细 滑",种,种,-0.01101415790617466,"种, 个, 类","-0.0110, -4.9391, -6.8198"
468,"我 一直 非常 非常 非常 想要 说 一 [MASK] 非常 帅气 的 <h>对白</h> , 那 就 是 , 这 辈子 我 买 过 房子 , 也 买 过 车子 , 但是 我 买 过 最 贵 的 , 是 梦想 !",句,个,-0.5392500758171082,"个, 句, 段","-0.5393, -1.1180, -2.7698"
469,上传 了 1 [MASK] <h>照片</h> 到 相册 迦南,张,张,-0.030956478789448738,"张, 组, 个","-0.0310, -4.1341, -4.9762"
470,一 [MASK] <h>人</h> 开 在 空无一人 的 路 上 。,个,个,-0.9984526634216309,"个, 群, 行","-0.9985, -1.4772, -1.5974"
471,原来 每 [MASK] <h>情歌</h> 都 可以 对号 入座 。,首,首,-0.023153087124228477,"首, 句, 个","-0.0232, -4.5499, -5.7181"
472,上传 了 8 [MASK] <h>照片</h> 到 相册 最 臭美 的 人 !,张,张,-0.024141298606991768,"张, 组, 个","-0.0241, -4.5564, -5.0105"
473,既然 如此 那么 好 吧 让 我 好好 睡 一 觉 吧 睡 掉 心 中 的 疑惑 睡去 那 [MASK] 力求 真相 的 <h>冲劲</h> 也 睡去 我 那 日渐 加深 的 黑眼圈 吧 。,份,股,-0.363321453332901,"股, 种, 些","-0.3633, -1.4750, -3.4393"
474,"做 了 梦 如下 带 着 我 去 完成 一 [MASK] 艰巨 的 <h>使命</h> , 每 人 身 上 都 背 有 功率 强大 的 电源 。",项,个,-0.5292299389839172,"个, 项, 份","-0.5292, -1.3293, -3.1385"
475,一 [MASK] <h>迎</h> 春花,组,朵,-2.2767415046691895,"朵, 声, 路","-2.2767, -2.3793, -2.6882"
476,又 要 备战 新 一 [MASK] <h>考试</h> 。,轮,轮,-0.2271895557641983,"轮, 届, 次","-0.2272, -2.3280, -3.0315"
477,"这 [MASK] <h>尺子</h> 只要 你 走 过 就 会 自动 伸长 , 然后 到 直 到 承受 不 住 自身 重量 倒下 。",排,个,-1.0762982368469238,"个, 种, 把","-1.0763, -1.1645, -2.5278"
478,"一 [MASK] <h>菜</h> 半 小时 杀光 , 闲 得 无聊 , 咱就 来 炫炫 富 吧 !",桌,个,-2.0010550022125244,"个, 盘, 桌","-2.0011, -2.3368, -2.5587"
479,"8 [MASK] <h>钟</h> , 完成 !",个,分,-2.035646677017212,"分, 点, 个","-2.0356, -2.1816, -2.4417"
480,调 三 [MASK] <h>闹钟</h> 就 不 信 明天 起 不 来,个,个,-1.0809842348098755,"个, 次, 下","-1.0810, -1.1425, -1.6867"
481,"到 最后 就 我 一 [MASK] <h>清醒</h> 的 , 搞 毛 啊",个,个,-0.1117035448551178,"个, 脸, 样","-0.1117, -3.9119, -4.1765"
482,"我 的 飞车 成就 完成 <h>剧情</h> 任务 飞跃 地平线 英雄 难度 第 8 关 , 又 要 等待 下 一 [MASK] 剧情 了 。",个,个,-1.1268752813339233,"个, 章, 段","-1.1269, -2.0384, -2.1046"
483,一 [MASK] 野 f 等 <h>住</h> 我 整 。,堆,个,-1.4978574514389038,"个, 路, 家","-1.4979, -2.7603, -2.8858"
484,"发 一 [MASK] 今天 败 得 水仙 的 <h>照</h> , 看看 明天 会 开 了 多少",张,张,-0.1973830759525299,"张, 下, 个","-0.1974, -2.8603, -3.1542"
485,"看见 陈大可 她 我 就 想起 了 我 前 [MASK] 准 <h>老婆婆</h> , 我 还 不 能 像 李小璐 那么 面 , 打 起来 就 不 好 了 啦 , 我 这 也 是 为 和谐 社会 做 贡献 , 祝你 早日 找到 大面 瓜 媳妇儿 。",任,任,-1.2350311279296875,"任, 辈, 面","-1.2350, -1.4123, -1.6695"
486,"这 是 游人 曾 为 龙庆峡 拟 的 一 [MASK] <h>对联</h> , 或许 , 它 道出 了 这 片奇山 丽水 的 底蕴 。",副,副,-0.31881585717201233,"副, 幅, 首","-0.3188, -1.5209, -4.2070"
487,"扇面 墙 背面 塑 有 玲珑 别致 的 须弥山 , 山间 塑有 罗汉 狮象 等 , 中部 有 一 [MASK] 明代 彩塑 观音 <h>坐像</h> , 头 戴 宝冠 , 肩 披 璎珞 飘带 , 胸 臂 裸露 圆润 , 一 足踏莲 , 一 足 踞起 , 双 手 抚膝 。",尊,尊,-0.1366492509841919,"尊, 座, 个","-0.1366, -2.3796, -4.8694"
488,四 期 不 看 城画然 後 好像 不 認識 了 翻 兩三頁 就 是 篇 想 假裝 不 是 廣告 的 廣告 大膽 的 配圖 一 大 [MASK] <h>密密麻麻</h> 的 文字 原來 的 小 清新 大 希望 去 哪 兒了,片,堆,-0.12369009852409363,"堆, 篇, 串","-0.1237, -3.5041, -4.0263"
489,很 久 没有 坐 过 家 里 的 公车 了 去 问 朋友 结果 朋友 一 [MASK] 看 外星人 的 <h>样子</h> 说道 你 还是 不 是 梅州 人好 郁闷 啊,副,脸,-0.800256073474884,"脸, 眼, 起","-0.8003, -1.6297, -2.6413"
490,"刚刚 在 德克萨斯 扑克 游戏 中 与 同桌 PK , 以 一 [MASK] 葫芦 <h>牌型</h> 赢取 了 198 筹码 !",手,张,-1.1764620542526245,"张, 个, 副","-1.1765, -1.3311, -1.8863"
491,到头来 我 两 [MASK] <h>妹妹</h> 才 是 最 懂 我 的,个,个,-0.04116237908601761,"个, 位, 只","-0.0412, -3.3193, -7.0221"
492,珊记 话 俄 发 左 呢 [MASK] <h>微博</h> 就 有 好 多 好多 人 关注 俄 噶啦 大家 多 D 支持 啊啊 啊啊 啊啊 。,条,发,-1.2754507064819336,"发, 个, 点","-1.2755, -1.8670, -2.9513"
493,这 是 一 [MASK] 大大 的 <h>赌注</h> 我 想 知道 答案,个,个,-0.5565609335899353,"个, 场, 笔","-0.5566, -1.2777, -3.5454"
494,"六点 准时 <h>走</h> , 很 亢奋 , 沿海 南 下 , 第一 [MASK] 走 。",次,次,-0.05499910190701485,"次, 步, 个","-0.0550, -4.2696, -4.3655"
495,鹏哥 畅姐 喜乐 会 男生 女生 冬季 巨制 鹏哥 畅姐 喜乐 会 新 一 [MASK] 活力 星 <h>主播</h> 今晚 继续 为 你 带来 我 是 K 歌王 !,波,代,-0.20549406111240387,"代, 届, 批","-0.2055, -2.3622, -3.7480"
496,"一 [MASK] 面下 <h>肚</h> , 今天 消耗 比较 大 , 比较 饿 。",碗,个,-0.8085055351257324,"个, 次, 碗","-0.8085, -2.7016, -2.8005"
497,灌水 表情 灌水 表情 看到 瘦 白鸽 的 博文 一 [MASK] <h>创业者</h> 的 创业 半 年 总结 有感而发 的 评论 。,位,篇,-0.6651508212089539,"篇, 个, 位","-0.6652, -1.6941, -2.3982"
498,"一 [MASK] <h>撕心裂肺</h> 的 声音 在 屋内 回荡 , 走出 房门 依然 萦绕 耳边 。",种,阵,-0.5950894951820374,"阵, 个, 串","-0.5951, -1.8464, -3.0791"
499,"人生 第一 [MASK] <h>手机</h> 是 长虹 A366 , 现在 用 索尼 爱立信 U100i 雅锐 Yari 。",部,部,-0.5069708228111267,"部, 台, 个","-0.5070, -1.1359, -3.6782"
500,"如果 你 系 广州 甘 我 年三十 晚 都 唔使 一 [MASK] 人 系 屋 <h>企</h> 过 , 特然 觉得 好 Lonely 今晚 好 想 同 你 去 party 啊 。",个,个,-0.05144640803337097,"个, 班, 家","-0.0514, -3.7533, -4.1960"
501,"一 睡 高 枕头 就 落枕 , 一 [MASK] <h>痛</h> 啊 白痴妹",个,个,-1.422808051109314,"个, 身, 头","-1.4228, -2.0406, -2.3433"
502,"过年 第一 [MASK] <h>利是</h> , 期待 老豆 封",封,个,-1.1725980043411255,"个, 句, 件","-1.1726, -2.7093, -2.8789"
503,对说 四 [MASK] 新年 快乐 新 的 一 年 <h>比赛</h> 继续 加油,锅,声,-1.8289132118225098,"声, 位, 句","-1.8289, -1.8572, -2.0793"
504,我 第一 [MASK] 自己 挑 的 <h>nike</h> 曾 记得 在 王府井 买 的,双,个,-1.5672082901000977,"个, 次, 件","-1.5672, -1.7407, -1.8752"
505,"亲 , 很 棒 的 宝贝 噢 满 468 [MASK] 邮丸 美 <h>化妆品</h> 专卖 正品 白金 至 10500",包,包,-0.0015368344029411674,"包, 起, 行","-0.0015, -7.9480, -8.2637"
506,爱 欧迪 J3 比较 适合 哪 [MASK] <h>类型</h> 的 音乐 呢 ?,种,种,-0.5282514691352844,"种, 些, 个","-0.5283, -1.0881, -2.9873"
507,"还 记得 去年 也 是 下 着 小 <h>雪</h> , 地上 积 了 薄薄 的 一 [MASK] 雪 。",层,层,-0.03742034733295441,"层, 片, 圈","-0.0374, -3.7502, -5.8906"
508,不 要 等 十几 [MASK] <h>人</h> 把 事情 闹 大 再 去 解决 。,家,个,-0.022445788607001305,"个, 代, 号","-0.0224, -5.2641, -6.2683"
509,"最 难 消化 的 4 [MASK] <h>食物</h> 1 冰激凌 会 影响 肠胃 功能 的 正常 运转 , 造成 食物 很 难 消化 , 容易 损伤 脾胃 。",类,种,-0.059960950165987015,"种, 类, 个","-0.0600, -3.1914, -5.4062"
510,"100 多 [MASK] 小 <h>短篇</h> , 文字 很 美 , 很 柔软 , 淡淡 的 疼惜 和 敏感 的 心 我 所 读到 的 最 温暖 最 孤独 最 伤感 的 书 。",个,个,-0.5321153998374939,"个, 篇, 页","-0.5321, -1.5374, -2.5987"
511,系 2 [MASK] <h>主席</h> 。,个,班,-1.8289796113967896,"班, 届, 级","-1.8290, -2.1767, -2.1983"
512,"你 设定 的 目标 越 是 高远 , 由于 <h>压力</h> 所 产生 的 动力 也 就 越 大 , 如果 你 能 承受 住 这 [MASK] 压力 , 将 激发 出 你 体内 蕴藏 的 极 大 潜能 。",种,种,-0.3615768551826477,"种, 些, 个","-0.3616, -1.4395, -3.0810"
513,"总 有 一 [MASK] 明天 就 休假 的 <h>感觉</h> , 呵呵",种,种,-0.061163004487752914,"种, 个, 些","-0.0612, -3.7133, -4.0798"
514,"不管 哪 阵子 , 别 忘 了 , 总 会 有 一 [MASK] 不 嫌弃 你 的 <h>人</h> , 陪 着 你 , 不 是 一 阵子 , 而 是 一 辈子 。",个,个,-0.07860592007637024,"个, 些, 群","-0.0786, -3.1937, -4.4589"
515,"什么 言语 都 没有 , 只有 晚安 两 [MASK] <h>字</h> , 意味 深长 。",个,个,-0.01730942353606224,"个, 行, 句","-0.0173, -4.6218, -5.7933"
516,昨晚 居然 遇到 一 [MASK] 这 <h>高傲</h> 的 乞丐 买 吃 的 给 他 居然 不 要 强滴,个,个,-0.05998557060956955,"个, 位, 群","-0.0600, -3.6469, -5.1020"
517,一 农妇 初 [MASK] <h>进城</h> !,次,次,-0.0889071449637413,"次, 步, 级","-0.0889, -4.2435, -4.5083"
518,"经过 一 天 的 折腾 终于 回到 家 吃 了 两 大 [MASK] <h>鸡汤</h> 外加 米饭 , 我 的 大肚腩 好像 又 略微 的 鼓 起来 了 哦 。",碗,碗,-0.14337322115898132,"碗, 锅, 杯","-0.1434, -3.2429, -3.3944"
519,上传 了 2 [MASK] <h>照片</h> 到 相册 LOVE,张,张,-0.02084784209728241,"张, 个, 组","-0.0208, -4.9672, -5.0010"
520,居然 还 混 了 [MASK] 座儿 <h>嘻嘻</h>,个,个,-0.23919951915740967,"个, 把, 名","-0.2392, -3.0622, -3.6049"
521,"每 [MASK] <h>抬头</h> 看 夜空 , 终于 发现 , 最美 还是 从前 。",次,次,-0.02315601520240307,"次, 个, 回","-0.0232, -4.6523, -5.3544"
522,"主持 一 [MASK] <h>家</h> , 劳心 劳力 胼手胝足 , 讲 的 是 毅力 非 手腕 。",个,个,-0.7463095188140869,"个, 家, 位","-0.7463, -1.7468, -2.5978"
523,山珍 海味 比 不 起 家裏 的 一 [MASK] <h>簡餐</h> 啊 。,席,些,-1.0939832925796509,"些, 般, 家","-1.0940, -1.4275, -2.0893"
524,"又 在 抽屉 里 发现 了 这个 , 还 有 一 [MASK] 民国 时期 的 <h>铜币</h> 。",枚,枚,-0.9480286240577698,"枚, 个, 张","-0.9480, -1.6465, -2.4145"
525,准备 年货 过 年 招待 亲友 四 [MASK] <h>坚果</h> 千万 别 买 霉变 坚果 有 致癌 危险 炒焦 的 坚果 可 致癌 美容 的 坚果损 健康 口味 太重 的 坚果 易 变质 。,种,季,-1.1894373893737793,"季, 种, 类","-1.1894, -1.2429, -2.5099"
526,"不 是 我 心眼 小 , 只是 我 心 太 小 , 只 能 装下 一 [MASK] <h>人</h> 。",个,个,-0.03235350921750069,"个, 群, 位","-0.0324, -4.7088, -6.0413"
527,能 置 办好 一 [MASK] <h>酒菜</h> 是 种 本事 !,桌,桌,-0.42944639921188354,"桌, 些, 顿","-0.4294, -1.9763, -3.8396"
528,若曦 对 十 爷挺 残忍 [MASK] <h>惊心</h> 还行 看 着 嘲笑偶 吧 。,步,点,-1.2567265033721924,"点, 些, 个","-1.2567, -2.1669, -2.3713"
529,姓 胡 的 你 [MASK] <h>混蛋</h> 你 他 妈 的 居然 有 外遇 !,个,个,-0.464250385761261,"个, 家, 只","-0.4643, -2.3329, -4.0396"
530,", 我 投给 了 佟丽娅 这 1 [MASK] <h>选项</h> 。",个,个,-0.034093115478754044,"个, 项, 号","-0.0341, -5.0143, -5.5382"
531,"国内 的 摇滚圈 , 画面 感 很 强 的 , 中国 <h>摇滚</h> 这么 多 年 , 需要 一 [MASK] 本质 摇滚 的 人 来 关注 。",个,个,-0.7191388010978699,"个, 些, 批","-0.7191, -1.5088, -2.0980"
532,不 能 承受 生命 之 轻 我们 身边 有 三 [MASK] <h>人</h> 朋友 敌人 非 敌 非 友 的 人 。,种,种,-0.7167898416519165,"种, 个, 类","-0.7168, -0.9136, -2.3811"
533,"现 已 有 5 [MASK] <h>工人</h> , 连 我 才 凑 够 满额 。",名,名,-0.6026294827461243,"名, 位, 个","-0.6026, -1.3282, -1.8572"
534,"我 在 龙年 送 大礼 , Ipad 送 你 大 转盘 活动 中 抽 中 二 [MASK] <h>奖</h> 镭拓 腕托 鼠标垫 地址",等,等,-0.41074201464653015,"等, 个, 次","-0.4107, -2.3695, -3.2517"
535,嘿嘿 寒假 要 狂 体 电影 今 [MASK] <h>稳人</h> 陪 我 挑战 恐怖片,次,个,-2.044440984725952,"个, 集, 世","-2.0444, -2.6332, -2.7918"
536,"一 [MASK] <h>同学</h> 非要 给 我 介绍 男朋友 , 我 说 必须 符合 我 的 要求 才 能 去 见面 , 不 能 随随便便 就 去 见 !",个,个,-0.29854246973991394,"个, 位, 名","-0.2985, -1.5049, -4.3767"
537,"现在 的 利物浦 一 [MASK] 牛逼 <h>人物</h> , 神锋卡罗尔 大师 亨德森 飞翼 马克西 铁 卫 约翰逊",堆,个,-0.8971282839775085,"个, 样, 些","-0.8971, -2.6402, -2.8838"
538,"我 参与 了 发起 的 投票 每 年 春节 前 你 都 会 做 什么 准备 , 我 投给 了 打扫 房间 , 清 杂物 这 5 [MASK] <h>选项</h> 。",个,个,-0.00769522599875927,"个, 项, 种","-0.0077, -5.8873, -6.3308"
539,第三 [MASK] <h>越狱</h> 。,次,步,-1.1906214952468872,"步, 章, 个","-1.1906, -1.8238, -2.2190"
540,"这 [MASK] <h>冷冷</h> 的 天气 真 不 想 出去 啊 刚 考完 试 也 不 急着 看书 无聊 地 在 床 上 打滚 , 余光 刚好 扫 过 的 3 DS 不 不 行 不 行 不 行 !",种,样,-0.670673668384552,"样, 种, 个","-0.6707, -0.9482, -2.4108"
541,"脑子 真 疼 初 七 [MASK] 小 <h>人</h> , 回家 歹饺子 哈哈",管,下,-1.6134984493255615,"下, 个, 发","-1.6135, -1.7076, -2.5049"
542,"打扮 得 如此 粉嫩 斯文 , 却 在 如厕 后 展示 了 你 颠覆性 的 一 [MASK] <h>临门一脚</h> 冲厕 所 !",面,面,-0.4440598487854004,"面, 次, 幕","-0.4441, -2.0198, -3.0556"
543,"工作 动态 在 新春 佳节 合家 团聚 之际 , 华山 东路 派出所 也 以 传统 方式 欢度 佳节 全 [MASK] <h>民警</h> 自 除夕 至 年初一 , 全天候 坚守 在 辖区 圆通 寺 圆通山 , 为 群众 平安 进香 快乐 出游 排忧 解难 保驾 护航 。",所,部,-1.3729488849639893,"部, 队, 身","-1.3729, -2.1520, -2.2137"
544,"好不容易 睡 [MASK] <h>懒觉</h> , 还是 自己 逼 自己 的 , 本来 六点半 就 醒了",个,个,-0.009756620973348618,"个, 回, 起","-0.0098, -5.9942, -6.3312"
545,"她 嫌 男友 当 着 朋友 没有 给 留 面子 , 便 拿起 一 [MASK] <h>汽油</h> , 用 打火机 点燃 。",瓶,瓶,-0.514930009841919,"瓶, 桶, 罐","-0.5149, -1.6997, -2.4543"
546,那 一 [MASK] 会 笑 的 <h>女孩</h> 她 是 不 是 死 了 。,个,个,-0.04223359376192093,"个, 位, 只","-0.0422, -4.1075, -5.0111"
547,在 存完 压岁 钱 回家 之后 我 偷偷 的 喝 了 一 [MASK] <h>红酒</h> 感觉 头 有 点晕 啊啊 啊 不 会 吧 我 不 会 这么 弱 吧,杯,杯,-0.9310917258262634,"杯, 口, 下","-0.9311, -1.2890, -2.3994"
548,发表 了 一 [MASK] 转载 <h>博文</h> 转载 单车 万 里 藏 地 行摄 抵达 拉萨,篇,篇,-0.04687333479523659,"篇, 段, 条","-0.0469, -4.5820, -4.6317"
549,"龙年 第一 [MASK] <h>愿望</h> , 希望 今天 高速 堵车 !",个,个,-0.25213152170181274,"个, 次, 张","-0.2521, -3.5419, -3.7282"
550,"第一 站 是 <h>民族</h> 博物馆 , 广西 有 12 [MASK] 少数 民族 , 这里 展出 了 各 少数 民族 的 衣 食 住行 文化 。",个,个,-0.037115585058927536,"个, 种, 位","-0.0371, -3.4748, -6.4638"
551,我们 这 [MASK] 玩 了 10 几 年 的 <h>老友</h> 都 渐渐 迈入 三十 的 队伍 了 。,波,些,-0.7034516930580139,"些, 个, 位","-0.7035, -1.4121, -2.2182"
552,可以 睡 到 现在 真 是 一 [MASK] <h>享受</h>,种,种,-0.1406129151582718,"种, 个, 次","-0.1406, -2.5073, -4.2739"
553,但 几十 [MASK] <h>电杆</h> 经过 努力 还是 全部 运 到位 。,根,个,-0.9882118701934814,"个, 根, 支","-0.9882, -1.0614, -2.9071"
554,"有些 事 只 能 自己 去 度过 , 这 世界 上 根本 没有 一 [MASK] <h>东西</h> 叫 感同身受 。",种,种,-0.8033249378204346,"种, 个, 样","-0.8033, -1.3485, -1.4279"
555,"都 他丫 的 这个 时间 段 了 , 还 TMD 的 放 十万 响 的 那 [MASK] <h>挂鞭</h> 。",种,个,-0.7446714043617249,"个, 种, 些","-0.7447, -1.7204, -2.8581"
556,无奈 被 [MASK] 小 <h>女孩</h> 给 喝 倒 了,个,个,-0.060625188052654266,"个, 发, 些","-0.0606, -4.9332, -5.1363"
557,只 想 问 一 [MASK] <h>故人</h> 可 安好 ?,句,句,-0.8160322904586792,"句, 声, 下","-0.8160, -1.2689, -1.6726"
558,"年终 奖 什么 时候 才 能 到手 啊 , 缺 钱 , 缺 钱 , 银行 里 还 有 一 大 [MASK] <h>债</h> 等 着 还 那",堆,堆,-0.1851997673511505,"堆, 笔, 把","-0.1852, -2.4412, -3.1699"
559,"于是 我 接着 说 : “ 我们 本来 的 地球 是 在 一个 宇宙 里 , ‘ 克丽丝汀 号 ’ 到 达 了 那个 宇宙 的 边缘 , 也 就 是 那 [MASK] 黑色 的 带状 <h>物</h> 。",条,个,-0.43058261275291443,"个, 些, 种","-0.4306, -1.8748, -1.9561"
560,印度 要求 5 [MASK] 外国 <h>记者</h> 离开 克什米尔,名,名,-0.026409847661852837,"名, 位, 个","-0.0264, -4.4064, -4.4579"
561,"上 周 925 播放 了 品冠 的 后来 的 我们 , 今天 是 起床 , 这 [MASK] <h>概率</h> 很 小 , 而 对 我 有 特殊 意义 的 起床 很少 有 人 知道 。",种,个,-0.19715088605880737,"个, 种, 样","-0.1972, -2.5432, -3.0515"
562,"记录 一下 , 第一 [MASK] 工作 <h>电话</h> , 颜 。",个,份,-0.34127798676490784,"份, 次, 个","-0.3413, -1.9043, -2.5067"
563,斗 [MASK] <h>地主</h> 我 容易 吗 ?,个,场,-2.3581161499023438,"场, 脸, 号","-2.3581, -2.4843, -2.5712"
564,"看到 董卿 报幕 说 , 接下来 为 大家 带来 一 [MASK] 充满 激情 的 <h>表演</h> 。",段,场,-0.4331417679786682,"场, 个, 段","-0.4331, -2.1478, -2.6318"
565,"失眠 了 , 昨天 的 一 [MASK] <h>谈话</h> , 让 我 倍感 压力 之 大 。",席,次,-0.6872181296348572,"次, 个, 段","-0.6872, -1.3489, -2.5824"
566,"新 中国 成立 , 1949 年 9 月 27 日 , 在 中国 人民 政治 协商 <h>会议</h> 第一 [MASK] 全体 会议 上 , 通过 使用 世界 上 通用 的 公历 纪元 , 把 公历 的 元月 一日 定为 元旦 , 俗称 阳历年 。",届,次,-0.28299060463905334,"次, 届, 轮","-0.2830, -1.4018, -8.9104"
567,董卿 第三 [MASK] <h>衣服</h> 了,套,套,-1.01377534866333,"套, 件, 次","-1.0138, -1.0355, -2.5474"
568,再 推荐 一 [MASK] 独立 乐队 <h>Cults</h> 。,个,个,-0.76922607421875,"个, 支, 些","-0.7692, -1.6000, -1.6098"
569,皇冠 信誉 健维士 水 夫人 润年 大豆 异 黄酮 同时 补钙 送 30 [MASK] <h>羊</h> 胎素 6000,粒,粒,-1.8508168458938599,"粒, 个, 颗","-1.8508, -2.1251, -2.1498"
570,"有 好些 同学 , 真的 要 想 一 [MASK] 才 <h>能</h> 对 上号 , 惭愧 啊 。",阵,下,-0.17448924481868744,"下, 点, 些","-0.1745, -3.4124, -3.6106"
571,"跟 我 说 这 [MASK] <h>话</h> 的 人 , 你 还 记得 吗 ?",句,些,-0.7538177371025085,"些, 句, 个","-0.7538, -1.2571, -2.4279"
572,"坐 班车 时 碰见 一 [MASK] <h>学生</h> , 结果 更 一 衣 时 边上 一 人 问 我 你 是 倪老师 吗 我 是 向东 的 学生 。",批,个,-0.7154993414878845,"个, 位, 群","-0.7155, -1.7484, -2.1559"
573,"下午 加 了 点 奶粉 , 夜 里 睡 半 小时 就 醒 , 还 常 放屁 , 哭闹 要 竖 抱 , 应该 是 消化不良 , 刚 喂 了 半 [MASK] 妈咪 <h>爱</h> 。",包,个,-1.0460870265960693,"个, 瓶, 只","-1.0461, -1.7662, -2.0976"
574,"传闻 梁洛施 对 李泽楷 下降 头 , 两 [MASK] <h>尸油</h> 分别 擦在 嘴唇 和 舌头 上 。",瓶,滴,-1.2128844261169434,"滴, 瓶, 种","-1.2129, -2.2227, -2.8700"
575,粉藍色 Powder blue Vaaleansinisi auml Ljusbl aring 粉藍色 是 一 種淡淡 的 素淨 的 顔色給人 一 種憂郁 的 清新 的 感覺 粉藍讓人 感到 心平氣 和 粉藍讓 人 想到 幾近 透明 的 天空 有 一 [MASK] <h>純潔</h> 的 雲遮擋,片,片,-0.3444892466068268,"片, 朵, 些","-0.3445, -1.8944, -3.3181"
576,"今日 虽然 被 M P 喷 了 一 [MASK] <h>口水</h> , 但 也 算是 有所 突破 了 , 虽然 只 是 一 小 步 。",脸,口,-1.3069159984588623,"口, 些, 下","-1.3069, -1.3411, -2.5297"
577,"没有 吃 晚饭 , 喝 了 两 [MASK] <h>奶</h> 。",次,杯,-0.8855626583099365,"杯, 瓶, 次","-0.8856, -1.5375, -2.5742"
578,一 [MASK] <h>人</h> 放 在 心 里 琢磨 。,个,个,-0.30195745825767517,"个, 把, 般","-0.3020, -2.3481, -3.0268"
579,"我删 了 那 [MASK] <h>微薄</h> , 不 代表 事情 不 存在 了 !",条,些,-1.2411004304885864,"些, 个, 句","-1.2411, -1.5211, -1.8602"
580,"看 两 [MASK] <h>GA</h> , 我 立刻 觉得 我 又 活 过来 了 。",集,眼,-0.32330217957496643,"眼, 遍, 次","-0.3233, -2.5511, -3.2491"
581,姨妈 家 里 的 几 [MASK] 呆 <h>鱼</h> 。,条,条,-0.7706845998764038,"条, 只, 个","-0.7707, -1.0796, -2.3777"
582,你 我 只有 一 [MASK] 联络 的 <h>方式</h> !,种,种,-0.545071542263031,"种, 个, 次","-0.5451, -0.9719, -4.3273"
583,"早安 面对 阳光 , 忽 的 一 [MASK] , <h>飞奔</h> 公司 , 想 着 不 要 迟到 啊 结果 真 没 迟到 !",声,声,-1.1808607578277588,"声, 下, 个","-1.1809, -1.2542, -2.0409"
584,"当 你 想起 这 [MASK] <h>事</h> 不 再 烦恼 或 有 太 多 想法 时 你 就 真的 放下 了 , 开心 开心",件,件,-0.19276964664459229,"件, 些, 个","-0.1928, -1.9848, -4.0743"
585,回来 记得 来 [MASK] 信息 电话 <h>微博</h> !,个,个,-0.6686877012252808,"个, 发, 回","-0.6687, -1.1723, -3.2075"
586,"好听 又 好看 的 曲儿 清早 一 听 , 嗨 皮 一 天 自然 卷 坐 在 巷口 的 那 [MASK] <h>男女</h>",对,对,-1.2482398748397827,"对, 个, 些","-1.2482, -1.3450, -1.8705"
587,"要 回家 了 , 静静 说 一起 吃 [MASK] <h>饭</h> , 是 不 是 要 给 她 说 彭 和 露露 的 事情 , 我 在 纠结 , 是 不 是 该 有 自己 的 小 秘密 ?",个,顿,-0.5412372946739197,"顿, 个, 点","-0.5412, -1.4364, -3.0415"
588,曩谟 三 满 哆母驮喃阿钵啰 底贺 多 舍娑 曩喃怛侄 他 唵佉佉佉呬 佉呬吽吽 入 嚩啰 入 嚩啰钵 啰入 嚩啰钵 啰入 嚩啰 底瑟姹底瑟姹瑟 致哩 瑟致哩 娑癹吒 娑癹吒 [MASK] <h>底迦室</h> 哩曳娑 嚩诃,扇,门,-1.4935842752456665,"门, 所, 堂","-1.4936, -2.3253, -2.3972"
589,给 大家 介绍 [MASK] 新 <h>护肤品</h> LA MER 海蓝 之 谜,个,下,-1.095060110092163,"下, 个, 些","-1.0951, -1.5275, -1.6847"
590,饭店 门囗 发现 一 [MASK] <h>鸡</h>,只,只,-0.12752856314182281,"只, 条, 个","-0.1275, -4.0087, -4.0382"
591,"看 [MASK] <h>视频</h> 都 要 复制 , 搜索 , 找 youku 的 链接 , 打开 。",个,个,-0.8342527747154236,"个, 片, 遍","-0.8343, -2.1227, -2.7195"
592,这么 大 [MASK] <h>骨头</h> !,个,块,-0.9483252167701721,"块, 个, 片","-0.9483, -1.1040, -3.1325"
593,岁末 了 还 窝 了 一 [MASK] <h>火</h>,肚子,把,-1.3458852767944336,"把, 个, 锅","-1.3459, -1.3466, -2.2748"
594,"新 一 年 开始 啦 , 我 不 希望 自己 明年 还 是 这个 样子 , 我 会 努力 抓住 每 [MASK] <h>机会</h> , 争取 早日 实现 自己 的 短期 目标 !",次,个,-0.1828371286392212,"个, 次, 位","-0.1828, -1.8178, -7.5142"
595,"在 花园 发现 到 一 [MASK] 走动 的 <h>物体</h> 在 草地 上 兜圈圈 , 传说 中 的 晨 运",个,个,-0.46355369687080383,"个, 只, 些","-0.4636, -2.4081, -2.4091"
596,仲要 一 [MASK] 假 <h>话话</h> 为 你 好 !,口,个,-1.0814855098724365,"个, 句, 点","-1.0815, -1.4623, -2.8136"
597,再 丑 也 是 一 [MASK] 青春 无敌 的 <h>样子</h> !,副,副,-0.2710307836532593,"副, 个, 张","-0.2710, -1.9066, -3.7434"
598,"我 竟然 做 了 生命套 , 而且 还 弄 了 [MASK] 骑士 <h>护手</h> 。",个,个,-0.11216432601213455,"个, 位, 名","-0.1122, -4.3082, -4.5453"
599,真 系 太 多 謝超哥 送 我 噶 12 [MASK] <h>粟</h> 一 燒宜家 食剩 4 包咯 哈哈 !,包,包,-0.09517135471105576,"包, 袋, 盒","-0.0952, -3.3140, -4.2224"
600,"初一 凌晨 一 [MASK] <h>人</h> 不 回家 , 聚众 打麻 将 要 通宵 啊 , 好 尴尬",伙,些,-1.444733738899231,"些, 个, 班","-1.4447, -1.8400, -1.9792"
601,大 清早 的 一 出 小 区 门口 就 看到 一 [MASK] <h>尸体</h> 这 算 RP 嘛,具,具,-0.450030118227005,"具, 个, 堆","-0.4500, -2.1354, -2.8449"
602,"我 只 能 像 [MASK] <h>老人家</h> 一样 瑟瑟 度过 冬天 , 盼望 春天 的 到来 , 春天 来 不 了 , 就 只 能 盼望 尽早 回 广州 了 。",个,个,-0.09345735609531403,"个, 位, 些","-0.0935, -2.9448, -3.7392"
603,boss 30 哪 [MASK] <h>国家</h> 脱口而出 百度 一下 。,个,个,-0.1131531372666359,"个, 些, 位","-0.1132, -2.3887, -5.7943"
604,"今天 老公 陪我 逛 了 整天 , 结果 买 的 都 是 他 的 东西 我 只 收获 了 一 [MASK] <h>美食</h> , 大过 年 的 , 减肥 的 事 回 苏州 再 说 吧",餐,些,-1.1831930875778198,"些, 个, 份","-1.1832, -2.0367, -2.3446"
605,春卷 吃 [MASK] <h>睡觉觉</h>,点,下,-1.6902356147766113,"下, 起, 点","-1.6902, -2.1070, -2.2800"
606,"距 食 [MASK] <h>软糖</h> 食 得 好 狰狞 , 其实 系 米 距 食 太 多 零食 搞 到 无 胃口 食饭 , 但 家姐话 应该 五 关 事 , 系 距 失恋 , 无 胃口 了 。",粒,粒,-1.5835992097854614,"粒, 餐, 片","-1.5836, -1.6866, -3.0322"
607,"好 喜欢 这 [MASK] <h>皮肤</h> , 都 来 下载 吧 我 刚 通过 分享 了 搜狗 皮肤 Light year 维尼 夫妇 巧克力 爱 下载 地址",款,个,-0.3317687213420868,"个, 款, 些","-0.3318, -1.8477, -3.2164"
608,"听 妈妈 电话 听 的 我 真 要 崩溃 了 , 我 心 里 真 快 承受 不 了 了 , 这 [MASK] <h>关爱</h> , 我 快 窒息 了",种,样,-0.7211578488349915,"样, 个, 种","-0.7212, -1.7962, -2.0004"
609,"面對 強國 的 大 [MASK] <h>大款</h> , 狗 與豬 終於 認衰 !",批,款,-0.8903000354766846,"款, 手, 批","-0.8903, -2.1342, -2.2142"
610,"亲们 , 我 家 最近 人气 关注 度 最高 宝贝 新西兰 品牌 原装 进口 Heitiki 婴幼儿 宝宝 奶粉 二 [MASK] 金装包邮 <h>分亨</h> 给 大家 , 有 图 有 真相",段,代,-1.4219319820404053,"代, 包, 手","-1.4219, -1.8405, -2.3718"
611,"早上 的 的士 摸样 了 , 拦 了 半 [MASK] <h>小时</h> 拦 不 到 , 好不容易 拦 到 , 快要 上 三环 , 手机 又 忘 拿 了 , 又 回去 拿 !",个,个,-0.0001614224020158872,"个, 把, 座","-0.0002, -11.0915, -11.1422"
612,我 爱 丁 先生 156 想 你 的 第三 天 那 [MASK] <h>年</h>,些,个,-0.17004145681858063,"个, 些, 样","-0.1700, -2.6751, -3.8448"
613,"范冰冰 这 [MASK] 经典 黑色 <h>组合</h> 凸显 腰身 , 强调 了 S 形 曲线 , 值得 向 大家 推荐 。",身,款,-0.6735538244247437,"款, 个, 套","-0.6736, -1.5238, -2.4564"
614,"剑侠 世界 我 在 电信 吉祥区 葬花吟 武夷山 , 这里 是 五千万 人 的 江湖 , 萝莉御姐 任 你 挑选 , 抱 [MASK] <h>妞儿</h> 回家 过冬咯 !",个,个,-0.38863274455070496,"个, 起, 团","-0.3886, -1.8948, -3.3166"
615,这 两 天 粉丝 每 天 一 [MASK] <h>人</h>,个,个,-0.47676318883895874,"个, 堆, 批","-0.4768, -2.4604, -2.9382"
616,"每 [MASK] <h>人</h> 身体 棒棒 , 感情 也 顺风 顺水 !",个,个,-0.09207594394683838,"个, 家, 位","-0.0921, -3.1931, -4.2573"
617,"可以 说 : 现在 农村 市场 的 现状 一方面 是 疲软 , 另一方面 是 有效 供给 不足 , 形成 这样 一 [MASK] <h>局面</h> 的 原因 何在 ?",种,个,-0.44072550535202026,"个, 种, 些","-0.4407, -1.0712, -5.8571"
618,签阿签阿签阿 可以 噶话 果断 签阿之前 阿里纳斯 就 话 区 想来 LA 啦 老 将 底薪区 都 话 受 如果 真 系 签佐班尼斯 慈世平 阿里纳斯 想象 下 尼 三 [MASK] <h>搞</h> 屎棍 系 埋 一齐 会 发生 咩事 分享 图片,件,个,-1.1324092149734497,"个, 位, 点","-1.1324, -2.7487, -3.0991"
619,"咿咿 是 最 下面 的 那 [MASK] 大 <h>鸭子</h> , 呀呀 是 上面 的 小 鸭子 。",个,只,-0.08337213099002838,"只, 个, 条","-0.0834, -3.1952, -4.2363"
620,想起 昨晚 有 人 说 的 关于 光棍 的 一 [MASK] <h>话</h> 顿时 觉得 无限 贴切 。,席,句,-0.8854637145996094,"句, 段, 些","-0.8855, -1.4304, -1.4400"
621,"还 有 妮妮 , 还 有 那 [MASK] <h>贤慧</h> 的 男朋友 , 还 想 你们 呀 。",个,个,-0.7574498057365417,"个, 些, 位","-0.7574, -1.1558, -1.6685"
622,漂亮 女 老师 惨遭 凌辱 www 517 sese info 疯狂 的 石头 走着瞧 追捕 枪王 之 王 万历 首 辅 张居正 黄炎培 追踪 窃听 风云 丑 女 无敌 第二 [MASK] 狗 和 <h>狼</h> 的 时间 贝多芬 病毒 民国 往事 小兵 张嘎 Hello 树 先生 岁月 神偷 牛郎 织女 善德女王 红楼 梦 风声 爱情 公寓,季,章,-0.6420388221740723,"章, 季, 集","-0.6420, -1.7720, -2.9584"
623,"需要 一 [MASK] 跟 我 一起 奋斗 的 <h>人</h> , 一起 体验 爱情 里 的 酸甜苦辣",个,群,-0.5485395193099976,"群, 个, 位","-0.5485, -1.0231, -3.7380"
624,今晚 清网 行动 的 战利品 当时 那 [MASK] <h>激动</h> 恐惧 紧张 刺激 啊 想 起来 都 炭炭 zhun,个,个,-1.1124601364135742,"个, 种, 样","-1.1125, -1.1187, -2.8344"
625,"万 诗 言 小 妹妹 , 虽然 不 算 倾国 倾城 , 但 别有 一 [MASK] <h>风味</h> 。",番,番,-0.11397351324558258,"番, 种, 份","-0.1140, -2.6958, -4.0265"
626,"微 阅读 周六 下午 , 他 都 会 来 茶楼 点 一 [MASK] <h>龙井</h> , 坐 在 二 楼 靠 窗 位子 。",壶,杯,-1.0773342847824097,"杯, 碗, 壶","-1.0773, -1.1723, -2.7712"
627,我 真 想 一 [MASK] <h>手机</h> 砸晕 你 !,台,个,-0.7757823467254639,"个, 把, 部","-0.7758, -1.9870, -2.4035"
628,"大夫山 山地车 亚运 比赛 路径 够 刺激 , 下 [MASK] <h>要</h> 继续 来 挑战 。",次,次,-0.10611966252326965,"次, 面, 回","-0.1061, -2.9860, -3.1955"
629,"想 创业 容易 , 注册 一 [MASK] <h>公司</h> 也 很 简单 , 但 要 活 下去 就 难 了 , 要 做 大 做 强 更 是 难上加难 !",个,家,-0.5144044160842896,"家, 个, 间","-0.5144, -1.0145, -3.4121"
630,我 才 买 了 一 [MASK] 多 <h>月</h> 的 新 车子 啊 !,个,个,-0.007572760805487633,"个, 块, 辆","-0.0076, -6.4322, -7.1714"
631,"中 二 [MASK] <h>奖</h> , 希望 转运 , 2012 加油 。",等,等,-1.3725903034210205,"等, 级, 类","-1.3726, -2.2476, -2.6039"
632,若 是 可以 不 想 念 若 是 可以 在 有 那么 一 [MASK] 新 的 <h>他</h>,个,个,-0.04790835455060005,"个, 位, 种","-0.0479, -5.0010, -5.0031"
633,真 想来 一 [MASK] <h>真真正</h> 正 的 旅游 啊 。,次,次,-0.822282612323761,"次, 场, 趟","-0.8223, -1.6586, -1.6980"
634,我 感觉 我丫 的 离 中风 这 [MASK] <h>事</h> 越来越 靠边 了 。,档子,件,-0.16838857531547546,"件, 个, 种","-0.1684, -2.3142, -3.5625"
635,"你 送 祝福 我 送礼 新 的 1 年 开始 , 祝 好 事 接 2 连 3 , 心情 4 [MASK] <h>如春</h> , 生活 5 颜 6 色 7 彩 缤纷 , 偶尔 8 点 小 财 , 烦恼 9 霄 云外 , 请 接受 我 10 心 10 意 的 祝福 !",季,面,-1.3725224733352661,"面, 样, 步","-1.3725, -2.0148, -2.6857"
636,而 这 两 [MASK] <h>东西</h> 绝 不 允许 他 在 十几 岁 的 年纪 选择 爱情 。,样,个,-1.0188199281692505,"个, 样, 种","-1.0188, -1.1907, -1.2645"
637,感 薄熙 来说 廉洁 是 一 [MASK] <h>幸福转</h>,种,种,-0.24931126832962036,"种, 个, 件","-0.2493, -2.4741, -3.3809"
638,分享 圖片 这 [MASK] 猫 <h>牛</h> 了 它 看见 什么 啦 两 眼 发 清光 了 南瓜,只,只,-0.041158467531204224,"只, 个, 头","-0.0412, -4.2974, -5.2787"
639,你 的 心 是 一 [MASK] <h>墙</h> 。,面,个,-0.5394492745399475,"个, 颗, 片","-0.5394, -2.5178, -3.0769"
640,各 [MASK] <h>吃喝</h> 多 了 !,种,位,-0.128950297832489,"位, 种, 家","-0.1290, -2.6556, -4.0926"
641,长 这么 大 还 是 第一 [MASK] 小 <h>年夜</h> 没有 和 家人 在一起 过 。,次,次,-0.07420486956834793,"次, 个, 位","-0.0742, -2.7457, -6.8353"
642,第一 [MASK] 上 <h>微博</h> 很 高兴,次,次,-0.056732092052698135,"次, 个, 张","-0.0567, -3.3104, -5.8259"
643,这 [MASK] <h>耗儿</h> 鱼 确实 好 吃 惨,家,个,-1.049877405166626,"个, 道, 些","-1.0499, -2.1917, -2.4052"
644,"这 [MASK] 国际 <h>礼拜堂</h> 的 圣诞树 , 是 我 今年 见 过 最 美 的 可惜 照片 拍 不 出 它 的 美感 , 只 能 将 就 着 看看",棵,个,-0.5731598734855652,"个, 座, 家","-0.5732, -1.6877, -2.3439"
645,爸爸 妈妈 今年 你 给 了 我 一 [MASK] 特别 的 <h>惊喜</h> !,个,个,-0.04631636291742325,"个, 份, 次","-0.0463, -3.5503, -4.6969"
646,"三 [MASK] <h>同堂</h> 在 微博 , 应该 是 破 纪录 的 了 !",代,代,-1.10658860206604,"代, 位, 个","-1.1066, -1.7557, -2.1245"
647,"这 [MASK] <h>过</h> 的 很 无聊 啊 , 再 也 没有 儿时 对 过 年 的 期盼",节,样,-0.5130210518836975,"样, 个, 次","-0.5130, -1.5307, -2.9395"
648,第二 [MASK] <h>乐</h> !,波,章,-1.662437915802002,"章, 首, 张","-1.6624, -2.1882, -2.5759"
649,"第一 [MASK] <h>坐到</h> 这个 样子 的 , 看来 还是 南航 比 东航 硬件 给 力阿 !",次,次,-0.22828766703605652,"次, 个, 班","-0.2283, -2.3093, -3.4787"
650,"第一 [MASK] 在 异地 而且 是 实在 不 乍地 的 酒店 <h>倒头</h> 便 睡 , 看来 我 实在 累得 不 轻 啊 !",次,次,-0.01370286662131548,"次, 个, 间","-0.0137, -4.7679, -6.7944"
651,"结果 还 是 只有 自己 承受 , , 原来 只 是 一 [MASK] <h>梦</h> 。",个,场,-0.3924892544746399,"场, 个, 次","-0.3925, -1.1773, -5.8618"
652,今晚 各 [MASK] <h>无奈</h> 啦 !,种,位,-0.3450610935688019,"位, 个, 种","-0.3451, -2.1777, -2.3826"
653,"一 [MASK] 感人 的 <h>漫画</h> 谨 以 此 画 祝愿 所有 博友 父母 龙年 身体 安康 , 祝愿 天下 老 人 都 能 感受 后辈 的 关爱 , 如果 有 爱 , 就 让 爱心 表达 传递 !",幅,幅,-0.2773551642894745,"幅, 组, 张","-0.2774, -2.7201, -3.1728"
654,"坐 火车 真 累 , 还 有 十几 [MASK] <h>小时</h> , 我 一定 要 完成 我 的 理想 , 然后",个,个,-0.00029025712865404785,"个, 分, 块","-0.0003, -9.5988, -10.1894"
655,"不 对 称 的 美 另 [MASK] 又 特别 , 亮色 的 圆点 <h>生命力</h> 十足 , 轻松 跳进 视线 。",类,类,-0.003174032084643841,"类, 味, 级","-0.0032, -6.4310, -7.7286"
656,小毛 这 [MASK] <h>帽子</h> 真 好看,顶,个,-1.0188794136047363,"个, 顶, 款","-1.0189, -1.0526, -2.7568"
657,只有 上 十二 [MASK] <h>小时</h> 夜班 的 人 才 知道 漫漫长夜 有 多 长,个,个,-0.00839042104780674,"个, 点, 楼","-0.0084, -5.2687, -7.7174"
658,"今年 过年 影响 最 深刻 的 画面 央视 花上 千万 元 租 了 一 [MASK] <h>直升机</h> , 跟 拍 广东 农民工 为了 省 钱 骑 摩托车 返乡 的 画面 !",架,架,-0.17402684688568115,"架, 台, 个","-0.1740, -2.2663, -3.9834"
659,"我 如果 真的 爱 一 [MASK] <h>人</h> , 就 会 让 她 幸福 快乐 。",个,个,-0.0008253284031525254,"个, 位, 名","-0.0008, -8.0168, -9.2254"
660,顶 你 大年 初一 卑 人 一 野 灌 半 [MASK] 红酒咩 <h>状况</h> 已经 好坚 了 隔离 果 d 全部 训低,瓶,杯,-0.7044818997383118,"杯, 瓶, 碗","-0.7045, -1.6243, -2.7088"
661,2011 年 全 年 CPI 的 平均 在 562010 年 全 年 在 33 也 就 是 增长 了 23 举 例 2010 年 买 一 [MASK] <h>裤子</h> 要 100 元 2011 年 底 买 要 1001231023 真 不 知道 这样 算 对 不 对 了,个,条,-0.4272175431251526,"条, 件, 双","-0.4272, -1.6764, -2.7974"
662,"12 最近 身边 发生 的 人 和 事 , 不得不 让 我 重新 审视 爱情 和 婚姻 , 我 不 明白 一 [MASK] 眼 里 只有 孩子 却 把 老公 打入 冷宫 的 <h>女人</h> , 是 怎样 维持 她 的 爱情 ?",个,个,-0.01293609943240881,"个, 位, 名","-0.0129, -4.6769, -6.2308"
663,"让 trouble 都来 的 更 猛烈 些 吧 , 让 我 一 [MASK] <h>人</h> 静静 的 戴上 耳机 , 让 我 继续 活 在 那些 幻想 中 吧 。",个,个,-0.014056245796382427,"个, 家, 行","-0.0141, -5.6968, -6.5621"
664,国安 海南 训练 过 小 年 吃 饺子 确定 无缘 签 葡超锋霸 尽管 远 在 海南 进行 冬训 国安 也 没 耽误 按 着 老礼儿 过年 专程 随队 过去 的 厨师 就 给 全队 做 了 一 [MASK] 饺子 和 <h>炸酱面</h> 让 全 队 也 好好 解 了 解馋 。,顿,个,-0.9553872346878052,"个, 顿, 盘","-0.9554, -2.0006, -2.0919"
665,那些 年 我们 一起 追 的 女孩 mv 电影 完整版 1 [MASK] 惊心 <h>吴奇隆</h> 四爷 绝密 档案 康熙 来 了 的 丝 全集 2012 分享 自,步,步,-0.17244817316532135,"步, 幕, 号","-0.1724, -3.6539, -4.0139"
666,好 有 基情 的 一 [MASK] <h>浪漫</h> 死 了 !,幕,部,-1.7883455753326416,"部, 段, 场","-1.7883, -2.3453, -2.3845"
667,"帮 非非理 [MASK] <h>发</h> 要 170 , 够大 熊理 一 年 的 发 了 。",个,发,-0.023057198151946068,"发, 员, 处","-0.0231, -5.4755, -6.1570"
668,"从 小 到 大 , 我 最后 悔 得 3 [MASK] <h>事</h> 就 是 1 没有 听 父母 话 好好 学习 天天 向上 。",件,件,-0.0032369971740990877,"件, 个, 点","-0.0032, -6.1925, -8.4685"
669,还 有 十五 [MASK] <h>小时</h>,个,个,-0.02819296158850193,"个, 分, 种","-0.0282, -5.0335, -5.9691"
670,"时间 真 是 一 [MASK] 好 <h>药</h> , 比 什么 都 管用",副,个,-1.33844792842865,"个, 种, 剂","-1.3384, -1.4380, -2.4490"
671,"妹妹 吃 饺子 发现 是 肉馅 , 吃 了 一半 给 他 老公 了 , 结果 <h>钱</h> 就 在 剩下 的 一半 里 每 年 都 为了 吃 那 [MASK] 钱 撑 的 要 死 , 却 每 年 都 吃 不 到 悲催",个,些,-1.1535471677780151,"些, 个, 笔","-1.1535, -1.4087, -1.8895"
672,"岁月 不饶人 , 细 英 不 等 我 真的 舍 不 得 徽州 , 对于 宿舍 的 两 [MASK] 徽州 <h>女人</h> , 实在 无 以 言 谢",个,个,-0.12789826095104218,"个, 位, 名","-0.1279, -2.2263, -4.9588"
673,"没 预料 到 这 [MASK] <h>出差</h> 需要 这么 长 时间 , 好 想 写 书法 哈哈 , 好酸 的 假 文化人 。",回,次,-0.3363801836967468,"次, 趟, 样","-0.3364, -1.9889, -2.8136"
674,"我 参与 了 发起 的 投票 继威幂恋 后 , 你 希望 哪 对 荧屏 情侣 公开 恋情 , 我 投给 了 这 1 [MASK] <h>选项</h> 。",个,个,-0.025069553405046463,"个, 项, 条","-0.0251, -5.2016, -5.6014"
675,"为了 那 [MASK] 十分 可观 的 <h>工资</h> , 也 得 坚持 住 。",笔,笔,-0.9239333868026733,"笔, 份, 个","-0.9239, -1.1147, -1.8142"
676,从 我 出生 一 [MASK] <h>月</h> 整整 带 到 我 三 岁 !,个,个,-0.00951673649251461,"个, 次, 点","-0.0095, -6.4021, -6.9939"
677,决定 再 养 [MASK] 袖珍 <h>椰子树</h>,盆,棵,-0.524203896522522,"棵, 株, 些","-0.5242, -2.0101, -2.1559"
678,"火车 订票 网站 各 [MASK] <h>登</h> 不 上 , 好不容易 登上 了 吧 , 订单 又 提交 不 上 , 是 想 怎样 啊 , 抓 狂暴 走 中",种,种,-0.24439296126365662,"种, 个, 类","-0.2444, -2.5090, -2.9786"
679,"她 一直 希望 我 幸福 , 不管 我 行走 在 那 [MASK] <h>世界</h> !",个,个,-0.008437004871666431,"个, 些, 种","-0.0084, -5.6211, -5.8881"
680,", 我 投给 了 快要 上课 了 这 1 [MASK] <h>选项</h> 。",个,个,-0.026523930951952934,"个, 项, 号","-0.0265, -5.6657, -5.8504"
681,来 新加坡 之后 真心 的 笑 就 少 了 还 记得 小时候 总是 说 我 一 笑 眼睛 就 成 眯咪 眼 了 好 怀念 一 [MASK] 度 过 的 <h>日子</h> 什么 都 不 用 想 现在 是 不 是 什么 都 不 一样 了 没 长 醒 的 男人 都 滚 一边 去 我们 不 要 !,起,起,-0.07395170629024506,"起, 路, 样","-0.0740, -3.2502, -4.1566"
682,"好评 , 这 [MASK] <h>宝贝</h> 最 受 好评 , 快来 看下 原装 OKI 彩粉 OKI 310033003400510096009800 化学粉 100g , 价格 4800 元 , 购买 链接 , 更 多 宝贝 请 看",款,款,-0.7696433067321777,"款, 个, 件","-0.7696, -1.1301, -2.9437"
683,原来 只有 我 自己 一 [MASK] <h>人</h> 的 时候 会 被 人 欺负,个,个,-0.013601354323327541,"个, 样, 种","-0.0136, -6.0525, -6.3237"
684,"三 [MASK] <h>猪</h> 真 能 睡 , , ,",只,个,-1.1413698196411133,"个, 只, 头","-1.1414, -1.4634, -2.5984"
685,"又 想到 一 [MASK] <h>问题</h> , 年后 还 招 不 到 , 就 快 可以 招 应 届 了 , 应届 , 90 后么 。",个,个,-0.020131224766373634,"个, 些, 下","-0.0201, -4.8727, -5.9769"
686,一 [MASK] <h>诺言</h> 占据 了 所有 信任 。,个,个,-0.8559585809707642,"个, 句, 条","-0.8560, -1.3347, -3.1021"
687,"这 是 一 [MASK] 新年 招财 <h>猫</h> , 1 分钟 内 转发 此 猫 图 , 新 的 一 年 里 将 好运 连连 , 福气 冲天 原文 地址 y2 Yfi6twU 原文 地址",只,只,-0.3001149296760559,"只, 张, 个","-0.3001, -2.4160, -3.1830"
688,"收拾 东西 , 发现 很多 小时候 穿 过 的 很 可爱 的 衣服 啊 嘻嘻 , 与其 说 是 收拾 东西 , 不如 说 是 疯狂 试 衣服 哈哈 , 新 的 旧 的 , 我 的 妈妈 的 , 有 杀错 没 放 过 啊 不 知道 变换 了 几 [MASK] <h>风格</h> 呢",种,种,-0.7961869835853577,"种, 个, 次","-0.7962, -1.2431, -2.1090"
689,"真的 很 感动 , 地理 老师 今年 最后 一 [MASK] 地理 <h>课</h> 跟 我们 玩 游戏 了 , 而且 还 发糖 好 开心",节,节,-0.3781532049179077,"节, 堂, 门","-0.3782, -1.7698, -2.6911"
690,"一 [MASK] <h>晚上</h> , 买 了 年货 , 收拾 了 行李 , 整理 了 房间 , 但 还是 少 了 东西 没 买 , 明早 继续 。",个,个,-0.3479169011116028,"个, 般, 家","-0.3479, -2.4734, -3.1747"
691,"我 想 知道 哪天 我 喝 醉 了 酒 , 一 [MASK] <h>人</h> 又 在 大街 上 , 会 歇 撕 底 里 喊出 谁 的 名字",个,个,-0.12678806483745575,"个, 群, 家","-0.1268, -2.7299, -4.4749"
692,那 [MASK] <h>土黄色</h> 我 真 不 DJ 。,个,个,-0.6505023241043091,"个, 种, 些","-0.6505, -1.7484, -2.3761"
693,"让 别人 讨厌 自己 , 也 是 一 [MASK] <h>艺术</h> !",门,种,-0.2971610724925995,"种, 门, 个","-0.2972, -1.5599, -4.2864"
694,"说话 的 声音 又 变 了 , 像 [MASK] <h>男人</h>",个,个,-0.06294398009777069,"个, 对, 名","-0.0629, -4.8967, -4.9638"
695,做 [MASK] 鸡蛋 <h>饼</h>,个,个,-1.6466646194458008,"个, 例, 家","-1.6467, -2.3904, -2.4162"
696,本来 想 通宵 的 突然 好困 睡觉 去 做 [MASK] 好 <h>梦</h> 吧 dx 拜年 nono 拜年,个,个,-0.6856703758239746,"个, 点, 回","-0.6857, -1.5305, -3.0650"
697,"但 愿 每 [MASK] <h>人</h> 都 可以 到 自己 想 去 的 地方 好好 感受 , 开心 游玩 。",个,个,-0.0057808635756373405,"个, 位, 家","-0.0058, -5.2451, -8.6337"
698,谢 了 哥 几 [MASK] 等 哥们 可以 喝 的 <h>时候</h> 一定 不 醉 不 归,个,个,-0.6329171061515808,"个, 句, 位","-0.6329, -2.3380, -2.4111"
699,"我 不 敢 AT 你们 , 这些 话 , 就 这样 湮没 吧 , 看见 也 好 , 看 不 到 也 罢 , 这样 的 心境 , 本 就 不 该 让 你们 感觉 到 呢 我 还 会 以 各 [MASK] 笑 的 <h>样子</h> 履行 我 的 承诺 我 一直 会 在 。",种,种,-0.005652757827192545,"种, 样, 类","-0.0057, -5.9432, -6.3082"
700,总理 的 一 [MASK] <h>话</h> 胜过 任何 利好 因素,句,句,-0.1786687970161438,"句, 番, 段","-0.1787, -2.7718, -3.2230"
701,表姐们 这 [MASK] <h>赌徒</h>,群,个,-1.0200875997543335,"个, 些, 位","-1.0201, -1.4569, -2.3877"
702,祝福 我 的 宝贝们 学习 更 上 一 [MASK] <h>楼</h> !,层,层,-0.04094967991113663,"层, 楼, 台","-0.0409, -3.5838, -5.6422"
703,一 [MASK] <h>人</h> 在 我 家 牛牛 !,群,个,-0.42904236912727356,"个, 群, 家","-0.4290, -1.7622, -3.1897"
704,雨 会 的 台北 故宫 那些 宝物 都 是 俺们 家 的 多 好 台湾 服务业 真心 赞野柳旁 711 相 中 你 好 凯蒂吊饰 被 告知 需 集点 后方 能 换 购 怏怏 走开 又 被 店员 唤回 从 口袋 掏出 一 [MASK] 慷慨 赠送 很 感动 遂 晚餐 金门 高梁 <h>助兴</h> 也,枚,份,-1.2338371276855469,"份, 个, 张","-1.2338, -2.3273, -2.4708"
705,记忆 是 [MASK] 奇怪 的 <h>东西</h> 。,个,个,-0.11023714393377304,"个, 种, 些","-0.1102, -2.9098, -4.0063"
706,所以 如果 你 发现 一 [MASK] <h>人</h> 很 怕 失去 你 !,个,个,-0.014296617358922958,"个, 些, 位","-0.0143, -4.9548, -6.4618"
707,"补上 甜 食 苦 手 , 6 寸 都 觉得 头疼 不过 买 来 画 30 的 那 [MASK] <h>蓝莓</h> 酱 好 好吃",瓶,个,-1.0074098110198975,"个, 种, 款","-1.0074, -1.8711, -2.7514"
708,赶 不 上 第一 [MASK] <h>人</h> 只好 等 第二 拨人 了 !,拨,拨,-0.18994227051734924,"拨, 批, 个","-0.1899, -2.2180, -3.7839"
709,这 一 [MASK] <h>吸血鬼</h> 日记 看 的 我 崩坏 了 编剧 你 还 能 再 扯 点么 老 K 你 怎么 就 这样 爱上 C 了 ?,集,篇,-0.33713215589523315,"篇, 部, 段","-0.3371, -3.0717, -3.1637"
710,"发表 了 博文 从 情苦 中 了 悟 无常 四十二 [MASK] 经 云 爱 欲 之 <h>人</h> , 犹如 执炬 , 逆风 而 行 , 必 有 烧火 之 患 。",章,章,-0.872782289981842,"章, 道, 行","-0.8728, -2.3995, -2.9150"
711,"市场 上 的 爆款 , 淘宝网 上 热卖 的 2011 新 款 女装 冬装 3926 可爱 围巾 帽 可 脱卸 抽绳 面包 加厚 长 款 棉 价格 20000 元 , 本 店 第一 [MASK] <h>货源</h> , 降低 中间 环节 成本 , 直接 让利 给 消费者 , 非常 值得 关注 , 分享 给 大家 ,",手,手,-0.41138511896133423,"手, 批, 家","-0.4114, -1.5892, -3.4545"
712,我 想 画 一 [MASK] <h>圈</h> 把 自己 关 在 里面 。,个,个,-0.028693735599517822,"个, 圈, 条","-0.0287, -4.3572, -5.4152"
713,一 [MASK] <h>月</h> 后 还 得 离开 还 得 离开 还 得 离开 。,个,个,-0.051620934158563614,"个, 般, 次","-0.0516, -5.5761, -5.7476"
714,"不过 我 可 有 点 好奇 , 他 是 不 是 真的 能 过来 , 这 一 人 多 深 的 水 可不 是 闹着玩 的 , 就 一 [MASK] <h>答应</h> 了 , 不过 却 警告 他 : “ 可 别 给 我 玩花样 , 我 不 会 救人 , 更 不 会 人工呼吸 ” 。",口,口,-0.03097313828766346,"口, 声, 句","-0.0310, -4.2382, -5.5403"
715,"看见 一 [MASK] <h>大佛</h> , 没 拍 到 。",尊,座,-0.9609973430633545,"座, 个, 尊","-0.9610, -1.1075, -1.4724"
716,头发 很 长 还 没 剪 我 爱 剪 头发 随便 找 一 [MASK] 没 人 的 稍微 修 一下 <h>行不</h>,间,个,-0.42182010412216187,"个, 家, 条","-0.4218, -2.1653, -3.0201"
717,"寻 交通 <h>事故</h> 知情人 1 月 10 日 9 时 20 分许 , 东兴 中路 凯旋门 酒店 对 开 路段 发生 一 [MASK] 交通 事故 , 造成 摩托车 驾驶人 当场 死亡 。",宗,起,-0.006146806292235851,"起, 宗, 次","-0.0061, -6.1061, -6.3603"
718,"你 知 不 知道 难 做 的 <h>事</h> 和 应该 做 的 事 , 往往 是 同 一 [MASK] 事 ?",件,件,-0.22023674845695496,"件, 回, 种","-0.2202, -1.7571, -4.6044"
719,啊啊 啊 第一 瓶 要 不 要 那么 大 啊 打 了 一 [MASK] 多 <h>钟</h> 才 打 了 一半 啊 肿么 办,个,个,-0.08624762296676636,"个, 点, 分","-0.0862, -3.9744, -4.9401"
720,"给 朋友们 发 了 这样 一 [MASK] 祝福 <h>信息</h> , 收到 好多 压岁 钱 了 !",条,条,-0.12327373772859573,"条, 个, 段","-0.1233, -2.5901, -4.5591"
721,站 在 一 [MASK] <h>人</h> 在 家里 。,个,个,-0.49951237440109253,"个, 起, 面","-0.4995, -1.7302, -2.9277"
722,怀念 小学 时 900 [MASK] <h>人</h> 就 逼 你 睡觉 。,家,个,-0.3094658851623535,"个, 些, 家","-0.3095, -3.2308, -3.6147"
723,"恰巧 有 [MASK] 不 知情 的 医生 <h>路过</h> , 看到 这 情况 就 说 这 刀 还 开 的 真 久",位,个,-0.26415902376174927,"个, 位, 些","-0.2642, -1.5576, -4.3050"
724,4747 啊 同 4 [MASK] <h>数</h> 甘 有 缘噶 48484848,双,个,-1.1631546020507812,"个, 位, 分","-1.1632, -1.7415, -2.9440"
725,"只 味好 正 , [MASK] <h>香水樽</h> 的 design 更正 , 深 得 我心",个,味,-0.975922167301178,"味, 把, 所","-0.9759, -1.9670, -2.9379"
726,"6 点 了 , 一 [MASK] 晚上 <h>失眠</h> 。",个,个,-0.10736101865768433,"个, 般, 次","-0.1074, -3.0611, -4.5870"
727,好 厚 一 [MASK] <h>锅盖</h> 。,顶,层,-0.7022215127944946,"层, 个, 张","-0.7022, -1.1531, -3.2619"
728,发表 了 博文 有关 老师 的 几 [MASK] <h>笑话</h> 老师 的 点评 太 精辟 了 !,则,个,-0.5425593256950378,"个, 句, 条","-0.5426, -1.7789, -2.4012"
729,"晚上 才 睡 两 [MASK] <h>小时</h> , 回家 不 瘦 都 难 。",个,个,-0.0008320693159475923,"个, 次, 点","-0.0008, -8.7209, -9.4900"
730,"或许 都 是 一 不 小心 , 就 像 我 一 不 小心 的 病 了 , 足足 做 了 一 [MASK] <h>月</h> 的 病人 。",个,个,-0.0016550400760024786,"个, 位, 段","-0.0017, -8.3460, -8.7919"
731,不过 增加 [MASK] 垃圾 <h>分</h> 。,个,些,-1.549612283706665,"些, 点, 个","-1.5496, -1.5984, -1.9733"
732,今天 生日 居然 有 [MASK] 自 说 是 高中生 的 <h>女女</h> 要 和 我 裸聊 !,个,个,-0.14646032452583313,"个, 位, 些","-0.1465, -2.2810, -4.2303"
733,很 高兴 能 当 一 [MASK] <h>宅女</h> 啊哈,个,个,-0.1687868982553482,"个, 名, 位","-0.1688, -2.3412, -3.3035"
734,"跪求 这 [MASK] 的 <h>nichkhun</h> 真 人 无 水 印版 啊 , 拜托 拜托 。",张,样,-0.49439626932144165,"样, 个, 次","-0.4944, -2.2567, -2.9038"
735,"但 永远 要 记着 有 [MASK] 前提 <h>语言</h> 是 用来 加强 沟通 的 , 而 不 是 用来 制造 交流 双方 之间 的 障碍 的 。",个,个,-0.41397228837013245,"个, 些, 条","-0.4140, -1.1266, -4.9226"
736,"十几 年 来 老爸 的 第一 [MASK] <h>下厨</h> , 嗯 , 值得 纪念 。",次,次,-0.007811699062585831,"次, 个, 回","-0.0078, -5.9132, -7.2391"
737,不 许走 给 我 跳 [MASK] <h>舞</h> 。,个,个,-0.2766214609146118,"个, 起, 场","-0.2766, -2.8274, -3.0411"
738,"发表 了 博文 加勒比海 盗 , 看完 加勒比海 盗 4 , 总 有 一 [MASK] 意犹未尽 的 <h>感觉</h> 。",种,种,-0.05035368725657463,"种, 些, 股","-0.0504, -4.0408, -4.3193"
739,办公桌 上 又 多 了 一 [MASK] 如意 <h>寓意</h> 着 我 新 的 一 年 称心如意,盆,个,-0.658622682094574,"个, 份, 幅","-0.6586, -1.7115, -2.8461"
740,"据 英国 每 日 邮报 报道 一 [MASK] <h>研究</h> 发现 , 人们 在 睡前 玩 手机 , 频繁 发送 电子 邮件 , 会 影响 睡眠 质量 。",项,项,-0.012408088892698288,"项, 组, 个","-0.0124, -5.3889, -5.8533"
741,哦 看到 一 [MASK] 萨摩耶 <h>姚明级</h> 的 。,匹,个,-0.5182604193687439,"个, 些, 堆","-0.5183, -2.3601, -3.6157"
742,一 [MASK] <h>人</h> 平平安安 一起 过 年 才 是 最 快乐 最 幸福 的 !,家,家,-0.1976027488708496,"家, 个, 群","-0.1976, -1.8760, -4.2410"
743,晚安 啦 各位 希望 大家 发 [MASK] 好 <h>梦</h> 啦,个,声,-1.257016897201538,"声, 发, 个","-1.2570, -1.5525, -1.8818"
744,"我 的 小 黄 它 终于 拿到 了 , 还 有 车 内 清新 [MASK] <h>羊</h> 同学 穿 拖鞋 出来 给 我 送 真的 雷住 我 了",剂,包,-2.2997593879699707,"包, 发, 版","-2.2998, -2.4196, -2.4977"
745,"多少 年 下来 又 有 几 [MASK] <h>人</h> 没有 变化 , 当时 的 初衷 又 守住 了 多少 ?",个,个,-0.057860102504491806,"个, 位, 代","-0.0579, -3.5555, -4.2491"
746,"神探夏 洛克 , 才 看 了 30 分钟 , 就 觉得 很 好看 , 可惜 第一 季 才 三 [MASK] , 今天 <h>可以</h> 追 完 了 !",集,集,-0.13583628833293915,"集, 季, 遍","-0.1358, -2.3542, -4.6004"
747,今天 输 了 2000 [MASK] <h>钱</h>,块,块,-0.33986330032348633,"块, 个, 点","-0.3399, -1.9163, -2.7500"
748,"温家宝 历史 是 人民 书写 的 没有 一 [MASK] <h>政府</h> 拥有 特权 温家宝 我 之所以 一再 强调 改革 , 不仅 要 进行 经济 体制 改革 , 还 要 进行 政治 体制 改革 , 最 重要 的 就 是 政府 要 密切 联系 群众 , 倾听 群众 的 意见 和 呼声 。",个,个,-0.2566469609737396,"个, 家, 位","-0.2566, -2.6371, -3.4073"
749,"剑侠 世界 我 在 白虎堂 三 [MASK] <h>黄金</h> , 谁 主 红尘 , 谁 是 英雄 。",层,世,-1.3906627893447876,"世, 分, 级","-1.3907, -1.8818, -2.0000"
750,"朋友 是 [MASK] <h>幼师</h> , 人 很 单纯 很 爱 幻想 , 我 一直 觉得 她 工作 很 开心 。",个,个,-0.5901975035667419,"个, 名, 位","-0.5902, -1.3873, -2.3566"
751,昨 [MASK] <h>看</h> 了 场 电影 金陵 十三衩 。,个,下,-1.975333333015442,"下, 个, 次","-1.9753, -2.3737, -2.4583"
752,宫锁 珠帘 只 看 过 [MASK] <h>惊心</h> 的 路过,步,点,-0.7897675037384033,"点, 楼, 名","-0.7898, -2.8908, -3.2700"
753,可 根据 客户 要求 制作 各 [MASK] <h>规格</h> 的 羊毛 毡子 !,种,种,-0.027615413069725037,"种, 类, 个","-0.0276, -3.7227, -6.9452"
754,这 三 [MASK] <h>孩纸</h> 都 感冒 了 同病 相怜 辛苦 都 死伤 不 起 啊 新年 愿望 还 是 身体 健康 啊 有 木 有 你 也 肚子 疼 我 也 是 大过 年 的 吃 太 多 了 干净 不 干净 的 往 嘴 里 塞 你 没事 了 吧,个,个,-0.0861421748995781,"个, 位, 种","-0.0861, -3.4522, -4.7464"
755,一 [MASK] 精美 的 动态 <h>图片</h>,组,组,-0.9493566751480103,"组, 张, 个","-0.9494, -1.1787, -1.7525"
756,"你 在 的 时候 , 总 有 一 [MASK] <h>期待</h> !",种,个,-1.023762583732605,"个, 种, 些","-1.0238, -1.1517, -2.2870"
757,必胜客 就 是 拿 各 [MASK] <h>理由</h> 搪塞 我 人类 已经 无法 阻止 必胜客 续 杯 了,种,种,-0.022267930209636688,"种, 个, 类","-0.0223, -4.5759, -5.0638"
758,"大 聲公 的 我 的 大 聲公無 與倫 比 聲音 故事 創作 影片 , 感動 了 我 立即 參加 華碩 及 英特 爾無 與倫 比 聲音 故事 影片 分享 活動 , 分享 令 您 感動 的 影片 , 就 有 機會獲 得 配備 第二 [MASK] 英特爾 <h>酷睿</h> i5 處理器 N 系列 周傑 倫驚 嘆號 !",代,代,-0.003604104043915868,"代, 台, 版","-0.0036, -7.1718, -7.2720"
759,香港 连 [MASK] 放炮 的 <h>都</h> 没有 我 好 闹 心 !,个,个,-0.42940106987953186,"个, 声, 次","-0.4294, -3.3165, -3.3647"
760,"2012 年 注定 有 大 波折 的 星座 第一 [MASK] <h>射手座</h> 大 波折 感情 上 会 有些 大 波折 , 如果 处理 不 好 , 很 可能 Game Over 。",名,名,-0.03694338724017143,"名, 位, 个","-0.0369, -3.8939, -5.5942"
761,它 有 [MASK] 美丽 的 <h>名字</h> 叫 紫气东来 WeicoLomo,个,个,-0.01264933217316866,"个, 种, 些","-0.0126, -5.3250, -6.8191"
762,"晚上 取暖 不 小心 把 鞋 底 烧 了 , 今早 就 看见 老爸 在 那儿 纳鞋 底 , 他 那 一 [MASK] 的 <h>人</h> 真 是 心灵 手巧 持家 顾家 , 家里 有 他 很 踏实 , 平实 中 有 暖意 , 过 生活 的 。",辈,样,-1.5964372158050537,"样, 辈, 代","-1.5964, -1.6518, -1.8912"
763,真心 想 吧 这 [MASK] <h>坑</h> 爹 的 雪 露 蓝 军装 出出 去 不过 实在 是 不 上 价 啊 留 着 闹 心 不 留 价格 闹心,套,个,-0.3498038947582245,"个, 款, 套","-0.3498, -2.5930, -3.4939"
764,谢谢 谢谢 大半夜 唱歌 给 我 听 的 那 [MASK] <h>仁兄</h> 哈哈哈 可以 安心 躺下 了 晚安,位,位,-0.45333969593048096,"位, 个, 些","-0.4533, -1.0476, -4.9752"
765,"过 年 第三 [MASK] <h>看人</h> 在 Jiong 途 发现 我 虽然 不 能 回家 , 但是 也 没 象 他们 一样 惨 。",遍,次,-1.0992650985717773,"次, 眼, 页","-1.0993, -2.3579, -2.4572"
766,"警察 叫 来 了 大楼 的 保安 , 当 他 翻 了 半 天 终于 找到 能 打开 邻居 房门 的 那 [MASK] <h>钥匙</h> 时 , 我 注意 到 它们 都 已经 锈迹 斑斑 。",串,把,-0.19993053376674652,"把, 些, 个","-0.1999, -2.5205, -3.3639"
767,补上 照片 护士长 的 几 [MASK] 这个 <h>笑脸</h> 给 病人 希望,笔,张,-1.1947789192199707,"张, 个, 句","-1.1948, -1.2561, -1.4752"
768,一切 一切 也 都 是 为 你 而 做 你 想 以 呢 [MASK] 暧昧 <h>关系</h> 继续 落去 嘛 ?,种,个,-1.2193236351013184,"个, 些, 等","-1.2193, -1.7261, -2.3496"
769,"430 起床 , 洗漱 , 早餐 500 出 家门 , 打 的 去长 客站 530 [MASK] <h>溪</h> 沈阳 客车 出发 620 到达 沈阳 打 的 去 桃仙 机场 650 到达 机场 领 登机牌 进 候机室 800 登机 准备 起飞",本,路,-1.1627888679504395,"路, 行, 点","-1.1628, -2.9948, -3.1204"
770,上传 了 17 [MASK] <h>照片</h> 到 相册兮陌 。,张,张,-0.020255055278539658,"张, 组, 个","-0.0203, -5.0626, -5.1418"
771,蓝色 S 曲线 诱惑 高清 无水印 7 [MASK] <h>下载</h>,张,集,-0.23222315311431885,"集, 分, 版","-0.2322, -2.8151, -3.4951"
772,"每 [MASK] <h>人</h> 都 有 他 的 秘密 , 能 告诉 别人 的 秘密 还 算是 秘密 吗 ?",个,个,-0.0012962871696799994,"个, 位, 名","-0.0013, -6.9422, -9.4761"
773,这 [MASK] <h>上涨</h> 的 主要 原因 和 动力 是 什么 ?,波,次,-1.0577292442321777,"次, 个, 种","-1.0577, -1.1590, -2.1580"
774,原来 中间 少划 了 一 [MASK] <h>额</h>,刀,个,-0.48020678758621216,"个, 行, 点","-0.4802, -2.7854, -3.0116"
775,换 [MASK] <h>账号</h> 就 行 !,个,个,-0.0194790568202734,"个, 回, 下","-0.0195, -4.8212, -5.9699"
776,每 [MASK] <h>人</h> 都 在 勉强 自己 。,个,个,-0.00223672017455101,"个, 位, 种","-0.0022, -7.3534, -8.2768"
777,你 妹鱼 后门 跟 战场 一 样样 的 干啥 我们 这儿 一 过 年 跟 打仗 似 的 你妹 各 [MASK] <h>妹</h>,种,位,-0.9331083297729492,"位, 种, 个","-0.9331, -1.2440, -1.6322"
778,"那 [MASK] <h>说</h> 不 行 , 你 毛太多嘞 。",个,个,-0.23391121625900269,"个, 位, 些","-0.2339, -3.3364, -3.5609"
779,两 [MASK] 都 到齐 了 真 期待 Moonlight 戴 上去 的 效果 还 有 我 想 说 的 是 水水家 的 <h>客服</h> 真心 好 支持 你 家,幅,件,-1.8641397953033447,"件, 套, 款","-1.8641, -2.0237, -2.1194"
780,"在 群里聊 舞蹈 , 突然 想到 了 这个 , 第五 [MASK] CCTV 舞蹈 大赛 <h>技巧</h> 展示 环节 , 妹子 小哥们 的 技巧 身段 风姿 无 一 不 醉 人 啊 , 只 可惜 没 找到 高清 版本 , BGM 也 很 给力 , 推荐",届,届,-0.014546058140695095,"届, 次, 季","-0.0145, -5.1646, -5.9872"
781,"转自 , 在 一 [MASK] 远房 <h>亲戚</h> 家 住 了 两 天 。",个,个,-0.22288638353347778,"个, 位, 户","-0.2229, -2.3452, -3.2658"
782,悲剧 卡 里面 还 剩 2 [MASK] 01 <h>毛</h>,块,点,-1.0078883171081543,"点, 张, 个","-1.0079, -1.7678, -1.7829"
783,我 正在 参加 宝岛 Eye 上 幸福 圆梦 伦敦 活动 现 正 在 伦敦 嗯 一 [MASK] <h>人</h> 好 寂寞 你 快来 陪 我 吧,个,个,-0.9763583540916443,"个, 下, 起","-0.9764, -1.4690, -2.9422"
784,这 是 一 [MASK] 艰难 的 <h>博弈</h>,场,个,-0.6698982119560242,"个, 场, 次","-0.6699, -1.2381, -2.5142"
785,"这 [MASK] <h>构图</h> 具有 突出 主体 , 使 画面 趋向 均衡 的 特点 。",种,种,-0.7998882532119751,"种, 样, 类","-0.7999, -1.0390, -2.7822"
786,"开门 , 开灯 , 开窗 , 给 我 的 草换 上 清水 , 给 自己 泡 一 [MASK] 暖暖 的 <h>茶</h> 。",杯,杯,-0.15306304395198822,"杯, 壶, 碗","-0.1531, -2.2069, -4.7150"
787,"126708 目前 西 二 [MASK] 官园 <h>桥</h> 上 南 向 北方 向 有 事故 , 请 后 车 注意 避让 。",环,环,-0.05147721990942955,"环, 路, 门","-0.0515, -4.0141, -5.1531"
788,"和 打 了 一 [MASK] <h>电话</h> , 聊 了 很多 , 可 现在 的 心情 突然 变得 很 down 。",路,个,-0.30584803223609924,"个, 次, 通","-0.3058, -2.1100, -2.3919"
789,下 [MASK] <h>住這</h> 家 試試 。,次,次,-0.09207659959793091,"次, 回, 面","-0.0921, -2.4735, -6.6298"
790,贝宁送 的 <h>烟灰缸</h> 不 敢 用 导致 每 天 一 [MASK] 烟灰缸 昨天 纸杯 今天 八宝粥 罐,种,个,-0.7881046533584595,"个, 次, 只","-0.7881, -2.1859, -2.8938"
791,"好像 我们 的 手机 要 成 街机 了 , 越来越 多 , 火车 上 我 旁边 一 人 还 用 [MASK] <h>白的</h>",个,个,-0.4787787199020386,"个, 些, 点","-0.4788, -2.3164, -2.8806"
792,亲爱 的 出差 北京 回来 正好 给 我 带回 了 一 [MASK] 红 <h>帽子</h> 。,顶,顶,-0.04895007982850075,"顶, 个, 副","-0.0490, -3.6069, -5.5049"
793,"今天 考试 , 我 要 加油 , 你 地伍 信 我 考到 全 级 前 100 , 哼 , 我 就 考 比 你睇 , 话 晒 伊 两 [MASK] <h>星期</h> 都 认真 左 , 我 要 加油 , 204 加油",个,个,-0.02173564024269581,"个, 位, 次","-0.0217, -4.6067, -5.6589"
794,"我 擦终于 打完 了 , 这 [MASK] <h>决赛</h> 没有 失败者 , 非常 经典 的 比赛 。",场,场,-0.45701169967651367,"场, 次, 个","-0.4570, -1.6540, -1.9439"
795,"花瓣网 每 日 精选 易知难 , 歌唱 演员 , 80 年代 成都 艺术圈 中 非常 抢眼 的 一 [MASK] <h>女子</h> 。",个,位,-0.4300486147403717,"位, 个, 名","-0.4300, -1.2354, -3.6440"
796,睡 了 五 [MASK] <h>小时</h> 车 上 再 睡 一会,个,个,-0.0009623626829124987,"个, 次, 分","-0.0010, -8.6430, -8.7533"
797,今晚 hcmcc 历 [MASK] <h>老板</h> 齐聚 北海,届,届,-0.49542367458343506,"届, 代, 任","-0.4954, -1.7955, -1.9196"
798,", 我 投给 了 杨幂 和 谁 在一起 都行 这 1 [MASK] <h>选项</h> 。",个,个,-0.03374522179365158,"个, 项, 号","-0.0337, -5.1212, -5.1597"
799,"对于 湖人队 今日嘅 表现 , 我 只 能够 用 两 [MASK] <h>字嚟</h> 形容 失望",个,个,-0.006293029058724642,"个, 行, 位","-0.0063, -5.9256, -7.5321"
800,"继续 讲 回 吃 的 , 档次 上去 了 , 东 西 实在 就 是 贵 字 , 例如 吃 着 一 [MASK] 再 普通 不 过 的 卤水 鹅 <h>头</h> , 后 , 哥 报价 是 300 大 元 !",盘,碗,-1.5211479663848877,"碗, 个, 只","-1.5211, -1.6623, -2.2663"
801,"我 难得 看 一 [MASK] 新闻 <h>联播</h> , 就 是 想 看看 她 肿么 说 马英九 连任 , 结果 它 什么 都 没 说",次,次,-1.2974424362182617,"次, 下, 个","-1.2974, -1.3472, -1.5627"
802,"今晚 再次 接到 那 [MASK] 吓人 的 <h>电话</h> , 尼玛 的 干嘛 泄露 我 的 号码 , 尼玛 的 你们 惨 了",个,个,-0.17970110476016998,"个, 句, 些","-0.1797, -3.2989, -3.4133"
803,2 [MASK] <h>苹果</h> 。,个,个,-2.105163335800171,"个, 号, 楼","-2.1052, -2.8497, -2.9130"
804,女 童蕾 丝 花边 毛衣 儿童 毛衣 女 8800 元 近期 售出 2 [MASK] <h>地址</h>,件,件,-0.08605661988258362,"件, 套, 个","-0.0861, -3.0531, -4.4909"
805,"第一 [MASK] <h>见面</h> 你 就 把 我 笔 盒 上 的 樱桃 小 丸子 贴纸 撕掉 在 上面 写 谁 是 你 的 白马王子 , 你 真的 很 讨厌 好 不 好 !",次,次,-0.025568887591362,"次, 章, 个","-0.0256, -5.0505, -5.3573"
806,", , , 猜猜 我 画 的 是 什么 , 提示 3 [MASK] <h>字</h> 港 台 演员 。",个,个,-0.6202247142791748,"个, 位, 名","-0.6202, -2.7302, -3.1725"
807,我 没有 期待 你 说 什么 没有 没 有 期待 个屁 以后 别 发 短信 给 我 了 我 没 资格 理解 你 别 回 了 这 三 [MASK] <h>字</h> 太 刺眼 !,个,个,-0.022974614053964615,"个, 行, 句","-0.0230, -4.2190, -6.9425"
808,"与 其 听 那些 痛彻 心扉 的 悲情 情歌 , 想 着 对方 的 变化 , 转身 , 离开 , 然后 用 委屈 的 泪水 淹没 自己 , 还 不 如 听听 能 给 你 力量 , 让 心 能 长出 另 一 [MASK] <h>翅膀</h> 的 旋律 。",双,只,-0.99248206615448,"只, 个, 双","-0.9925, -1.2147, -2.5589"
809,啥时 给 搞 [MASK] Thinkpad <h>学生机</h> ?,个,个,-0.6750028133392334,"个, 点, 下","-0.6750, -2.5216, -2.7371"
810,"母亲 为 惨死 女儿 求助 女儿 17 岁 半夜 惨死 在 南北 广场 出租 屋 12 [MASK] <h>坠下</h> 不明不白 , 她 双 手 握 拳 死 不 瞑目 。",楼,楼,-0.05815368890762329,"楼, 层, 号","-0.0582, -2.9888, -5.7386"
811,"操 了 , 总 有 那么 一 [MASK] <h>傻逼</h> 出现 在 老子 的 梦里 , 你 凭 什么 ?",个,个,-0.49924230575561523,"个, 些, 群","-0.4992, -2.2526, -2.5189"
812,如今 A [MASK] <h>迎来</h> 了 龙年 。,股,家,-2.589780569076538,"家, 族, 行","-2.5898, -3.1967, -3.8255"
813,某 [MASK] <h>神亲</h> 说 的 原话,位,个,-1.0133750438690186,"个, 位, 些","-1.0134, -1.3921, -1.7458"
814,"第六 印 是 序幕 , 第七 印 的 前 四 [MASK] <h>号筒</h> 才 是 真正 的 試煉 。",枝,个,-1.2679511308670044,"个, 排, 行","-1.2680, -2.3872, -2.8838"
815,老伴 和 两 [MASK] <h>女儿</h> 苦口 婆心 地 督促 我 到 户外 爬爬山 看看 海 打打拳,个,个,-0.027957072481513023,"个, 位, 名","-0.0280, -3.8388, -5.2900"
816,"一 [MASK] <h>话</h> 情书 有时 , 我 只 是 想 能 有 个人 , 紧紧 抱 着 我 不 放 , 直 到 我 的 心情 真的 好 起来 。",句,段,-0.8949582576751709,"段, 封, 句","-0.8950, -1.5675, -2.2446"
817,要 像 [MASK] <h>爷们</h> 一样 的 生活,个,个,-0.10934396088123322,"个, 些, 张","-0.1093, -3.2716, -4.8119"
818,"一 [MASK] <h>人</h> , 还 真 有点 怕 呀",个,个,-0.08862738311290741,"个, 般, 些","-0.0886, -3.9854, -4.3607"
819,我 爱 你 两 年 零三 [MASK] <h>月</h> 822 days 最 好 的 笑 给 你,个,个,-0.043242283165454865,"个, 次, 季","-0.0432, -4.9631, -5.4476"
820,"重 回 儿时 回忆 , 买 [MASK] 老虎 <h>衣</h> 过 年 , 哈哈哈哈 , 好 喜欢 的 , 特别是 帽子",件,个,-1.1025738716125488,"个, 件, 张","-1.1026, -2.0037, -2.3435"
821,"市内 压车 已经 崩溃 了 , 还是 不 出门 好 啊 , 中山 这 [MASK] <h>人</h> 贴 人 车贴 车 了",面,个,-0.5105181932449341,"个, 种, 样","-0.5105, -2.0953, -2.3118"
822,人生 就 是 一 [MASK] <h>选择题</h> 呀 !,道,个,-1.0507341623306274,"个, 道, 场","-1.0507, -1.2054, -2.3746"
823,"如果 U [MASK] <h>坏</h> 了 , 可以 尝试 这样 找到 相应 的 芯片 工具 重新 刷一遍",盘,把,-1.9285528659820557,"把, 片, 码","-1.9286, -2.3080, -2.5977"
824,足彩妖 刀 周日 西 甲 重心 推荐 3 [MASK] 赫塔菲桑坦德 <h>马拉加</h>,场,场,-1.6856060028076172,"场, 分, 个","-1.6856, -1.7900, -2.5481"
825,每 [MASK] <h>杀</h> 完人 总是 还 要 沉浸 在 对 与 错 里面 很 久 今天 思路 还 不 够 清楚 呀呀呀,次,次,-0.17173898220062256,"次, 个, 下","-0.1717, -2.3250, -4.4666"
826,"想起 一 [MASK] <h>歌词</h> , 最 怕 自己 从今以后 什么 都 不 相信 。",句,首,-0.6381902694702148,"首, 句, 段","-0.6382, -1.2181, -2.4533"
827,上传 了 5 [MASK] <h>照片</h> 到 相册 森林 公园,张,张,-0.016531281173229218,"张, 组, 个","-0.0165, -5.0875, -5.5452"
828,"前年 我 喜欢 小 德 , , , , , 没 想到 真 是 [MASK] <h>汉子</h>",条,个,-0.019634658470749855,"个, 位, 条","-0.0196, -5.5345, -6.0594"
829,救命 我 爸 爱上 王力宏 X 李云迪 了 QAQ 现在 每 天 只要 有 重播 的 春晚 都 要 看 那 [MASK] <h>节目</h> 然后 特别 嗨 并且 表示 这 是 他 最 喜欢 的 节目 没有 之一,个,个,-0.09449360519647598,"个, 些, 种","-0.0945, -3.0821, -4.2737"
830,"1 下午 我 娘 电话 , 貌似 过年 走 了 几 [MASK] <h>亲戚</h> 被 逼急 了 , 接 其 电话 就 问 我 你 到底 有 没 有 结婚 的 可能 ?",个,个,-0.26168662309646606,"个, 位, 次","-0.2617, -2.4337, -3.0456"
831,那 是 第一 [MASK] 使用 了 漂亮 印刷 字体 的 <h>电脑</h> 。,台,台,-0.6709744334220886,"台, 部, 个","-0.6710, -1.2737, -2.3099"
832,"我们 说 女性 在 她 的 一生 中 会 发生 一 [MASK] 不同 于 男性 的 生理 的 <h>变化</h> , 那么 在 这些 生理 变化 的 过程 中 您 也许 注意 不 到 因此 而 带来 视力 上 的 问题 。",系列,些,-0.019966548308730125,"些, 种, 个","-0.0200, -4.4771, -5.5167"
833,"折腾 了 几 天 总算 把姐 嫁 出去 了 , 深刻 的 体会 到 择偶 条件 里 多 [MASK] 本 地区 <h>人</h> 是 多么 重要",个,个,-0.2643197476863861,"个, 些, 点","-0.2643, -2.1163, -3.0242"
834,"真 好 , 看完 真 想 穿 过去 真 美 , 你 就 是 我 心 中 那 [MASK] <h>口</h> 中 念 着 岁月 静 好 的 甄嬛 爱 你",个,个,-0.43339696526527405,"个, 只, 位","-0.4334, -2.5595, -3.1415"
835,空 无 一 人 的 九 [MASK] <h>市场部</h>,层,门,-2.239492177963257,"门, 族, 尾","-2.2395, -2.3939, -2.4417"
836,"不 怕 不 怕 不 怕 , , , 还 有 一 [MASK] 补考 <h>机会</h> 。",次,次,-0.47252774238586426,"次, 个, 些","-0.4725, -1.2060, -3.3296"
837,让 我们 来 看看 2011 年 Billboard 前 十 [MASK] <h>单曲</h> 的 详细 排名 吧,位,位,-1.01976478099823,"位, 名, 张","-1.0198, -1.0525, -2.0240"
838,至少 要 花上 多少 [MASK] <h>年头</h> 才 能 学会 爱情 是 什么 东西,个,个,-0.02787383832037449,"个, 段, 点","-0.0279, -5.4580, -5.5266"
839,"复 [MASK] <h>习</h> , 容易么 ?",个,句,-1.924391269683838,"句, 位, 行","-1.9244, -2.2114, -2.5323"
840,第一 [MASK] <h>收甘多</h> 利市 !,次,章,-1.7732415199279785,"章, 次, 季","-1.7732, -2.1898, -2.3173"
841,"Norman , 今日 繼續 放送 TV drama 確認 逃亡者 第二 [MASK] 青山 <h>倫子</h> 渡辺 大福 本 清 三",回,季,-1.3410191535949707,"季, 集, 回","-1.3410, -1.4468, -2.1729"
842,"生命 就 像 一 [MASK] <h>火车</h> , 朋友 就 像 车 上 的 旅客 , 不 是 所有 人 都 能 陪 你 到 终点 。",列,列,-0.5785953998565674,"列, 辆, 个","-0.5786, -1.8592, -3.0741"
843,连 看 [MASK] <h>病</h> 都 不 能 坚持 的 我 还 能 做 什么 !,个,个,-1.6813740730285645,"个, 起, 眼","-1.6814, -2.2249, -2.6447"
844,"我 是 [MASK] 变态 的 <h>家伙</h> , 别 惹 我",个,个,-0.005334214307367802,"个, 些, 群","-0.0053, -6.7917, -6.9469"
845,微 博转 了 一 [MASK] 看到 很多 纠结 难耐 的 <h>状态</h> 真心 地 感叹 自己 拥有 拿 的 起放 的 下 的 本领 是 有 多 好 啊,圈,圈,-0.19398412108421326,"圈, 下, 遍","-0.1940, -2.3245, -3.3166"
846,哦哟 您 八二年 就 没 当 医生 了 自己 背 完 汤头 还 要 药性 歌括 四百 [MASK] <h>点</h> 背 茯苓 ?,味,句,-1.81336510181427,"句, 个, 遍","-1.8134, -2.2245, -2.5121"
847,"手机 没 电 了 , 漫长 的 16 [MASK] <h>小时</h> 怎么 办 ?",个,个,-0.0013118642382323742,"个, 分, 位","-0.0013, -8.1333, -9.1125"
848,"让 人 幸福 的 三 [MASK] <h>事情</h> 有 人爱 , 有 事 做 , 有所 期待 。",件,件,-0.151384636759758,"件, 个, 种","-0.1514, -2.8854, -3.0505"
849,"父辈 倒 是 自 幼 于 此 地 长大 , 与 此 地 感情 深厚 , 不过 我 就 没啥 感觉 了 , 同辈 之间 年龄 或者 相差 太 大 或者 三 观 差异 过 多 , 总的来说 无 太 多 的 交集 , 不过 本着 都 是 一 族 亲戚 的 出发点 , 一 [MASK] <h>总不</h>",门,个,-1.5601327419281006,"个, 族, 辈","-1.5601, -1.8742, -2.1353"
850,"我 没 什么 大 的 愿望 , 只 希望 一 [MASK] <h>人</h> 能 整整齐齐 健健康康 快快乐乐 地 生活 在一起 。",家,家,-0.6556292176246643,"家, 个, 群","-0.6556, -1.0424, -2.3713"
851,北京 抽样 5000 [MASK] <h>家庭</h> 算出 去年 城镇 居民 增收 7 新闻 腾讯网,户,户,-0.11703517287969589,"户, 个, 家","-0.1170, -2.3740, -5.1423"
852,"像 横断 山脉 中 所有 的 峡谷 一样 , 位 于 云南 迪庆 藏族 自治州 香格里拉 的 巴拉格 宗 大 峡谷 也 是 南北 走向 , 新 造山 运动 把 岗曲河河 水 深深 地 [MASK] <h>压</h> 在 海拔 仅 一千多 米 的 谷底 。",剂,封,-0.38626939058303833,"封, 排, 滴","-0.3863, -2.3347, -3.1488"
853,"昨天 是 土牛 他们 一 [MASK] 从 小 到 大 的 兄弟 <h>来</h> 家里 作夜 , 喝酒 , 到 了 十二点 以后 , 敲锣 打鼓 挨家挨户 要 酒喝 , 很 是 热闹 。",拨,群,-0.7925596237182617,"群, 对, 个","-0.7926, -1.7925, -2.2782"
854,"刚 开始 我 觉得 你 是 [MASK] <h>拘谨</h> , 不苟言笑 的 男孩子 。",个,个,-0.006324039772152901,"个, 位, 种","-0.0063, -5.9774, -6.7100"
855,自嘲 是 一 [MASK] 高 层次 的 <h>幽默</h> 。,种,种,-0.01853235624730587,"种, 个, 场","-0.0185, -4.4865, -7.0563"
856,"我 在 净慈寺 , 这个 春节 要 跑 多少 [MASK] <h>庙</h> 啊",个,个,-1.083625078201294,"个, 座, 趟","-1.0836, -1.3992, -1.4172"
857,望到 佢好 饱仲 一 [MASK] <h>名牌</h>,身,个,-1.7589445114135742,"个, 身, 件","-1.7589, -2.1542, -2.2983"
858,"一 [MASK] <h>绳子</h> 轻松 瘦 腿侧站 踢腿 针对 肌肉 腿大肌 及 外侧肌 动作 借助 椅背 支持 身体 , 侧向 坐椅 站直 , 把 健身 带捆 在 双脚 脚跟 位置 。",根,条,-0.8867096304893494,"条, 根, 个","-0.8867, -1.7955, -2.9345"
859,"我 毫 不 掩饰 倾诉 对 你 的 爱 , 千 [MASK] <h>柔情似水</h> , 百依百顺 在 你 的 面前 。",般,般,-0.3294813632965088,"般, 世, 种","-0.3295, -3.7277, -3.7470"
860,"给 大家 推荐 一 [MASK] 金星 <h>园</h> 二手房 , 18600 平米 的 3 室 2 厅 2 卫 , 65000 万 。",套,套,-0.9273155331611633,"套, 下, 个","-0.9273, -1.4289, -1.4554"
861,看 完 春晚 节目单 各 [MASK] 觉得 不 必要 <h>看但</h> 从 节日 角度 考虑 看 春晚 又 是 一 必须 参与 的 项目 好 吧 重 在 参与,种,位,-0.12894819676876068,"位, 种, 个","-0.1289, -2.4646, -3.7696"
862,企鹅 罐 rar 这 [MASK] <h>应该</h> 是 对 的 吧,次,个,-0.3347730040550232,"个, 句, 样","-0.3348, -2.1107, -2.7482"
863,连续 睡 不 到 五 [MASK] <h>小时</h> 哪天 会 猝死 在 地铁 里 吧 这么 辛苦 是 为 哪般 啊,个,个,-0.0015080611919984221,"个, 分, 次","-0.0015, -7.7856, -8.4897"
864,国内 恶 银行 好 气西 了 [MASK] 那 火 <h>哈堵</h> !,册,把,-1.5526456832885742,"把, 点, 对","-1.5526, -2.6417, -2.7307"
865,肋膈角 那 [MASK] <h>窝窝</h> 疼 的 好 厉害 。,个,个,-0.1299186646938324,"个, 块, 些","-0.1299, -3.3902, -3.4181"
866,来 一 [MASK] 5 年 内 的 <h>目标</h> !,张,个,-0.4098643660545349,"个, 下, 张","-0.4099, -2.0940, -3.1038"
867,"对 省委 的 前 几 [MASK] 老 <h>书记</h> , 对 那些 经验 丰富 、 德高望重 的 老同志 , 新 班子 至今 还 经常 向 他们 登门 请教 。",任,任,-0.6859762668609619,"任, 位, 届","-0.6860, -1.2553, -2.6587"
868,"临 走时 , 保安室 的 哥们 又 给 了 我 三 [MASK] 很 <h>水</h> 我 也 不 墨迹 , 知道 自己 的 情况 , 客气 了 下 就 收下 了 。",支,瓶,-0.9437485933303833,"瓶, 杯, 个","-0.9437, -1.0371, -2.9756"
869,"我 现在 尿布 也 用 花王 了 , 爱 婴室 两 大 [MASK] 300 元 <h>怎么样</h> 啊 ?",包,包,-1.9292867183685303,"包, 箱, 件","-1.9293, -1.9306, -2.0461"
870,"哎呀 哎呀 , 回家 炒 第一 [MASK] <h>菜</h> , 手忙脚乱 的 , 额",顿,道,-0.34101054072380066,"道, 个, 盘","-0.3410, -2.3572, -3.3209"
871,"我 刚刚 在 爱 问 共 享 资料 上 传 了 资料 , 欢迎 大家 下载 分享 20102011 学年度 七 年级 数学 上 [MASK] <h>期</h> 中 试题 及 答案 doc 更 多",册,册,-0.367069274187088,"册, 下, 级","-0.3671, -1.4099, -4.3889"
872,"过期 一 [MASK] 多 <h>月</h> 了 , 我 还 吃么 ?",个,个,-0.005350693129003048,"个, 样, 颗","-0.0054, -7.2147, -7.6203"
873,"五 年 了 , 三 [MASK] <h>月</h> 的 疯狂 , 走到 最后 , 反而 默默 的 安静 下来 , 难道 真 的 是 因为 大家 的 离别 和 淡忘么 , 还是 自己 所 期望 的 呢 ?",个,个,-0.0391697883605957,"个, 分, 颗","-0.0392, -4.0163, -5.6642"
874,我 做 了 [MASK] 不 重要 的 决定 什么 负 责任 的 恋爱 <h>者</h> 滚 你 奶奶 的 吧 我 就 是 一 混蛋 混蛋,个,个,-0.21792100369930267,"个, 些, 件","-0.2179, -2.1690, -3.0861"
875,"只 是 我 也 迟迟 看 不 到 你 让 我 融进 你 的 生活 , 在 你 朋友 那里 , 有 我 这么 一 [MASK] <h>人</h> 吗 ?",号,个,-0.012325173243880272,"个, 位, 种","-0.0123, -5.7461, -6.1127"
876,余文乐 吧 每 日 签到 2012 年 1 月 17 日 可 乐 签到 [MASK] http t <h>cn</h> z0ep6 MO 各位 早安 起床 啦 早餐 时间 到,帖,点,-2.152331590652466,"点, 发, 回","-2.1523, -2.6315, -2.6523"
877,去年 我国 43 亿 [MASK] <h>遭受</h> 自然 灾害 1126 人 死亡,人次,次,-1.5553563833236694,"次, 名, 处","-1.5554, -2.3445, -2.5468"
878,樱花妹 这 [MASK] 福利 <h>真好</h>,次,个,-0.5456399917602539,"个, 种, 些","-0.5456, -2.7875, -2.8188"
879,最后 一 [MASK] <h>岗</h> 。,班,个,-0.9039928913116455,"个, 位, 次","-0.9040, -2.2995, -3.0550"
880,被 一 個惡夢 驚醒 了 出 了 一 [MASK] <h>汗</h> 真的 不 是 非 一般 真實 看來 今晚 我 是 睡 不 著 的 了,身,身,-0.45165297389030457,"身, 口, 滴","-0.4517, -1.6514, -3.9172"
881,"对 文昌 宫 、 文昌 君 不 感 兴趣 , 说 我 木然 , 那 等 你 看到 我 对 七 [MASK] <h>山</h> 边 的 那些 古柏 感 兴趣 的 样子 , 你 定然 会 认为 我 的 脑子 有 毛病 。",曲,座,-2.1198461055755615,"座, 台, 层","-2.1198, -2.5136, -2.5279"
882,总是 那 [MASK] <h>脸</h> 。,张,张,-0.8269782662391663,"张, 个, 种","-0.8270, -0.8966, -2.9423"
883,目的 : 有助于 触 球 时 的 方正 [MASK] <h>面</h> 。,杆,面,-0.3870258927345276,"面, 线, 位","-0.3870, -2.6503, -2.9977"
884,"发表 了 博文 回归 好久 没有 玩 新浪 博客 了 , 回来 看看 , 补充 [MASK] <h>资料</h> 爱好 , 同步 微博 。",些,下,-0.5946271419525146,"下, 点, 些","-0.5946, -1.3712, -1.7965"
885,湖南 卫视 在 放 着 上 一 年 快乐 大 本营 言承旭 我 的 第一 [MASK] <h>偶像</h> 。,个,个,-0.3280676007270813,"个, 位, 张","-0.3281, -2.8294, -2.9758"
886,"没有 撑到 十二点 , 因为 要 赶早 [MASK] <h>飞机</h> 回 上海 对 不 起 哈 祝 乃 一 年 比 一 年 高 富帅 等 我 到 家 送图 给 乃么么哒",点,班,-0.6008039712905884,"班, 点, 起","-0.6008, -1.0354, -3.4876"
887,"高 一 寒假 全 科 强化班 网校 <h>课程</h> 在 现有 优惠 上 , 再 享受 88 折 优惠 包括 高 一 上 下 学期 语文 数学 英语 物理 化学 生物 地理 等 全部 课程 , 共 11 [MASK] 课程",个,门,-0.059971075505018234,"门, 个, 节","-0.0600, -3.7244, -4.1438"
888,早起 这 [MASK] <h>事</h> 是 要 多 痛苦 有 多 痛苦,档子,件,-0.18899236619472504,"件, 个, 种","-0.1890, -2.8062, -2.8462"
889,"金秋 时节 , 层林尽染 , 依山傍水 的 徽派 古 村落 形成 了 一 [MASK] 天人合一 的 水墨 <h>山水画</h> , 显得 静谧 悠远 。",幅,幅,-0.07501798123121262,"幅, 副, 面","-0.0750, -2.8725, -5.5397"
890,肥 了 两 [MASK] 回到 汕头 当站 上 体重 秤 的 那 一 <h>瞬间</h> 尼玛 什么 的 都 阻止 不 了 我 减肥 的 步伐 !,圈,圈,-1.3401188850402832,"圈, 次, 个","-1.3401, -1.4393, -1.8851"
891,刘俐俐 张绍 刚 场 上 互掐 俩 [MASK] <h>人</h> 都 有 错 。,个,个,-0.13285832107067108,"个, 对, 名","-0.1329, -4.6524, -5.0123"
892,好 彩有哩 [MASK] <h>微博</h> 可以 让 硪对伱 表白 吖吖 好 中意 伱吖吖 !,个,个,-2.5845916271209717,"个, 发, 群","-2.5846, -2.6189, -3.2378"
893,"我 希望 永远 不 要 再 听到 希望 工程 这 四 [MASK] <h>字</h> , 这 都 应该 是 政府 的 基础 工程 。",个,个,-0.004634972661733627,"个, 行, 种","-0.0046, -6.3010, -8.2028"
894,今天 又 是 一 [MASK] 大 <h>丰收</h> !,个,个,-0.18647438287734985,"个, 次, 场","-0.1865, -2.3681, -3.2969"
895,还 有 [MASK] <h>经典</h> 的,个,些,-1.3520355224609375,"些, 个, 对","-1.3520, -1.8801, -2.2648"
896,黑 的 这 几 [MASK] 我 还 蛮 喜欢 的 其他 的 <h>个人</h> 觉得 莎拉伯顿 的 设计 太 纯净 了 有点 唯美 不 像 麦昆 一向 的 诡异 和 黑暗 亚历山大 麦昆 海洋 生物 的 艺术 之 作 17,套,个,-1.3071491718292236,"个, 张, 款","-1.3071, -1.4401, -2.4647"
897,"这 [MASK] <h>人</h> 会 间歇 的 尝试 与 人 亲近 接触 , 但 却 常常 失败 。",类,样,-0.8886025547981262,"样, 种, 些","-0.8886, -1.5839, -1.6532"
898,打 了 [MASK] 下午 <h>篮球</h> 。,个,个,-0.18009817600250244,"个, 下, 些","-0.1801, -2.6438, -4.3131"
899,"我 亲爱 的 妈 有 [MASK] 异于 常人 的 <h>本领</h> , 就 是 在 你 心情 灿烂 的 时候 能够 让 你 突然 抑郁 沉沦 , 觉得 昏 天地 暗 的 !",个,个,-0.3284878134727478,"个, 种, 点","-0.3285, -1.7402, -3.6518"
900,"剩余 两 天 课 一 天 早起 , 两 [MASK] <h>省考</h>",次,个,-1.0850560665130615,"个, 次, 点","-1.0851, -1.1516, -2.9532"
901,晨 锅 这 [MASK] 你 不 是 亮点 亮点 是 你 后面 的 内位 <h>姐姐</h> 哇 表情 帝丫,次,个,-0.531996488571167,"个, 位, 样","-0.5320, -2.2526, -2.5730"
902,"沉睡 在 E [MASK] 中 的 <h>苍老师</h> , 阔别 多日 , 你 还 好么 ?",盘,声,-0.8062251806259155,"声, 曲, 波","-0.8062, -3.3470, -3.5222"
903,等 采访 一 [MASK] <h>代表</h> 。,个,次,-1.0261238813400269,"次, 般, 个","-1.0261, -1.1024, -2.8135"
904,"今天 董事长 在 睡午觉 , 和 他 老爸 行走 在 讨债 的 康庄 大道 上 , 收回 一 [MASK] <h>白条</h> !",张,张,-0.536760687828064,"张, 条, 份","-0.5368, -1.9332, -3.2424"
905,"意大利 倾覆 <h>游轮</h> 乘客 称 场景 如 泰坦尼克 惨剧 1 [MASK] 豪华 游轮 在 意大利 近海 触礁 倾覆 , 幸存 乘客 描述 称 , 当时 大部分 乘客 都 在 用 晚餐 , 突来 的 巨响 打断 了 欢乐 气氛 。",艘,艘,-0.04899890348315239,"艘, 座, 号","-0.0490, -4.4960, -4.5690"
906,回家 四 [MASK] <h>钟</h> 又 长安 !,个,分,-1.4526069164276123,"分, 个, 处","-1.4526, -1.8526, -2.8300"
907,"看到 微博 有 这么 一 [MASK] <h>话</h> 你 总怪 我 , 对 你 过分 依赖 , 很 奇怪 没有 你 我 该 怎么 办 。",句,段,-0.4167783856391907,"段, 句, 个","-0.4168, -1.1521, -4.8995"
908,"VICTIM 2012 年 春夏 系列 <h>新品</h> 型录 日本 品牌 Victim 在 今日 揭露 明 年度 春夏 新品 的 型录 , 可以 看到 一 [MASK] 轻便 而 有形 的 薄 外套 , 以 皮革 材料 与 帽夹 的 搭配 为主 也 有 轻便 具 机能性 的 风衣 外套 , 可 搭配 出 具有 outdoor 风格 的 穿 搭 。",系列,款,-1.3216992616653442,"款, 些, 件","-1.3217, -1.3837, -1.5107"
909,炮火连天 啊 过 年 的 气息 就 是 这样 满 天 的 火药味 买 了 几 [MASK] 旺旺 <h>大礼包</h> 送 人 你 旺 我 旺 大家 旺,包,个,-0.5161683559417725,"个, 盒, 张","-0.5162, -1.6107, -3.6128"
910,准备 第三 [MASK] <h>喔耶</h>,轮,集,-2.0210025310516357,"集, 章, 部","-2.0210, -2.3140, -2.3568"
911,"新年 第一 天 , 我 做 了 一 [MASK] 浪漫 的 <h>梦</h> , 醒 了 。",个,个,-0.15759877860546112,"个, 场, 次","-0.1576, -1.9812, -5.6203"
912,大年 初一 因为 要 上班 又 是 一 [MASK] <h>人</h> 在 家 好 不 开心 啊,个,个,-0.20539751648902893,"个, 家, 群","-0.2054, -2.2851, -3.8352"
913,穿上 一 [MASK] 帅气 的 <h>西装</h> 。,身,身,-0.3026981055736542,"身, 件, 套","-0.3027, -1.9545, -2.5566"
914,"一 生 最 重要 的 三 [MASK] <h>日子</h> 世界 上 有 你 的 那 天 , 世界 上 有 我 的 那 天 , 我 和 你 成为 我们 的 那 一 天 。",个,个,-0.07501675933599472,"个, 段, 种","-0.0750, -3.7785, -4.1901"
915,中国 大人 秀 居然 把 冠军 给 了 一 [MASK] 唱 男人 歌 还 走音 的 <h>女人</h> 。,个,个,-0.053097691386938095,"个, 位, 名","-0.0531, -3.4419, -5.2869"
916,138 我 想 是 那 [MASK] 坚强 又 美丽 的 <h>人</h> 。,种,个,-0.3580099642276764,"个, 样, 位","-0.3580, -1.8132, -2.7927"
917,"上海 中医药 大学 药学院 副院长 陶建生 曾 道破 天机 考验 一 [MASK] <h>药品</h> 能否 服用 , 无非 看 两 点 一 是 疗效 , 一 是 安全 。",种,款,-1.1756834983825684,"款, 个, 种","-1.1757, -1.5637, -1.6933"
918,"5 在 中央 空调 室内 摆放 一 [MASK] <h>水</h> 或 使用 保湿机 , 避免 泪液 蒸发 过 多",盆,盆,-0.984572172164917,"盆, 杯, 些","-0.9846, -1.5010, -1.7661"
919,"结果 11 点 去 到 根据 点 , 又 给 灌 了 近 2 [MASK] <h>啤酒</h> 。",支,瓶,-0.4800800085067749,"瓶, 杯, 个","-0.4801, -1.5885, -3.3725"
920,老娘 法眼 一 开 就 知道 你 是 [MASK] <h>妖孽</h> 了 。,个,个,-0.008012420497834682,"个, 位, 些","-0.0080, -6.6282, -7.3460"
921,"也许 错过 了 就 错过 了 , 时间 会 帮 我 换 一 [MASK] 新 的 <h>梦</h> !",个,个,-0.26658153533935547,"个, 次, 种","-0.2666, -2.7754, -4.0997"
922,"过敏 体质 的 人 伤 不 起 中午 吃 了 [MASK] 桂林 <h>米粉</h> , 脸 又 红 又 肿跟 猪头 一样 , 主管 第一 反应 就 是 嫌 我 丑",碗,个,-1.370644211769104,"个, 碗, 些","-1.3706, -1.8481, -2.0898"
923,隔离 玩 单机 游戏 果 [MASK] 就 免 提 啦嘉骅 <h>话斋</h> so what,个,盘,-1.0953420400619507,"盘, 个, 粒","-1.0953, -2.6255, -3.1360"
924,"6 生活 太 艰难 了 , 为了 多 掌握 一 [MASK] 吃饭 的 <h>手艺</h> , 我 正在 练习 左 手 使 筷子 。",门,些,-0.6232094764709473,"些, 点, 下","-0.6232, -1.2949, -2.0693"
925,分享 一 [MASK] 来自 酷狗 音乐 的 <h>歌曲</h> 许巍 曾经 的 你 分享 自 酷 狗 音乐,首,首,-0.26562660932540894,"首, 段, 下","-0.2656, -2.2546, -2.9666"
926,"今天 的 春节 愿望 姐要 热 血 地 好好 学习 , 积极 向上 , 立志 做 一 [MASK] 视 钱财 如 粪土 的 <h>屎壳郎</h> , !",个,个,-0.09272760152816772,"个, 名, 位","-0.0927, -2.5127, -5.1774"
927,"来 乡下 吃 餐饭 , 也 要 带 着 目的 来 的 , 都 是 一 [MASK] 想 巴结 黑暗 的 官僚主义 的 无良 <h>商人</h> , 也 有 想 寻找 财路 物识 商人 的 父母官 , 官臭 加上 铜臭 的 社会 早 已 猥亵 了 我们 美好 的 理想",伙,些,-0.18507781624794006,"些, 群, 个","-0.1851, -2.6750, -3.3576"
928,各 [MASK] <h>红包</h> 塞进 口袋 。,种,种,-0.1320147067308426,"种, 类, 个","-0.1320, -3.3752, -3.8824"
929,我 自己 处理 这 [MASK] <h>事</h> 好 了 。,件,件,-0.6695200204849243,"件, 个, 些","-0.6695, -1.3934, -1.7012"
930,有 没有 哪 一 [MASK] <h>人</h> 愿意 为了 自己 的 女朋友 而 不 抽烟 呢,个,个,-0.8104128837585449,"个, 种, 类","-0.8104, -1.1342, -1.6283"
931,"新年 注册 [MASK] <h>微博</h> , 说说 身边 的 事 。",个,个,-0.44605469703674316,"个, 发, 下","-0.4461, -2.2669, -2.6743"
932,他 在 信 的 末尾处 写道 祝 你 度过 一 [MASK] 愉快 的 <h>晚年</h> !,个,个,-0.02248973958194256,"个, 段, 次","-0.0225, -4.0116, -6.8570"
933,"此后 罗马 天主教 曾 派出 七 [MASK] 主教 <h>来华</h> 协助 孟德 高 维 诺 传教 , 其中 有 三 人 到达 , 并 开辟 了 泉州 等 主教 区 。",个,位,-0.26635614037513733,"位, 名, 个","-0.2664, -1.5378, -4.4709"
934,以 一 [MASK] <h>旅行者</h> 在 路 上 的 心态 入眠 !,个,种,-0.7606884241104126,"种, 个, 位","-0.7607, -0.7958, -3.2931"
935,但 我 至少 捡到 了 一 [MASK] <h>爱</h> 。,份,个,-0.9344824552536011,"个, 份, 颗","-0.9345, -1.3470, -2.7850"
936,"早上 五点 起床 , 给 孩子们 化妆 , 给 他们 找 10 [MASK] <h>楼</h> 考点 , 和 他们 一起 排 长长 的 队 , 和 他们 说 加油 , 看 着 他们 进 考场 , 希望 他们 都 能 考 个好 成绩 。",号,层,-0.6260989904403687,"层, 个, 号","-0.6261, -1.7071, -2.3402"
937,"早上 搬 行李 , 又 跑到 其他 [MASK] <h>傻乎乎</h> 说 怎么 开 不 了 门 。",栋,家,-0.6422838568687439,"家, 处, 门","-0.6423, -1.3185, -2.9274"
938,三星路 [MASK] <h>香酥</h> 鸡咯,次,线,-0.5618888139724731,"线, 口, 路","-0.5619, -2.8360, -2.8659"
939,"远远 望去 , 地点 好像 就 是 旅馆 门口 , 战战兢兢潜 过去 , 原来 是 抓 了 三 [MASK] 墨西哥 偷 车 小 <h>贼</h> 。",个,个,-0.3089806139469147,"个, 名, 只","-0.3090, -1.7582, -3.5240"
940,我 爱 死 这 [MASK] <h>日志</h> 了,篇,个,-0.6425055861473083,"个, 篇, 些","-0.6425, -1.2670, -3.0725"
941,很 讨厌 有些 人 半夜 三 [MASK] <h>烧</h> 炮长 !,间,点,-1.2074329853057861,"点, 分, 餐","-1.2074, -1.4376, -1.7624"
942,7 两 [MASK] B 型 血 的 <h>人生</h> 出 的 孩子 是 2 B 的 吧 ?,个,个,-0.18883167207241058,"个, 种, 位","-0.1888, -2.8792, -3.2377"
943,我 是 [MASK] 保守 的 <h>人</h> 。,个,个,-0.010604562237858772,"个, 位, 些","-0.0106, -5.3335, -6.1648"
944,除夕 最 大 愿望 就 是 一 亲戚 给 我 一 [MASK] 薄薄 的 <h>红包</h> 对 我 说 钱 太 多 了 装 不 进去 里面 有 张卡密码 是 你 生日 自己 去取 哈哈 有 同 感同 鞋 的 转发,个,个,-0.25947603583335876,"个, 张, 块","-0.2595, -1.9585, -3.8261"
945,"过 了 起飞 时间 还 有 十二 [MASK] <h>人</h> 没有 登机 , 争分夺秒 的 春运 啊 , 伤 不 起",个,个,-0.1712544560432434,"个, 号, 位","-0.1713, -2.9878, -3.9631"
946,"终于 到家 了 , 还是 家 里 好 啊 , 虽然 没 暖气 可 是 杭州 的 那 [MASK] <h>暖和</h> 多 了 !",间,个,-0.5626751184463501,"个, 种, 家","-0.5627, -1.9248, -2.7024"
947,"我 讨厌 别人 跟 我 说 呵呵 , 讨厌 别人 跟 我 说 对 不 起 , 如果 是 这 两 [MASK] <h>词</h> , 我 宁愿 你别 跟 我 说话 , 我 用 不 着",个,个,-0.16692277789115906,"个, 句, 种","-0.1669, -2.3886, -3.7838"
948,等 一 [MASK] <h>晴天</h>,个,下,-0.2720361053943634,"下, 等, 个","-0.2720, -1.5902, -4.5810"
949,刚 在 南京 见 了 一 [MASK] 粉色 <h>哑光</h> 奔驰 真 骚包,个,个,-0.6708806753158569,"个, 辆, 件","-0.6709, -2.0019, -2.9209"
950,发表 了 博文 完美 婚恋 关系 的 三 [MASK] <h>标准</h> !,个,个,-0.6477958559989929,"个, 种, 条","-0.6478, -1.1610, -2.8858"
951,"我 刚刚 通过 下载 了 安信 证券 宏观 研究 2012 年 1 月 产能 周期 理论 概述 之 二一 [MASK] 基于 国际 收支 变化 的 分析 框架 <h>pdf</h> , 推荐 给 大家 !",个,个,-0.4484912157058716,"个, 套, 种","-0.4485, -1.9467, -3.2123"
952,上传 了 1 [MASK] <h>照片</h> 到 相册 animation,张,张,-0.029383309185504913,"张, 个, 组","-0.0294, -4.3974, -4.9956"
953,"她 不必 问 寒 道 暖 , 光是 那 一 [MASK] <h>微微的</h> 笑容 就 把 就餐 者 浑身 的 疲惫 、 枯燥 的 心田 熨 得 平展展 的 。",缕,个,-0.20653672516345978,"个, 丝, 张","-0.2065, -3.3321, -3.4444"
954,"万 能 的 微博君 , 赏 我 [MASK] <h>结局</h> 呗",个,个,-0.3967919647693634,"个, 下, 篇","-0.3968, -1.7143, -3.5170"
955,比 一 [MASK] 还 <h>堵</h> 。,环,般,-1.2607125043869019,"般, 个, 些","-1.2607, -1.5494, -2.9244"
956,每 天 看 几百 [MASK] 厚 的 <h>书</h> 而且 还 有 密密麻麻 的 理论 公式 和 定理 记人 名都 怪难 的 什么 凯恩斯 恩格尔 云云 你们 好好 在 西方 做 研究 为何 还 来 毒害 我们 ?,页,页,-0.10873229056596756,"页, 本, 册","-0.1087, -2.8112, -3.7988"
957,跟萌 妹子 一 下午 连刷 了 两 [MASK] 几么 <h>圆满</h> 哈 皮,遍,个,-0.9839135408401489,"个, 次, 张","-0.9839, -1.6886, -2.4765"
958,"换 了 两 [MASK] <h>地铁</h> , 都 坐 过 站 。",趟,次,-0.7338914275169373,"次, 趟, 个","-0.7339, -1.3908, -1.7680"
959,"生日 快乐 啊 甘 多 年 啦 , 中 记得 第一 [MASK] <h>参加</h> 你 生日 party 间 麦当劳 衣家 都 已经 拆 左咯 , 不过 我 地 之间点 都 系 吾 变嘎 , 今日 同 吾 到 你 庆祝 啦 , 不过 你 今日 同 以后 都 要 开开 心心",次,次,-0.02467016689479351,"次, 个, 届","-0.0247, -4.2312, -6.0281"
960,大家 快 D 来海珠 花市 C132 档 之前 有条 微 薄 话 转 左 有 奖品 原来 系真噶 我 抽 中 左 [MASK] <h>HelloKitty</h> 大家 快 D 来 啊,个,个,-1.0142759084701538,"个, 架, 下","-1.0143, -3.2018, -3.3871"
961,"饿 的 失眠 , 好 想 [MASK] <h>火锅</h> 。",次,点,-0.3868383467197418,"点, 下, 回","-0.3868, -2.3861, -3.3910"
962,"小 年 来 了 以前 过 小 年 的 时候 , 要 往 灶 门 上 涂 红糖 , 现在 终于 知道 这 是 为什么 了 据说 这 一 天 , 灶王爷 都 要 上天 向 玉皇大帝 报告 这 一 [MASK] <h>人</h> 的 善恶 , 让 玉皇大帝 赏 罚 。",家,家,-0.879944384098053,"家, 代, 个","-0.8799, -1.8140, -1.9338"
963,首 [MASK] <h>张宗昌</h> 大骂 读书人 是 狗屁,发,页,-0.004890399985015392,"页, 发, 席","-0.0049, -5.5495, -8.1713"
964,今晚 开车 那 [MASK] 很 怀念 很 怀念 的 <h>感觉</h>,段,种,-0.45359277725219727,"种, 个, 段","-0.4536, -2.0714, -2.4945"
965,"如果 天气 不 好 , 就 在 家 泡 [MASK] <h>茶</h> , 看看 书 , 听听 歌 。",壶,杯,-0.5369904041290283,"杯, 个, 壶","-0.5370, -1.5195, -2.3467"
966,女人 一定 要 找 [MASK] 会 欣赏 自己 的 <h>男人</h> !,个,个,-0.009556993842124939,"个, 些, 位","-0.0096, -5.6791, -6.0090"
967,"受 苹果 公司 的 iPod 和 iPhone 等 一 [MASK] <h>产品</h> 的 影响 , 以 英文 字母 i 开头 俨然 已经",系列,些,-0.1599830985069275,"些, 类, 批","-0.1600, -3.0045, -3.1830"
968,生命 不 是 一 [MASK] <h>dota</h> 。,局,个,-0.5418424606323242,"个, 种, 段","-0.5418, -2.4846, -3.4661"
969,我 家 的 沙滩 变得 一点 也 不 漂亮 了 不 喜欢 了 像 [MASK] <h>垃圾堆</h> 一样,个,个,-0.05695095658302307,"个, 堆, 座","-0.0570, -3.3987, -6.1392"
970,"向 我 弟弟 请教 英语 , 还 帮取 我 了 一 [MASK] 英文 <h>名</h> 。",个,个,-0.012815164402127266,"个, 名, 位","-0.0128, -5.9847, -6.4231"
971,http t cn h4QJCa 我 用 魔幻 古筝 演奏 了 一 [MASK] 动听 的 <h>梅花</h> 三 弄 。,曲,首,-0.8207827806472778,"首, 曲, 段","-0.8208, -0.8835, -2.3460"
972,世界 上 的 另 一 [MASK] 我 <h>心理氧</h> 吧 心理网,个,个,-0.1228158250451088,"个, 种, 面","-0.1228, -2.5237, -5.0069"
973,"一 [MASK] 好 <h>鞋</h> 不 要 在乎 外观 是 不 是 好看 精致 , 穿 的 是否 合脚 只有 自己 知道 。",双,双,-0.05568318068981171,"双, 只, 款","-0.0557, -3.9912, -4.4277"
974,是 这 [MASK] <h>话</h>,句,样,-0.18299035727977753,"样, 个, 句","-0.1830, -2.4613, -3.8408"
975,大早 上 打 电话 说 少 给 他 一 [MASK] <h>运费</h> !,笔,点,-0.5952427983283997,"点, 些, 个","-0.5952, -1.7680, -2.0810"
976,收 了 [MASK] <h>红包</h> 嘎嘎,个,个,-0.2200496345758438,"个, 张, 点","-0.2200, -3.0931, -3.3637"
977,"肤色 黝黑 的 空少 一 [MASK] 短 <h>打扮</h> , 开始 兜售 酒水 饮料 方便面啥 的 。",身,身,-0.2630419433116913,"身, 个, 脸","-0.2630, -2.5709, -3.4820"
978,"朋友 都 回去 了 , 只 剩下 我 一 [MASK] <h>人</h> 了 , 唉 !",个,个,-0.46326616406440735,"个, 家, 群","-0.4633, -1.7381, -2.8845"
979,你们 快 去 看 我 人人 分享 的 那 [MASK] <h>文章</h> !,篇,篇,-0.15577982366085052,"篇, 个, 些","-0.1558, -2.5618, -3.1365"
980,今晚 葛个 <h>婚礼</h> 真系 好 浪漫 啊 好 温馨仲 好 感动 啊 搞到 d 观众 都 泪 汪汪 甘 呢 [MASK] 婚礼 够 晒 豪华咯 羡慕 不 来,个,个,-0.24285177886486053,"个, 架, 位","-0.2429, -3.0083, -4.1838"
981,"只 是 突然 极 心疼 在 这 一 行 工作 了 那么 久 的 爸爸 , 等 休息 了 一定 要 买 [MASK] 最 好 的 <h>护手霜</h> 给 他 。",个,个,-0.9879388809204102,"个, 些, 瓶","-0.9879, -2.2778, -2.3652"
982,拐弯 是 前进 的 一 [MASK] <h>方式</h>,种,种,-0.049100443720817566,"种, 个, 般","-0.0491, -3.1475, -6.4549"
983,晚上 不 上 婆度 食 饭利 是 少 了 几十 元 妈 稳 借口 话利 是 掉 了 婆话 距 发 钱 行 特别扭 鸡 哈哈妈 去 打 麻雀 [MASK] 人 <h>比利</h> 是 又 无比 翻 我,滴,家,-1.177832841873169,"家, 本, 路","-1.1778, -2.4844, -2.5902"
984,"让 人 感觉 末日 之 桥 , 带来 [MASK] <h>希望</h> 。",丝,点,-1.9079616069793701,"点, 个, 些","-1.9080, -1.9196, -2.2142"
985,Lucy 张芯晨 又 完成 了 一 [MASK] 市民 的 <h>心愿</h> 。,个,个,-0.7078187465667725,"个, 位, 名","-0.7078, -1.2281, -2.4775"
986,"在 必胜客 吃 披萨 , 讨 [MASK] 好 <h>彩头</h>",个,个,-0.0919729545712471,"个, 回, 点","-0.0920, -3.5115, -4.5305"
987,"三 [MASK] <h>要</h> 记住 吃一堑 长一智 , 经 一 事 长 一 能 , 交 一 友 结 一 缘 。",个,个,-1.2012755870819092,"个, 句, 分","-1.2013, -1.6474, -2.2712"
988,好 大 几 [MASK] <h>酒</h> 哦,缸,杯,-1.2421497106552124,"杯, 瓶, 个","-1.2421, -1.7567, -1.8363"
989,估估 [MASK] G <h>糸画</h> 上去 定纹 上去 既 ?,个,下,-2.3823368549346924,"下, 个, 点","-2.3823, -2.9068, -3.1781"
990,"倾城 之 泪 全 家 福将 曝光 明星 客串 齐贺 岁 一 [MASK] <h>寒流</h> 让 国内 普遍 降温 , 而 北方 大部 地区 也 频现 冬日 雪景 。",股,路,-2.506371021270752,"路, 场, 线","-2.5064, -2.5111, -2.7970"
991,"撑死 了 , 到底 有 几 [MASK] <h>菜</h> 都 忘记 了 , 晚饭 不 吃 了 。",道,道,-0.8292528390884399,"道, 样, 个","-0.8293, -1.5036, -2.0122"
992,妈 的 跑 了 半 [MASK] <h>小时</h> 现在 腿 还 疼,个,个,-0.00016070702986326069,"个, 圈, 座","-0.0002, -11.0120, -11.3076"
993,"一会儿 有 他 最 爱 的 飞机 餐 , 还 能 把 我 那 [MASK] 也 <h>吃</h> 了 , 能 不 激动 不 ?",份,个,-1.2561962604522705,"个, 餐, 碗","-1.2562, -1.4277, -2.2826"
994,"并 拍 下下面 一 [MASK] <h>照片</h> , 说 真的 我 看后 流泪 了 !",组,张,-0.23879477381706238,"张, 组, 个","-0.2388, -1.9891, -3.5338"
995,而 我 又 怎 能 忘 了 你们 亲爱 [MASK] <h>嫂子们</h> 挑 个 吧 等 我 回去 领走 !,滴,滴,-1.5716747045516968,"滴, 所, 个","-1.5717, -2.9665, -3.0010"
996,"但 看看 这个 插座 , 再 原有 的 基础 上 再 加上 了 2 [MASK] USB <h>接口</h> , 充电 不 仅仅 靠 电脑 的 USB 接口 了 。",个,个,-0.07025155425071716,"个, 条, 种","-0.0703, -4.1404, -4.5257"
997,除了 玩游戏 还 能 干 [MASK] 别 的 <h>不</h> 。,点,点,-0.5505713224411011,"点, 些, 个","-0.5506, -1.3619, -2.9285"
998,一 [MASK] <h>罗汉</h> 坐 在 大堂 咖啡厅 茶 喝喝,群,个,-0.9059902429580688,"个, 位, 对","-0.9060, -1.9369, -2.3533"
999,"吃 了 一 [MASK] 麻酱 <h>凉皮</h> , 那 滋味 比 想象 的 差远 了 。",碗,碗,-1.2431995868682861,"碗, 口, 顿","-1.2432, -1.8190, -2.2538"
1000,"专家 认为 当前 的 市场 状况 , 与其 说 是 豪华车 的 盛宴 , 不如 说 更 像 一 [MASK] <h>品牌</h> 的 狂欢 。",场,场,-0.14995621144771576,"场, 个, 次","-0.1500, -2.6843, -3.4408"
1001,要 想 照顾 每 [MASK] <h>人</h> 的 感受 。,个,个,-0.009083633311092854,"个, 位, 次","-0.0091, -4.8240, -8.5717"
1002,"那 我 就 给 [MASK] <h>机会</h> 你 了解呗 , 反正 , 我 是 要 追到 你 的 。",个,个,-0.15061524510383606,"个, 点, 些","-0.1506, -2.8907, -3.1015"
1003,"跑到 荥经 买 了 [MASK] 小 <h>砂锅</h> , 顺便 吃 了 传说 中 好吃 到 爆 的 凉粉 , 小米辣 伴 着 凉粉 入口 , 确实 很 爽正宗 的 哒哒面 和 棒棒 鸡 都 因 过 年 关门 没 吃 成 雅西 高速 到 荥经 就 封闭 了 据说 3 月 才 正式 通车",个,个,-0.161554753780365,"个, 碗, 点","-0.1616, -3.8352, -3.8520"
1004,"你 说 你 一 [MASK] <h>月</h> 给 我 打 了 多少 电话 , 你 的 话费 就 多少 可是 从今以后 你 的 手机 再 也 不 会 有 拨 出去 的 号码 , 我 的 手机 再 也 不 会 有 你 的 已 接来 电",个,个,-0.0010742353042587638,"个, 分, 颗","-0.0011, -8.7833, -9.2505"
1005,"一 [MASK] <h>眼神</h> 足以 表达 一切 , 还是 你们 豆豆 懂 你 啊 !",个,个,-0.2768058776855469,"个, 双, 张","-0.2768, -1.7449, -4.3265"
1006,"艾丽 公主 奥兰 [MASK] 毛呢 <h>大衣</h> 2011 新 款 冬装 外套 风衣 女装 服饰 22800 元 热销 中 , 别 错过 哦",朵,朵,-0.7696389555931091,"朵, 发, 匹","-0.7696, -1.9681, -2.1864"
1007,"我 参与 了 发起 的 投票 2011 年 360 公司 我 最 喜欢 的 年会 节目 微 评选 , 我 投给 了 2360 军情 解密 这 1 [MASK] <h>选项</h> 。",个,个,-0.007903854362666607,"个, 项, 号","-0.0079, -6.5546, -7.0441"
1008,却 又 开始 惴惴不安 的 怕 被 谁 截去 一 [MASK] <h>天荒地老</h> 。,个,个,-0.7860918641090393,"个, 段, 条","-0.7861, -2.2796, -3.1387"
1009,"都 射 了 6 [MASK] 了 , 这个 女 的 还 要 http t cn z0gw3vv 我 的 娜塔莎 爱情 公寓 Hello 小姐 大卫王 与 贵妃 军情 解码 天天 向上 杀 虎口 客服 很 忙 假如 爱 有 天意 乌托邦 办公室 狐步 谍影 禁止 的 游戏 历史 的 进程兔 宝宝 超级 巨星 青 <h>木瓜</h> 之 味 戒烟 不 戒酒",次,次,-0.16725598275661469,"次, 个, 点","-0.1673, -2.9181, -3.9480"
1010,扫盲 [MASK] 2011 之 <h>微博</h> 十 大 热门 段子,帖,记,-2.28617000579834,"记, 点, 篇","-2.2862, -2.5041, -2.5911"
1011,20111223 一 生 一 [MASK] <h>合家欢</h> 之 东 成西 就 2012 陈翔 比武 招亲 摄 by 土土 分享 自,世,世,-0.04663405939936638,"世, 次, 对","-0.0466, -3.1915, -6.9732"
1012,我 不 想 三 四 [MASK] <h>月</h> 都 无 球 可 打 。,个,个,-0.16371648013591766,"个, 点, 季","-0.1637, -4.0805, -4.1500"
1013,"雪域 天晴郎 , 腊梅 处处 香 , 吃 完 烤鱼 , 买 [MASK] <h>腊梅</h> 回家 去",束,个,-0.8140336275100708,"个, 点, 些","-0.8140, -1.4922, -3.2876"
1014,又 是 一 [MASK] <h>下雨天</h>,个,个,-0.22708827257156372,"个, 次, 场","-0.2271, -2.3712, -3.4290"
1015,半夜拉 肚 纸 真 不 是 [MASK] 好 <h>事</h> 接着 睡 了,件,件,-0.01286901906132698,"件, 个, 桩","-0.0129, -4.4564, -8.3163"
1016,这 2 天 每 天 做 梦 都 在 锻炼 麻痹 昨天 梦到 和 沃伦 一 [MASK] 练手 <h>臂</h> 难道 真 是 我 太 寂寞 了,起,起,-0.0186143908649683,"起, 样, 块","-0.0186, -4.7651, -5.0014"
1017,终於 都 解放 了 呢 妈咪 你 快 [MASK] <h>来呀</h>,滴,点,-0.7758827209472656,"点, 起, 回","-0.7759, -1.2044, -1.7065"
1018,漂亮 女 老师 惨遭 凌辱 http t cn z0gzl3B 小鹿斑比 万 有 引力 画壁 单身 女王 英雄 梦幻曲 七十二 [MASK] <h>租客</h> 粤语 版 铁石心肠 我 的 野蛮 女友 2 夜 店 告密者 新 电影 传奇 特工 008 拆弹 部队 武林 外传 香奈儿 的 秘密 情史 恋人 絮语 老马家 的 幸福 往事 花木兰 铁面 歌女,家,楼,-1.9804552793502808,"楼, 章, 曲","-1.9805, -2.4799, -2.5705"
1019,"送 一 大 [MASK] 白 <h>玫瑰</h> 虽然 浪漫 , 但 让 我 觉得 有点 奢侈 啊 !",束,朵,-1.3125488758087158,"朵, 束, 把","-1.3125, -2.4336, -2.4868"
1020,"读书 时 , 以前 那 [MASK] 中午 午睡 晚上 早睡 早上 六点半 <h>到</h> 校 的 我 到 之后 每 天 早上 七 点 起来 经常 差点 迟到 的 我 。",个,种,-0.7322630882263184,"种, 个, 些","-0.7323, -0.8498, -3.2660"
1021,"几 [MASK] <h>知道</h> 女儿 爱 自己 的话 , 爸爸 抱 着 我 , 他 哭 我 哭 妈妈 哭 小姨 哭 。",句,次,-0.5925693511962891,"次, 个, 句","-0.5926, -1.4645, -2.9717"
1022,天翼 快讯 1 铁道部 启动 新 一 [MASK] 客票 <h>系统</h> 规划 及 设计 。,代,代,-0.06832126528024673,"代, 轮, 波","-0.0683, -2.8725, -5.5872"
1023,"这个 新年 似乎 还 没 玩够 睡够 就 匆匆 要 打包 行李 了 , 带 着 一 [MASK] 的 <h>不舍</h>",肚子,身,-1.0388164520263672,"身, 脸, 样","-1.0388, -1.2547, -2.4457"
1024,限制级 为 4 [MASK] 的 <h>大片</h> http t cn z0eom40 盘 龙 卧虎 高 山顶 暗香 内线 上 错 花轿 嫁对郎 小兵 张嘎 鲜花 朵朵 女 神捕 聚宝盆 还 珠 格格 2 欢喜 婆婆俏 媳妇 沧海 蜗居 浙版 西游记 永 不 瞑目 铁 梨花 大 境门 说好 不 分手 杨光 的 快乐 生活 3 命运 兵峰 聊斋 3 黑 冰,级,级,-0.08529705554246902,"级, 位, 楼","-0.0853, -3.7341, -3.9849"
1025,社会 逼迫 我 要 带 一 [MASK] 面具 天使 <h>香烟</h>,层,个,-0.6097694635391235,"个, 只, 副","-0.6098, -2.3232, -2.4142"
1026,"不 难 发现 , 我 每 [MASK] <h>博文</h> 包括 转发 都 是 有 目的 的 。",篇,篇,-0.407211571931839,"篇, 发, 个","-0.4072, -1.7530, -2.7085"
1027,"生命 是 一 [MASK] <h>过程</h> , 可悲 的 是 它 不 能 重来 , 可喜 的 是 它 不 需要 重来 。",个,个,-0.030039329081773758,"个, 种, 段","-0.0300, -4.3787, -4.9145"
1028,接 下来 发 一 [MASK] 80 年代 <h>徐家汇</h> 的 照片,组,张,-0.49773111939430237,"张, 组, 些","-0.4977, -1.8518, -1.9950"
1029,"新年 到来 , 我 也 结束 了 一 [MASK] <h>感情</h> , 希望 新 的 一 年 有 新 懈逅",段,段,-0.40368273854255676,"段, 些, 下","-0.4037, -1.6145, -2.7419"
1030,"山西 静乐 县委 书记 因 女儿 吃空饷 5 年 被 免职 太原 1 月 15 日 电 因 <h>父亲</h> 是 地方 官员 , 竟 让 读书 的 女儿 吃 财政 空饷 长 达 5 年 , 1 月 15 日 , 这 [MASK] 身为 县委 书记 的 父亲 因此 被 免职 。",位,位,-0.05059705302119255,"位, 名, 个","-0.0506, -3.4185, -4.1459"
1031,"分享 我 的 POCO 作品 福布斯 寰球 价码 最高 10 [MASK] <h>名模</h> , 快来 看 呀",位,套,-1.86431086063385,"套, 位, 名","-1.8643, -1.8869, -2.1121"
1032,"就算 这 牌子 没 怎么 见 过 , 看 这 [MASK] <h>nokia</h> , 国内 要 卖 800 人民币 左右 。",款,个,-0.09311370551586151,"个, 款, 些","-0.0931, -4.2207, -4.4380"
1033,"纵使 你 有 千 [MASK] 的 <h>苦</h> , 那 有 能 表明 你 有 多 在乎 ?",番,般,-1.9212008714675903,"般, 次, 遍","-1.9212, -2.0063, -2.1724"
1034,"宁 士高 跳 过 警卫 的 尸体 大 叫 道 , 这时 前面 传来 三 [MASK] <h>枪</h> 响 。",声,声,-0.1927296668291092,"声, 个, 把","-0.1927, -3.3471, -3.8585"
1035,睡 了 五 [MASK] <h>小时</h> 又 爬 起来 了,个,个,-0.0005396272172220051,"个, 次, 分","-0.0005, -9.2539, -9.3065"
1036,昨天 做 了 [MASK] <h>梦梦</h> 到 我 放弃 了,个,个,-0.169559508562088,"个, 次, 套","-0.1696, -3.2885, -4.2960"
1037,"周末 就 是 福利哇 , 难得 我 又 睡 了 [MASK] 好 <h>觉</h> , 虽然 内心 的 矛盾 并 未 消散 , 但 我 真 的 真的 快乐 轻松 了 不少 。",个,个,-0.013743896968662739,"个, 顿, 次","-0.0137, -5.1485, -6.5033"
1038,你 舍得 起身 未 打佐 6 [MASK] <h>电话俾</h> 你 啦,个,个,-0.42199841141700745,"个, 通, 声","-0.4220, -2.1270, -3.2003"
1039,"十九 [MASK] 的 <h>孩纸</h> 今天 你们 英语 课 怎样 啊 因为 生病 关机 了 , 碰巧 英语 老师 有 事 回家 , 她 的 交待 短信 我 木 有 收到 , 啊 希望 课 过 得 还 可以 吧 对 不 起 了",班,班,-0.7964182496070862,"班, 级, 楼","-0.7964, -1.2468, -2.7514"
1040,"2012 年 春节 期间 , 我 来到 了 一 [MASK] 山里 <h>乡村</h> 2012127 乡村 生活 体验 中 !",个,个,-0.3293347656726837,"个, 座, 处","-0.3293, -2.4564, -2.9153"
1041,"送 祝福 喜 迎 新春 转发 得 小 米 F [MASK] <h>祝福</h> 所有 米粉 龙年 大吉 学业 节节 高升 , 爱情 甜甜蜜蜜 , 事业 顺顺 利利 , 家庭 美美 满满",码,发,-2.5018067359924316,"发, 丝, 粒","-2.5018, -2.6460, -2.8572"
1042,真 是 一 [MASK] 有 阳光 的 温暖 <h>假日</h> !,个,个,-0.06724884361028671,"个, 种, 段","-0.0672, -3.3771, -5.0892"
1043,"如果 电影 都 需要 有 一 [MASK] <h>主题</h> 的话 , 金陵 十三钗 的 主题 必须 是 救赎 。",个,个,-0.06165711209177971,"个, 些, 种","-0.0617, -3.6381, -4.0415"
1044,"我 参与 了 发起 的 投票 乐排网 TOP 看 音乐 第 27 期 , 我 投给 了 陈楚生 爱情 是否 依然 这 1 [MASK] <h>选项</h> 。",个,个,-0.023908501490950584,"个, 项, 条","-0.0239, -5.5436, -5.6241"
1045,"打扫 卫生 洗衣 做饭 虽然 累 , 可 这 [MASK] <h>家</h> 的 感觉 好 幸福 !",种,个,-1.1294975280761719,"个, 种, 样","-1.1295, -1.1730, -1.6220"
1046,粤语 歌 真 难学 虽然 好听 但 这 到底 是 哪 [MASK] <h>发明</h> 的 语种 我 学得 快 疯 了 !,个,个,-0.25764116644859314,"个, 种, 些","-0.2576, -2.0844, -3.1994"
1047,"经过 13 [MASK] <h>小时</h> 的 奔波 , 终于 到 我 家 的 小 县城 了",个,个,-0.0004850609984714538,"个, 座, 次","-0.0005, -9.7704, -10.1434"
1048,"撑 麦王 争霸 , 下 [MASK] 我 <h>要</h> 参加",次,次,-0.09165900945663452,"次, 面, 回","-0.0917, -3.0838, -3.9184"
1049,两 [MASK] <h>小孩</h> 在 洗澡 挨 我 偷拍 一直 喊 冷,个,个,-0.037176087498664856,"个, 位, 名","-0.0372, -4.0133, -5.1036"
1050,"小 朋友们 玩 的 也 欢乐 , 代币 是 一 人 二十 [MASK] <h>瓜子</h>",个,块,-0.349001944065094,"块, 个, 颗","-0.3490, -2.2587, -3.3589"
1051,公司 吃 团圆饭 抽 中 三 [MASK] <h>奖</h> !,等,等,-0.5846219062805176,"等, 个, 项","-0.5846, -1.8010, -3.1132"
1052,"一 生 中 的 7 [MASK] <h>点</h> 1 应当 多 一点 善心 , 少 一点 心眼 。",个,个,-0.10976108908653259,"个, 点, 条","-0.1098, -3.3034, -3.6220"
1053,有 时候 自己 就 会 想 这样 的 生活 什么 时候 才 是 [MASK] <h>头</h> 啊 ?,个,个,-1.6159149408340454,"个, 回, 头","-1.6159, -1.6480, -1.7396"
1054,"酷毙 了 视觉 系 米拉乔沃维奇 , 虽然 你 经常 演 生化 危机 , 拍 [MASK] 法国 名酒 <h>广告</h> 也 不 必 搞 得 这么 The End Of The World 吧 , 闪电 龙卷风 海啸 地震 冰风暴 , 整 得 跟 代言 2012 似 的 高清 组图",个,个,-1.060235619544983,"个, 下, 些","-1.0602, -1.5611, -1.6902"
1055,"你 地 T 几 乱 , 多谢 感夜仲系街 打包 比 我 [MASK] <h>朋友</h>",个,家,-2.0419623851776123,"家, 架, 个","-2.0420, -2.2272, -2.4505"
1056,"明天 是 老爸 生日 , 因为 亲友 太 多 , 我们 决定 去 餐馆 订餐 , 并且 多 点 [MASK] <h>素菜</h> , 帮 亲友们 解解 油腻 , 亲友们 都 赞成 这个 提议 , 说 真的 吃 不 动 大",些,点,-0.5196582674980164,"点, 些, 个","-0.5197, -1.0075, -4.3287"
1057,"谢谢 今天 姐夫哥 为 我 唱 的 那 [MASK] <h>歌</h> , 听 的 很 心酸 , 爱 你们 ,",首,首,-0.06268052011728287,"首, 些, 个","-0.0627, -3.6462, -4.2096"
1058,"热 热 的 糯米 园子 出锅 了 , 我 和 妈咪 第一 [MASK] <h>杰作</h> !",次,个,-0.9544500112533569,"个, 张, 次","-0.9545, -2.0311, -2.4380"
1059,"人生 感悟 与 朋友 闲聊 , 他 说 很 想 抽点 时间 多 读 [MASK] <h>书</h> , 以 充实 自己 。",点,些,-0.2681826651096344,"些, 点, 本","-0.2682, -1.6003, -3.7188"
1060,"iphone4s 就 这个 [MASK] 为什么 那么 令 人 疯狂 , <h>求</h> 解释",样,样,-1.6317603588104248,"样, 名, 点","-1.6318, -2.2308, -2.3380"
1061,天啊 我们 四 [MASK] <h>吃</h> 了 多少 啦 撑死 啦,个,个,-0.26682108640670776,"个, 口, 位","-0.2668, -2.1570, -3.8300"
1062,"还 有 几 [MASK] <h>小时</h> 我 就 会 回到 你 身边 , 等 着 我",个,个,-0.0036136156413704157,"个, 分, 段","-0.0036, -6.6657, -7.9593"
1063,"大年 初一 , 老天爷 给 了 大家 好 天气 , 出 了 大 太阳 , 阳光明媚 今年 会 是 [MASK] 好 <h>兆头</h> 噢",个,个,-0.0023266300559043884,"个, 件, 些","-0.0023, -7.1654, -7.6329"
1064,"亚 只 有 沉溺 工作 , 不 让 自己 有 一 [MASK] <h>喘息</h> 的 机会 想起 远 。",丝,个,-0.3177746832370758,"个, 次, 点","-0.3178, -1.4975, -4.7395"
1065,被 两 [MASK] <h>男人</h> 的 基情 刷屏 了 !,个,个,-0.14869821071624756,"个, 位, 名","-0.1487, -2.1444, -4.4098"
1066,"所谓 光鲜 的 时尚 产业 , 其 生产 过程 是 劳苦 和 一 [MASK] 不 <h>苟</h> 的 。",丝,点,-1.4396110773086548,"点, 个, 丝","-1.4396, -1.6168, -2.0146"
1067,"我 真 的 , 好 想 再 用 那 [MASK] <h>HP</h> 同 人 的 调调 写 SS , 呵呵 呵呵 呵呵",个,种,-0.6579229235649109,"种, 个, 样","-0.6579, -1.1329, -2.9574"
1068,传闻 一 [MASK] 赣南 <h>机械厂</h> 的 退休 老 工人 把 尸体 的 乳房 和 阴部 割 下 带 回家 。,名,位,-0.6916559338569641,"位, 个, 名","-0.6917, -1.1499, -1.9299"
1069,为什么 费翔 不 唱 冬天 一 [MASK] <h>火</h> 天 干 物燥 小心 火烛 连 春晚 都 迷信 了,把,样,-0.7041416168212891,"样, 点, 个","-0.7041, -2.5175, -2.9267"
1070,只 是 她 需要 碰上 一 [MASK] 懂事 的 <h>男人</h> 。,个,个,-0.05222539231181145,"个, 位, 名","-0.0522, -3.1739, -6.0208"
1071,清純 妹妹 脱衣 苍天 有 泪 双面 女友 喜羊羊 与 灰 太 狼 之 给 快乐 加油 爱 到底 安娜卡列尼娜 一 [MASK] 把 你 打到 菜市口 乞者 胆小鬼 疯狂 的 <h>石头</h> 大 汉 天子 单身汉 与 时髦 女郎 闯荡 赤焰 战场 喋血 北平 大 路 之 歌 番茄 姐弟 武林 风 白色 情人节,拳,路,-1.4127291440963745,"路, 个, 拳","-1.4127, -1.5783, -2.0533"
1072,早点 休息 明天 初一 新 的 一 年 希望 你 有 一 [MASK] 新 的 <h>开始</h>,个,个,-0.019094716757535934,"个, 次, 段","-0.0191, -5.1745, -5.4811"
1073,"希望 有 个人 , 在 我 嘴里 说 没事 的 时候 , 看出 我 不 是 真的 没事 有 [MASK] <h>人</h> , 在 我 强颜欢笑 的 时候 , 知道 我 不 是 真的 开心",个,个,-0.0852096900343895,"个, 些, 种","-0.0852, -3.1006, -4.9651"
1074,30 [MASK] <h>小时</h> 。,个,分,-0.861873984336853,"分, 个, 次","-0.8619, -1.2162, -2.3077"
1075,一 [MASK] <h>葡萄酒</h> 却 勾 不 起 一点 睡意,瓶,杯,-0.3370618522167206,"杯, 瓶, 碗","-0.3371, -2.1257, -3.7799"
1076,"本来 今天 是 不 怎么 开心 的 刚好 碰到 个人 以为 他 可以 下午 陪 我 聊聊天 的 , 谁 知道 那 [MASK] <h>家伙</h> 居然 闹 失踪",个,个,-0.048264335840940475,"个, 位, 些","-0.0483, -4.1414, -4.7006"
1077,"谢谢 制作 这 [MASK] <h>小片</h> 的 亲 , 因为 太 喜欢 所以 转 了 , 想 让 更 多 的 粉看到 。",部,个,-0.36221811175346375,"个, 部, 篇","-0.3622, -2.0767, -3.2150"
1078,"不 一定 过 着 优雅 豪华 的 生活 , 我 愿意 在 平凡 的 生活 中 寻求 那 [MASK] <h>淡然</h> !",份,份,-0.17569087445735931,"份, 种, 个","-0.1757, -2.1065, -4.1054"
1079,"爸 邀 我 和 妈 打牌 , 只 到 现在 结束 , 他 就 没 给 我们 几 [MASK] 做庄 的 <h>机会</h> 。",次,个,-0.2236362099647522,"个, 次, 位","-0.2236, -1.9469, -4.3324"
1080,"沈思 博转山 转 水 转 过 庄凝 这 [MASK] <h>佛塔</h> , 只 为 遇见 谢端 , 情 若 锦瑟无端 , 长 不过 执念 , 短 不过 善变 , 走完 执念 , 庄凝 的 尽头 便 是 齐 享错 过 你 为 遇见 谁",座,座,-0.09702371805906296,"座, 个, 片","-0.0970, -2.9772, -5.3776"
1081,我 还 是 [MASK] <h>男人</h> 吗 ?,个,个,-0.006204501260071993,"个, 位, 种","-0.0062, -6.1984, -7.4000"
1082,喝喝喝哈搓搓 的 你 是 不 是 [MASK] 缺 <h>心</h> 眼 哦,个,眼,-1.3533324003219604,"眼, 只, 脸","-1.3533, -1.7946, -2.4137"
1083,我 的 世界 跟 你们 不 在 一 [MASK] <h>平行线</h> 上 没有 任何 交集,个,起,-0.18132901191711426,"起, 个, 块","-0.1813, -2.4907, -3.9809"
1084,"今天 跟 老妈 两 [MASK] <h>人</h> 在 家 , 所以 做 了 牛肉饭 。",个,个,-0.016881903633475304,"个, 口, 家","-0.0169, -4.6920, -5.3190"
1085,"怪 之 得 锦 头晕 啦 , 原来 我 训左 三 [MASK] <h>钟</h> 有 多 了",个,分,-0.7012714743614197,"分, 个, 次","-0.7013, -1.0859, -3.6421"
1086,阿婆 屋 企 多 左 一 [MASK] 传销 <h>佬有</h> 距 讲 无 人 讲 啊,个,个,-1.263578176498413,"个, 位, 班","-1.2636, -2.1847, -2.5048"
1087,"得 拉 , 先 是 年 前 一 [MASK] <h>星期</h> 电脑 坏 , 离 过 年 两 天 摩托车 坏 , 现在 电视 又 坏 , 你 到底 想 我 怎么样咯 ?",个,个,-0.005470309406518936,"个, 下, 次","-0.0055, -6.7534, -7.0987"
1088,到达 土耳其 给 我 第一 印象 一 [MASK] 现代 <h>欧洲化</h> 的 城市 比 我 想 得 强 多 了,座,个,-0.15319399535655975,"个, 座, 些","-0.1532, -2.4938, -4.2544"
1089,"大过 年 的 , 让 我 在 机场 看见 范伟 了 , 哈哈 , 他 不 上 春晚 也 来 多伦多 过年 啊 还 跟 老爹 一 [MASK] <h>飞来</h>",趟,起,-0.42200231552124023,"起, 样, 路","-0.4220, -1.2193, -3.9676"
1090,"我们 要 好好 生活 因为 世界 上 只有 一 [MASK] 你 所以 别 <h>亏待</h> 自己 , 没有 人 能 控制 你 的 情绪 只有 你 自己 , 开心 就 笑 不 开心 就 叫 。",个,个,-0.004317830316722393,"个, 只, 种","-0.0043, -6.4932, -7.3785"
1091,"担心 一 [MASK] <h>人</h> , 担心 她 是否 安好 , 担心 她 是否 心情 好 了 , 担心 她 是否 还 会 害怕 , 担心 她 是否 已经 深入 睡眠 , 担心 她 是否 已 忘 却 不 快 , 妞 , 开心 起来 , 肥 才 开心 。",个,个,-0.01896039955317974,"个, 下, 些","-0.0190, -5.4259, -5.7902"
1092,上传 了 2 [MASK] <h>照片</h> 到 相册 乓乓 乒乒,张,张,-0.023571761325001717,"张, 组, 个","-0.0236, -4.7553, -4.8504"
1093,这 [MASK] 这个 我 <h>要</h> Keep Keep !,次,个,-0.007487182505428791,"个, 样, 些","-0.0075, -5.9030, -7.8386"
1094,"记者 想 , 有 4 [MASK] <h>词</h> 可以 勾勒 出 他们 的 面庞 刻画 出 他们 的 心灵 , 那 就 是 忠诚 奉献 深情 和 追求 。",个,个,-0.12646570801734924,"个, 种, 首","-0.1265, -3.5002, -3.5955"
1095,"这个 时候 , 我 睡 [MASK] <h>午觉</h> 吧",个,个,-0.040824003517627716,"个, 起, 回","-0.0408, -4.5073, -4.9949"
1096,108 [MASK] <h>玫瑰</h> 。,朵,朵,-2.300251007080078,"朵, 号, 条","-2.3003, -2.4889, -2.7292"
1097,欧阳 夏丹 真 是 [MASK] 全 <h>才</h> !,个,个,-0.35134875774383545,"个, 双, 名","-0.3513, -3.1029, -3.6662"
1098,"社会 新闻 9 岁 女孩 学艺 4 年 成 剪纸 高手 妙手 剪 双龙贺 新年 龙年 来 了 , 滨东 小学 二 年级 的 张晗 小 姑娘 花 3 天 时间 , 用 红 纸 剪出 这 [MASK] <h>直径</h> 约 70 厘米 的 双 龙 戏珠 。",幅,个,-1.0394790172576904,"个, 幅, 尊","-1.0395, -1.9701, -2.5148"
1099,"突然 想起 李鸫 老板 的 一 [MASK] <h>话</h> 多 搭桥 , 少 树 墙 。",句,句,-0.529715359210968,"句, 段, 些","-0.5297, -1.1275, -3.2848"
1100,你 讲 得 啱啊 你 就 系贱 你 真 系贱 你 系 一 [MASK] 贱人 <h>甘鸠</h> 无辜 甘柒 可 怜 你 就 犯人 变 被害人 我 就 被害人 变 犯人 你 好 嘢咯,个,个,-0.12879815697669983,"个, 班, 群","-0.1288, -3.1065, -4.6547"
1101,"目前 的 感觉 是 微博 至少 有 两 [MASK] <h>功能</h> , 一 是 狐朋狗友 互相 捧臭脚 , 二 是 提供 一点 原创 , 我们 专业 叫 UGC 。",个,个,-0.32074758410453796,"个, 种, 点","-0.3207, -2.2320, -2.3913"
1102,"韩寒 对 掐方 舟子 方舟子 说 我 相信 如果 是 在 一 [MASK] 公正 的 <h>法庭</h> , 我 是 不 会 败诉 的 。",个,个,-0.007486281450837851,"个, 家, 次","-0.0075, -6.3859, -6.9850"
1103,发表 了 一 [MASK] 转载 <h>博文</h> 转载 一 失足 成千古恨 图,篇,篇,-0.07825083285570145,"篇, 条, 段","-0.0783, -3.8709, -4.0856"
1104,"我 好 担心 啊 , 她 第一 [MASK] 关 <h>机关</h> 那么 久 , 好 无助 啊 !",次,次,-0.03793926164507866,"次, 个, 把","-0.0379, -3.7881, -6.2273"
1105,"我 在 盛大 起点 中文网 找到 一 [MASK] 神 <h>书</h> 足球 圣徒 , 精彩 好 书 一定 不 要 错过 啊 。",本,本,-0.05380644649267197,"本, 部, 些","-0.0538, -4.1903, -4.4050"
1106,我 擦这集 竟然 有 两 [MASK] <h>小时</h> 都 成 电影 了,个,个,-0.0056495810858905315,"个, 位, 分","-0.0056, -7.2700, -7.7784"
1107,"帮 朋友 处理 一 [MASK] 淘宝 <h>商品</h> 的 售后 问题 , 买来 没 几 天 坏 了 找 客服 , 我 随手 点 了 下 交易 详情 , 瞬间 我 就 不 淡定 了",宗,下,-0.16549578309059143,"下, 个, 些","-0.1655, -2.3958, -3.4114"
1108,3 [MASK] <h>尺寸</h> 可 供 选择 。,种,个,-1.082947015762329,"个, 种, 号","-1.0829, -1.5166, -3.1569"
1109,"细佬 发烧 , 漏夜送 医院 吊针 , 细佬 想 听 歌 , 罗出 打晒 结嘅 耳机 , 老豆 即刻 就 抢 左 去 为 据解 结 我 鼻 一 [MASK] <h>酸</h> , 然后 好 想 喊 , 父母 对 你 的 爱 就 是 无微不至 !",阵,阵,-1.0955125093460083,"阵, 下, 口","-1.0955, -2.0977, -2.1810"
1110,体育课 班 傻仔 打爆咗 [MASK] <h>波</h>,个,波,-0.14535394310951233,"波, 拳, 班","-0.1454, -4.5590, -4.7889"
1111,CF 好像 仿照 战争 机器 了 看 兽族 皮肤 和 后面 那 [MASK] 机器 <h>兽</h>,个,个,-0.7508517503738403,"个, 些, 种","-0.7509, -1.4486, -2.5681"
1112,来 吧 第二 [MASK] <h>通宵</h> 让 通宵 来 的 更 猛烈 些 吧 !,个,章,-0.3348521590232849,"章, 节, 部","-0.3349, -3.0101, -3.5037"
1113,职职 居然 出现 了 十八 [MASK] <h>灯</h> 全 亮 的 选手 !,盏,个,-0.6887931227684021,"个, 位, 名","-0.6888, -1.4941, -1.8478"
1114,一 [MASK] 一刀剜 <h>在</h> 你 心口 上 。,刀,刀,-0.009025951847434044,"刀, 把, 口","-0.0090, -5.9077, -6.4994"
1115,这 [MASK] <h>照片</h> 貌似 在 哪里 见 过 。,张,张,-0.5441627502441406,"张, 些, 个","-0.5442, -1.5754, -1.9530"
1116,"过年 打扫 <h>卫生</h> 有感 当 打扫 完 二 [MASK] 卫生 的 时候 , 三 楼 的 又 来 了 , 打扫 完 三 楼 后 , 四 楼 的 又 没 打扫 , 这样 下来 要 想 打扫 完 家 里 的 卫生 也 需要 好 几 天 。",楼,楼,-0.0048506292514503,"楼, 层, 级","-0.0049, -5.4659, -9.2671"
1117,刚 订 了 mcqueen 的 两 [MASK] <h>东西</h> !,样,个,-0.9968692660331726,"个, 件, 样","-0.9969, -1.7819, -2.0801"
1118,"为 解决 此 问题 , 牛顿 潜心 研究 创立 了 微积分 , 将 一 [MASK] 名 叫 高等 数学 的 新 <h>科目</h> 设为 全 校 的 必修课 , 并 规定 不 及格者 来 年 必须 缴费 重修 直 到 通过 。",门,门,-0.09097319096326828,"门, 个, 种","-0.0910, -3.0527, -3.5872"
1119,外面 的 各 [MASK] <h>炮声</h> 不断 2012 来 喏各位 同仁 新年 快乐 !,种,种,-0.05149918422102928,"种, 类, 路","-0.0515, -4.1849, -4.4518"
1120,"粉丝 颁奖 典礼 最近 转发 了 我 88 [MASK] <h>微博</h> , 获得 了 我 颁发 的 最 爱 转发 奖 , 获得 提名 的 还 有 谢谢 你们 一路 陪 着 我 !",条,条,-1.1308698654174805,"条, 个, 号","-1.1309, -1.2318, -2.1357"
1121,为什么 命运 要 让 两 [MASK] 不 可能 在一起 的 <h>人</h> 相遇,个,个,-0.007756854873150587,"个, 位, 种","-0.0078, -6.1082, -6.9301"
1122,"今年 要 红红火火 , 新年 快乐 , 放 [MASK] <h>鞭炮先</h> 。",个,个,-0.6576164960861206,"个, 点, 起","-0.6576, -1.4219, -2.9891"
1123,"堵车 一团麻 的 二环 , 不 说 好多 都 回家 了 吗 , 咋还 一 天 比 一 天 [MASK] 的 我 <h>火大</h> 。",堵,堵,-0.007122849579900503,"堵, 发, 下","-0.0071, -6.2563, -7.2414"
1124,"才 12 [MASK] <h>红包</h> , 我 决定 要 调 自己 的 胃口 , 回到 广州 才 打开 。",个,个,-0.5641170740127563,"个, 块, 张","-0.5641, -1.4435, -2.9828"
1125,再度 重 遇 国内 唯一 一 [MASK] 天花 可 变 色温 的 737800 <h>客机</h>,台,架,-0.13674238324165344,"架, 台, 班","-0.1367, -3.2356, -3.8553"
1126,补眠 补眠 晚安 了 做 [MASK] <h>好梦</h>,个,个,-1.0388903617858887,"个, 起, 家","-1.0389, -2.3423, -2.5437"
1127,此刻 肚子 饿 了 才 想起 自己 今天 一 天 都 没 吃 什么 只 是 中午 吃 了 两 [MASK] <h>糖</h> 现在 要 去 煮饭 了 等 爸 妈 还 有 哥 回来 吃饭 噢噢 我 是 幸福 的,粒,颗,-1.350307583808899,"颗, 个, 块","-1.3503, -1.7192, -2.3767"
1128,"外面 烟花 噼里啪啦 的 , 春节 的 气息 浓烈 啊 , 亲爱们 , 望 你们 能 过 [MASK] 十全十美 的 <h>幸福</h> 龙年",个,个,-0.0067078834399580956,"个, 些, 段","-0.0067, -6.4188, -7.1761"
1129,"到处 都 是 背起 行囊 赶车 回家 的 人 , 归心似箭 , 家 的 含义 就 是 , 不管 你 有 多 难过 , 多 疲惫 , 到 了 那 [MASK] 被 称为 家 的 <h>地方</h> , 立即 满 血 复活",个,个,-0.045507531613111496,"个, 种, 些","-0.0455, -4.1879, -4.1964"
1130,"心 香 一 瓣 永远 不 会 没有 人 爱 你 , 因为 世上 最 爱 你 的 人 就 是 你 的 身体 , 无论 你 多 [MASK] <h>离弃</h> 它 伤害 它 , 它 也 没有 微言 继续 支持 你 , 养活 你 。",番,次,-0.4605386257171631,"次, 样, 些","-0.4605, -1.7423, -3.6750"
1131,"她 的 背 轻轻 倚 在 沙发 靠 上 , 身体 坐 直 , 微 红 的 脸上 浮 起 一 [MASK] <h>笑意</h> , 对着 余 宏 。",缕,丝,-0.3586263656616211,"丝, 个, 层","-0.3586, -2.9702, -3.1083"
1132,有时候 我 只 是 需要 一 [MASK] 说话 的 <h>人</h> 。,个,个,-0.020496558398008347,"个, 位, 群","-0.0205, -4.5773, -6.0021"
1133,"喜欢 一 [MASK] <h>人</h> , 似乎 也 不 一定 都 是 幸福 的",个,个,-0.008106335997581482,"个, 些, 群","-0.0081, -5.5284, -7.0014"
1134,"谢谢 我 妈生 了 我 , 还 给 我 一 [MASK] 这么 漂亮 的 <h>眼睛</h> 双眼皮 长 睫毛 哦咦 嘻嘻 玩 笑啦",双,个,-0.6362760663032532,"个, 双, 副","-0.6363, -1.5953, -2.6742"
1135,"中午 管理 人员 餐厅 的 四 [MASK] <h>菜</h> 茄子 青菜 炸鸡腿 肉 , 我 只 能 吃 青菜 , 什么 天理 啊 我 跟 老妈 说 她 笑 了",样,道,-0.48209744691848755,"道, 个, 种","-0.4821, -1.8152, -2.2742"
1136,如果 是 你 在 这个 处境 下 请用 四 [MASK] <h>字</h> 形容 您 的 感觉,个,个,-0.0147194629535079,"个, 行, 声","-0.0147, -5.6806, -5.7792"
1137,"在 所有 的 维生素 中 , 维 C 是 人体 每 天 需要量 最 多 的 维生素 , 因为 维 C 比 其它 维生素 或 矿物质 更 多 地 耗用 于 各 [MASK] 人体 <h>肌能</h> 。",种,种,-0.2474994659423828,"种, 类, 个","-0.2475, -2.4138, -2.5080"
1138,"我 在 盛大 起点 中文网 找到 一 [MASK] 神 <h>书</h> 无 限 斩杀 , 精彩 好 书 一定 不 要 错过 啊 。",本,本,-0.04803554713726044,"本, 部, 些","-0.0480, -4.1788, -4.7938"
1139,"我 弟 手 里 的 相机 , 像 一 [MASK] <h>时光</h> 流逝机 。",台,台,-0.996675968170166,"台, 个, 架","-0.9967, -1.2792, -2.0840"
1140,"似乎 不 是 , 你 看 他 乒乓球 打 得 多 好 , 还 养 了 [MASK] <h>儿子</h> , 呵呵 控制 能力 蛮好 的",个,个,-0.006261719856411219,"个, 位, 只","-0.0063, -6.6014, -7.0569"
1141,"继续 着 我 的 失眠 之 痛 , 冰冷 的 雨 , 洋洋洒洒 的 沥下 城市 就 像 是 一 [MASK] <h>腐城</h> , 开始 变 得 灰暗 不已 。",座,座,-0.10997390747070312,"座, 个, 片","-0.1100, -2.3452, -5.9725"
1142,我 参与 了 发起 的 投票 你 最 喜欢 MIC 的 那 [MASK] <h>歌</h> ?,首,首,-0.024779101833701134,"首, 个, 些","-0.0248, -4.9414, -5.3960"
1143,发表 了 一 [MASK] 转载 <h>博文</h> 转载 二十一 度母 礼赞 文 大宝 法王 率领 僧众 唱颂,篇,篇,-0.08377642184495926,"篇, 条, 段","-0.0838, -4.0812, -4.0949"
1144,想 做 [MASK] <h>守时</h> 的 人但 就 我 个人 守时 了,个,个,-0.010727941058576107,"个, 位, 名","-0.0107, -5.9307, -6.6873"
1145,"9700 拍摄 用 手头 的 黑莓 9700 拍 同样 一 [MASK] <h>景</h> , 模式 不同 , 味道 也 大 不 一样 。",处,个,-0.7263339161872864,"个, 张, 片","-0.7263, -1.3578, -3.3114"
1146,"还 有 两 [MASK] <h>小时</h> 就 下班 了 , , 上班 下班 都 无聊 。",个,个,-0.0007209395989775658,"个, 些, 位","-0.0007, -9.6401, -9.6674"
1147,"经过 一 [MASK] <h>折腾</h> 终于 把 它 摆平 了 , 邻居 都 过来 询问 。",番,番,-0.10555613040924072,"番, 阵, 段","-0.1056, -3.1344, -4.0760"
1148,今年 除夕 还是 一 [MASK] <h>人</h> 在一起 吃饭 唯一 的 遗憾 是 爷爷 的 离开 回想 去年 的 今天 他 还 在 我 的 身边 心 好 痛 好痛 我 多么 希望 时光 倒回 让 我 再次 拥有 你 你 一定 要 在 天堂 好好 的,家,个,-0.46108007431030273,"个, 家, 对","-0.4611, -1.7451, -2.6689"
1149,"有 一 [MASK] <h>女人</h> 真 不 适合 带回 家 外日 , 我 真 错 了",种,种,-0.5919318199157715,"种, 个, 些","-0.5919, -1.2358, -3.0106"
1150,看上 一 [MASK] 法兰克 <h>穆勒</h>,款,页,-1.5556180477142334,"页, 段, 张","-1.5556, -2.4432, -2.5822"
1151,"饮 多 两 [MASK] <h>已经乜</h> 也 都 唔知 , 无 晒 知觉 唔知 发生 乜也事 。",杯,杯,-0.1566801369190216,"杯, 次, 口","-0.1567, -3.5418, -3.8694"
1152,"今天 把 一 [MASK] 齐 腰 的 <h>长发</h> 剪 了 , 还 破天荒 的 拉直 了 才 发现 曾经 的 头发 是 有 多 干 哪 , 不过 剪 了 短发 , 还 延 不 习惯 的",头,头,-0.05512959510087967,"头, 条, 个","-0.0551, -4.4508, -4.8519"
1153,"饿死 了 , 没 吃午饭 , 现在 才 下班 回家 , 车上 怎么 一 [MASK] 麻辣烫 的 <h>味道</h> 呀 受 不 了 !",股,股,-1.0762604475021362,"股, 点, 顿","-1.0763, -2.0044, -2.3290"
1154,吃 [MASK] <h>饭麻</h> 将 给 它 搞起 !,个,起,-2.5289883613586426,"起, 下, 头","-2.5290, -2.5357, -3.0201"
1155,"在 六班 的 最后 一 [MASK] <h>课</h> , 我 竟然 错过 了 。",节,节,-0.15715661644935608,"节, 堂, 门","-0.1572, -2.3801, -3.2808"
1156,"内 眼线 画法 6 步骤 一 学 就 会 第 1 [MASK] <h>抬起</h> 眼皮 , 用 眼线 笔 从 眼 尾 开始 描绘 。",步,步,-0.0038253425154834986,"步, 页, 张","-0.0038, -7.0271, -7.7728"
1157,开心 团购 春节 不 打烊 199 抢购 原 1288 的 彩贝儿 摄影 2012 乖 宝宝 套餐 服装 3 [MASK] <h>其成</h> 都 团购团 26,套,件,-0.4790782630443573,"件, 套, 个","-0.4791, -1.9074, -3.1968"
1158,"面对 着 不 完整 的 曾经 的 喜欢 的 人 试验 饰演 恋人 , 只 能 拥有 一 [MASK] 不 完整 的 <h>世界</h> 。",个,个,-0.00490591349080205,"个, 种, 片","-0.0049, -7.1182, -7.2279"
1159,"我们 在 旁边 观察 , 哪 一 [MASK] <h>人</h> 将来 能 有 成就 , 哪 一 看到 一 念 菩提心 的 博文 转载 净空 法师 能 不 能 成就 都 在 谦敬 有感而发 的 评论 。",种,个,-0.06171169877052307,"个, 位, 种","-0.0617, -4.5117, -4.5999"
1160,爱 变成 了 一 [MASK] <h>枷锁</h> 。,把,个,-0.284189373254776,"个, 种, 道","-0.2842, -2.7273, -2.9872"
1161,"第一 [MASK] <h>感谢</h> 皇马 , 让 我 惊出 了 一 身 冷汗 !",次,章,-1.1010595560073853,"章, 次, 句","-1.1011, -2.0758, -2.1664"
1162,"系 哩个 时刻 我 林 起 了 正在 上 夜班 的 你 再 过 一 [MASK] <h>钟</h> 就 要 起身 跑步 了 , 点算训 未 ?",个,个,-0.5904791951179504,"个, 分, 段","-0.5905, -1.0668, -3.9367"
1163,"本来 以为 这 [MASK] <h>行程</h> 的 时间 会 非常 充裕 , 但是 才 是 一 不 小心 稍稍宅 了 一 天 而已 , 一 天 而 已 啊 。",次,次,-0.4229525625705719,"次, 个, 趟","-0.4230, -1.5225, -2.4818"
1164,足球史 上 最 诡异 的 十 [MASK] <h>进球</h>,粒,个,-0.26469355821609497,"个, 次, 种","-0.2647, -2.8631, -3.5578"
1165,没 水 过 一 [MASK] <h>囫囵觉</h> !,个,下,-1.55672287940979,"下, 次, 点","-1.5567, -1.6266, -2.4169"
1166,"泸州 夜晚 妖气 冲天 , 哈批 , 你 [MASK] <h>日龙</h> , 你 电话 不 接 被 妖魔 鬼怪 抓 进 水帘 洞 关起 了 啊 ?",个,家,-1.5366531610488892,"家, 个, 把","-1.5367, -2.1837, -2.8155"
1167,饭局 也 疯狂 一 [MASK] 拥有 很 深刻 的 政治 讽刺 倾向 的 <h>恶</h> 搞 喜剧片 。,部,部,-0.3564886748790741,"部, 个, 些","-0.3565, -2.3208, -3.1693"
1168,今晚 又 无 节目 啦 不过 为 佐初 四 [MASK] <h>晚</h> 我 会 努力 稳,个,节,-0.4830998182296753,"节, 班, 点","-0.4831, -2.9695, -3.1931"
1169,"珠珠 看 他 又 拿出 那 [MASK] <h>劲道</h> 来 了 , 便 不再 说 下去 。",股,个,-1.1867191791534424,"个, 股, 些","-1.1867, -1.7607, -2.2676"
1170,"发表 了 博文 2010 年 5 月 11 日 D9 雍 布拉康 昌珠寺 2010 年 5 月 11 日 D9 雍 布拉康 昌珠寺 今天 一早 起来 退房 , 很 奢侈 地 花 了 10 [MASK] <h>钱</h> 打车 去 尼泊尔 大使馆 , 匆匆 在 大使馆 门口 的 照相馆 照",块,块,-0.010350923053920269,"块, 分, 个","-0.0104, -5.5796, -6.1944"
1171,谁 饮 一 [MASK] <h>月光</h> ?,壶,杯,-0.4464449882507324,"杯, 盏, 壶","-0.4464, -1.9059, -2.2381"
1172,"李思思 凭 什么 主持 央视 春晚 原本 六 人 行 的 主持群 朱军 配 周涛 , 李咏 配董卿 , 毕福剑 的 加入 是 最 大 特色 , 可 春晚 新人 李思思 的 亮相 更 是 增色 不少 , 俨然 为 春晚 主持界 带来 一 [MASK] 清新 之 <h>风</h> 。",股,股,-0.14900042116641998,"股, 阵, 道","-0.1490, -2.3462, -4.6527"
1173,"吃 [MASK] <h>药药</h> 睡觉 , 希望 这个 安眠药 有 效果 , 晚安 。",粒,点,-0.8472385406494141,"点, 个, 下","-0.8472, -1.2762, -2.3899"
1174,湖 人 三 [MASK] <h>投手</h> 太 弱 了,分,分,-1.00966477394104,"分, 名, 位","-1.0097, -1.1154, -2.0488"
1175,"不 应该 是 谁 走进 我 的 心 , 而 是 谁 能 让 我 爱上 他 , 说不定 人家 的 心 也 是 冻结 的 呢 , 爱情 是 两 [MASK] <h>人</h> 一起 经营 的 。",个,个,-0.004571080673485994,"个, 种, 段","-0.0046, -6.7697, -7.8361"
1176,我 在 www damai cn 发现 了 一 [MASK] 非常 不错 的 <h>演出</h> 2012 南亚 之门 大型 群星 演唱会 昆明站 时间 是 20120218 场馆 在 昆明市 体育场 强烈 推荐 !,个,个,-0.256853312253952,"个, 场, 次","-0.2569, -2.1277, -3.3402"
1177,"分享 图片 另 一 [MASK] 灿烂 <h>生活</h> , 爱 你 韩承羽 !",种,种,-0.6323845386505127,"种, 个, 份","-0.6324, -2.2323, -2.6110"
1178,"圣者 约翰克里斯多夫 终于 渡过 了 河 , 他 的 肩上 扛 着 一 [MASK] <h>孩子</h> , 他 放下 孩子 , 叹 口 气 问 孩子 , 你 多 重 啊 !",个,个,-0.023692356422543526,"个, 只, 位","-0.0237, -5.0942, -5.4465"
1179,新 伊 兰特 双门 版谍 照 曝光 有 望 引入 国内 网 上 车市 西安 分站 讯 近日 国外 媒体 再次 曝光 了 全新 伊 兰特 双门版 的 路 试 谍照 与 之前 不同 此 [MASK] 曝光 <h>车型</h> 没有 采用 任何 伪装 这 也 可以 让 我们 更加 清晰 的 了解 此 款 车型 。,次,次,-0.016605032607913017,"次, 处, 番","-0.0166, -5.0806, -5.4229"
1180,泪 奔 四 [MASK] <h>故事</h> 过度 得 太 好 了 !,个,季,-1.2174434661865234,"季, 楼, 集","-1.2174, -2.4790, -2.6863"
1181,"晒 一下 当时 在 游 凤凰 古城 时候 , 小小 牺牲 自己 色相 的 而 赢得 的 奖励 两 [MASK] <h>酒吧券</h>",张,张,-0.15483829379081726,"张, 个, 份","-0.1548, -2.7919, -3.7339"
1182,"不 能 再 让 心情 这么 坏 下去 了 , 长久 的 失眠 只 会 让 自己 气 血 淤滞 得 更 厉害 , 让 自己 这 [MASK] <h>脸</h> 越来越 不 成样 了 。",张,张,-0.12888595461845398,"张, 个, 副","-0.1289, -2.2749, -5.6898"
1183,"韩寒 和 <h>郭敬明</h> 刚好 代表 80 后 价值 取向 的 两 [MASK] 郭敬明 要 名声 钱 虚荣 , 这 是 好 事情 我 不 想 贬低 他 。",面,个,-0.20758382976055145,"个, 位, 句","-0.2076, -2.2866, -4.2225"
1184,民主 的 表现 为 中央 与 地方 的 二 [MASK] 选举 <h>制度</h> 。,级,级,-0.4336586594581604,"级, 次, 等","-0.4337, -1.7973, -2.2144"
1185,"回来 了 回来 了 开开 心心 过 年 , 就算 回来 时间 短 , 总 比 一 [MASK] <h>人</h> 在 那里 好 , 嘎 !",个,个,-0.06353582441806793,"个, 群, 些","-0.0635, -3.6012, -4.5660"
1186,新 还 珠 格格 之 人儿 何处 归 20 [MASK] <h>享自</h>,分,首,-1.5687541961669922,"首, 楼, 页","-1.5688, -2.6130, -2.6219"
1187,"2012 年 1 月 8 日 , 广西 桂林 , 在 6 [MASK] 全 副 武装 的 公安 特警 的 <h>护送</h> 下 , 阳桥 附近 一 通信 营业厅 的 工作 人员 曾 小姐 带 着 30 万 元 现金 安全 来到 银行 。",名,名,-0.024466929957270622,"名, 位, 个","-0.0245, -4.4019, -4.6704"
1188,250 克 好 利源 脆皮 软糖 鲜 乳球 混 合口味 580 元 近期 售出 103 [MASK] <h>地址</h>,件,件,-0.8578052520751953,"件, 份, 个","-0.8578, -1.4914, -1.9985"
1189,儿女 双 全 是 不 是 [MASK] <h>梦</h> ?,个,个,-1.7764946222305298,"个, 发, 对","-1.7765, -1.8735, -2.1207"
1190,"男人 从 女人 那 最 想 得 到 10 [MASK] <h>东西</h> , 看似 平淡 , 却 最 最 真实 !",种,个,-0.9548369646072388,"个, 样, 种","-0.9548, -1.3329, -1.4925"
1191,分享 图片 一 [MASK] <h>天</h> 起火 啊 咋办尼,线,个,-1.8024357557296753,"个, 下, 楼","-1.8024, -1.9134, -2.1550"
1192,第一 [MASK] <h>听到</h> 那么 正常 的 声音 !,次,次,-0.5831199884414673,"次, 个, 句","-0.5831, -1.8093, -2.5671"
1193,还 没来 的 及 开通 短信 功能 的 我 表示 今天 享受 不 到 这 [MASK] <h>快感</h> 了 。,种,种,-0.1709602326154709,"种, 个, 些","-0.1710, -2.4738, -4.0100"
1194,"刚 准备 打 电话 , 发现 手机 里 的 电话 号码 全 没 了 , , 昨天 晚上 睡前 没 事 做 , 看看 手机 里 那 [MASK] 什么 云 <h>备份</h> , 通通删 了 , 结果 电话 薄 里 的 号码 全 都 没 了 , 这下 怎么 办 噢 , 烦躁 !",个,个,-0.3281463086605072,"个, 些, 张","-0.3281, -1.4833, -4.2895"
1195,一大早 麻麻 就 各 [MASK] 不 <h>高兴</h> 。,种,种,-0.12693381309509277,"种, 个, 位","-0.1269, -2.3379, -5.5377"
1196,"如果 那 年 , 我们 多 对 或者 多 错 两 [MASK] <h>题</h> , 那么 现在 会 不 会 在 不同 的 地方 , 认识 完全 不同 的 人 , 做 着 完全 不同 的 事 果然 , 高考 的 迷人 之 处 , 不 是 在于 如愿以偿 , 而 是 阴差阳错 。",道,道,-0.11545228958129883,"道, 个, 次","-0.1155, -2.5539, -4.9833"
1197,"微博 就 是 一 [MASK] 横跨 心灵 的 <h>桥</h> , 走 过 了 无数 代沟 , 猜忌 , 不信任 还 有 差异",座,座,-0.22853662073612213,"座, 条, 个","-0.2285, -2.1158, -3.3305"
1198,比 你 见 下 [MASK] 大 <h>场面</h> 哦,滴,面,-0.273917019367218,"面, 次, 个","-0.2739, -2.7018, -3.8593"
1199,"内心 充满 忌妒 , 心 中 不 坦白 , 言语 不 正 的 <h>人</h> , 不 能 算是 一 [MASK] 五 官 端正 的 人 。",位,个,-0.11620304733514786,"个, 种, 位","-0.1162, -2.7378, -3.9139"
1200,现在 还 有 谁 能 和 我 聊 三 [MASK] <h>钟</h> 呵呵,个,分,-0.17627987265586853,"分, 句, 个","-0.1763, -2.6837, -3.1190"
1201,"虽然 比分 没有 改写 , 可 球员们 都 很 积极 , 都 在 不遗余力 的 奔跑 另外 , 小 胡安 来 了 就 好好 的 踢意杯 , 别 让 副队 再 出场 了 , 那么 大 年纪 了 万一 伤 弄 [MASK] <h>伤退</h> 就 不 好 了",个,起,-1.4614280462265015,"起, 发, 回","-1.4614, -1.6223, -2.2093"
1202,新年 第一 [MASK] <h>讨到</h> 的 红包,拨,个,-0.9975959062576294,"个, 波, 次","-0.9976, -1.9265, -2.1064"
1203,"我 在 这里 攀枝 花 火车站 热 的 心 发慌 , 四 [MASK] <h>人</h> 一 包厢 , 看书 的 看书 , 耍 手机 的 耍 手机 , 就 我 无聊 , 要 回家 了 , 把 过 年长 的 肉 甩掉 吧",个,个,-0.02686344087123871,"个, 口, 面","-0.0269, -5.5819, -5.8545"
1204,"很 喜欢 的 一 [MASK] <h>话</h> , 什么 时候 学会 相互 理解 , 那 将 会 是 永恒 的 乌托邦 。",句,段,-0.9155484437942505,"段, 句, 首","-0.9155, -0.9304, -2.8142"
1205,"有些 人 是 一辈子 做 不 了 淑女 的 , 因为 做 淑女 不 是 说说 , 想 装 就 能 装 的 , 而 是 由 内 而 外 的 一 [MASK] <h>气质</h>",种,种,-0.0785636231303215,"种, 个, 份","-0.0786, -3.5762, -4.0601"
1206,"维生素 C 不 足 也 会 降低 免疫力 , 人们 可以 从 柑橘类 水果 中 摄取 这 [MASK] <h>营养素</h> 。",种,些,-0.26420754194259644,"些, 种, 类","-0.2642, -1.8663, -2.6480"
1207,"Then , 猜猜 这 [MASK] <h>美女</h> 1 路 车 让 我们 等 得 好 辛苦 谢谢樊 阿姨 的 礼物 , 无敌 精致 的 鞋垫 , 叫 我 怎么 忍心 垫脚丫子 捏 ?",位,个,-0.7825514674186707,"个, 位, 些","-0.7826, -1.1732, -2.0526"
1208,看到 这 阳光 灿烂 蓝天 白云 我 脑子 里 只 蹦出 一 [MASK] <h>话</h> !,句,句,-0.15068010985851288,"句, 个, 段","-0.1507, -2.7075, -3.4318"
1209,新年 快乐 趁 老豆 开工 前 拿佐 两 [MASK] <h>斟茶利</h> 是 先 哈哈多 谢 爹娘 祝 你 地 身体 健康 财源 广进 嘻嘻 继续 训觉,封,杯,-0.610457181930542,"杯, 个, 位","-0.6105, -2.2663, -3.3703"
1210,"有 香浓 的 咖啡 和 美味 的 蛋糕 , 有 淡淡 的 书香 , 有 轻轻 的 音乐 萦绕 耳旁 , 门口 放 着 几 [MASK] 小 <h>花</h> 。",盆,朵,-0.6472791433334351,"朵, 盆, 束","-0.6473, -1.8555, -2.6404"
1211,無聊 沒事幹 一 [MASK] <h>利</h> 是 都 沒收 到 不 想 收懶 得 出去,封,下,-0.8743349313735962,"下, 件, 些","-0.8743, -2.0339, -2.3131"
1212,第四 [MASK] 的 <h>抢</h> 七 精彩 精彩 紧张 !,盘,章,-2.366116523742676,"章, 轮, 场","-2.3661, -2.5211, -2.5512"
1213,"我 可 不 想 让 这 [MASK] <h>函数</h> 突然 坍缩 , 所以 最 好 的 办法 就 是 不 观察 。",波,个,-0.05133986100554466,"个, 些, 种","-0.0513, -3.5025, -5.2238"
1214,我 想 吃 双 [MASK] 雪糕 <h>北冰洋哒</h>,棒,层,-0.3127424418926239,"层, 面, 味","-0.3127, -2.3268, -3.3902"
1215,"点击 参与 每 天 一 [MASK] <h>希望</h> 能 中 , 我 超 喜欢 这 双 红色 的 本命年 啊",次,对,-1.5826561450958252,"对, 双, 组","-1.5827, -2.2089, -2.3100"
1216,"半 [MASK] <h>月</h> 后 再 见 , 我 亲爱 的 表哥",个,个,-0.007136656902730465,"个, 分, 点","-0.0071, -6.9961, -7.7373"
1217,"6 岁 以下 儿童 , 可以 有 一 [MASK] <h>家长</h> 在 医院 陪护 。",名,名,-0.5994802713394165,"名, 位, 个","-0.5995, -1.2437, -1.8998"
1218,"每 [MASK] <h>过</h> 年 我 妈 就 会 提起 我 那 抹 不 掉 的 回忆 , 呵呵 , 那些 年 的确 是 幸福 甜蜜 的 , 感谢 你 我 的 7 仔",次,个,-0.20470525324344635,"个, 次, 回","-0.2047, -2.7793, -3.2301"
1219,一 [MASK] <h>身</h> 就 见到 哩件 野,起,下,-1.176852822303772,"下, 行, 回","-1.1769, -2.1522, -2.2944"
1220,喜欢 那 [MASK] 手机 <h>彩铃</h> 。,个,个,-0.8425130844116211,"个, 部, 款","-0.8425, -2.1268, -2.2391"
1221,面牽 一 綫吃 今年 既 第一 [MASK] <h>冰震</h> 奶茶 好好 味 我 在 這裡 银座 广场,餐,餐,-1.4492897987365723,"餐, 次, 碗","-1.4493, -1.8787, -2.2169"
1222,去 北京 的 路 上 还 有 7 [MASK] <h>小时</h> 加油 啊 开车 开 的 腰酸 想 你 呀 乖乖 等 我 回家,个,个,-0.0013294708915054798,"个, 座, 次","-0.0013, -8.8776, -9.1996"
1223,搞 了 这么样 一 [MASK] 好 <h>天气</h> 。,个,个,-0.056055307388305664,"个, 次, 场","-0.0561, -4.9872, -5.1067"
1224,"身价 计算 报告 吴美娜 , 你 现在 的 身价 是 26 万 , 身价 状态 每 月 395 [MASK] 的 <h>速度</h> 上涨 快来 算算 你 的 身价 吧 !",块,点,-1.8181049823760986,"点, 次, 块","-1.8181, -2.0681, -2.4531"
1225,这个 深夜 我 做 了 一 [MASK] 很 勇敢 的 <h>事情</h> 没错 觉得 值得 就 去 做 争取 自己 想要 的 跟 着 感觉 走,件,件,-0.7168691754341125,"件, 些, 个","-0.7169, -0.8811, -2.6133"
1226,"列车员 推 着 蛋糕 瓜子 和 武侠 言情 凶杀 小说 在 车厢 过道 里 来来往往 , 许久 不见 有 一 [MASK] <h>生意</h> 。",笔,笔,-1.2612279653549194,"笔, 番, 个","-1.2612, -2.2913, -2.3465"
1227,不 要 浪费 生命 在 痛苦 的 选择 上 听 说 模联 这 [MASK] <h>女士</h> 必须 穿 裙装,次,样,-0.8943908214569092,"样, 个, 些","-0.8944, -1.8744, -1.9488"
1228,"今天 的 主要 剧情 就 是 大早 上 就 拿 着 滑板 满 街 的 跑 , 原本 好好 的 说 出来 吃 个 早点 , 现在 早点 没 吃 着 还 闹 出来 这些 [MASK] <h>事</h> , 真 TM 愤青 。",些,件,-1.872300148010254,"件, 点, 个","-1.8723, -2.3502, -2.5092"
1229,"6 年 , 父母 的 委屈 , 我 的 恨 , 以及 当年 太 奶奶 的 含恨 而 终 , 就 在 你们 的 自相 残杀 中 慢慢 报 了 长子 有 什么 用 , 长孙 有 什么 用 , 最终 敌 不过 一 [MASK] <h>利字</h>",个,个,-0.5089046955108643,"个, 句, 声","-0.5089, -2.6557, -3.4743"
1230,"这 两 袋 <h>猫</h> 粮 价格不菲 , 一 [MASK] 吃 了 一半 另 一 袋 还 没 开封 的 。",袋,袋,-0.004264793358743191,"袋, 包, 只","-0.0043, -6.5383, -7.2977"
1231,比 平时 晚到 家 一 [MASK] <h>小时</h> 啊,个,个,-0.0031605784315615892,"个, 些, 点","-0.0032, -6.6614, -8.1326"
1232,"我们 第一 [MASK] <h>到</h> 临海 , 后面 的 , 要 加油 了 !",个,次,-1.2160636186599731,"次, 班, 个","-1.2161, -1.8184, -1.8839"
1233,与 三 [MASK] 不 知名 <h>大叔</h> 玩起 了 狼人,位,个,-0.4315904974937439,"个, 位, 名","-0.4316, -1.6882, -1.8322"
1234,以前 多 清新 的 一 [MASK] <h>脸</h> 哇,张,张,-0.23721981048583984,"张, 个, 点","-0.2372, -2.3031, -4.0875"
1235,"每 [MASK] <h>看完</h> 北爱 , 心 里 就 难受 的 睡 不 着 。",次,次,-0.02646719291806221,"次, 回, 个","-0.0265, -4.3054, -5.2598"
1236,"今天 打给 她 , 希望 正 如 她 所 讲 的 一样 , 梦 与 现实 是 相反 的 , 2012 [MASK] <h>大运</h> 。",行,行,-1.6104143857955933,"行, 版, 门","-1.6104, -2.4945, -2.7922"
1237,祥哥 像 你 那 [MASK] 玫瑰 <h>花瓣</h> 不 啊,个,朵,-1.0049290657043457,"朵, 样, 个","-1.0049, -1.5256, -1.9147"
1238,我 参与 了 发起 的 投票 你 喜欢 哪 5 [MASK] <h>NBA</h> 球队 ?,支,支,-0.72050940990448,"支, 个, 家","-0.7205, -0.8330, -3.3398"
1239,这 才 是 迟到 的 第一 [MASK] 新年 快乐 <h>啦啦</h> 啦啦 爱 你们,波,次,-1.1124893426895142,"次, 步, 个","-1.1125, -1.2462, -2.6347"
1240,活活 60 [MASK] <h>抽</h> 奖 名额 都 愣是 坚持 没 中 。,个,个,-0.9101731181144714,"个, 点, 分","-0.9102, -2.8546, -2.9867"
1241,"在 乡下 , 看见 一 [MASK] <h>爷爷</h> 正在 做 扫 把 , 原来 是 这么 做 的 , 好像 拔河 比赛 !",个,位,-0.3872385025024414,"位, 个, 些","-0.3872, -1.2578, -4.7765"
1242,龙年 你 可以 减肥 了 我 很 认真 [MASK] 跟 你 <h>讲</h> !,滴,只,-1.8761084079742432,"只, 记, 个","-1.8761, -2.5732, -2.9179"
1243,"预订款 还 没 开售 预计 一 周 之后 可 代 到 , Micro 和 Nano 两 [MASK] <h>尺寸</h> 都 有 , 颜色 绝对 抢眼 , 连 平时 只 喜欢 暗色系 的 我 都 有点儿 心动 , 够 尖儿 !",个,种,-0.39517781138420105,"种, 款, 个","-0.3952, -1.6985, -2.0507"
1244,观众 对 魔术 揭秘 这 [MASK] 空前 的 <h>求知欲</h> 。,种,个,-1.0577691793441772,"个, 种, 场","-1.0578, -1.5144, -1.5421"
1245,你 妈妈 你们 一 [MASK] 都 不 <h>要</h> 动 !,个,点,-0.24677829444408417,"点, 个, 样","-0.2468, -2.1077, -3.7222"
1246,吵架 是 生活 里 的 调味 [MASK] <h>痛苦</h> 但 也 要 快樂 地 活 著 !,剂,剂,-0.022084496915340424,"剂, 片, 瓶","-0.0221, -5.0535, -6.1816"
1247,往年 感觉 你 总 买 一 大 [MASK] <h>花</h> 回来 要 我 帮忙 清理 装饰 什么 的 很 烦 。,堆,盆,-0.9744127988815308,"盆, 堆, 束","-0.9744, -1.2624, -2.1783"
1248,"并 用 手 捧 水 向 脸上 泼 , 记得 用 冷水 泼 脸 20 [MASK] 左右 就 <h>可以</h> 了 。",次,次,-0.6409621834754944,"次, 下, 分","-0.6410, -1.1159, -2.6075"
1249,三元桥 就 一 [MASK] 班 <h>车</h> 。,辆,班,-0.30955639481544495,"班, 个, 辆","-0.3096, -2.8131, -3.3063"
1250,"面条 之 路 一 [MASK] <h>纪录片</h> , mark",部,部,-1.1293774843215942,"部, 个, 集","-1.1294, -1.2000, -2.7688"
1251,"爱情 是 会 冷却 的 , 在 平淡 的 日子 里 , 最 重要 的 是 经常 给 两 [MASK] 相互 依偎 的 <h>心</h> 加加 温爱情 是 会 沉淀 的 , 在 相处 的 日子 里 , 要 记得 时不时 摇晃 一下 盛装 爱情 的 水杯 !",颗,颗,-0.11839784681797028,"颗, 个, 条","-0.1184, -2.2788, -5.7490"
1252,"家人 都 不 认同 我 谈 朋友 , 这 是 怎么 一 [MASK] <h>事</h> ?",回,回,-0.05712909623980522,"回, 件, 个","-0.0571, -3.1305, -4.8958"
1253,新年 第一 [MASK] <h>祝愿</h> 大家 龙年 发大财,帖,声,-1.5831390619277954,"声, 个, 句","-1.5831, -1.8219, -2.3563"
1254,起身 啦 起身 啦 玩 咖啡 恋人 啦 虽然 唔知几 时 会 唔玩 但是 宜家 仲系度 玩仲 有 边 鬼 [MASK] <h>玩噶</h> ?,个,架,-1.7384929656982422,"架, 家, 帮","-1.7385, -2.1203, -2.3907"
1255,"这 是 日本 Epoch 开发 的 一 [MASK] 运动 感应 <h>游戏</h> 或称 独立 游戏机 , 不 隶属于 nitendo s box 阵营 , 游戏者 扮演 机器 猫 或 称多 拉 a 梦 或者 大雄 或称康 夫囧 等 人 , 在 游戏 中 戴 着 竹蜻蜓 飞行 寻宝 。",个,款,-0.07370266318321228,"款, 个, 种","-0.0737, -3.3762, -3.9371"
1256,"人 在 雾 中 走 , 一切 都 隐隐约约 , 影影绰绰 , 思绪 飘然 疑 似 自己 如 一 [MASK] 秋 <h>叶</h> , 随 秋风 漂 失 , 不 知会 吹 落 到 何处 ?",片,片,-0.2652010917663574,"片, 枝, 朵","-0.2652, -3.1077, -3.1445"
1257,"发表 了 博文 胃 靠 养 之 冬季 养 胃 心得 人体 有 众多 的 器官 , 血管 , 四肢 , 骨头 , 关节 , 要 想 身体 整体 健康 , 那么 每 一 [MASK] <h>单元</h> 的 健康 必不可少 。",个,个,-0.012526258826255798,"个, 位, 节","-0.0125, -6.5798, -6.8727"
1258,在 這新春 佳節 大 年 三十 [MASK] 應和 <h>家人</h> 其樂 融融 的 吃 完 年夜飯 看看 春節 聯歡 晚 會什麼 的 那 是 多麼 美好 的 事兒 呀 !,本,回,-1.173166036605835,"回, 本, 家","-1.1732, -1.6788, -1.8527"
1259,等 我 睇个 新 天生 一 [MASK] <h>先</h>,对,个,-0.9275917410850525,"个, 样, 点","-0.9276, -2.5296, -3.0932"
1260,"回家 的 路 上 , 困死 啦 困死 啦 困死 啦 跟 [MASK] <h>兄嫂</h> 同 车 , 又 无聊 又 尴尬 , 唉唉唉",堂,个,-1.4319056272506714,"个, 家, 路","-1.4319, -1.4391, -2.6420"
1261,成 [MASK] <h>事</h> 真係 笑 中 有淚 向前 望,件,家,-1.1462265253067017,"家, 番, 件","-1.1462, -2.1665, -2.1710"
1262,", 明年 给 她 找 [MASK] <h>儿媳妇</h> 随便 他们 去 逛 。",个,个,-0.016781946644186974,"个, 点, 些","-0.0168, -4.9759, -6.1032"
1263,"红 嘴 鸟 包 邮韩版 磨砂 真皮 钨钛金 双 [MASK] <h>牛皮</h> 花瓣 咖色 单肩 斜挎 女式 包包 21500 元 热销 中 , 别 错过 哦",层,层,-0.8945119380950928,"层, 面, 手","-0.8945, -1.2212, -2.2529"
1264,甘肃 武威 地区 发生 31 [MASK] <h>地震</h> 分享 自,级,级,-0.07757935672998428,"级, 次, 起","-0.0776, -2.9743, -4.3125"
1265,"平时家 在 心 里 此刻家 在 眼前 泸州 老窖 伴 您 回家 离 回家 还 有 2 天 我 的 祝福 乘 着 除夕 的 钟声 飞向 你 , 愿 你 新 的 一 年 快乐 笑 [MASK] <h>高幸福</h> 美满 全 家 好 快来 和 我 一起 参加 泸州 老窖 伴 您 回家 的 活动 吧 !",步,脸,-0.1762785166501999,"脸, 声, 面","-0.1763, -3.0955, -3.6998"
1266,究竟 谁 该 拥有 那 [MASK] <h>火车票</h>,张,张,-0.12198541313409805,"张, 些, 份","-0.1220, -3.2698, -3.6122"
1267,"九寨沟 海拔 在 2 千 米 以上 , 遍布 原始 森林 , 沟 内 分布 一百零八 [MASK] <h>湖泊</h> , 有 童话 世界 之 誉九寨沟 为 全 国 重点 风景 名胜区 , 并 被 列入 世界 遗产 名录 。",个,个,-0.13570232689380646,"个, 座, 处","-0.1357, -2.4417, -3.4411"
1268,用心 去 做 每 一 [MASK] <h>事</h> !,件,件,-0.009026553481817245,"件, 个, 样","-0.0090, -5.8770, -6.2711"
1269,MY LOVE 中 非常 中意 的 一 [MASK] <h>歌</h> 请 你 给 我 好 一点 的 情敌 田馥甄 分享 自,首,首,-0.010440601967275143,"首, 段, 句","-0.0104, -5.4551, -6.4533"
1270,"昨晚 梦见 穿 新 鞋 , 起来 趁 还 没 忘记 赶紧 周公 解梦 一下 , 一 看 就 乐 了 未婚 女子 梦见 穿 新 鞋 , 会 嫁给 一 [MASK] 宽宏 大量 聪明 能干 的 <h>男子</h> 。",位,个,-0.4940545856952667,"个, 位, 名","-0.4941, -0.9949, -4.1197"
1271,晚上 在 家么 事 泡 [MASK] <h>脚</h> 神马 的 真 是 舒服 !,个,个,-0.4643448293209076,"个, 盆, 面","-0.4643, -2.7136, -2.9296"
1272,"不 去 思考 , 不 去 怀念 , 只是 爱 体验 这 [MASK] <h>感觉</h> 。",种,种,-0.09018203616142273,"种, 个, 份","-0.0902, -3.3047, -3.6858"
1273,", 我 投给 了 风声 吴 大队长 这 1 [MASK] <h>选项</h> 。",个,个,-0.041384633630514145,"个, 项, 条","-0.0414, -5.2172, -5.2349"
1274,哈哈 我 要 进 地铁 的 时候 先 看到 你 脚 下 的 鞋 脑海 第一 [MASK] <h>浮现</h> 肯定 是 B BOY 抬头 一 看 居然 是 你 哈哈够 搞笑 的 我 还 刚 从 华强 北练 完舞,个,个,-0.2536463737487793,"个, 次, 眼","-0.2536, -1.9138, -3.1859"
1275,"试 了 三 [MASK] <h>包子</h> , 肉包 比 对面 好吃 , 香菇包 跟 菜包 则 不 及 , 豆脑 更 可 无视 。",种,个,-0.7802570462226868,"个, 种, 次","-0.7803, -1.7345, -2.3492"
1276,"余 则 成 的 潜伏 之 道 1 [MASK] 牢 <h>嘴</h> , 少 议 同事 , 多崇 上级 。",管,记,-2.418282985687256,"记, 笼, 套","-2.4183, -2.8099, -2.8946"
1277,看到 逸能 石缘 的 博文逸 能 石缘 奇石 100 [MASK] 36 洪福齐天 有感而发 的 <h>评论</h> 。,枚,号,-1.8932251930236816,"号, 块, 级","-1.8932, -2.6276, -2.8188"
1278,"刚刚 百 度 了 一下 , 加智齿 应该 是 32 [MASK] <h>牙齿</h> 。",颗,颗,-1.1303699016571045,"颗, 级, 个","-1.1304, -1.5449, -1.9997"
1279,"西媒曝 2 中 超 队 邀古蒂 加盟 <h>财力</h> 雄厚 砸 重金 购金 狼 据 西班牙 媒体 称 , 除了 之前 传出 的 上海 申花 外 , 还 有 另 一 [MASK] 财力 雄厚 的 中超球队 向 金狼 发出 了 邀请 。",支,支,-0.20729213953018188,"支, 家, 个","-0.2073, -1.9120, -4.0521"
1280,"今天 一早 起来 , 赚 死 了 , 有 木 有 尤其 那 两 [MASK] <h>粉嫩</h> 粉嫩 的 让 人 特别 开心 , 谢谢 啦亲 记得 新 的 一 年 要 事事 顺心哟",封,个,-0.8216895461082458,"个, 颗, 张","-0.8217, -2.0403, -2.4457"
1281,快 来 看看 的 微博 傻子 一 [MASK] <h>围观</h> !,枚,起,-0.05161239951848984,"起, 个, 样","-0.0516, -4.5903, -4.8945"
1282,"这 [MASK] <h>宝贝</h> 这 两 天 问 的 人 满 多 2011 年 夏装 韩版 夏威夷 沙滩裤 五分裤 男士 花裤 迷彩裤 纯 棉 , 价格 3900 元 , 见",件,个,-0.6512187123298645,"个, 款, 家","-0.6512, -2.0236, -2.4313"
1283,"每 天 都 要 吸收 [MASK] 养生 <h>知识</h> , 过 年 也 不 能 例外 !",些,点,-0.6475645899772644,"点, 些, 下","-0.6476, -0.8616, -3.6078"
1284,梦见 一 [MASK] <h>境</h> 。,场,个,-1.1101317405700684,"个, 种, 处","-1.1101, -2.7648, -2.9765"
1285,"在 河源 很 无助 , 今晚 一 [MASK] <h>人</h> 在 翔丰 的 麦当劳 过夜 , 麦当劳 没 开 暖气 很 冷 , 时间 再 快点 吧 !",个,个,-0.42192351818084717,"个, 家, 行","-0.4219, -1.9735, -2.0120"
1286,"杨贰佰叁 拾 陆宝 大 [MASK] <h>花</h> 盛开 我 的 今夏 , 来自",朵,道,-1.3628382682800293,"道, 家, 门","-1.3628, -1.7676, -2.4354"
1287,和 两 [MASK] <h>鸡巴</h> 佬搞基,个,个,-0.07618437707424164,"个, 只, 位","-0.0762, -4.1334, -4.1869"
1288,"一 [MASK] 曾经 熟识 , 现今 却 并 无 联系 的 <h>人</h> , 跋山涉水 , 风尘仆仆 , 汇于一堂 。",群,群,-0.30364713072776794,"群, 个, 些","-0.3036, -1.9688, -3.1978"
1289,啾啾啾 9 现在 成为 了 一 [MASK] <h>市长</h> !,名,名,-0.8180363774299622,"名, 个, 位","-0.8180, -1.1176, -1.6284"
1290,第一 [MASK] <h>发</h> 压岁 钱 啊 !,次,次,-0.5503057241439819,"次, 个, 章","-0.5503, -2.2283, -2.4526"
1291,"当 上班 的 心情 比 上坟 还 要 沉重 的 时候 , 职场 教会 我们 三 [MASK] <h>事</h> 要么 忍 , 要么 狠 , 要么 滚 。",件,件,-0.002211630344390869,"件, 样, 个","-0.0022, -6.6495, -8.1183"
1292,"昨夜 烟 花卷 卷舒 , 团圆 除夕 一 [MASK] <h>亲</h> 。",家,家,-0.41155025362968445,"家, 起, 个","-0.4116, -2.6106, -3.3491"
1293,所有 的 <h>车</h> 都 只 能 绕过 这 [MASK] 车 从 两 边 小心翼翼 地 驶过 。,辆,些,-0.9769735336303711,"些, 辆, 个","-0.9770, -1.0591, -2.1363"
1294,"网 上 的 富 二 [MASK] <h>斗富</h> , 看 了 你 会 傻眼 的 吧 。",代,代,-2.861027041944908e-06,"代, 层, 辈","-0.0000, -13.6087, -15.5021"
1295,迎 财神 这 [MASK] 神圣 的 <h>任务</h> 就 交给 我 老爸 了,项,个,-0.34087634086608887,"个, 样, 项","-0.3409, -2.3274, -2.8716"
1296,你 睇下 依 种 是否 你 上 [MASK] <h>想要</h> 果 种 果仁,次,次,-1.0816524028778076,"次, 面, 下","-1.0817, -1.8833, -2.4518"
1297,"美文 故事 人生 有 三 [MASK] <h>东西</h> 是 无法 隐瞒 的 咳嗽 贫穷 和 爱 你 想 隐瞒 , 却 欲盖祢彰 。",样,种,-0.4260130524635315,"种, 样, 个","-0.4260, -1.7560, -1.9894"
1298,第一 [MASK] 用 肯德基 网 上 <h>订餐</h> 。,次,次,-0.027790242806077003,"次, 个, 步","-0.0278, -5.3503, -5.3749"
1299,"真的 不 是 生气 , 就 是 感觉 你 这 [MASK] <h>人</h> 怎么 配 活 在 这个 世界 上 , 把 你 的 所 做 所 为 拍成 电视剧 全 世界 人 都 得 买 机票 来 沈阳 朝 你 吐口水 。",种,个,-0.21710115671157837,"个, 种, 样","-0.2171, -1.8908, -3.6399"
1300,"此后 , 马来营 给 杜保乾 夫妇 送 过 各 [MASK] 高档 <h>服装</h> , 以至 禁 不 住 向 杜保乾案 办案 人员 感叹",种,种,-0.10923046618700027,"种, 类, 样","-0.1092, -2.3470, -5.7813"
1301,古巨基 都俾 你 窒死 一 [MASK] 有 文化 咖人 的 幽默 林敏聪 你 系 得噶 <h>人才</h>,个,个,-0.18343892693519592,"个, 位, 句","-0.1834, -2.7454, -4.6151"
1302,你 知道么 刚刚 看到 一 [MASK] 很 有意思 的 <h>问题</h> 那里 可以 买 尼泊尔 佛像 ?,个,个,-0.02978857420384884,"个, 些, 条","-0.0298, -4.7229, -5.6735"
1303,", 我 投 给 了 激烈 的 PVP 战场 竞技场 这 1 [MASK] <h>选项</h> 。",个,个,-0.05093950778245926,"个, 项, 种","-0.0509, -4.6674, -5.3558"
1304,"走出 教堂 , 迎面 看见 了 这 [MASK] <h>树</h> , 是 谁 种下 的 ?",棵,棵,-0.07563430815935135,"棵, 颗, 株","-0.0756, -3.7878, -3.9566"
1305,"哎 , 擦了 [MASK] <h>肩</h> !",个,脸,-1.381319284439087,"脸, 下, 个","-1.3813, -1.7232, -1.9201"
1306,找 一 [MASK] 好 <h>老婆</h> 是 我 一 生 的 追求 。,个,个,-0.007931850850582123,"个, 位, 名","-0.0079, -5.0320, -7.8644"
1307,月 塘小禾 又 完成 了 一 [MASK] 市民 的 <h>心愿</h> 。,个,个,-0.6474276185035706,"个, 位, 些","-0.6474, -1.3824, -3.1151"
1308,"所谓 的 拜年 就 是 在 这 [MASK] <h>吃点</h> 东西 再 跑到 那家 吃点 东西 , 回家 的 时候 就 饱 了 。",家,家,-0.007996918633580208,"家, 个, 些","-0.0080, -5.8998, -6.9734"
1309,"一大早 起来 搞 卫生 , 出 一 [MASK] <h>汗</h> , 真 舒服 !",身,身,-0.08032924681901932,"身, 股, 口","-0.0803, -4.4831, -4.6127"
1310,你 啥时候 能 不 一 [MASK] <h>贱样</h> 啊 喂 !,脸,副,-0.7850978374481201,"副, 个, 脸","-0.7851, -1.7228, -2.1873"
1311,"当日 , 安徽 黄山 风景区 雪后 放晴 , 罕见 的 瀑布 流云 从 始信峰 的 山坳 中 奔腾 而 下 , 汹涌澎湃 , [MASK] <h>山峰</h> 在 云海 中 若隐若现 , 美轮美奂 , 似 海市蜃楼 , 蔚为 壮观 。",座,群,-0.5428584814071655,"群, 个, 座","-0.5429, -2.5733, -2.8714"
1312,我 当时 那 叫 一 [MASK] <h>晕啊</h> 笑 语录 我 正 在 玩 微博 精选 看 短信 发微 博,个,个,-0.00613031443208456,"个, 句, 张","-0.0061, -6.4493, -7.1641"
1313,"昨天 碰到 一 [MASK] <h>朋友</h> , 她 女儿 去年 考上 了 P , 这 让 我 无比 的 羡慕 , 因为 P 是 这 附近 最 好 的 私立 学校 。",个,个,-0.5367240905761719,"个, 位, 名","-0.5367, -0.8980, -5.5274"
1314,噬魂师 <h>粤语版</h> 在 线 观看 噬魂师 粤语版 第 038 [MASK] 噬魂师 粤语版 全集 天 上 人间 动漫网,集,集,-0.027978893369436264,"集, 季, 卷","-0.0280, -4.4730, -5.5191"
1315,史 上 春节 前 最后 1 周 行情 揭秘 15 年 中 14 [MASK] <h>翘尾</h> 财经 频道 东方 财富 网 分享 自,次,股,-1.505065679550171,"股, 个, 次","-1.5051, -1.8677, -2.0872"
1316,"老公 酒醒 以后 早上 醒来 , 丈夫 对 妻子 说 , 咱们 家 有 鬼 , 昨晚 我 回到 家 , 去 厕所 , 一 开门 灯 就 自己 亮 了 , 还 有 一 [MASK] <h>寒气</h> 逼 来 !",股,股,-0.10443239659070969,"股, 阵, 丝","-0.1044, -2.7491, -4.1781"
1317,"到 一 狒狒 [MASK] 前 , 飞晏 <h>指</h> 着 笼子 和 梁爽 说 看 , 佛佛 。",笼,面,-0.16293594241142273,"面, 眼, 身","-0.1629, -2.9903, -3.1596"
1318,食 饭 就 吃 鸡 鸭 鹅 过 [MASK] <h>年姐</h> 用 不 用 天天 鸡 鸭 鹅 本来 我 很 喜欢 吃 鸡 的 衣架 听到 都 厌食 饭食 鸡食 饭食 鸭 食 饭食 鹅 我 要 海鲜,个,节,-0.7178428769111633,"节, 道, 份","-0.7178, -2.9281, -3.2507"
1319,我 一 [MASK] <h>人</h> 一口气 喝 了 大 半瓶 竹叶青 。,个,个,-0.02244322933256626,"个, 家, 行","-0.0224, -5.0317, -5.8170"
1320,初一 到 初五 中国 教育 一 [MASK] <h>晚</h> 十一点半 怪兽 档案,台,级,-1.5125213861465454,"级, 线, 号","-1.5125, -2.0635, -2.1016"
1321,"在 我 的 出走 计划 前 , 我 可以 有 [MASK] 放松 的 <h>地方</h> !",个,个,-0.036145251244306564,"个, 些, 点","-0.0361, -4.1130, -4.3659"
1322,"假期 真 不 适合 忙 工作 , 半天 写 不 出 一 [MASK] <h>字</h>",行,个,-0.21949657797813416,"个, 行, 堆","-0.2195, -2.5987, -3.2755"
1323,"小 米 自动 醒 了 亲昵 两 [MASK] 趴 我 身上 继续 睡 , 夜 静悄悄 人 的 <h>思路</h> 也 异常 清晰 , 喝 杯 温水暖胃 , 感觉 很 好 , 早安 !",下,个,-0.999748945236206,"个, 下, 次","-0.9997, -1.6849, -2.2686"
1324,"gc 是 第二 天 同学 去 找 那 老板 说 要 退碟 , 那 老板 还 小声 的 嘀咕 了 一 [MASK] 为什么 要 退 啊 , 唱 的 <h>蛮好</h> 的 蛮好 的 。",句,句,-0.20842579007148743,"句, 下, 声","-0.2084, -2.2199, -2.8760"
1325,"又 是 一 [MASK] <h>人</h> , 接个 十 年 不 见 的 亲人 , 听 生辰 快乐 真 是 悲喜 交集 。",伙,个,-0.25273430347442627,"个, 家, 代","-0.2527, -2.8954, -3.0432"
1326,"厚 涂 的 质感 真心 很 棒 , 不过 Flash 永远 都 画 不 到 这 [MASK] <h>效果</h> 了 。",种,种,-0.4007765054702759,"种, 个, 样","-0.4008, -1.2788, -3.6104"
1327,"小姨 生 了 [MASK] <h>妹妹</h> , 哈哈 , 六 斤 二 两 !",个,个,-0.02025012858211994,"个, 位, 下","-0.0203, -4.8141, -6.0684"
1328,"2 佛像 若 是 以 挂图 的 形式 , 应该 剪 一 [MASK] 一 元 <h>大小</h> 的 红 纸 贴 在 佛祖 莲座 上 或 座位 上 , 以 示 吉祥选 。",张,张,-0.03707581385970116,"张, 块, 个","-0.0371, -4.7383, -5.0174"
1329,"终于 做 了 [MASK] 了 <h>决定</h> , 不管 对 不 对 都 不 能 后悔 , 也 回 不 了 头 了 , 只是 我 会 为 此 付出 代价 失去 最 亲 最 爱 的 宝贝 , 或许 只有 这样 才 能 回到 以前 , 很 痛苦 很 心疼",个,个,-0.7972815632820129,"个, 对, 下","-0.7973, -1.2175, -2.2802"
1330,"推荐 给 大家 一 [MASK] 不错 的 小 <h>工具</h> 眼 保健操 , 实用 又 方便 , 真的 很 赞 哦 !",个,个,-0.5045611262321472,"个, 些, 款","-0.5046, -1.4247, -2.2166"
1331,"Julia Fullerton Batten 的 青春期 故事 在 很多 摄影展 中 出现 过 , 她 巧妙 地 利用 逼真 的 电影 模型 场景 , 以 一 [MASK] <h>超</h>",种,个,-0.37647414207458496,"个, 种, 张","-0.3765, -2.1215, -3.6785"
1332,"有 消息 说 , 由 於 精确 制导 炸弹 的 广泛 应用 , 美国 根本 不必 投入 六 [MASK] <h>航母</h> 就 可 达到 很 好 的 作战 效果 。",艘,艘,-0.012631887570023537,"艘, 架, 个","-0.0126, -5.1151, -6.0250"
1333,"新 既 一 年 , 我 最 大 的 愿望 就 系 [MASK] 死 鸡眼 好 <h>翻太</h> 烦 人 了",粒,个,-1.2622591257095337,"个, 对, 把","-1.2623, -2.0119, -2.3340"
1334,Oh 贞姐 的 重阳 各 [MASK] <h>美啊</h>,种,种,-1.8877558708190918,"种, 位, 节","-1.8878, -2.0654, -2.4210"
1335,想 家 一 [MASK] 没有 <h>欺骗</h> 可以 擦干 眼泪 的 地方 。,个,个,-0.14329245686531067,"个, 种, 样","-0.1433, -3.7460, -4.0047"
1336,"Moumoon 哈雷路亚 最近 好 爱 这 [MASK] <h>歌</h> , 很 好听",首,首,-0.04814787209033966,"首, 个, 张","-0.0481, -4.1072, -4.4232"
1337,"红衣 女孩 叫 静宜 , 几 年 前 她 跟 穆林 的 那 [MASK] <h>邂逅</h> 可能 是 老天 早就 注定 了 的 姻缘 。",次,次,-0.35924601554870605,"次, 场, 个","-0.3592, -1.6913, -3.1153"
1338,"就 是 早上 喝 了 一 [MASK] 珍养 <h>牛奶</h> , 是 不 是 要 用 冷酸 灵 ?",瓶,杯,-0.8016069531440735,"杯, 瓶, 些","-0.8016, -1.5848, -2.4385"
1339,我 那 [MASK] 烂 <h>苹果</h> 愁 了 我 一 晚上,个,个,-0.35886621475219727,"个, 颗, 些","-0.3589, -2.2504, -3.7614"
1340,那 [MASK] <h>爱</h> 着 油画家 的 我 。,个,个,-0.2554781138896942,"个, 些, 样","-0.2555, -2.1960, -3.1883"
1341,"我 参与 了 发起 的 投票 您 的 上网 主页 是 , 我 投给 了 其他 这 1 [MASK] <h>选项</h> 。",个,个,-0.027893327176570892,"个, 项, 条","-0.0279, -4.8207, -5.4555"
1342,"今天 早晨 多亏 烧 锅炉 大爷 没烧 , 不 给 我 冻醒 都 赶 不 上 回家 的 2 [MASK] <h>汽车</h>",路,楼,-1.5608450174331665,"楼, 号, 辆","-1.5608, -2.2066, -2.3658"
1343,原来 Think Different 这 [MASK] <h>话</h> 是 Lee Clow 和 他 的 团队 策划 出来 重塑 Apple 形象 的,句,句,-0.8200739026069641,"句, 段, 个","-0.8201, -1.3999, -1.7368"
1344,"大年 初一 的 , 打 了 三 [MASK] <h>小时</h> 的 球 。",个,个,-0.10506653785705566,"个, 场, 次","-0.1051, -3.1340, -3.8664"
1345,就 像 给 空喊 口号 者 当头 一 [MASK] <h>棒喝</h> 。,记,顿,-0.8024893999099731,"顿, 棒, 个","-0.8025, -1.7775, -1.7908"
1346,"翻到 了 好早 以前 微薄 的 一 [MASK] <h>测试</h> , 以前 以为 自己 真的 会败 , 而 现在 决定 赢 了 它 !",个,本,-1.3583184480667114,"本, 份, 个","-1.3583, -1.8359, -1.8801"
1347,每 一 [MASK] <h>生意</h> 上 的 成绩 突破 超标 我 都 好 开心 !,次,次,-0.24193447828292847,"次, 个, 份","-0.2419, -2.1155, -4.0131"
1348,"于是 他 每 天 写 一 [MASK] <h>情书</h> 放进 他 信箱 , 因为 他 知道 他 只 是 随口 说说 不 会 去 翻 信箱 。",封,封,-0.17505529522895813,"封, 份, 篇","-0.1751, -2.6436, -3.7779"
1349,"已经 几 [MASK] 不 <h>起来</h> 昨天 是 几 点 入睡 的 , 昏昏 沉沉 的 一 觉 睡 到 现在 。",记,点,-0.3733377158641815,"点, 次, 个","-0.3733, -1.9005, -2.4037"
1350,"有 降落伞 , 蝴蝶结 , 旋风 , 各 [MASK] <h>礼炮</h> , 火花式 , 还 有些 不 知道 是 什么",种,种,-0.029111240059137344,"种, 类, 样","-0.0291, -3.7782, -6.2565"
1351,"看完 了 铁甲 钢 拳 , 有 [MASK] 儿子 <h>真好</h>",个,个,-0.03180548921227455,"个, 点, 些","-0.0318, -4.4282, -5.0075"
1352,几 多 [MASK] <h>可以</h> 爱到 几 多 岁,对,次,-1.0657086372375488,"次, 个, 点","-1.0657, -2.2737, -2.8045"
1353,"赵本山 惜别 春晚 舞台 , 有点 惋惜 , 他 是 一 [MASK] <h>人</h> 记忆 中 的 人物 。",代,个,-0.11849520355463028,"个, 代, 般","-0.1185, -2.8972, -3.9860"
1354,我 觉得 我 是 [MASK] <h>妈</h> !,个,个,-0.1510998010635376,"个, 家, 位","-0.1511, -3.6021, -3.8688"
1355,过 年 就 不 要 提 那 [MASK] <h>贱女人</h> 。,个,些,-0.6136608123779297,"些, 个, 种","-0.6137, -1.1497, -2.1875"
1356,"明天 晚上 有 重大 活动 , 但愿 老天 能 帮忙 , 能够 一 [MASK] <h>小时</h> 不 下雨 。",个,个,-0.00815314706414938,"个, 起, 路","-0.0082, -6.7030, -6.9485"
1357,今天 目睹 了 大 悦 城 zara 一 [MASK] <h>血战</h> 我 只 能 说 那 姑娘 很 好 的 保护 了 她 爷们儿,场,场,-0.045251186937093735,"场, 次, 个","-0.0453, -3.7135, -5.7035"
1358,"设计 生活 发现 新鲜 小 <h>叶子</h> , 大 用途 p Every leaf traps CO2 每 一 [MASK] 叶子 都 能 吸收 二氧化碳 , 拯救 树木 , 拯救 环境 , 拯救 地球 拯救 你 !",片,片,-0.14684967696666718,"片, 个, 颗","-0.1468, -3.3025, -3.5400"
1359,"整 [MASK] <h>人</h> 就 我 喝酒 , 喝 了 快 五 瓶 , 晕",桌,个,-0.0679934099316597,"个, 群, 团","-0.0680, -3.7356, -5.5434"
1360,我 还是 觉得 那 [MASK] <h>傻夫夫</h> 的 单纯 的 男生 更 让 人 倾心 阿,种,个,-0.736420750617981,"个, 些, 种","-0.7364, -1.2607, -1.7141"
1361,"012712 向 苏昌茂 发起 竞技 挑战 , 成功 , 获得 了 20 点 经验值 , 20 [MASK] <h>银币</h>",枚,点,-0.023473452776670456,"点, 个, 枚","-0.0235, -4.7988, -5.6378"
1362,"100 泰 [MASK] , <h>零钱</h>",株,股,-1.7282962799072266,"股, 拳, 面","-1.7283, -1.7341, -2.5126"
1363,"海南 这 [MASK] <h>天气</h> , 你 是 想 怎样 ?",种,种,-0.4552437961101532,"种, 个, 样","-0.4552, -1.8408, -1.8795"
1364,"我 就 去 了 , 是 不 是 就 是 有 的 人 非 得 让 金 希澈 每 [MASK] 想 亲近 中饭 的 <h>行动</h> 都 变 恶心 啊 ?",次,次,-0.15570829808712006,"次, 个, 种","-0.1557, -2.1572, -4.5934"
1365,"边 [MASK] <h>去</h> 宵夜 啊 , 求 陪同",个,路,-1.9020094871520996,"路, 回, 下","-1.9020, -2.0285, -2.5789"
1366,"这 两 [MASK] <h>照片</h> 太 坑 爹 了 , 以后 我们 可以 不 要 把 人 拍 那么 小 嘛 ?",张,张,-0.06486460566520691,"张, 组, 个","-0.0649, -3.5968, -3.7935"
1367,"都 是 你 , 大半夜 的 喊 吃 面 , 我 撑死 了 , 又 刷 了 一 [MASK] <h>牙</h> , 臭 猫 猫",遍,次,-0.992964506149292,"次, 个, 口","-0.9930, -1.8429, -2.1254"
1368,"也 真的 好 想 你们 , 谁 让咱 不 能 一 [MASK] <h>电话</h> 就 能 见 呢",个,个,-0.5189206004142761,"个, 通, 下","-0.5189, -1.1811, -4.1704"
1369,是 不 是 过 了 一 [MASK] 难忘 的 激动 的 十八 生日 呢 亲亲亲 哈哈张 总 策划 比 你 还 <h>激动</h> 类 还 有 最后 被 我 逼 出来 的 压轴 好 戏 真 幸福 可爱 这些 都 是 送给 你 的 pub 神马 的 知道 你 不 期 啦,个,个,-0.02184498868882656,"个, 段, 次","-0.0218, -4.8038, -5.3328"
1370,"第二 [MASK] <h>出锅</h> , 有 小宝 最 喜欢 的 腊肠 包",笼,道,-1.4102329015731812,"道, 盘, 个","-1.4102, -1.9302, -2.0666"
1371,年货 太 多 [MASK] 里 也 只有 我 能 扛 起 <h>吃光</h> 它们 的 重任 了 !,家,家,-0.12376423180103302,"家, 眼, 手","-0.1238, -3.6614, -3.6671"
1372,"世事 匆匆 过 , 每 [MASK] <h>人</h> 都 经历 着 不 一样 的 酸甜苦辣 , 或许 甘甜 , 或许 苦涩 , 只是 我们 都 要 面对 介已 有的 事实 , 接受 并 迈向 更 美好 的 地方 。",个,个,-0.0005473800119943917,"个, 位, 条","-0.0005, -8.2454, -10.2571"
1373,今年 的 最后 一 [MASK] <h>菜</h> 简直 就 是 经典 啊 好香,道,道,-1.4565390348434448,"道, 个, 次","-1.4565, -2.1572, -2.4270"
1374,"冷 笑话 拍卖会 上 , 一 [MASK] <h>阔佬</h> 对 大家 宣布 他 不慎 将 自己 的 钱包 丢 在 了 会场 , 内 有 现金 10000 元 , 谁 能 将 钱包 送 还 给 他 , 他 将 出 酬金 100 元 。",位,个,-0.5472190380096436,"个, 位, 名","-0.5472, -1.2671, -2.0301"
1375,失眠 有 [MASK] 想 自杀 的 <h>感觉</h>,种,种,-0.07364286482334137,"种, 点, 些","-0.0736, -2.8703, -4.7143"
1376,今天 亲自 下手 做 了 一 [MASK] <h>子</h> 菜 不错 哈哈,桌,道,-0.926032543182373,"道, 个, 些","-0.9260, -1.4838, -2.4377"
1377,"说 爱 我 , 在 我 的 耳边 对 我 说 , 我 已经 真的 太 久 忘 了 这 [MASK] <h>心动</h> 。",种,个,-1.4167892932891846,"个, 份, 种","-1.4168, -1.4310, -2.1386"
1378,"人 地 放假 一 [MASK] <h>身</h> 就 得 中午 下午 同 晚上 , 而 我 一起 身 就 剩翻 下午 同 晚上",起,起,-0.015559940598905087,"起, 下, 回","-0.0156, -4.7069, -6.3998"
1379,还 有 一 大 [MASK] <h>树叶</h> 等 着 我 扫 呜呜 手 又 要 痛 了,堆,片,-0.2818772494792938,"片, 堆, 块","-0.2819, -1.9861, -3.7445"
1380,卡卡 又 名 一 [MASK] <h>花</h>,支,朵,-0.45327669382095337,"朵, 种, 枝","-0.4533, -2.4921, -3.1901"
1381,"7300 多 万 [MASK] 的 中外 参观 <h>者</h> , 在 中国 上海 世博会 联手 托举 了 一个 冉冉 升起 的 环球 梦想 。",人次,名,-0.10592687875032425,"名, 次, 位","-0.1059, -2.5935, -4.1917"
1382,"把 两 <h>人</h> 重叠 的 感觉 越来越 强烈 是 怎么回事 陌生 又 熟悉 的 怦然心动 , 果然 认真 喜欢 起 一 [MASK] 人 来 , 有些 感觉 是 比 恋爱 也 来 得 真实 的 。",个,个,-0.02421017922461033,"个, 些, 群","-0.0242, -4.7540, -4.9854"
1383,在 厦门 担心 五 元 买 不 到 一 [MASK] <h>面包</h> 于是 给 了 十 元 只 是 在 遇到 他 又 向 路人 索要 面包 钱 时 不得不 感慨 厦门 物价 之 高,个,个,-1.071153163909912,"个, 包, 块","-1.0712, -1.6470, -1.9448"
1384,"一 [MASK] <h>善于</h> 浪漫 的 男人 , 必然 经历 过 很多 女人 的 训练 , 他们 的 浪漫 是 种 技巧 , 可以 对 你 , 也 可以 对 别人 。",个,个,-0.008831823244690895,"个, 位, 名","-0.0088, -5.1884, -6.3173"
1385,"一 黑人 司 机载 了 一 [MASK] 白人 <h>母子</h> , 孩子 问 为什么 司机 伯伯 的 肤色 和 我们 不同 ?",对,对,-0.0029134233482182026,"对, 个, 名","-0.0029, -7.0181, -8.2127"
1386,1500 [MASK] <h>酒店</h> 休息 。,回,回,-0.35820892453193665,"回, 点, 餐","-0.3582, -2.3253, -3.4693"
1387,"后来 抽奖 , 又 抽到 一 [MASK] <h>笔</h> , 虽 不 算 好 , 总 比 什么 都 没有 的 人 强 。",盒,支,-1.0081543922424316,"支, 把, 只","-1.0082, -1.6767, -2.2478"
1388,"从 材料 的 角度 讲 , 找 一 [MASK] 能 把 咖啡 吸附 的 类似 <h>冰块</h> 的 材料 应该 不 是 难事 。",个,种,-0.5641180872917175,"种, 个, 块","-0.5641, -1.5669, -2.3524"
1389,给 大家 推荐 [MASK] <h>地方</h> 是 上上 上 周 我 去 参加 朋友 搞 的 圣诞 派对 的 地方 游艇 俱乐部 在 老 码头 附近 又 一 装 B 圣地,个,个,-0.3050142228603363,"个, 下, 家","-0.3050, -1.5375, -4.2435"
1390,刘俐俐 张绍 刚 场 上 互掐 两 [MASK] <h>人</h> 的 心理 素质 都 不 咋地 。,个,个,-0.09487823396921158,"个, 位, 名","-0.0949, -3.9569, -4.3500"
1391,"在 公交车 上 , 你 会 选择 哪 一 [MASK] <h>位置</h> 坐 ?",个,个,-0.022235019132494926,"个, 种, 处","-0.0222, -3.9685, -7.4823"
1392,上传 了 14 [MASK] <h>照片</h> 到 相册 一 花 一 世界 。,张,张,-0.04255310446023941,"张, 组, 幅","-0.0426, -4.1275, -4.4156"
1393,27 [MASK] <h>逆转</h> 啊 !,分,号,-2.0621325969696045,"号, 章, 分","-2.0621, -2.3662, -2.4084"
1394,是 自己 亲手 造就 了 这 [MASK] <h>模样</h> 。,幅,个,-0.23666314780712128,"个, 种, 些","-0.2367, -2.1068, -3.3071"
1395,"说 不 出口 我 有 多么 喜欢 你 , 这 多 无奈 , 可是 我 不 后悔 , 这 [MASK] <h>路</h> , 我 从来 没 想 过 自己 会 后悔",条,条,-0.48216143250465393,"条, 段, 个","-0.4822, -1.4557, -3.1637"
1396,"为什么 妇女 同志 的 聊天 内容 总是 別家 的 钱 啊 , 房子 啊 , 还 得 整 [MASK] <h>楼</h> 都 听到 的 声调 , 为 毛呢",幢,个,-0.23107783496379852,"个, 栋, 幢","-0.2311, -2.2699, -3.6455"
1397,"好久 没 认真 看 两 [MASK] 我 生命 中 最 亲 最 亲 的 <h>人</h> , 我 似乎 从 不 敢 与 他们 四 目 相对 , 就 好像 对 他们 我 亏欠 了 前世 今生 。",个,个,-0.23690445721149445,"个, 眼, 次","-0.2369, -1.8364, -4.2590"
1398,"我 在 年货 <h>大街</h> 开 吃 啦 doggy 在 小小 乐园 开 了 一 [MASK] 年货 大街 , 免费 吃 免费 玩 新年 过 太爽 !",条,条,-0.6658392548561096,"条, 个, 家","-0.6658, -1.4169, -1.6024"
1399,原来 挂彩 了 扇子 也 废 了 睡觉 睡觉 准备 下 一 [MASK] <h>刘小婷</h> 要 hold 住,场,篇,-1.1646984815597534,"篇, 页, 章","-1.1647, -2.0621, -2.6595"
1400,又 看 了 一 [MASK] <h>青春期</h> 。,部,下,-0.9446146488189697,"下, 遍, 眼","-0.9446, -1.0674, -2.7196"
1401,"刚刚 顾客 给 了 我 几 [MASK] <h>巧克力</h> 饼干 , 也 不 推让 很 厚 脸皮 的 就 顺手 收下 了 !",包,个,-1.425995111465454,"个, 片, 包","-1.4260, -1.5961, -2.0728"
1402,lowlow 这 素 不 素 你 的 那 [MASK] <h>电摩</h> ?,辆,个,-0.6890822052955627,"个, 些, 位","-0.6891, -3.0060, -3.1816"
1403,"学生 时代 让 人 头疼 的 各 [MASK] <h>符号</h> 阿尔法 贝塔 伽玛 德尔塔 伊普西隆泽塔伊塔西塔约 塔卡帕兰姆达米 欧纽克 西欧 米克隆 派柔西格玛 陶玉 普西隆弗爱凯普赛 , 大家 能 读出 多少 呢 ?",种,种,-0.1265798956155777,"种, 类, 个","-0.1266, -2.3030, -4.3834"
1404,"清 茶 一 [MASK] <h>送</h> 闲人 , 余香 一 缕 伴君眠 。",盏,盏,-1.1088191270828247,"盏, 杯, 曲","-1.1088, -1.6249, -1.8045"
1405,穆里尼奥往 队员 手上 塞 小 纸条 三 [MASK] <h>锦囊</h> 上面 写 了 啥图 分享 自,条,个,-1.0797386169433594,"个, 分, 张","-1.0797, -1.9665, -2.1097"
1406,睡 三 [MASK] <h>钟头</h>,个,次,-1.1451793909072876,"次, 个, 点","-1.1452, -1.5474, -1.7816"
1407,"路虎 音速 飞行 时间 最 能 激发 我 极 速 渴望 的 3 [MASK] <h>歌曲</h> 是 Don t Stop Believin Counterpoint Centerfield , 你 的 呢 ?",首,首,-0.1520720273256302,"首, 个, 段","-0.1521, -2.7897, -3.9713"
1408,一 [MASK] <h>桔子</h> 。,盆,个,-1.492563009262085,"个, 般, 种","-1.4926, -1.6777, -2.0222"
1409,"感冒 了 真 难受 , 鼻子 里 [MASK] 的 <h>脑袋</h> 昏昏 的 。",堵,面,-0.43327534198760986,"面, 堵, 头","-0.4333, -1.9233, -2.0473"
1410,在 平沙 真心 求 各 [MASK] <h>节目</h> 啊 。,种,种,-1.0290169715881348,"种, 位, 个","-1.0290, -1.2760, -1.6687"
1411,回 [MASK] <h>家</h> 总 那么 惊心动魄 !,个,家,-0.5022550225257874,"家, 首, 味","-0.5023, -1.3927, -3.2657"
1412,牺牲 这 [MASK] <h>东西</h> 才 不 重要 !,种,些,-0.5173113942146301,"些, 个, 种","-0.5173, -1.2875, -2.8778"
1413,"其实 , 自 上月 开始 , 印尼 方面 就 曾 表示 , 将 对 非法 进入 印尼 海域 进行 捕鱼 的 外国 渔船 采取 严厉 措施 , 印尼 海军 总司令 前 [MASK] <h>时候</h> 也 曾 警告 说 , 印尼 海军 将 击沉 在 印尼 海域 非法 捕鱼 的 外国 渔船 。",些,任,-0.6950047612190247,"任, 段, 台","-0.6950, -1.2000, -2.6254"
1414,“ 你 车上 有 二 [MASK] 第一流 的 <h>配备</h> 啊 !,套,种,-1.7517738342285156,"种, 套, 个","-1.7518, -2.0228, -2.1404"
1415,这 是 哪 [MASK] <h>学校</h> 啊,间,个,-0.38921207189559937,"个, 所, 家","-0.3892, -2.0290, -2.0731"
1416,一 [MASK] 好 <h>刀会</h> 让 厨师 得心应手 !,把,个,-1.4962044954299927,"个, 把, 手","-1.4962, -1.5458, -1.6334"
1417,"剑侠 世界 我 在 万 花 谷 副本 , 这里 是 五千万 人 的 江湖 , 萝莉御姐 任 你 挑选 , 抱 [MASK] <h>妞儿</h> 回家 过冬咯 !",个,个,-0.3441123068332672,"个, 起, 团","-0.3441, -1.7874, -3.7156"
1418,"人人 都 戴 着 一 [MASK] <h>面具</h> , 我 的 面具 是 真实 。",个,个,-0.6168683767318726,"个, 副, 面","-0.6169, -1.3776, -2.7066"
1419,"收 手机 就 收 手机 啦 , 随便 了 , 反正 时间 很 快 过大 不 了 一 两百 [MASK] <h>弄</h> 部 二手 的 来",块,个,-1.6524856090545654,"个, 台, 块","-1.6525, -2.3053, -2.3875"
1420,"专心 做事 能够 耐 得 住 一 [MASK] <h>时间</h> 暂时 的 寂寞 的 人 , 往往 可以 得到 较 长 时间 的 精彩 人生 !",段,段,-0.07485030591487885,"段, 些, 个","-0.0749, -3.1568, -4.1831"
1421,"那 时候 的 我 就 会 尴尬 的 看 着 他 , 他 每 [MASK] 都 <h>笑</h> 着 点头 承认 。",次,次,-0.0050515951588749886,"次, 个, 句","-0.0051, -5.9026, -7.3843"
1422,"OMG , 原来 菠萝 欧 Yi 然 一生 可能 会 爱上 9 [MASK] <h>人</h> , 还 不 赶快 来 看看 你 一 生 会 爱上 多 少 人",个,个,-0.047243881970644,"个, 种, 位","-0.0472, -4.0456, -4.3815"
1423,修修 你 看 你 那 [MASK] <h>样</h> !,个,个,-0.28724992275238037,"个, 样, 张","-0.2872, -2.7309, -3.1530"
1424,"他 是 这块 大 陆上 一个 新 的 传奇 , 不仅仅 勾 动 了 众多 女孩 的 心 , 还 引来 了 无数 [MASK] 嫉妒 的 <h>眼睛</h> 。",双,双,-0.9735040664672852,"双, 个, 颗","-0.9735, -1.3315, -1.9840"
1425,58 [MASK] 正宗 <h>川味</h> 仅 125 元 !,团,道,-1.7559922933578491,"道, 家, 款","-1.7560, -1.8464, -2.0876"
1426,"今天 上午 去办 身份证 , 下午 两 [MASK] <h>课</h> 没 上 , 微开 心呐 明天 最后 一 天 了 更 开心 了",节,节,-0.1946369856595993,"节, 门, 堂","-0.1946, -2.5994, -3.0006"
1427,漂亮 女 老师 惨遭 凌辱 http t cn z0eh6iY 儿 本色 走着瞧 Hello 树 先生 第一 [MASK] <h>血</h> 4 黑暗 终结者 画 壁 万 有 引力 恶夜 惊魂 叶 问 前 传 一 夜 未 了 情仁寺 洞 丑闻 疯狂 的 赛车 男儿 本色 嫩模 写 真 德云社 weibo com 上线 男儿 本色,滴,章,-1.0219498872756958,"章, 次, 集","-1.0219, -2.0939, -2.5110"
1428,第一 [MASK] <h>见面</h> 就 那么 亲热 真 是 让 人 受宠若惊,次,次,-0.009340018965303898,"次, 眼, 个","-0.0093, -6.2394, -6.5725"
1429,现在 发现 这 140 [MASK] <h>字</h> 的 小 空间 里 已经 不 能 圆满 的 表达 我 的 想法 了 过好 每 一 天 。,个,个,-0.016224035993218422,"个, 张, 行","-0.0162, -6.2670, -6.4829"
1430,"现在 去 北京 这 [MASK] <h>中途</h> 还 能 flyback 的 短差 居然 超重 5KG , 而且 感觉 里面 什么 都 丢 不 得 我 的 年龄 增长 都 体现 在 行李 重量 上 了 我 在 这里 首都 机场 T3 航站楼",种,个,-0.957777738571167,"个, 种, 样","-0.9578, -1.5589, -1.8564"
1431,博阿滕 太 虎 奇兵 一 [MASK] <h>奎花</h> 有点儿 软 可 有 可 无 。,员,号,-0.805631160736084,"号, 线, 般","-0.8056, -2.9022, -3.1768"
1432,"吃饱 了 , 这 [MASK] 韩国 纸上 <h>烧烤</h>",点,张,-0.3599109351634979,"张, 些, 个","-0.3599, -2.6724, -2.9665"
1433,"第一 [MASK] <h>坐</h> 磁悬浮 , 妈妈 , 我 回来 了",次,章,-1.00431227684021,"章, 次, 节","-1.0043, -1.1936, -2.5372"
1434,"最近 进步 多 5 [MASK] <h>半月</h> , 近来 安谷 有 不少 新 进步 , 如 前天 开始 便便 突然 变 条状 了 看 别人 吃喝 东 西 小 嘴巴 会 抿 啊 抿 , 好像 自己 嘴 里 也 有 好吃 的 一样 , 还 会 很 认真 盯住 别人 手 里 的 食物 研究 。",个,次,-0.5371956825256348,"次, 个, 分","-0.5372, -1.5457, -3.4783"
1435,家 里 一 [MASK] <h>少女</h> 都 变成 已婚 妇女 了 。,个,个,-0.7116621136665344,"个, 些, 位","-0.7117, -1.5791, -2.7169"
1436,"包括 2012 [MASK] 的 <h>多</h> 看 也 有 人 反应 说 字体 发虚 , 看来 原 系统 也 不 是 那么 不 好 的 。",版,版,-0.04265672713518143,"版, 款, 下","-0.0427, -5.2023, -5.2414"
1437,每 [MASK] 不 爱 舌吻 的 <h>姑娘</h> 都 是 因为 没有 遇上 真正 深爱 的 男人 陆琪,个,个,-0.03106038272380829,"个, 位, 名","-0.0311, -3.6764, -6.6981"
1438,找 [MASK] <h>女友</h> 回家 过年 。,个,个,-0.028970293700695038,"个, 回, 位","-0.0290, -4.7883, -5.7341"
1439,"录制 番茄 春晚 的 当时 , 丝玛普 还 玩 了 抻面 的 呀 , 五 [MASK] <h>人</h> 玩 的 哈皮 极 了 。",个,个,-0.046466581523418427,"个, 位, 行","-0.0465, -4.9265, -5.2983"
1440,"做 了 [MASK] 新 <h>头发</h> , 喜欢",个,个,-0.14122216403484344,"个, 些, 次","-0.1412, -3.0426, -4.5301"
1441,"到 日本 两 天 了 , 分享 一些 见闻 , 1 住 的 前面 有所 小学 , 这么 冷 的 天 所有 小朋友 全 是 短裤 短 裙 , 一 [MASK] 长袖 <h>校服</h> , 没有 毛衣 , 更 别 说 棉袄 , 真 是 太 佩服 !",件,身,-0.4542003273963928,"身, 件, 条","-0.4542, -1.4446, -3.2170"
1442,貌似 是 人生 第一 [MASK] <h>穿</h> 牛仔裤 。,次,次,-0.010842840187251568,"次, 个, 件","-0.0108, -5.5831, -5.8066"
1443,"唔 记得 带 手机 , 俾多 [MASK] 你 <h>电话</h> 我 我 就 到 了",次,个,-0.8409217000007629,"个, 次, 支","-0.8409, -1.5305, -3.4463"
1444,"別 了 我 的 两 [MASK] <h>宝贝</h> , 想 你们 。",个,个,-0.05555935576558113,"个, 位, 只","-0.0556, -3.8336, -4.3101"
1445,分享 音乐 [MASK] <h>祝福</h> 卓依婷,声,圈,-1.2740932703018188,"圈, 页, 点","-1.2741, -2.3231, -2.9753"
1446,把 它 从 一 楼 <h>搬到</h> 五 [MASK] 累死 我 了 !,楼,楼,-0.0024788680020719767,"楼, 层, 级","-0.0025, -6.4261, -8.9980"
1447,"那些 嘴里 说 着 怕 对方 伤心 所以 不 愿意 拒绝 的 人 , 根本 就 是 想 脚踏 两 [MASK] <h>船</h> , 享受 被 人爱 的 滋味 。",条,只,-0.46628206968307495,"只, 条, 艘","-0.4663, -1.6326, -2.3831"
1448,你 说 对 我 是 谁 我 凭 什么 要求 你 按照 我 嘅喃法 去 做 再 一 [MASK] <h>心淡</h>,次,次,-0.05739917606115341,"次, 遍, 点","-0.0574, -3.8393, -5.0346"
1449,"不管 哪 [MASK] <h>说法</h> , 既然 是 关虎屯 , 和 老虎 肯定 是 脱 不 了 干系 的 。",种,种,-0.21785244345664978,"种, 个, 些","-0.2179, -1.7142, -5.2304"
1450,"老师 的 短篇 小说 已经 出 了 好几 [MASK] 合集 了 没有 犯人 的 杀人 之 <h>夜</h> , 交警 之 夜 , 怪笑 小说 ,",本,本,-1.3315702676773071,"本, 个, 部","-1.3316, -1.3664, -1.5267"
1451,"岛 上 资源 丰富 , 植被 茂盛 , 并 有 四 [MASK] 淡水 <h>泉</h> 。",眼,处,-0.6788753867149353,"处, 个, 座","-0.6789, -1.2727, -2.0294"
1452,"2012 赢 诺亚 方舟 船票 推荐 一 [MASK] 不错 的 <h>活动</h> 迎 2012 年 , 有 奖 转发 赢取 海洋 航行者 号 5 天 4 晚 免费 船票",个,个,-0.37724578380584717,"个, 些, 项","-0.3772, -1.4173, -4.3824"
1453,"当 老爸 苦恼 着 穿 哪 [MASK] <h>裤子</h> 去 拜年 时 , 一旁 已经 被 问 得 不 耐烦 的 老妈 来 了 句 穿 你 妈 给 你 的 皮 。",条,条,-0.7955248355865479,"条, 个, 件","-0.7955, -1.7719, -2.0539"
1454,"自从 老爸 老妈 来 了 以后 , 我 家 的 绿色 植物 明显 长势 明显 好转 , 还 多 了 一 [MASK] <h>水仙</h> , 老爸 老妈 好叻 。",盆,棵,-1.5034807920455933,"棵, 株, 盆","-1.5035, -1.8475, -1.9247"
1455,"冰糖 银耳羹 , 去火 的 我 现在 的 伙食 待遇 和 孕妇 一 [MASK] <h>标准</h> 了",个,样,-0.059014104306697845,"样, 个, 般","-0.0590, -3.7315, -3.8493"
1456,做 了 一 [MASK] 子 <h>菜</h> 就 为 吃 我 的 红油 卤水 牛肉粉 啊 !,桌,辈,-0.4045328199863434,"辈, 阵, 桌","-0.4045, -1.4186, -3.2349"
1457,"突然 想去 看 日出 很 想 去 感受 一下 日出 东方 无限 梦想 天马行空 的 感觉 , 一 [MASK] 大 笨 <h>鸟</h> 冲上 云霄 , 与 云层 摩擦 发出 充满 力量 的 声音 , 踏上 直 奔 梦想 的 航道 我 是否 在 描述 飞机 呢 ?",架,只,-0.1062430813908577,"只, 群, 头","-0.1062, -3.1055, -4.0436"
1458,"附近 有 [MASK] 二 <h>逼</h> 我 怀疑 不 是 发 神经 就 是 喝醉酒 , 大半夜 的 在 那 唱歌 , 还 跑调 , 喔 不 神 啊 , 救救 我 吧 , 让 我 睡觉 吧",个,个,-0.1837727427482605,"个, 张, 位","-0.1838, -2.6648, -2.9773"
1459,"顺着 靴子 往 上 望去 , 一身 黑衣 , 衬 得 白 靴 更为 刺眼 , 手臂 中 还 高高 地 举 着 一 [MASK] 马 <h>鞭</h> , 只是 因为 老 驿卒 爬 起 得 快 , 这 一 鞭 才 没有 抽 下来 。",条,根,-1.7812745571136475,"根, 只, 个","-1.7813, -1.8400, -1.9180"
1460,"楼下 有 两 [MASK] <h>野猫</h> 在 叫春 , 有点 吓人 。",只,只,-0.03866095468401909,"只, 条, 个","-0.0387, -4.1314, -4.6176"
1461,想起 第一 [MASK] <h>见</h> 你 的 时候 已 被 深深 吸引 你 的 一举一动 你 的 一颦一笑,次,次,-0.059271857142448425,"次, 眼, 个","-0.0593, -3.3745, -4.2903"
1462,"自从 离家 来 港 后 , 每逢 入夜 , 望 着 那 [MASK] 静谧 地 亮 着 的 <h>街灯</h> , 总会 想起 上海 家中 的 灯光 ... ...",盏,些,-0.9991621971130371,"些, 盏, 条","-0.9992, -1.0991, -2.9547"
1463,今天 早上 被 一 [MASK] 韭菜 <h>饺子</h> 打倒 了 !,个,个,-0.4127552807331085,"个, 包, 只","-0.4128, -3.0667, -3.3428"
1464,发表 了 帖子 各 [MASK] 十 大 201112 赛季 <h>NBA</h> 十 大 中锋 !,类,队,-0.5966911911964417,"队, 项, 种","-0.5967, -2.0249, -2.2029"
1465,"我 没有 多么 高尚 , 这个 世界 只有 自己 才 会 珍惜 自己 , 别人 的 假面 [MASK] <h>言辞</h> 都 是 他 妈 的 狗屁 , 我 要 让 自己 变 得 更加 强大 , 我 你 看 不 透",具,具,-0.0023852998856455088,"具, 包, 张","-0.0024, -7.2306, -8.4304"
1466,铭记 心 又 完成 了 一 [MASK] <h>市民</h> 的 心愿 。,个,个,-0.26936405897140503,"个, 位, 次","-0.2694, -2.4543, -3.5794"
1467,现在 吃 [MASK] <h>早饭</h> 好 难 啊,个,个,-0.3194282352924347,"个, 点, 顿","-0.3194, -2.3978, -2.6653"
1468,谁 会 为 我 流 一 [MASK] <h>眼泪</h> ?,滴,滴,-0.4761536717414856,"滴, 把, 下","-0.4762, -2.9657, -3.0746"
1469,如果 再 洒 [MASK] <h>桂花</h> 在 上面 就 完美 了 。,些,些,-0.6848241686820984,"些, 点, 个","-0.6848, -0.8449, -3.2877"
1470,先 喝 [MASK] 海鲜 汤解 <h>解馋</h>,个,碗,-1.3113365173339844,"碗, 杯, 点","-1.3113, -1.3691, -1.3840"
1471,休息 下 老公 买 了 两 [MASK] <h>鸡腿</h>,个,个,-0.9266397356987,"个, 只, 条","-0.9266, -1.5028, -2.1171"
1472,"肆哲 周五 下班 手 捧 包子 在 落 小 雨 的 街 上 走 , 去 赴 一 [MASK] <h>拼音</h> 授课 , 看 起来 落寞 又 悲惨 , 心 里 却 觉得 生活 对 我 足够 好 。",趟,场,-1.4185459613800049,"场, 个, 堂","-1.4185, -1.4360, -2.5077"
1473,这 一 刻 回想 了 下 过去 的 一 年 突然 好 感动 啊 经历 了 年 前 的 诸多 不 顺和 各 [MASK] <h>挫折</h> 终于 还是 笑 着 迎来 了 2012 家庭 和睦 最 重要 希望 来年 顺顺 利利 亲人 和 朋友们 都 身体 健康 事业 更上一层楼 努力 成为 农 商行 小开,种,种,-0.011271280236542225,"种, 类, 个","-0.0113, -5.2315, -6.4054"
1474,2 [MASK] <h>触动</h> 了 而已 。,次,个,-1.09400475025177,"个, 次, 把","-1.0940, -2.5604, -2.9401"
1475,"第四一六 学 区 , 四一一八 [MASK] 毕业 <h>学员</h> 终于 获得 最后 的 自由 。",届,届,-1.2159907817840576,"届, 班, 级","-1.2160, -1.3542, -1.4915"
1476,"在 一 [MASK] <h>感情</h> 中 比 控制 不 住 自己 情绪 更 可怕 的 事情 还 有 很 多 , 比如 彼此 失去 信任 。",段,段,-0.09212182462215424,"段, 种, 个","-0.0921, -3.7490, -3.9540"
1477,qq [MASK] 208891444 <h>希望</h> 大家 能 家 哦 。,群,群,-0.06679090112447739,"群, 号, 间","-0.0668, -2.8338, -7.0149"
1478,"已 进入 龙年 , 愿 今年 自己 和 家人 有 [MASK] 好 身体 好 心情 好 <h>空间</h> 。",个,个,-0.0073480503633618355,"个, 点, 些","-0.0073, -6.2478, -6.7716"
1479,"那些 年 , 我们 一起 追 的 女孩 为什么 那 一 [MASK] <h>请</h> 你 继续 喜欢 下去 没有 说出口咧 !",句,句,-1.5757622718811035,"句, 个, 段","-1.5758, -1.6225, -2.0904"
1480,"新 老师 头型 像 [MASK] 老 <h>太太</h> 要是 心里 有 点 堵 , 那 就 上 山 打 老虎 !",个,个,-0.16114963591098785,"个, 张, 位","-0.1611, -2.8548, -3.4338"
1481,每 [MASK] 喜欢 榴莲 的 <h>人</h> 你 都 伤 不 起 啊 !,个,个,-0.021427705883979797,"个, 位, 次","-0.0214, -4.2544, -5.8123"
1482,"昨晚 做 了 [MASK] 好 真实 的 <h>梦</h> , 醒来 后 把 我 给 吓 得 啊",个,个,-0.012518533505499363,"个, 场, 件","-0.0125, -5.8126, -5.8593"
1483,"原谅 我 , 这样 一 [MASK] 遥望 幸福 的 傻 <h>女孩</h>",个,个,-0.034406084567308426,"个, 位, 名","-0.0344, -3.8268, -5.7508"
1484,也 不 知道 会 是 哪 [MASK] <h>店</h> 。,个,家,-0.39426252245903015,"家, 个, 间","-0.3943, -1.4187, -3.1015"
1485,简直 是 一 [MASK] <h>惩罚</h> !,种,种,-0.8018980622291565,"种, 个, 次","-0.8019, -0.8405, -4.1415"
1486,"尼玛 的 , 谁 在 骂 我 , 今天 打 了 十几 [MASK] <h>喷嚏</h> 了 。",个,个,-0.5132213830947876,"个, 次, 只","-0.5132, -1.1522, -4.1986"
1487,"世界 上 最 有 内涵 的 一 [MASK] <h>图</h> 对 , 又 是 凤姐 , 仔细 看图 找 亮点 !",张,张,-0.4020145535469055,"张, 组, 个","-0.4020, -1.9894, -2.7792"
1488,今年 <h>过</h> 年 去 老 公家 不 知道 冷 不 冷 心里 一直 有些 忐忑 这 可以 第一 [MASK] 不 在 爸 妈 身边 过 年 有 总 有点 怪怪 的 感觉 !,次,次,-0.00857159961014986,"次, 个, 季","-0.0086, -5.3543, -7.4887"
1489,我 要 出去 吃 东西 啊 吃 东 西 邓米 花卷粉 泸州 白糕 泡菜 抄手 冷 [MASK] 豆腐 <h>鱼</h> 如果 可以 的 话 也 吃吃 刨冰 吧 hiahia 还 有 神马 好吃 的,串,面,-0.5882196426391602,"面, 锅, 丝","-0.5882, -1.9800, -2.2170"
1490,"现在 心 中 已经 有 [MASK] <h>目标</h> , 靠 自己 , 我 行 的 。",个,个,-0.07213329523801804,"个, 点, 下","-0.0721, -3.5641, -4.7683"
1491,"前 几 天 拍 的 Pika 这 [MASK] 我 大 <h>爱</h> 啊 , 卡哇伊 !",张,个,-1.103727102279663,"个, 张, 次","-1.1037, -1.1947, -1.8823"
1492,想 睡 [MASK] 一 天 一 <h>夜</h> 了,个,个,-0.2038300335407257,"个, 下, 起","-0.2038, -2.6328, -4.3310"
1493,"如果 一切 尽如人意 , 我 不 敢 想象 那 [MASK] <h>未来</h> 。",种,个,-0.3013284504413605,"个, 些, 种","-0.3013, -1.8111, -3.5218"
1494,"除夕夜 十二点 , 和 小学 同桌 初 中 同桌 发 小 迎 着 新年 首 [MASK] <h>雪上</h> 大龙山 烧 香 !",场,次,-1.0997202396392822,"次, 个, 届","-1.0997, -2.7549, -2.8637"
1495,限制级 为 4 [MASK] 的 大 片 白雪雪 清純 <h>妹妹</h> 直播 可怜 的 富家 小 姑娘 露露 公主 金钻鼠 王千 年 之 爱 大力士 麦当娜 相爱 的 人 啊 世界 大物 雕龙 记 无敌 降落伞 要员 双 雄 雅典娜 战争 女神 日照 重庆 80 后 奋斗 记 终极 挑战 国语 版 忽然 情人,级,级,-0.2141442894935608,"级, 楼, 位","-0.2141, -2.8306, -3.4359"
1496,原来 三 [MASK] <h>月</h> 了 。,个,个,-0.019628945738077164,"个, 分, 次","-0.0196, -5.8079, -6.0999"
1497,是否 壓力 太過 了 導致 莪嚴重 失眠 呢 請賜 予莪 一 [MASK] 神仙 <h>聖水</h>,支,杯,-0.382354199886322,"杯, 瓶, 位","-0.3824, -2.2534, -3.3642"
1498,我 在 这里 虹桥 机场 2 [MASK] <h>航站楼</h> 出发 回家 路上,号,号,-0.21438413858413696,"号, 楼, 路","-0.2144, -1.9607, -4.0493"
1499,"半夜 起来 喂奶 , 渐渐 习惯 了 这 [MASK] <h>痛苦</h>",种,种,-0.21046365797519684,"种, 个, 样","-0.2105, -2.5398, -3.2773"
1500,"新年 的 第一 [MASK] <h>饭</h> , 我 的 杰作 !",桌,首,-1.0839897394180298,"首, 篇, 个","-1.0840, -2.2331, -2.3815"
1501,"早起 的 鸟儿 有 虫 吃 , 虽然 出面 好 冻 同 好好 眼训 , 但 依然 返 去 拜年 , 拿 [MASK] 好 <h>彩头</h> 啦 !",个,个,-0.9184858798980713,"个, 回, 下","-0.9185, -1.1381, -2.7119"
1502,"有 谁 可以 介绍 好看 的 电视剧 给 我 看 , 随便 那 [MASK] <h>年代</h> !",个,个,-0.08639752864837646,"个, 些, 部","-0.0864, -3.3459, -4.4242"
1503,年货 新疆 特产 和 田 枣红枣 特级 500g 新疆枣 和 田 大 枣子 2 [MASK] 包邮 <h>批发</h> 5488,件,个,-1.6870760917663574,"个, 件, 包","-1.6871, -1.7161, -2.0380"
1504,"但 为 表明 此 [MASK] <h>捐助</h> 的 透明 程度 , 全程 一对一 , 捐款 直接 交付 刘挚斌 家属 , 汇款 也 请 直接 打入 刘挚斌 个人 帐号 。",次,次,-0.0047687566839158535,"次, 项, 笔","-0.0048, -6.2159, -7.0082"
1505,在 预计 2012 年 会 售出 的 800 万 [MASK] EV 及 <h>HEV</h> 中 恐怕,辆,张,-0.8267371654510498,"张, 辆, 套","-0.8267, -2.3408, -3.0228"
1506,"分别 的 时刻 终于 到 了 , 第一 [MASK] 离开 的 <h>朋友</h> 祝你 前程似锦 。",个,个,-0.34290629625320435,"个, 次, 位","-0.3429, -1.5663, -2.7309"
1507,在 各 [MASK] <h>瓶子</h> 中间 看 西游记,种,个,-0.7529752254486084,"个, 种, 类","-0.7530, -0.8110, -3.7868"
1508,"针对 本 [MASK] <h>调控</h> 中备 受 影响 的 房地产业 , 央行 行长 周小川 日前 表示",轮,轮,-0.15791206061840057,"轮, 次, 届","-0.1579, -1.9487, -6.5109"
1509,他们 两 [MASK] 各 <h>方面</h> 都 很 相似 !,个,个,-0.17137210071086884,"个, 位, 家","-0.1714, -2.8272, -4.0448"
1510,"算命 暗喜 因为 我 用 的 是 2012 [MASK] 新浪 微博客 <h>户端</h> , 周边 的 人 上面 有 你 的 样子 和 天翼 智能 手机 标识 !",版,版,-0.5843116044998169,"版, 号, 款","-0.5843, -2.2550, -2.7435"
1511,"农历 除夕 和 正月 初一 , 从 南国 椰岛 到 北部 边陲 , 从 东海 前哨 到 雪域 高原 , 全 军 和 武警 部队 精心 安排 官兵 节日 生活 , 确保 官兵 过 一 [MASK] 欢乐 祥和 充实 而 有 意义 的 新春 <h>佳节</h> 。",个,个,-0.0006528242956846952,"个, 段, 份","-0.0007, -8.7190, -8.8835"
1512,爱情 是 两 [MASK] <h>人</h> 相互 的,个,个,-0.03702849522233009,"个, 种, 类","-0.0370, -3.9207, -5.5477"
1513,一 [MASK] 简单 的 创意 菜 <h>鸡蛋</h> 碰 石头 一 转眼 就 剩下 了 石头 。,道,道,-0.6024777293205261,"道, 个, 种","-0.6025, -1.1398, -3.5052"
1514,总算 开始 了 快乐 大 本营 仔仔 新 天生 一 [MASK] <h>仔仔</h> 加油 永远 爱 你,对,对,-0.45170944929122925,"对, 枚, 样","-0.4517, -2.4570, -2.7438"
1515,给 你 喜欢 的 角色 穿上 你 现在 穿 的 衣服 谁 来 把 我 拖 出去 打死 <h>OTL</h> 我 不 想 活 了 谁 来 给 我 几 [MASK] OTL,拳,分,-0.5566120147705078,"分, 个, 刀","-0.5566, -1.9717, -3.1426"
1516,我 听 过 这 [MASK] <h>专辑</h> MIKI 中谷美紀,张,张,-0.3953828811645508,"张, 个, 些","-0.3954, -1.9158, -3.2001"
1517,"可 刚才 一 听 到 妈妈 电话 , 才 说 几 [MASK] <h>话</h> 就 想 哭 了 。",句,句,-0.013991930522024632,"句, 个, 声","-0.0140, -5.1559, -5.5230"
1518,"我 在 这里 , 农家 草鸡 汤 , 老豆腐 , 坐 等 老板 自己 腌制 的 第一 [MASK] <h>咸肉</h> 我 在 这里 苏州市 吴中区",缸,道,-0.7603522539138794,"道, 口, 碗","-0.7604, -2.1852, -2.5707"
1519,"一早 陪 外婆 去 医院 开药 , 看到 一 [MASK] 瘦小 的 <h>婆婆</h> 背 着 比 它 大 一 倍 的 老公 来 看 医生 !",个,个,-0.7635834813117981,"个, 只, 位","-0.7636, -1.0686, -1.9473"
1520,花 了 70 [MASK] 的 <h>冤枉钱</h> 。,块,块,-0.2003127783536911,"块, 刀, 分","-0.2003, -3.1215, -3.9120"
1521,"爱情 都 是 自私 的 , 有的 人 哪怕 爱情 已 成 陌路 , 也 不 愿 放 爱 一 [MASK] <h>生路</h> 。",条,条,-0.08115550130605698,"条, 个, 段","-0.0812, -3.2804, -4.4437"
1522,"哇 , 两 [MASK] <h>波</h> 丧命 对攻 , 打到 光芒 四 射 !",队,波,-0.54462730884552,"波, 个, 条","-0.5446, -1.2102, -4.2911"
1523,"可敬 可爱 的 李 老师 , 是 你 引 我 走 进 知识 宝库 的 大门 , 也 是 你 把 枯燥 的 数学 变成 了 甘甜 的 清泉 , 让 我 这 [MASK] <h>幼苗</h> 茁壮 成长 。",棵,棵,-0.8334760665893555,"棵, 个, 颗","-0.8335, -1.0240, -2.3903"
1524,"那样 很 烦 我 不 想 带 目的 的 去 接近 一 [MASK] <h>人</h> 对味 就 当好 朋友 一心一意 处 , 不 对味 话多 不 必 多 说",个,个,-0.06505154073238373,"个, 些, 种","-0.0651, -3.5249, -4.6398"
1525,", 我 投给 了 AYUMI 这 5 [MASK] <h>选项</h> 。",个,个,-0.01923968456685543,"个, 种, 项","-0.0192, -5.3583, -5.7890"
1526,看来 我 不 能 不 吃早饭 10 [MASK] <h>水饺</h> 下肚 好 满足 KISS,个,分,-1.320963740348816,"分, 个, 点","-1.3210, -1.7571, -1.8278"
1527,起 了 [MASK] <h>大早</h> 赶 火车,个,个,-0.0005610967054963112,"个, 些, 张","-0.0006, -9.9283, -10.2726"
1528,"天 冷 的 时候 , 去 看 一 [MASK] <h>英伦</h> 的 房子 。",所,下,-0.2648579776287079,"下, 个, 些","-0.2649, -2.2990, -3.1086"
1529,"集团 客户 部 有 美女 以前 从来 没 见 过 诶 , 看来 时 不时 的 还是 要 到 6 [MASK] <h>晃荡</h> 晃荡 !",楼,楼,-0.23753094673156738,"楼, 号, 点","-0.2375, -3.5568, -3.5668"
1530,"幸好 找 老公 单位 安排 了 一 [MASK] 迪拜 办事处 的 <h>宿舍</h> , 解决 了 大 问题 。",间,个,-0.7037543058395386,"个, 间, 家","-0.7038, -1.2076, -2.4683"
1531,这 [MASK] 的 <h>明信片</h> 统一 是 新年 祝词 了 啊哈,批,次,-0.5451222062110901,"次, 样, 家","-0.5451, -1.2461, -3.8262"
1532,"孩子 就 是 [MASK] <h>入侵者</h> , 先 是 入侵 身体 , 后来 是 入侵 生活 !",个,个,-0.02086835354566574,"个, 种, 位","-0.0209, -5.1234, -5.5166"
1533,"所 认啊 , 喝 酒 这 [MASK] <h>事儿</h> , 跟 工作 和 学习 是 一样 一样 地 。",档子,件,-0.7842761874198914,"件, 个, 些","-0.7843, -1.3998, -2.0250"
1534,"对 此 , 相关 债权人 表示 质疑 , 认为 这 是 一 [MASK] <h>骗局</h> 。",场,场,-0.47838956117630005,"场, 个, 种","-0.4784, -1.2848, -3.4920"
1535,尼玛 的 我 只 坐 到 过 火车站 你 给 我 来 [MASK] 中山 <h>北路</h>,个,个,-1.0702486038208008,"个, 点, 趟","-1.0702, -1.8496, -2.4387"
1536,三 [MASK] <h>女人</h> 饿疯 了 。,个,个,-0.4582686424255371,"个, 分, 句","-0.4583, -3.2990, -3.5530"
1537,回家 就 是 吃吃喝喝 rz 明天 还 得 跟 我 爹 一 [MASK] <h>吃</h> 饭 愁 死 了 。,起,起,-0.030742986127734184,"起, 块, 样","-0.0307, -4.2936, -4.7663"
1538,限制级 为 4 [MASK] 的 大片 http t cn <h>SaaXSy</h> 疯狂 的 赛车 请 你 原谅 我 情书 我 相信 甜蜜 的 生活 相亲齐 上阵 幸福 不 拒绝 眼泪 哈 皮 父子 山楂树 之恋 双子 神偷 疯狂 的 背后 北非 海岸 的 火焰 真 假 医生 毛毛 的 故事 罗马 帝国 沦亡 录 Badboy 特 攻,级,级,-0.11130060255527496,"级, 楼, 位","-0.1113, -3.6969, -3.8916"
1539,老婆 其实 还 有 很多 话 要 说 却 一时 忘记 要 说 了 只有 默默 的 看 着 你 再 见 老婆 我 会 想 你 的 一 [MASK] <h>月</h> 后 见,个,个,-0.6851643323898315,"个, 辈, 段","-0.6852, -2.0244, -2.7050"
1540,"我 隐隐约约 听见 表哥 和 徐 媚 在 客厅 里 说 着 什么 , 接着 似乎 争吵 了 起来 , 我 挣扎 着 想 爬 起来 , 却 一 [MASK] 又 <h>栽</h> 在 了 床 上 。",头,把,-0.7475541830062866,"把, 下, 头","-0.7476, -0.9448, -3.2068"
1541,看看 这 [MASK] <h>混血儿</h> 混美 可 不 可 爱 啊 !,只,个,-0.5844449996948242,"个, 些, 位","-0.5844, -1.6736, -2.0099"
1542,"一 [MASK] <h>眼睛</h> 打动 , 中国 输 了 。",局,双,-1.065011739730835,"双, 个, 只","-1.0650, -1.0907, -2.3535"
1543,我们 三 [MASK] 的 <h>家当</h> 这个 钱 蛮 好看 。,个,口,-0.679162859916687,"口, 个, 家","-0.6792, -1.2449, -2.9834"
1544,爸爸 怕 <h>料</h> 不 够 问 那 大叔 说 一 [MASK] 料 能 给 它们 吃 多久 ?,包,份,-1.3813270330429077,"份, 个, 些","-1.3813, -1.6445, -2.5358"
1545,"我 只 想 做 一 [MASK] 有 主见 的 女生 , 有 着 普通 的 外表 和 淡定 的 <h>灵魂</h> 。",个,个,-0.04692087322473526,"个, 名, 位","-0.0469, -3.4832, -4.3345"
1546,"我 的 简介 改为 怂月 一 [MASK] <h>岩扉松</h> 径 长 寂寥 , 惟有幽人 自来 去 。",枚,号,-2.281592845916748,"号, 节, 页","-2.2816, -2.8695, -3.0496"
1547,"韩国 经典 恐怖 电影人 形师 The Doll Master 2004 沈亨泽金 有 美林 恩京 五 [MASK] <h>模特</h> 受到 美术馆 馆长 邀请 来到 位于 森林 的 美术馆 , 这个 美术馆 收藏 和 制作人 偶",位,世,-1.6306874752044678,"世, 位, 号","-1.6307, -1.8392, -2.1228"
1548,"今日 士嘉堡 东区 Malvern Town Centre 的 一 [MASK] <h>理发店</h> 内 遭 枪击 , 已 无 生命 迹象 , 警方 正在 寻找 疑犯 。",间,家,-0.47345203161239624,"家, 间, 个","-0.4735, -1.0809, -3.9275"
1549,父母 永远 喜欢 凌驾于 子女 头 上 摆出 一 [MASK] 高高 在 上 神圣 不 可 侵犯 的 <h>姿态</h> 。,副,副,-0.1374833881855011,"副, 个, 种","-0.1375, -2.6387, -3.3427"
1550,我 才 买 了 [MASK] <h>红衣吖</h> !,件,个,-0.7364614009857178,"个, 件, 只","-0.7365, -2.0073, -2.6954"
1551,"今晚 我 在 丈母娘 家 里 偷 了 一 [MASK] 旺仔 <h>牛奶</h> , 我 想 去 打麻 将 就 可以 拿 出来 喝 , 没 人 看到 我 就 拿 起来 塞进 衣袋 把 拉链 拉上 !",罐,瓶,-0.7555701732635498,"瓶, 杯, 罐","-0.7556, -1.2679, -2.2333"
1552,"昨晚 做 了 [MASK] 让 我 无颜 以 对 <h>梦</h> , 梦中 的 我 竟然 对 怀中 的 他 说 我 好 怕 死 , 如果 我 死 了 , 你 会 陪 我 一起 吗 ?",个,个,-0.07383844256401062,"个, 场, 件","-0.0738, -2.9877, -5.1954"
1553,下 [MASK] 的 <h>酒</h> 在 龙年,次,面,-0.19906142354011536,"面, 列, 次","-0.1991, -2.7002, -2.7907"
1554,"测测 能 代表 你 2012 运势 的 字 掐指一算 , 测 出来 是萌 , 解读 为 瞬间 勾萌 , 万千 宠爱 于 一身 , 一 [MASK] <h>受宠</h> 。",世,起,-1.1693270206451416,"起, 路, 个","-1.1693, -1.6514, -2.4387"
1555,我 就 是 一 [MASK] <h>白痴</h> 。,个,个,-0.03796117752790451,"个, 位, 名","-0.0380, -4.7903, -4.9069"
1556,"我 竟然 是 最后 一 [MASK] 离开 公司 的 <h>人</h> , 要 不 要 这样 敬业 啊 , 关 电脑 关灯 关门 , 明年 见 啦 福 到 啦 招财",个,个,-0.052384667098522186,"个, 位, 次","-0.0524, -3.5330, -4.8283"
1557,是 一 [MASK] 以 雄险 的 山景 为 主体 特色 并 具有 一定 历史 文化 内涵 的 山岳型 国家级 风景 <h>名胜区</h> 。,处,个,-0.4437118172645569,"个, 处, 座","-0.4437, -1.4959, -2.4235"
1558,"外婆 终于 可以 睡 [MASK] 好 觉 了 粑粑 还 是 睡 的 那么 <h>香</h> , 任凭 宝宝 哭 得 再 响 都 听 不 到 。",个,个,-0.0006070787203498185,"个, 顿, 回","-0.0006, -8.7944, -9.1090"
1559,"壮观 看 中国 10 大 地标 <h>建筑</h> 水 立方 不仅 是 一 [MASK] 优美 和 复杂 的 建筑 , 她 还 能 激发 人们 的 灵感 和 热情 , 丰富 人们 的 生活 , 为 人们 提供 记忆 的 载体 。",幢,座,-0.3372859060764313,"座, 个, 种","-0.3373, -1.6830, -2.9785"
1560,水 为 财 一 [MASK] 水 鱼 <h>从化</h> 来,班,条,-2.260239601135254,"条, 个, 般","-2.2602, -2.3519, -2.4875"
1561,"祝福 你 , 愿 你 有 [MASK] 安详 的 <h>晚年</h> 。",个,个,-0.004209245555102825,"个, 份, 颗","-0.0042, -6.7017, -7.6751"
1562,发表 了 博文 死亡 真相 死亡 真相 死后 是否 会 到 另 一 [MASK] <h>世界</h> 继续 生存 ?,个,个,-0.0075914389453828335,"个, 种, 面","-0.0076, -5.0891, -8.5530"
1563,失眠 啊 完全 没有 睡意 肿么 办 各 [MASK] <h>听</h> 没 效果 干瞪眼 儿 中,种,种,-0.2811596691608429,"种, 位, 个","-0.2812, -1.5669, -3.7873"
1564,今日 一 [MASK] <h>人</h> 去 细 姨屋 企玩 !,家,班,-1.0424199104309082,"班, 家, 个","-1.0424, -2.0246, -2.1080"
1565,"如果 可以 拥有 一 [MASK] 特异 <h>功能</h> , 我 想 要 瞬间 转移",项,个,-0.5390610098838806,"个, 种, 项","-0.5391, -1.6020, -2.3644"
1566,跟 着 我 的 三 [MASK] <h>女人</h> 媳妇 闺女 和 丈母娘 一起 过 大年 。,个,个,-0.08466339111328125,"个, 位, 代","-0.0847, -2.7043, -6.6617"
1567,"在 一 [MASK] 上升 的 <h>趋势</h> 中 , 你 选择 做 多 , 正确 的 几率 会 很 大 , 失败 的 几 率 却 很 低 。",波,个,-0.2077116221189499,"个, 种, 波","-0.2077, -2.3408, -3.6885"
1568,"谁 来 一 [MASK] <h>打晕</h> 我 , 这样 明天 就 不 用 上班 啦",拳,把,-0.8848437070846558,"把, 拳, 个","-0.8848, -1.0716, -2.5833"
1569,"表面 相敬如宾 , 暗地 互 称 傻逼 这 是 一 [MASK] 什么 <h>境界</h> ?",种,种,-0.554948627948761,"种, 个, 门","-0.5549, -0.9394, -5.0454"
1570,"国际 影星 汤唯 受邀 赴 台 担任 台北 电影节 颁奖人 , 7 月 9 日 她 出席 主演 的 电影 晚秋 记者会 , 再度 被 问及 那 一 [MASK] 长 达 5 分钟 的 <h>吻戏</h> 时 , 汤唯 忆起 拍摄 过程 , 直言玄彬 很 害羞 。",幕,场,-0.632571816444397,"场, 段, 幕","-0.6326, -1.2784, -2.1288"
1571,"鞭炮声 阻挡 不 了 我 的 事业 , 一 觉 睡 了 十七 [MASK] <h>小时</h> , 新 纪录 啊",个,个,-0.0009309212910011411,"个, 分, 张","-0.0009, -8.5405, -9.1075"
1572,"公司 5 [MASK] <h>蔓延</h> 着 很 诡异 , 危机感 浓烈 的 气氛 。",楼,处,-1.914794921875,"处, 味, 发","-1.9148, -2.2355, -2.4195"
1573,"快 过年 了 , 打算 在 网 上 买 我 鬼妞 的 一 [MASK] <h>书</h> , 好好 犒劳 下 自己 , 因为 我们 这 木 有 卖妞 的 东西",本,本,-0.14869503676891327,"本, 部, 些","-0.1487, -2.8757, -3.3605"
1574,"一 [MASK] <h>带毛</h> 的 大痣长 那里 , 就 知道 传 是非 , 挑拨 离间 。",颗,颗,-0.9220446348190308,"颗, 个, 只","-0.9220, -1.0670, -3.0614"
1575,复习 概率 的 孩子 看到 亨利 站 在 温布利 球场 重新 穿上 阿森纳 的 队服 心底 就 是 一 [MASK] 莫名 的 <h>感动</h> 啊 welcome home henry,阵,种,-0.24750740826129913,"种, 阵, 股","-0.2475, -2.1926, -2.8876"
1576,看 你 曾经 看 过 无数 [MASK] 的 <h>风景</h> 。,遍,次,-0.047307875007390976,"次, 遍, 处","-0.0473, -4.0736, -5.1716"
1577,"下文 男生 对 昨夜 球场 摆酷 , 看见 恐龙 撞 <h>树</h> , 恐怖 恐怖 , 可怜 那 [MASK] 小 树 !",棵,棵,-0.30498042702674866,"棵, 颗, 些","-0.3050, -2.8817, -2.9921"
1578,我 在 爱奇艺 高清 看 了 铠甲 勇士 刑天 第 60 [MASK] 最后 的 <h>战役</h> 分享 自,集,集,-0.2086852788925171,"集, 章, 季","-0.2087, -2.2093, -4.0026"
1579,"发表 了 博文 播阳镇 人民 政府 助纣为虐 见证 地方 邪恶 势力 以 有碍 风水 强拆 的 合法性 播阳镇 人民 政府 助纣为虐 见证 地方 邪恶 势力 以 有碍 风水 强拆 的 合法性 今天 早上 上网 , 映入 眼帘 的 第一 [MASK] <h>新闻</h> 就 是 村委",则,条,-0.440566748380661,"条, 个, 则","-0.4406, -1.8247, -1.9254"
1580,"不 是么 , 一 [MASK] 的 梨花带 <h>雨</h> , 一 宿宿 的 夜不成眠 , 以及 所有 的 惆怅 迷茫 , 困惑 忧伤 , 狠狠 的 冲刷 着 我 的 内心 , 最终 现出 梦想 的 俊朗 模样 , 留 这 更 坚实 的 部分 陪 我 颠沛流离 , 斩 获 希望 。",次,路,-0.1800941824913025,"路, 季, 场","-0.1801, -2.8764, -3.6417"
1581,执 着 这 两 [MASK] <h>字</h> 有 这么 难 吗,个,个,-0.02871943823993206,"个, 行, 句","-0.0287, -4.8669, -5.8509"
1582,施华洛世奇 旋转 水滴 批发 60203800 元 近期 售出 2 [MASK] <h>地址</h>,件,件,-0.717305600643158,"件, 个, 套","-0.7173, -1.6980, -2.9980"
1583,"一 [MASK] <h>狼籍</h> , 一边 收拾 一边呕",片,片,-1.3896591663360596,"片, 个, 堆","-1.3897, -1.8377, -2.7916"
1584,"如果 我 是 導演 , 跳兩 [MASK] <h>就夠</h> 了 中時 20120113",次,次,-1.23643958568573,"次, 下, 句","-1.2364, -1.4262, -1.5015"
1585,"脑海 转瞬 即逝 学时 嬉戏 雪地 画面 让 心生 一 [MASK] <h>波澜</h> , 但 很 快 回复 平静 。",季,股,-1.2648402452468872,"股, 丝, 阵","-1.2648, -1.3094, -1.5437"
1586,"哈哈 , 刚才 做 了 一 [MASK] 52 心理 年龄 <h>测试</h> , 发现 我 的 心理 年龄 27 岁 , 与 我 的 实际 年龄 相差 5 岁 。",次,个,-0.3077268898487091,"个, 次, 项","-0.3077, -1.7868, -3.5664"
1587,上传 了 1 [MASK] <h>照片</h> 到 相册 我们 仨,张,张,-0.05180302634835243,"张, 个, 组","-0.0518, -4.0176, -4.1199"
1588,如果 有幸 我 想 嫁给 一 [MASK] 会 照相 的 <h>人</h> 他 不 一定 是 摄影师 但是 在 他 眼 里 我 是 最 美 的 风景 。,个,个,-0.024541635066270828,"个, 位, 名","-0.0245, -3.8405, -6.4967"
1589,爆潮 VANS ERA 海蓝 浅蓝 配色 显 的 超级 清爽 干净 HF 钢印 大 底 尺码 37 [MASK] 内 长 235 特价 298 样品 <h>鞋</h>,码,码,-0.22396299242973328,"码, 号, 分","-0.2240, -3.2009, -3.9123"
1590,你们 还 有 几 [MASK] <h>草莓</h> 啊 ?,锅,个,-0.4071635603904724,"个, 种, 棵","-0.4072, -2.9659, -3.1126"
1591,昨晚 做 了 一 [MASK] 奇怪 的 <h>梦但</h> 景色 狠 美 。,个,个,-0.047422491014003754,"个, 场, 些","-0.0474, -4.0775, -4.5003"
1592,"怕 我 爱 的 人 不 出现 , 出现 的 人 不 喜欢 , 又 不 愿 改变 对 爱 的 执着 , 静静 地 等待 着 那 [MASK] <h>天荒地老</h> 。",份,个,-0.283637136220932,"个, 些, 次","-0.2836, -2.7869, -3.4820"
1593,我 竟然 被 [MASK] <h>惊心</h> 感动 的 哭哭啼啼 !,步,声,-2.5199453830718994,"声, 个, 张","-2.5199, -2.7859, -2.8425"
1594,怎么 感觉 在 说 某 [MASK] <h>学院</h> ?,间,个,-0.20145268738269806,"个, 些, 所","-0.2015, -2.3044, -3.0038"
1595,"我 哥们 说 他们 全家 在 攒钱 买 骨灰盒 和 <h>坟地</h> , 想 活 这 住 得 憋许 , 死 了 弄 [MASK] 宽敞 的 盒子 和 坟地 , 也 装会爷 。",个,个,-0.23511581122875214,"个, 点, 张","-0.2351, -2.7155, -3.2476"
1596,闻到 那 [MASK] <h>酒味</h> 真心 喝 不 下去 !,股,股,-0.19582054018974304,"股, 种, 个","-0.1958, -2.2759, -4.3091"
1597,"吃 咖啡 额宁 年年 要 闻 着 那 [MASK] 刺鼻 的 大蒜 <h>味儿</h> , 痛苦 得来 一 天 世界 !",股,股,-0.32883116602897644,"股, 种, 些","-0.3288, -1.7616, -2.9643"
1598,"迪斯尼 的 一旦 里面 有 缺货 的 , 给 我 一 [MASK] 25 <h>off</h> 的 code , 又 来 诱惑 我",个,个,-0.069121815264225,"个, 套, 张","-0.0691, -4.3918, -4.4372"
1599,ZARA 进门 就 是 两 [MASK] 穿 了 打折 的 <h>模特</h> 哈哈,排,个,-0.23455141484737396,"个, 位, 名","-0.2346, -1.8167, -4.5555"
1600,知 不 知道 是 什么 棉花糖 啊 物 [MASK] <h>去</h>,块,件,-0.39058995246887207,"件, 种, 个","-0.3906, -2.0107, -3.7802"
1601,明天 上 完 最后 一 [MASK] <h>班</h> !,个,个,-1.1836451292037964,"个, 节, 堂","-1.1836, -1.1920, -1.9142"
1602,", 我 投给 了 金贤 重 这 3 [MASK] <h>选项</h> 。",个,个,-0.022492665797472,"个, 种, 项","-0.0225, -5.2494, -5.5067"
1603,", 我 投给 了 文科 给力 这 1 [MASK] <h>选项</h> 。",个,个,-0.03608833625912666,"个, 项, 类","-0.0361, -4.6593, -5.8579"
1604,"江西 九江 龙 凤 胎 一 死 一 伤 1 月 10 日 , 都 昌 周溪镇 家家福 超市 门 前 摆放 着 一 [MASK] 男婴 <h>尸体</h> , 身边 是 圣元 优 博 奶粉 。",具,具,-0.014211972244083881,"具, 只, 个","-0.0142, -5.7207, -5.7819"
1605,"小 废物 于 大 废物 没有 分开 , 只是 她们 去 了 另外 一 [MASK] <h>空间</h> 。",个,个,-0.03313660994172096,"个, 种, 块","-0.0331, -5.0282, -5.1305"
1606,"我 今天 从 龙湖 西苑 走路 到 软件园 , 那 不 是 一般 两 [MASK] 的 <h>远</h> 。",般,步,-1.8578275442123413,"步, 路, 点","-1.8578, -1.9157, -1.9191"
1607,2012 春运 我 觉得 28 [MASK] <h>放票</h> 就 该 实名制 怎么 就 不 怕 垄断 老百姓 就 不 怕 买 不 到 票 了,号,号,-0.4945978820323944,"号, 点, 分","-0.4946, -2.1397, -3.0723"
1608,推荐 一 [MASK] 纯 音乐 风 居住 的 街道 <h>风住街</h>,曲,条,-0.32541167736053467,"条, 些, 个","-0.3254, -1.9155, -2.7892"
1609,今 个儿 终于 睡 了 [MASK] <h>懒觉</h> 。,个,个,-0.015794558450579643,"个, 点, 份","-0.0158, -5.9601, -6.4835"
1610,对 说亲 你 加 我们 QQ 群 一起 <h>玩</h> 你 画 我 猜 我们 需要 你 这 [MASK] 高 玩 !,位,样,-0.6001368761062622,"样, 个, 种","-0.6001, -1.6425, -2.3672"
1611,逗 馒头 大 笑 秘笈 1 做 鬼 脸 2 [MASK] <h>怪声</h> 3 做 鬼 脸 加发 怪声 。,发,发,-0.003280949778854847,"发, 个, 声","-0.0033, -7.6137, -7.6453"
1612,"南方 周末 在 哈佛 谈 辛亥 辛亥 革命 100 周年 , 正 值 哈佛 建校 375 年 纪念 , 哈佛 大学 一 周 之内 连续 举办 了 两 [MASK] 有关 辛亥 革命 的 <h>研讨会</h> 。",场,次,-0.50642991065979,"次, 场, 个","-0.5064, -1.1762, -3.1896"
1613,", 我 投给 了 王珞丹 据说 开场 舞 这 1 [MASK] <h>选项</h> 。",个,个,-0.042965423315763474,"个, 项, 条","-0.0430, -4.6344, -5.5969"
1614,"在 我 生日 这 一 天 替 你 许 [MASK] <h>愿</h> , 祝 你 有 风 无 浪 你 懂 的 !",个,个,-0.3311154842376709,"个, 下, 些","-0.3311, -1.3233, -4.7280"
1615,iPhone 4S 今日 开售 看 着 那些 排队 去 买 4 s 的 人 真的 跟 穷 二 [MASK] 没什么 <h>两样</h>,代,代,-7.867844033171423e-06,"代, 辈, 层","-0.0000, -13.0685, -14.3209"
1616,"成 一 [MASK] 人物 <h>小品</h> , 款 为 诸法无相 , 能 除 一切 苦 。",张,个,-0.969234824180603,"个, 般, 代","-0.9692, -1.8096, -2.6045"
1617,下午 三节 <h>课</h> 两 [MASK] 课 看 电影 哈哈,节,节,-0.00809473916888237,"节, 个, 堂","-0.0081, -5.8015, -6.2549"
1618,"想到 我 八月 了 的 大 熱天 下午 三點 <h>去</h> 拿 花 , 三 [MASK] 去 仟吉領 蛋糕 , 自己 選半天 的 香水 和 裙子 , 為除 了 我 媽以外 的 人 策划 半個月 的 生日 。",次,点,-0.20194551348686218,"点, 班, 分","-0.2019, -3.6724, -4.0945"
1619,U [MASK] 坏 <h>左</h> 啊 。,盘,个,-2.196042060852051,"个, 只, 下","-2.1960, -3.1016, -3.2746"
1620,"一 脸 错愕 的 <h>司机</h> 和 一 [MASK] 你 看 我 干嘛 的 我 对视 了 良久 , 我 才 啊啊 啊啊 啊 莫 不 是 天 太 冷 把 脑子 冻坏 了",脸,脸,-0.5149761438369751,"脸, 个, 副","-0.5150, -1.9230, -2.0731"
1621,颠沛流离 两 [MASK] 半 <h>小时</h> 终于 从 虎门 回到 南城,个,个,-0.000810057099442929,"个, 点, 条","-0.0008, -9.0857, -9.3892"
1622,"总局 不 让 拍 穿 越剧 , 这 春晚 就 弄 出来 一 [MASK] <h>批判</h> 穿越 的",个,个,-0.6651349067687988,"个, 些, 堆","-0.6651, -2.7831, -3.0956"
1623,"想到 那些 成绩 优秀 的 , 比 自己 强 的 都 是 从 小 生活 在 音乐 的 环境 里 , 我 的 童年 却 是 八 [MASK] 环书 , 所谓 的 知识 的 <h>海洋</h> 。",面,面,-0.22037442028522491,"面, 本, 张","-0.2204, -3.3087, -3.8828"
1624,"跟 聊 了 3 [MASK] <h>小时</h> 的 电话 , 从 高中 认识 聊 到 现在 的 生活 , 能 跟 你 一起 走 过 , 笑 过 , 哭过 的 朋友 真的 不 多 珍惜 所有 我爱 的 你们",个,个,-0.007609757129102945,"个, 次, 句","-0.0076, -5.6500, -7.7289"
1625,"4 刘禅 的 经历 告诉 我们 富 二 [MASK] 自己 没有 本事 , 即使 有 再 牛 的 职业 经理人 也 难免 被 兼并 的 <h>命运</h> 。",代,代,-1.1920930376163597e-07,"代, 层, 辈","-0.0000, -16.5264, -16.8411"
1626,三 [MASK] <h>奖</h> 出现,等,等,-0.9737989902496338,"等, 级, 个","-0.9738, -1.4881, -2.5802"
1627,"拉倒 , 一 [MASK] <h>人</h> 怎么 做 !",个,个,-0.13402490317821503,"个, 般, 些","-0.1340, -3.2736, -4.4914"
1628,成 [MASK] <h>巡逻队</h> 甘,个,员,-0.3649182915687561,"员, 本, 组","-0.3649, -3.3196, -3.3259"
1629,就 这个 灰机 让 我 等 了 十五 [MASK] <h>小时</h>,个,个,-0.0002941921993624419,"个, 分, 块","-0.0003, -9.6240, -10.4767"
1630,"春运 期间 数十亿 [MASK] 的 <h>流动</h> , 怎么 弄 也 运 不 完 。",人次,次,-0.5607041716575623,"次, 股, 级","-0.5607, -3.1131, -3.2107"
1631,只 係饮 左 一 [MASK] <h>块面</h> 就 红 到 马骝屎 忽咁 打工 的 孩子 伤 不 起 呀,罐,杯,-1.1412582397460938,"杯, 碗, 口","-1.1413, -1.6842, -2.6116"
1632,"每 [MASK] <h>月</h> 总 有 那么 几 天 心情 不 好 , 别 惹 我",个,个,-0.003843890968710184,"个, 次, 些","-0.0038, -6.4853, -8.0462"
1633,上传 了 15 [MASK] <h>照片</h> 到 相册 高高 高丽棒,张,张,-0.021353475749492645,"张, 组, 幅","-0.0214, -4.9106, -5.2796"
1634,"今天 一 [MASK] 男 的 <h>问</h> 我 要 照片 , 我 多 羞涩 的 给 他 说 我 长 得 太 丑 了 , 冒 得 勇气 照相 啊 。",个,个,-0.059604451060295105,"个, 位, 群","-0.0596, -3.0854, -5.5659"
1635,"一 夜 醒来 , 满 眼 银装素裹 , 白色 雪 下 , 一 [MASK] <h>红</h> 花 含苞 待放",枝,朵,-0.23912200331687927,"朵, 片, 株","-0.2391, -2.8983, -3.3547"
1636,坤記 果然 無改錯 [MASK] <h>明顯</h> 是 人 的,名,版,-0.7337799668312073,"版, 句, 本","-0.7338, -2.5989, -3.0201"
1637,本 想 来 [MASK] 优雅 淡定 的 <h>旅途</h> 的 。,个,段,-1.2640674114227295,"段, 场, 趟","-1.2641, -1.3661, -1.5107"
1638,十二 星座 隐藏 最 深 的 一 [MASK] <h>白羊座</h> 很 居家 金牛座 耍心眼 双 子座 默默 落泪 巨蟹座 超级 冒险 家 狮子座 装傻 处 女座 花心 好色 天秤座 小气 鬼 兼 007 天蝎座 常 被 骗 射手座 原则 不 改 摩羯座 浪漫 多情 水瓶座 低调 双 鱼座 理性 的 工作狂 点 开大 图 更 精彩,面,面,-0.42570990324020386,"面, 点, 个","-0.4257, -2.0697, -3.2138"
1639,"寒潭 锦鲤 , 始终 热爱 这 [MASK] <h>清冽</h> 深潭 独自 游弋 的 小 鱼 。",尾,条,-0.4526696801185608,"条, 些, 只","-0.4527, -1.8464, -2.3175"
1640,"真 幸福 , 跟 弟弟 去扫 了 些 吃 的 , 哈哈哈 那 是 一 [MASK] <h>劲儿</h> 的 高兴 啊 !",个,股,-0.6436802744865417,"股, 个, 种","-0.6437, -1.7810, -2.1187"
1641,"原来 跟 超市 收银员 , 差头 司机 这些 不 认识 的 人 说 新年 快乐 是 [MASK] 很 快乐 的 <h>事</h> 啊 !",件,件,-0.02324068732559681,"件, 个, 种","-0.0232, -3.8981, -7.3583"
1642,镜中 张枣 只要 想起 一 生 中 后悔 的 事 梅花 便落 了 下来 比如 看 她 游泳 到 河 的 另 一 岸 比如 登上 一 [MASK] 松木 梯子 <h>危险</h> 的 事 固然 美丽 不如 看 她 骑 马 归来 面颊 温暖 羞涩 。,株,个,-1.5541411638259888,"个, 段, 座","-1.5541, -1.8032, -2.1976"
1643,我 一定 是 傻 了 玩 这么 [MASK] 毫 无 营养 的 <h>游戏</h> 玩 到 现在 都 这么 晚 了 赶紧 睡觉 去,个,个,-0.248263880610466,"个, 些, 点","-0.2483, -3.1718, -3.2681"
1644,"乔布斯 表示 不 甘 示弱 视频 比尔盖茨 向 我国 人民 拜年 恭贺 新 禧 新春 之 际 , 微软 创始人 比尔盖茨 也 不 忘 向 中国 人民 恭贺 新禧 , 道 一 [MASK] <h>春节</h> 快乐 。",声,声,-0.0015345659339800477,"声, 个, 句","-0.0015, -7.5674, -7.9548"
1645,"对 鞋 湿嗮 , 浸嗮 水 , 今日仲 提前 买佐 [MASK] 饭 <h>返工</h> , 返 到 餐厅 换 完衫 , 跟 着 就 俾人 cut 佐班 。",个,班,-0.21288569271564484,"班, 餐, 个","-0.2129, -2.0646, -5.0912"
1646,"又 是 一 [MASK] <h>闪电</h> , 将 眼 前 的 树林 照 得 如 白昼 , 赵辰 的 心 跳动 得 如 叶尖 急速 滴落 的 雨点 一样 快 。",道,道,-0.39799201488494873,"道, 阵, 个","-0.3980, -2.1660, -2.5797"
1647,只有 我 和 白薯 二 [MASK] <h>人</h> 。,个,个,-0.0935203805565834,"个, 位, 家","-0.0935, -3.4903, -4.1846"
1648,"昨儿 和 <h>LG</h> 去 血 拼 了 一下 , 哈哈 收获 木 老老滴有哇 , 给 我 从 内 到 外 都 买 新 得 了 , 哈哈 , 不过 可 怜 [MASK] LG 大大 的 出血 呀",滴,滴,-2.379384994506836,"滴, 家, 下","-2.3794, -2.4150, -2.4656"
1649,"同 看 那些 年 , 我 們一起 追 的 女孩 雖然 我們 很 失望 , 因為 把 好看 的 三 [MASK] <h>鐘刪</h> 了 但 我 們懷 著 好看 的 心情 去 看 的 。",分,分,-0.06837914884090424,"分, 部, 集","-0.0684, -3.0234, -5.4759"
1650,"我 参与 了 发起 的 投票 你 希望 龙俊亨 和 具荷拉 在一起 吗 , 我 投给 了 只要 龙 喜欢 这 1 [MASK] <h>选项</h> 。",个,个,-0.022920457646250725,"个, 项, 号","-0.0229, -5.5486, -5.7726"
1651,"大家 都 写 字 画画 的 , 偶 就 来 放 [MASK] 孔明 <h>灯</h> 吧 !",个,个,-0.8025147318840027,"个, 点, 下","-0.8025, -1.0863, -2.6762"
1652,讨厌 这 [MASK] 不 <h>下雨</h> 地上 还 湿湿 的 天气 。,种,种,-0.1840878129005432,"种, 样, 个","-0.1841, -2.0900, -3.5154"
1653,"某 人 用完 我 手机 后 , 我 QQ 头像 变成 一 [MASK] <h>奶牛</h> 和 一 草原 了",头,只,-1.213699460029602,"只, 个, 头","-1.2137, -1.2333, -2.3381"
1654,"大半夜 的 竟然 还 有 很多 加 V 的 的 童鞋们 没有 睡觉 大部分 还 是 官方 微博 真的 很 想 问 一 [MASK] 亲 大半夜 的 <h>加班</h> , 有 3 倍 工资么 ?",句,下,-0.2639496922492981,"下, 句, 声","-0.2639, -2.3199, -2.7693"
1655,这里 向 您 推荐 一 [MASK] 隐藏 餐厅 的 设计 <h>方案</h> 。,个,个,-1.0890655517578125,"个, 种, 些","-1.0891, -1.1771, -1.7970"
1656,烦 得 一 [MASK] <h>CNM</h>,笔,个,-1.0117982625961304,"个, 声, 句","-1.0118, -2.5148, -2.6235"
1657,"第一 [MASK] 专门 <h>录视频</h> , 讲 得 自己 都 没有 信心 了 。",次,次,-0.04553629085421562,"次, 集, 个","-0.0455, -5.2501, -5.4119"
1658,最后 一 [MASK] <h>班会</h> 。,个,次,-0.41200706362724304,"次, 场, 个","-0.4120, -2.0447, -2.7888"
1659,明天 要 知道 语文 成绩 了 怎么 办 一 想到 改卷 老师 会 耻笑 我 的 作文 水平 是 如此 低下 我 就 想 滚 地 明天 会 不 会 被 肥强 和 思娟 骂 [MASK] <h>狗血淋头</h> 呢 但 愿 不 会 吧 求全 级 前 50,个,个,-0.041445452719926834,"个, 声, 回","-0.0414, -5.4151, -5.5145"
1660,"下班 前 在 58 上 发 了 一 [MASK] 雷 人 的 <h>招聘</h> , 结果 奇迹般 在 回家 的 路 上 就 接到 面试者 的 电话 问 应聘 邮箱 。",则,条,-0.8801904320716858,"条, 个, 篇","-0.8802, -1.1368, -2.1951"
1661,"在 睡觉 的 时候 来 [MASK] <h>电话</h> , 你 想 怎样 。",个,个,-0.08806086331605911,"个, 通, 回","-0.0881, -3.0658, -5.1571"
1662,"妈 的 真想 换 [MASK] <h>号码</h> 都 这么 晚 了 还 吵 无聊 , 幼稚",个,个,-0.029668468981981277,"个, 下, 台","-0.0297, -5.3733, -5.9111"
1663,一 [MASK] <h>人</h> 在 赌博 老家 每 天 都 能 看到 这个,堆,个,-0.5066825151443481,"个, 般, 些","-0.5067, -1.6900, -2.1290"
1664,"老爸 你 说 的 是 真的 还 是 假 的 , 你 说 给 我 弄 [MASK] <h>爱</h> 疯 4S 是 真的 还 是 假 的 啊",个,个,-0.2904529869556427,"个, 点, 发","-0.2905, -2.0912, -4.3487"
1665,在 你 寂寞 无助 的 时候 给 你 [MASK] <h>关怀</h> !,丝,点,-0.5907376408576965,"点, 个, 些","-0.5907, -1.6558, -1.7278"
1666,"首先 , 先 将 隔离 霜倒 一些 在 手心 回温 , 一 [MASK] 的 <h>用量</h> 大概 是 1 元 硬币 的 大小 。",次,次,-0.08914326876401901,"次, 般, 瓶","-0.0891, -2.7764, -4.9375"
1667,"看 了 微 电影 我 愿意 , 感觉 那 [MASK] <h>导演</h> 很 白痴 。",个,个,-0.2778290808200836,"个, 些, 位","-0.2778, -1.8684, -2.7056"
1668,你 在 有 <h>奖</h> 转发 活动 祝福 拾衣网 正式 上线 转发 有 礼 中 抽 中 一 [MASK] 奖 价值 1000 元 时尚 靓包 中 奖 编号 3738440 。,等,等,-0.009465227834880352,"等, 个, 次","-0.0095, -6.1353, -6.6870"
1669,今天 了 了 [MASK] <h>心事</h> 。,桩,些,-1.3074979782104492,"些, 分, 个","-1.3075, -2.2998, -2.4361"
1670,准备 睡觉 系列 睡眼 朦胧 头发 乱 [MASK] 睡衣 <h>调</h> 小 浓,笼,发,-0.9233481884002686,"发, 码, 丝","-0.9233, -2.4937, -2.7574"
1671,"岁月 轮回 , 繁华 殆尽 , 不 变 的 仍 是 自己 那 [MASK] 不 <h>服输</h> 的 心 ?",颗,颗,-0.009168566204607487,"颗, 个, 份","-0.0092, -5.7672, -6.3126"
1672,"看 完 电影 回家 已经 十二点 多 了 , 电梯 一 [MASK] <h>处</h> 站 了 不少 人 。",楼,楼,-0.7352844476699829,"楼, 层, 下","-0.7353, -1.4241, -2.8082"
1673,"为了 拥有 一 [MASK] 随时 可秀 的 <h>美腿</h> , 可 得 勤加练习 , 做好 每 日 的 必修 课 哦 !",双,双,-0.041955333203077316,"双, 条, 对","-0.0420, -3.9360, -5.1396"
1674,"凡 事 都 要 一分为二 , 文凭 确实 是 [MASK] 好 <h>东西</h> , 但 好 东西 未必 能 让 我们 成为 什么 东西 !",个,个,-0.5825346112251282,"个, 件, 块","-0.5825, -0.8992, -4.8258"
1675,5 [MASK] 我 <h>宝贝</h> 的 歌,页,首,-1.0435779094696045,"首, 个, 分","-1.0436, -2.3599, -2.4785"
1676,"都 射 了 6 [MASK] 了 , 这个 女 的 还 要 http t cn z0DNZ5v 命运 万 有 引力 画壁 单身 女王 恋人 国王 与 我 风月 大刀 钟楼 怪人 爱情 公寓 2 夜 店 告密者 雪之女王 泡沫 之 夏 电影 唐山 大 地震 李春天 的 春天 <h>禁忌</h> 的 女人 衣冠 禽兽 恋爱 通告 海洋 天堂 铁面 歌女",次,次,-0.16783444583415985,"次, 个, 点","-0.1678, -2.8964, -3.9806"
1677,"天目湖 旅游 度假区 位 于 江苏省 常州市 溧阳 城南 8 公里 处 , 被 誉为 江南 明珠 绿色 仙景 , 是 首 [MASK] <h>国家</h> AAAA 级 景区 点 之一 , 是 江苏省 省级 旅游 度假区 。",批,批,-0.016644181683659554,"批, 个, 家","-0.0166, -4.2596, -6.8108"
1678,你 以后 最好 只 对 我 一 [MASK] <h>人</h> 心 软 。,个,个,-0.028435958549380302,"个, 种, 样","-0.0284, -4.4834, -5.3242"
1679,"咳咳参 北斗 哇 , 越来越 多 没 [MASK] <h>头</h> 说 走咱 就 走 啊 , 你 走 他 走 我 也 走 啊 。",个,回,-1.270185947418213,"回, 头, 起","-1.2702, -1.5729, -2.5962"
1680,今年 春晚 是 不 是 很 那 [MASK] <h>好看</h> 呢 ?,个,个,-0.5933046340942383,"个, 样, 种","-0.5933, -1.4706, -2.6618"
1681,"昨儿 剥 牛 赢 了 115 , 今天 就 输 了 60 , 只 赚 了 [MASK] <h>小钢炮</h> 的 饭钱",个,点,-1.105275273323059,"点, 个, 些","-1.1053, -2.1731, -2.8071"
1682,"岁月 流逝 , 一 晃 就 是 五 年 , 我 终于 怀着 一 [MASK] <h>异样</h> 的 心情 和 一个 令 我 一直 耿耿于怀 的 悬念 , 带 着 我 的 丈夫 还有 孩子 , 回到 家乡 探亲 。",种,个,-0.5777223706245422,"个, 种, 份","-0.5777, -1.2934, -3.0670"
1683,"现在 的 孟聚 也 是 一样 , 看 了 50 [MASK] 的 <h>样子</h> , 突然 发现 , 咦 , 这 Y 是 高手 。",章,页,-1.4320192337036133,"页, 级, 次","-1.4320, -1.9648, -2.5921"
1684,"这 [MASK] <h>宝贝</h> 这 两 天 问 的 人 满 多 古玩城 铜 钱 钱币 大 钱 开光 纯 铜 五 帝 钱 , 价格 800 元 , 见",件,个,-0.3384321928024292,"个, 家, 些","-0.3384, -2.7633, -3.5029"
1685,"今年 我 就 要 立 得 拍 吧 , 过 完 年 就 去 富士 挑 很 快 我 就 会 有 一 [MASK] 相片 <h>墙</h> 了 o",面,张,-0.8911728858947754,"张, 个, 些","-0.8912, -1.8932, -2.6275"
1686,"给 女友 庆生 , 儿子 趁 母亲 外出 时 溜进 她 的 房间 企图 偷 走 母亲 最后 一 [MASK] <h>存款</h> 。",笔,笔,-0.04233488440513611,"笔, 次, 个","-0.0423, -5.1197, -5.2911"
1687,"我 蜷沙发 玩 平板 , 胖子 继续 啃书 , 旁边 好几 [MASK] <h>打</h> 扑克 的 。",桌,个,-0.029217960312962532,"个, 位, 桌","-0.0292, -4.4708, -5.8157"
1688,一 [MASK] 忍 不 住 的 心烦 <h>头晕</h> 出汗 想 砸烂 所有 的 东西 。,阵,种,-1.0077825784683228,"种, 阵, 个","-1.0078, -1.9709, -2.0503"
1689,这 一 [MASK] <h>人品</h> 太 好 了 啊 !,阵,位,-1.9405708312988281,"位, 个, 次","-1.9406, -2.0547, -2.3113"
1690,"后来 分开 的 时候 , 我 剪 了 一 [MASK] <h>短发</h> 。",头,头,-0.42158055305480957,"头, 个, 条","-0.4216, -1.7051, -2.8227"
1691,"传统 那 一 [MASK] 已经 不 行 了 , 我们 上 小学 时 所 接受 的 <h>教育</h> , 今天 大家 已经 不 信 了 , 怎么 办 ?",套,套,-0.6671627163887024,"套, 代, 点","-0.6672, -2.0858, -2.2169"
1692,"一 [MASK] M <h>豆</h> , 小豆 嗨皮 了 。",桶,个,-1.7120552062988281,"个, 下, 路","-1.7121, -1.8510, -2.3161"
1693,"张绍刚 再 曝毒舌 视频 我 觉得 张绍刚 很 2 呀 , 2 的 不得了 , 之前 那 [MASK] 经典 的 <h>段子</h> 完全 适用 于 他",个,些,-0.41813230514526367,"些, 个, 种","-0.4181, -1.3879, -3.6116"
1694,"重 看 了 一 [MASK] 五 年 前 的 十兄弟 <h>天賜良兒</h> , 還是 很 喜歡 老四 , 要 不 要 這麼萌 呀 , 還穿 我 Like 的 史迪奇 的 衣服",遍,下,-0.8103703856468201,"下, 遍, 眼","-0.8104, -1.5905, -2.0139"
1695,"晚上 , 猪头 给 我 狂 买 了 五十多 [MASK] 的 <h>零食</h> , 我们 在 得克士 摆开 场子 边 吃 边 聊天儿 , 感觉 真 爽快 。",块,块,-0.432400107383728,"块, 个, 样","-0.4324, -2.5533, -3.1688"
1696,"Love 也 是 有 两 [MASK] <h>刷子</h> 的 , 也 不 是 靠 单纯 的 刷数据",把,个,-0.196761354804039,"个, 只, 张","-0.1968, -3.6528, -3.9202"
1697,健康 年夜饭 一 [MASK] <h>范志</h> 红原 创 营养 信息,例,道,-1.8503715991973877,"道, 桌, 起","-1.8504, -1.8892, -2.4404"
1698,"立下 大志 以后 再 穷 也 得 赚 钱 盖 书房 , 还 要 有 窗 有 阳光 四 [MASK] <h>如春</h> !",季,季,-0.020732944831252098,"季, 处, 面","-0.0207, -4.3802, -5.3979"
1699,"最近 天天 这些 , 真的 牙齿 受 不 了 了 , 这 [MASK] 准备 <h>海鲜</h> , 客厅 那 边 是 牛肉 火锅 , 任君 选择 !",桌,次,-0.14418290555477142,"次, 家, 回","-0.1442, -3.2417, -3.6020"
1700,"要 把 学生 到 农村 实习 参加 医疗 预防 工作 实践 , 作为 对 毕业生 考核 的 一 [MASK] 重要 <h>内容</h> 。",项,项,-0.23180250823497772,"项, 个, 条","-0.2318, -1.6233, -5.5383"
1701,"再见 了 骚年 , 再见 了 那 [MASK] 充满 幻想 的 <h>地方</h>",个,个,-0.1990969181060791,"个, 些, 片","-0.1991, -2.1810, -3.5969"
1702,"今天 感觉 , 应该 看中 的 不 是 做 与 不 做 的 事儿 , 而 是 如何 去 做 , 怎么 做 方 能 做 的 更 好 , 不然 , 做 了 就 是 不 彻底 , 虽然 与 不 做 是 两 [MASK] <h>性质</h> , 但是 效率 就 被 打上 了 折扣 啊",码,种,-0.5164960622787476,"种, 个, 项","-0.5165, -0.9502, -5.6525"
1703,李玉刚 新 贵妃 醉 酒 金美儿 冬天 里 的 一 [MASK] <h>火</h> 费翔 故乡 的 云唱 的 都 不错 。,把,场,-1.7714207172393799,"场, 把, 片","-1.7714, -2.1310, -2.4002"
1704,把 那 [MASK] <h>米</h> 从 阳台 扛 厨房 去 。,袋,些,-0.8875840306282043,"些, 个, 粒","-0.8876, -1.9624, -2.2538"
1705,"觉得 自己 越来越 像 霍金 了 , 每 天 窝 在 椅子 或 床上 , 歪 着 脖子 , 呆滞 的 望 着 前面 , 然后 偶尔 用 几 [MASK] <h>手</h> 指 。",下,个,-0.27250534296035767,"个, 根, 只","-0.2725, -2.3694, -2.7922"
1706,出 [MASK] <h>成绩</h> 至于 吗 ?,个,场,-1.587997555732727,"场, 口, 席","-1.5880, -1.7612, -2.4202"
1707,我 发现 我 真的 是 [MASK] 巨 纠结 无比 的 人 <h>诶艾</h>,个,个,-0.005864317528903484,"个, 种, 位","-0.0059, -6.7360, -7.7211"
1708,等等 一 [MASK] <h>再等</h>,等,等,-0.7580188512802124,"等, 下, 次","-0.7580, -0.8103, -3.1890"
1709,"士 看见 骑 着 脚踏车 的 信差 将 一 [MASK] <h>情报</h> 进 花园 门口 的 信箱 , 他 顺着 思路 怜悯 起 这个 信差 来 。",封,些,-1.2219007015228271,"些, 封, 堆","-1.2219, -1.9192, -2.1134"
1710,"一 不 留神 又 两 点 多 了 , 这 几 天 的 生物钟 各 [MASK] <h>混乱</h> , 就 没 调整 过来 , 要 是 过 几 天 开学 可 就 死定 了 !",种,种,-0.04440813139081001,"种, 个, 类","-0.0444, -3.9731, -4.7269"
1711,德州市 首 [MASK] 网络 <h>春晚</h> 分享自,届,个,-0.7203696966171265,"个, 届, 家","-0.7204, -1.3424, -2.2374"
1712,"笑话 幽默 吃客 为什么 这 [MASK] <h>菜</h> 里 都 是 泥? 侍者 这 是 最 新鲜 不过 的 菜 , 刚 从 泥里拔 出来 呢 。",碗,道,-0.6657593250274658,"道, 个, 些","-0.6658, -1.7252, -2.1150"
1713,原来 邓小平 说 那 [MASK] <h>话</h> 是 错 的 先 让 一部分 人 富 起来 我们 怎么 办 啊 穷穷穷,句,句,-0.6020621061325073,"句, 些, 个","-0.6021, -0.9645, -3.7826"
1714,"亲亲 我 的 小 张杰 , 下 [MASK] <h>月</h> 就 要 走 了 , 恭喜 你 哈 !",个,个,-0.0170421339571476,"个, 次, 班","-0.0170, -5.1770, -5.8164"
1715,"哈哈 转发 微博 , 有 [MASK] <h>人</h> 过 年 不 给 我 红包 。",个,些,-0.1815144568681717,"些, 个, 点","-0.1815, -2.3386, -4.4817"
1716,"btw , 有 没有 哪位 借 我 一 [MASK] <h>车</h> , 我 需要 接人 !",辆,辆,-0.11641275137662888,"辆, 台, 个","-0.1164, -3.3340, -3.5421"
1717,"广德 真人 为 要 使 一般 人 都 信仰 他 、 爱护 他 , 所以 有 施 水 治 疫 的 那 [MASK] <h>举动</h> 。",番,种,-0.24023254215717316,"种, 个, 些","-0.2402, -2.5339, -2.5997"
1718,"就 现在 坐 在 屋头 , 我 胃 还 是 一 [MASK] <h>翻涌</h> 的 感脚 啊 老子 不 喝 酒 了 !",阵,种,-0.3904644250869751,"种, 阵, 股","-0.3905, -1.9192, -2.0328"
1719,纠结 看 [MASK] <h>惊心</h> 怎么 突然 觉得 跟 若曦 一样 很 纠结 呢 ?,步,点,-0.9578075408935547,"点, 脸, 个","-0.9578, -1.9849, -2.4094"
1720,"Lina Medina 是 首 [MASK] 被 发现 的 早熟 <h>病例</h> , 她 的 儿子 起初 一直 认为 她 是 他 的 姐姐 , 直 到 10 岁 才 得知 事实 。",例,个,-0.8979581594467163,"个, 例, 次","-0.8980, -1.1846, -1.6698"
1721,"亲 , 龙蛋 里面 有 料 哦 , 饱 含 温馨 与 如意 , 见 了 快乐 又 健康 , 用 了 [MASK] <h>高升</h> 哦 !",步,个,-2.267820119857788,"个, 次, 双","-2.2678, -2.8158, -2.8580"
1722,"尽管 去 了 [MASK] <h>医院</h> , 但是 今天 该 干得 事 也 没 耽误 。",趟,个,-0.6486243009567261,"个, 家, 趟","-0.6486, -1.3370, -2.8548"
1723,"最近 发现 我 只 要 一 大 [MASK] <h>孔</h> 她 , 她 就 马上 低头 嘟嘴 , 还 扁扁 嘴 , 样子 很 是 可 怜 。",声,口,-0.773226797580719,"口, 张, 声","-0.7732, -2.0812, -2.4470"
1724,"四 皇 里面 的 一 [MASK] <h>狮子</h> 都 悬赏 金 3 亿 3 千万 , 真 想 知道 红发 的 那些 主力 的 悬赏 金 啊 。",头,个,-0.5198155045509338,"个, 些, 只","-0.5198, -1.6736, -3.0144"
1725,"宋城 景区 19 [MASK] 线上 <h>活动</h> 2012 不 是 世界 末日 , 许心愿 赢取 宋城 景区 免费 门票",楼,号,-1.6222695112228394,"号, 个, 点","-1.6223, -2.0436, -2.1765"
1726,因为 她 知道 珍惜 知道 不 放弃 一 [MASK] 的 <h>努力</h> 需要 多 大 信心 和 坚持 你 有 没 有 看到 她 的 心里 去 你 能 帮帮 她 嘛 ?,层,点,-1.285817265510559,"点, 次, 样","-1.2858, -1.7600, -1.8477"
1727,本来 上 一 [MASK] 的 事 <h>轮</h> 不 到 我们 小 的 插嘴 但是 我 实在 看 不 过 眼 心肝 不 好 的 人 就 是 低 不 得 人家 过 得 好 !,辈,次,-0.6556262373924255,"次, 代, 辈","-0.6556, -2.4708, -2.6975"
1728,倒 [MASK] 熄火 加 <h>压线</h> 的 居然 合格 。,桩,线,-1.7621949911117554,"线, 头, 下","-1.7622, -1.9470, -2.2597"
1729,达 人 秀 [MASK] <h>因事</h> 退出 没 来 看 的 有点 无趣 啊 所以 我 还 有空 看些 有的 没 的,波,版,-2.6047844886779785,"版, 节, 台","-2.6048, -2.7163, -2.9813"
1730,迫于 种种 压力 关闭 了 企鹅 空间 伴随 了 我 七 年 多 的 一 [MASK] <h>窗</h> 关上 了,扇,个,-0.3613586723804474,"个, 页, 条","-0.3614, -3.0979, -3.3615"
1731,"尼玛 , 第一 [MASK] <h>醒</h> 这么 早 今年 是 外面 还 有 鸡叫 呢",次,次,-0.21356837451457977,"次, 个, 章","-0.2136, -2.0753, -5.2930"
1732,今年 的 全 明星赛 是 哪 [MASK] <h>时刻</h> 呢,个,个,-0.47154319286346436,"个, 些, 种","-0.4715, -1.0313, -4.7242"
1733,"火车 上 , 一 [MASK] <h>男孩</h> 拿 着 手机 发微 博 , 他 在 微博 上 写 着 在 火车 上 , 我 对 她 一见 钟情 。",位,个,-0.12505877017974854,"个, 名, 位","-0.1251, -2.7943, -2.9478"
1734,我 坐 呢 [MASK] <h>船</h> 过 海咖 !,艘,艘,-0.9516546726226807,"艘, 个, 座","-0.9517, -1.4337, -2.4493"
1735,"我 参与 了 发起 的 投票 2012 , 你 最 想 去 的 中国 地 城市 篇 , 我 投给 了 桂林 寄情 山水 不 醉 不 归 这 2 [MASK] <h>选项</h> 。",个,个,-0.006816919893026352,"个, 项, 条","-0.0068, -6.2518, -6.9867"
1736,"大红 灯笼 高高 挂 , 传统 节日 有时候 还是 需要 这 [MASK] 小 <h>俗气</h> 才 热闹 。",种,样,-0.7925020456314087,"样, 种, 些","-0.7925, -1.5011, -1.7851"
1737,"离开 西安 就 不 再 回来 , 那些 幻想 过 的 , 努力 过 的 , 爱 过 的 , 伤 过 的 , 错过 的 , 就 随风而逝 吧 一 [MASK] <h>人</h> 的 路 上 , 我 也 可以 走 的 很 精彩 !",个,个,-0.06729818880558014,"个, 群, 条","-0.0673, -4.6282, -4.6508"
1738,发表 了 一 [MASK] 转载 博文 转载 疯狂 渣土 车 莽撞 的 社会 <h>运行</h>,篇,篇,-0.045824598520994186,"篇, 条, 个","-0.0458, -4.6641, -4.8145"
1739,"我 在 这里 杭州市 西湖区 西湖 边 , Pizza Inn 大餐 , 晚上 吃 第二 [MASK] , <h>罪恶</h> 阿 !",顿,顿,-1.1281554698944092,"顿, 餐, 次","-1.1282, -1.4563, -2.3687"
1740,"为什么 那 [MASK] <h>小麦</h> 煮 了 那么 久 , 小麦 还 那么 硬 ?",锅,个,-1.0225688219070435,"个, 些, 种","-1.0226, -1.3581, -1.5281"
1741,"早安 , 索尼 的 两 [MASK] <h>新机</h> 还 是 值得 期待 的 , 不过 还 是 定制机 啊 , Xperia Arco hd 的 三 防 功能 和 高清屏 是 亮点",款,款,-0.29684582352638245,"款, 部, 个","-0.2968, -2.0178, -3.0487"
1742,"对 说 您 好 , 我 有 问题 咨询 , 去 哪儿 网 上 的 超值 自由 飞 我 买 了 你们 那 [MASK] <h>券</h> 。",个,个,-0.2637469172477722,"个, 张, 种","-0.2637, -2.1381, -3.9685"
1743,"在 已 代表 萨斯菲尔德 出战 两 [MASK] 阿甲 春季 <h>联赛</h> 的 情况 下 加盟 紫 百合 佛罗伦萨 , 但 半 年 来 仅 一 球 入账 。",场,场,-0.1471044421195984,"场, 次, 届","-0.1471, -2.7595, -3.4255"
1744,看见 那 [MASK] <h>人</h> 就 觉得 恶心 。,个,个,-0.3367667496204376,"个, 些, 种","-0.3368, -1.6260, -3.2456"
1745,限制级 为 4 [MASK] 的 大 <h>片</h> 万 有 引力 野鸭子 恶夜 惊魂 欲望号 列车 刀尖 上 行走 衣冠 禽兽 情迷 大话 王野 鸭子 妹妹 恋人 魔鬼 屠夫 写真 倩女幽魂 断 喉弩 衣冠 禽兽 万 有 引力 美女 欲望号 列车 男儿 本色 喋血 孤城 断 刺画 壁 金枝玉叶 迷幻 公园 倩女 幽魂 魔鬼 屠夫 倩女 幽魂,级,级,-0.13632561266422272,"级, 片, 楼","-0.1363, -3.8526, -4.2449"
1746,"我 华丽丽 的 失眠 袅珊 同学 , 姐很 愧疚 的 告诉 你 , 你 开导 了 那么 多 , 貌似 作 无 用功 了 明早 还 有 四 [MASK] <h>课</h> 四 节课 , 孩子们 看 电影 的 时候 我 估计 可以 补眠 zZ",节,节,-0.0314483679831028,"节, 个, 堂","-0.0314, -4.0080, -5.2717"
1747,"新年 期间 , 玩 狮子 , 舞龙 , 演戏 , 说书 , 高跷 , 旱船 等 各 [MASK] 娱乐 <h>活动</h> 五彩缤纷 , 绚丽 夺目 。",种,种,-0.3534255027770996,"种, 类, 项","-0.3534, -1.4764, -2.7071"
1748,"打 了 第一 [MASK] <h>场</h> 说 赶 不 过来 , 打 了 湖南 某 新闻 电台 说 记者 睡觉 派 不 出来 , 打 了 省 政府 公安厅 的 无 人 接听 , 无语 !",线,个,-1.1038669347763062,"个, 次, 台","-1.1039, -1.7348, -2.4542"
1749,一 [MASK] 单 <h>皮鞋</h> !,双,双,-1.0653377771377563,"双, 件, 条","-1.0653, -2.0924, -2.2987"
1750,"老师 听 了 一 [MASK] <h>耳光</h> 给 小 刚 打去抄 的 什么 作业 , 拿 出来 。",个,记,-0.640835702419281,"记, 个, 声","-0.6408, -1.1307, -2.3270"
1751,麻烦 大家 给 支 [MASK] <h>招儿</h> 。,个,支,-0.7185951471328735,"支, 点, 个","-0.7186, -1.7479, -1.8398"
1752,"昨晚 到达 羽田 机场 , 向 机场 服务 人员 打探 酒店 位置 , 是 一 [MASK] <h>身</h> 着 笔挺 制服 , 头发 花白 的 老者 , 态度 相当 和蔼 , 怕 我们 搞 不 明白 , 直接 和 酒店 通 了 电话 , 然后 又 陪 我们 到 乘车 点 , 嘱咐 了 半天 , 才 回去 。",位,位,-0.16836218535900116,"位, 个, 名","-0.1684, -2.2024, -3.1500"
1753,"过 自己 追求 的 生活 , 并不 是 每 [MASK] <h>人</h> 都 能 做到 。",个,个,-0.0011761545902118087,"个, 位, 名","-0.0012, -7.2141, -9.5327"
1754,"今天 都 在 市中心 办事 , 而 alin 今天 不 忙 且 订 明天 走 , 而 我 明天室 里 团年 白天 都 空 , 我 可以 和 她 再 吃 三 [MASK] <h>饭</h> 。",顿,顿,-0.6816096901893616,"顿, 次, 碗","-0.6816, -1.4089, -2.6808"
1755,喝完 那么 多 酒 只 是 更 清醒 我 根本 不 会 让 自己 喝 醉 的 只 是 听说 这 [MASK] <h>洋酒</h> 后劲 很 凶 只 是 反而 愈发 的 思念 你 。,种,杯,-1.4135208129882812,"杯, 种, 瓶","-1.4135, -1.5755, -1.6132"
1756,第一 [MASK] 带 <h>男朋友</h> 见 家长 想不到 对 你 的 印象 几 好 喔 今天 我 很 开心 呢 谢谢 你 老公 我 爱 你,次,次,-0.00493382615968585,"次, 个, 回","-0.0049, -5.9282, -7.7424"
1757,吃 了 好几 [MASK] <h>肉</h> !,盘,次,-1.531270146369934,"次, 块, 个","-1.5313, -1.7493, -1.8286"
1758,"她 身上 有 多 [MASK] <h>纹身</h> , 永远 朋克会 驾驶 飞机 。",处,个,-0.4103184938430786,"个, 种, 条","-0.4103, -2.0145, -2.5775"
1759,就 像 是 一 [MASK] 纤细 的 <h>丝</h> 。,根,条,-0.30906960368156433,"条, 根, 张","-0.3091, -2.1758, -3.5477"
1760,你 不 知道 的 事 每 [MASK] <h>听</h> 都 很 感动,次,次,-0.03124307096004486,"次, 个, 回","-0.0312, -4.2012, -5.4339"
1761,"杜氏 家族 今年 添 了 几 [MASK] <h>新丁</h> , 全体 姑娘 翻来 煮禄堆 。",枚,个,-0.28152263164520264,"个, 位, 名","-0.2815, -2.6442, -3.4269"
1762,"终于 跑 完 最后 一 [MASK] <h>亲戚</h> , 年 也 就 过 完 了 , 明天 开工 上班",家,个,-1.0861308574676514,"个, 趟, 次","-1.0861, -2.2990, -2.6658"
1763,"这 将 从 多 [MASK] <h>方面</h> 带来 创新 , 并 减轻 美国 学生 书包 的 重量 。",个,个,-0.5460152626037598,"个, 种, 项","-0.5460, -1.0118, -3.9920"
1764,"总爱 睡 了 几 [MASK] <h>小时</h> 后 , 就 开始 睡 不 着 , 又 是 这 钟 数 慢慢 地 我 开始 厌倦 这 钟 无休止 习惯 的 习惯 生活",个,个,-0.0024596278090029955,"个, 次, 本","-0.0025, -8.1621, -8.5368"
1765,"人 就 是 应该 有 梦想 , 然后 用 一生 努力 把 梦想 变成 现实 , 很多 事 需要 一 [MASK] <h>成功</h> , 只 盼 在 稳固 中 拔得头筹 。",次,次,-1.7551653385162354,"次, 路, 步","-1.7552, -1.7566, -1.8341"
1766,我 在 中影 国际 影城 签到 20 [MASK] <h>大闹</h> 大闹,次,分,-1.5659698247909546,"分, 张, 个","-1.5660, -1.6521, -2.2750"
1767,还 得 一 [MASK] <h>人</h> 收拾 这 破 公司 。,个,个,-0.5187255144119263,"个, 帮, 群","-0.5187, -1.8456, -2.9099"
1768,"在职场 中 就 应该 像 柯 南 那样 , 有 一 [MASK] 走到 哪 就 让 别人 死到 哪 的 <h>霸气</h> 。",种,种,-0.08354312181472778,"种, 股, 份","-0.0835, -3.0244, -4.4977"
1769,"想 我 长 得 这么 帅 , 改卷 老师 绝对 不 会 给 我 低分 的 , 因为 我 是 孤独 的 风 中 一 [MASK] <h>狼</h> 。",匹,只,-0.4469270706176758,"只, 匹, 个","-0.4469, -2.3077, -2.3940"
1770,"老 朋友 见面 , 狠狠 的 亲切 , 记得 当年 一 [MASK] 的 <h>年轻</h> , 嘿嘿 。",起,样,-0.2232465147972107,"样, 脸, 起","-0.2232, -1.8288, -4.8026"
1771,"在 游戏 梦想 商业街 中 获得 了 成就 社会 活动家 , 成为 微博 第 31 [MASK] 获得 该 成就 的 <h>人</h> , 你 想 和 TA 比 试 一下 吗",位,位,-0.3865445852279663,"位, 个, 名","-0.3865, -1.3361, -3.0759"
1772,"污染 指数 12 月 的 时候 买 了 口罩 , 出门 3 天 , 平均 下来 每 天 户外 活动 约 1 [MASK] <h>小时</h> , 口罩 如下",个,个,-0.0012457974953576922,"个, 次, 名","-0.0012, -8.3586, -9.1423"
1773,"电影 里 , 只 需 镜头 切换 , 字幕 上 出现 几 [MASK] <h>小字</h> 二十 年 后 , 然后 红颜 白发 , 一切 都 有 了 结局 , 而 现实 的 人生 , 三 年 五 载 , 其中 哪 一 秒钟 不 需要 生生 地捱",行,个,-0.08067648112773895,"个, 行, 句","-0.0807, -2.9070, -5.2140"
1774,"男 女 朋友 睡 一 [MASK] <h>房间</h> , 女 的 划 了 条线 过线 的 是 禽兽 。",个,个,-0.0656723827123642,"个, 间, 套","-0.0657, -3.4663, -4.4586"
1775,我 在 香港 永祥烧腊 餐厅 虹口 店 没 [MASK] 吃 只 能 外卖 了 麻痹 皇 <h>马</h> 又 输 了 窝色 吃 回来,堂,点,-1.544114112854004,"点, 面, 餐","-1.5441, -2.4001, -2.6544"
1776,重 器 精品 海南 黄花油 梨红色 油梨 竹节型 把 [MASK] <h>摆件</h> 2012129 分享自,件,手,-0.16507689654827118,"手, 把, 具","-0.1651, -2.6608, -3.3546"
1777,"我们 一 [MASK] <h>课</h> 的 作业 , 5 分钟 很 简单 的 问题 , 帮忙 做做 不 ?",门,个,-1.215888500213623,"个, 节, 起","-1.2159, -1.6182, -1.6696"
1778,我 要 把 自己 裹 得 暖暖 的 管 他 臃肿 与否 帽子 围巾 靴子 大衣 各 [MASK] <h>上阵</h> 我 要 暖暖 暖暖 暖暖,种,种,-0.29398542642593384,"种, 位, 款","-0.2940, -2.5552, -2.8074"
1779,这 [MASK] <h>天气</h> 就 跟 屎 一样 我 的 感性 细胞 又 要 泛滥 的 扩散 了 我 要 疯 了,种,个,-0.33694005012512207,"个, 样, 种","-0.3369, -2.2212, -2.5879"
1780,"好不容易 为 我们 争取 到 的 座位 还 要 被 你 嫌弃 , 本 以为 告诉 你 会 是 [MASK] <h>喜讯</h> , 算 了 , 我 不 重要 , 不 重要 。",个,个,-0.040570467710494995,"个, 件, 条","-0.0406, -4.4330, -4.6372"
1781,向 提问 提问 周董 我 是 内蒙古 的 歌迷 什么 时候 是 下 一 [MASK] <h>巡演</h> ?,次,次,-0.6207464933395386,"次, 个, 场","-0.6207, -1.6434, -2.0592"
1782,"据 俄罗斯 媒体 报道 , 在 日本 政府 推进 的 俄罗斯 东 西伯利亚 到 太平洋 沿岸 的 石油 管道 建设 计划 中 , 日本 保证 “ 将 向 俄方 以 每天 100万 [MASK] 的 <h>数量</h> 进口 原油 ” 。",桶,桶,-0.02112065628170967,"桶, 枚, 口","-0.0211, -6.0582, -6.2400"
1783,看完 这个 视频 我 把 F [MASK] <h>外加</h> 移动 硬盘 都 清空 了 。,盘,个,-1.1805769205093384,"个, 盘, 把","-1.1806, -2.6771, -2.7225"
1784,"某 个人 的 电话 害 的 我 失眠 , 在 床 上翻 了 几百 [MASK] <h>身</h> 还 是么 睡 着 。",个,遍,-0.15380123257637024,"遍, 页, 下","-0.1538, -2.4575, -3.4501"
1785,"京东 商城 网购 晒 单 我 买 了 [MASK] 飞科 <h>FLYCO</h> 电吹风 系列 FH 6218 感觉 不错 哦 优点 价格 便宜 , 够用 缺点 暂时 还 没 发现 缺点 哦 !",个,波,-1.7887934446334839,"波, 双, 点","-1.7888, -2.3065, -2.4570"
1786,"人生 就 像 一 [MASK] <h>舞会</h> , 教会 你 最初 舞步 的 人 , 却 未必 能 陪 你 走到 散场 !",场,场,-0.11194897443056107,"场, 个, 次","-0.1119, -2.5619, -4.0772"
1787,下雪咯 2012 第一 [MASK] <h>雪</h>,场,场,-1.6008994579315186,"场, 次, 季","-1.6009, -1.7507, -2.9559"
1788,MAC 魅可 圣诞 限量 英伦 皇家 底妆 6 [MASK] 套刷 <h>化妆</h> 包 格子 的 拼接 好 别致 喜欢 点 这,件,款,-1.9091579914093018,"款, 件, 枚","-1.9092, -2.2210, -2.4620"
1789,"这 [MASK] 小 <h>青蛙</h> 皮肤 颜色 红 黑 相间 , 微小 螨虫 为 食 。",种,些,-1.245873212814331,"些, 种, 只","-1.2459, -1.3174, -1.4362"
1790,果果 自己 和 乒乓球 疯 了 一 [MASK] <h>小时</h> 后 终于 累咯,个,个,-0.005129177123308182,"个, 段, 些","-0.0051, -6.8202, -7.0049"
1791,我 怀念 高中 大家 每 天 一起 吃 饭 每 [MASK] <h>暑假</h> 每 天 泡 一起 双 扣 的 日子 。,个,个,-0.07363323867321014,"个, 次, 起","-0.0736, -3.7132, -5.3285"
1792,一 [MASK] <h>人</h> 乾福会 改善 伙食,家,般,-0.5201653242111206,"般, 个, 些","-0.5202, -1.5006, -2.4778"
1793,你 期待 一 [MASK] 怎样 的 <h>春节</h> ?,个,个,-0.07548665255308151,"个, 次, 场","-0.0755, -3.4664, -3.5380"
1794,"在 扇形 的 大礼堂 内 , 一 [MASK] <h>教授</h> 象 背书 一样 , 把 本来 生动 迷人 的 历史 讲 得 枯燥 无味 。",位,些,-1.2926899194717407,"些, 位, 个","-1.2927, -1.5317, -1.5596"
1795,"爱情 固然 是 每 [MASK] <h>少女</h> 所 渴求 的 , 但 没有 绝对 顺利 的 爱情 。",个,个,-0.0547606460750103,"个, 位, 名","-0.0548, -3.0114, -6.5520"
1796,"祝福 朋友 , 天天 快乐 春节 快乐 表情 看到 雪 又 一 [MASK] <h>太阳</h> 的 博 文明 天 我 将 去 远行 有感而发 的 评论 。",轮,个,-0.8983429074287415,"个, 次, 片","-0.8983, -1.3384, -2.6310"
1797,支持 你 谢天华 现在 正在 看 你 的 洪武 32 千 [MASK] <h>大人</h> 也 很 棒 !,户,卷,-1.980955719947815,"卷, 篇, 门","-1.9810, -2.0876, -2.3861"
1798,"郭德纲 痛揍卓伟 , 大 快 , 各位 可否 还 记得 当年 窦唯怒 烧 报馆 , 当时 无 良 记者 就 叫 卓伟 , 求证 是 不 是 一 [MASK] <h>人</h> 。",个,个,-0.10815280675888062,"个, 帮, 种","-0.1082, -3.9265, -4.2564"
1799,我 于是 也 会 在 心 中 盼望 着 生命 里 会 出现 那 [MASK] <h>人</h> 像 李大仁 那样 的 人 会 在 我 最 寂寞 最 难受 最 憋屈 想 找 人 聊 一 聊 的 时候 就 会 随时 出现 的 人,个,个,-1.0176801681518555,"个, 种, 些","-1.0177, -1.0379, -1.4794"
1800,"听 刘欢 的 歌词 , 我 的 第一 [MASK] <h>想法</h> 是 大叔 , 你 是 淘宝 请来 的 救兵 吗 ?",个,个,-0.053347572684288025,"个, 种, 次","-0.0533, -3.2195, -5.3704"
1801,我 吃 了 一 [MASK] 周 黑鸭翅 啦 没 水 喝 呀 <h>哎呦</h> 。,盒,只,-1.8936150074005127,"只, 个, 口","-1.8936, -1.9008, -2.2602"
1802,"法国 《 回声 报 》 11月 20日 写道 , 这次 欧安会 首脑 会议 首先 是 两 [MASK] 大国 <h>共管</h> 时期 结束 的 象征 , 一方面 , 莫斯科 在 请求 财政 援助 , 另 方面 , 华盛顿 在 要求 为 其 海湾 远征 提供 支持 。",个,个,-0.005653717089444399,"个, 位, 次","-0.0057, -6.2852, -7.3939"
1803,达 人 福利恩 我 想要 好看 的 袜子 凑 [MASK] <h>热闹</h>,个,个,-0.15099865198135376,"个, 场, 点","-0.1510, -2.9303, -4.2370"
1804,又 陪 家裡 的 小 朋友 看 了 一 [MASK] 三個 <h>傻瓜</h> 。,遍,下,-0.4650314450263977,"下, 次, 部","-0.4650, -2.1258, -3.5273"
1805,"跟 着 一 [MASK] 小 <h>朋友</h> 一起 收 红包 , 我 这个 大 朋友 也 有 红 包收",群,个,-0.5515826940536499,"个, 些, 群","-0.5516, -1.4829, -2.2216"
1806,极度 讨厌 自己 喝 [MASK] <h>酒</h> 就 跟 白痴 一样 再 改 不 了 坏 习惯 就 戒酒 !,点,点,-1.1773407459259033,"点, 下, 些","-1.1773, -1.3663, -2.1939"
1807,"树叶 , 树枝 , 草茎 上 , 已经 结上 了 薄冰 , 残留 的 几 [MASK] <h>棉花</h> , 也 披上 了 晶莹 的 外衣 。",朵,朵,-1.4896258115768433,"朵, 片, 粒","-1.4896, -1.5061, -2.4277"
1808,"我 总 觉得 , 你 的 生活 会 很 美好 , 下 [MASK] <h>春天</h> 一定 不 远 。",个,个,-0.6779170036315918,"个, 次, 场","-0.6779, -1.0095, -3.3358"
1809,"测试 最 适合 你 的 爱情 <h>急救丸</h> 当 爱情 指数 一直 在 低谷 徘徊 , 许久 不 见 起色 , 你 应该 吃上 一 [MASK] 什么 急救丸 , 让 你们 的 爱 重新 容光焕发 呢 ?",颗,些,-0.5933622717857361,"些, 颗, 个","-0.5934, -1.5531, -3.1818"
1810,"这 [MASK] <h>疾病</h> 的 共同 特点 就 是 血液 中 活性 凝血酶 的 生成 出现 功能 障碍 , 进而 使得 血液 凝固 时间长 , 在 生命 过程 中 遇到 轻 微创",类,些,-0.4002562165260315,"些, 类, 种","-0.4003, -1.7436, -1.9208"
1811,"作为 普通 一 警 , 能够 登上 春晚 的 舞台 , 虽然 只有 短暂 几 [MASK] <h>镜头</h> , 我 已 很 满足 , 我 会 以 此 为 动力 , 前行 的 路 上 更加 努力 , 不 辜负 大家 的 关心 。",个,个,-0.1370745599269867,"个, 次, 张","-0.1371, -2.8508, -4.1356"
1812,睡 了 十四 [MASK] <h>小时</h>,个,个,-0.0019019440514966846,"个, 次, 分","-0.0019, -7.8477, -8.3270"
1813,"连夜 赶 了 五 [MASK] <h>小时</h> 的 路 , 到 了 客户 的 工厂 已经 是 凌晨 三点 了",个,个,-0.0001673838560236618,"个, 分, 次","-0.0002, -10.7139, -11.5602"
1814,真心 喜欢 兰芝 Lanige 的 这 两 [MASK] <h>面膜</h> 。,款,款,-0.3232896625995636,"款, 瓶, 个","-0.3233, -2.6108, -2.7650"
1815,好 想 再 淋 一 [MASK] 灰 <h>谷</h> 的 雨 !,场,次,-0.8058668375015259,"次, 场, 下","-0.8059, -1.1742, -2.2308"
1816,怎么 了 我 半夜 穿 着 睡衣 起床 上 [MASK] <h>厕所</h> 后 老 打喷嚏 我 不 要 感冒 啊 !,个,班,-0.8260974884033203,"班, 个, 次","-0.8261, -1.8361, -2.3345"
1817,"所以 努力 做 领导 , 统治 屁民们 是 每 [MASK] <h>人</h> 的 崇高 理想 。",个,个,-0.0024830505717545748,"个, 位, 代","-0.0025, -7.1163, -7.7458"
1818,终于 给 2 [MASK] 在 德国 工作 的 <h>朋友</h> 搞定 Garmin 了 。,个,个,-0.2557532787322998,"个, 位, 名","-0.2558, -1.6258, -4.0927"
1819,这 [MASK] <h>人</h> 赚 再 多 钱 也 没命 去 花 。,种,个,-1.0977487564086914,"个, 种, 些","-1.0977, -1.2876, -1.7363"
1820,家里人 都 说 我 是 一 [MASK] 做事 从来 不 经 大脑 的 <h>人</h> 。,个,个,-0.021070068702101707,"个, 种, 位","-0.0211, -4.3456, -5.7328"
1821,"陈亚 也 有 了 , 每 [MASK] 执行 <h>飞行</h> 任务 你 俩 都 一起 , 生 一 男 一 女 , 还 可以 成 亲家 呢",次,次,-0.07737603038549423,"次, 个, 班","-0.0774, -3.3784, -4.9215"
1822,其实 就 是 两 [MASK] <h>年糕</h>,只,个,-0.567252516746521,"个, 块, 片","-0.5673, -2.2139, -3.0761"
1823,"早上 飘起 了 小雪 , 每 [MASK] 下雪 <h>心情</h> 都 非常 好",次,次,-0.0025534420274198055,"次, 个, 下","-0.0026, -6.5841, -8.7019"
1824,刚刚 有 [MASK] <h>妇女</h> 打 电话 来 问 我 是 不 是 在 他 先生 那里 无奈 了,个,个,-0.24588818848133087,"个, 位, 名","-0.2459, -1.5918, -4.8989"
1825,"叙利亚 政府 从 俄罗斯 购买 36 [MASK] <h>战机</h> 俄罗斯 支持 赚 钱 两 不 误 , 高",架,架,-0.005157276056706905,"架, 部, 枚","-0.0052, -7.2212, -7.2652"
1826,翻来 Kimsha 各 [MASK] 不 <h>习惯</h> 。,种,种,-0.45598405599594116,"种, 个, 家","-0.4560, -1.6118, -2.9725"
1827,"5 , 上街 卖花 , 见 情侣 就 说 给 你 妈 买 [MASK] <h>花</h> 吧 !",束,个,-1.3859151601791382,"个, 点, 朵","-1.3859, -1.5053, -2.1069"
1828,"天 才 是 各 [MASK] <h>时代</h> 都 有的 可是 , 除非 待 有 非常 的 事变 发生 , 激动 群众 , 是 有 天才 的 人 出现 , 否则 赋有 天才 的 人 就 会 僵化",个,个,-0.1466754525899887,"个, 种, 类","-0.1467, -2.0277, -6.1570"
1829,"妹子 , 你 怎么 才 到 五 [MASK] <h>桥</h> 啊 ?",通,级,-1.4973474740982056,"级, 个, 分","-1.4973, -2.1602, -2.7785"
1830,"20120125 伊 达时 12 [MASK] <h>计算器</h> 处理 了 1000 元 详情 , 。",位,号,-1.6799581050872803,"号, 楼, 个","-1.6800, -2.2755, -2.3952"
1831,"婚姻 是 责任 , 每 一 [MASK] 步入 婚姻 殿堂 的 <h>新人</h> , 你们 真的 准备 好 了 吗 ?",对,位,-0.34956037998199463,"位, 个, 对","-0.3496, -1.6357, -2.5848"
1832,2011 年 公司 实现 原油 产量 322 亿 [MASK] <h>同比</h> 下降 187 实现 原油 加工量 217 亿 吨 同比 上涨 296 。,桶,桶,-0.08947199583053589,"桶, 粒, 罐","-0.0895, -4.5417, -4.6258"
1833,"如果 欺负 我 , 你 想 我 会 不 会 用 那 两 [MASK] <h>手指</h> 鄙视 死 你 。",根,根,-0.7832791805267334,"根, 个, 只","-0.7833, -1.5069, -1.5171"
1834,"一 [MASK] <h>女人</h> 的 迷人 , 一半 来自于 她 的 幻想 。",个,个,-0.11354067176580429,"个, 种, 般","-0.1135, -4.1095, -4.4953"
1835,留下 一 [MASK] 女 <h>同学</h> 在 那里 恨铁不成钢 。,帮,个,-0.1872040182352066,"个, 位, 群","-0.1872, -2.6370, -3.5057"
1836,"穆雷 , 这 [MASK] 真 <h>可惜</h>",次,个,-0.9828426837921143,"个, 样, 次","-0.9828, -1.7314, -1.8768"
1837,"看 了 千山 慕雪 , 结局 真 悲伤 , 居然 看 的 时候 会 流 眼泪 , 那 [MASK] <h>歌好</h> 悲伤 , 想来 我 老 了 。",个,首,-0.5561270713806152,"首, 种, 个","-0.5561, -2.3114, -2.3696"
1838,"陆家嘴 的 清晨 , 好久 没有 起 这么 早 了 , 这么 多 年 在 酒店 还 是 睡 不 好 , 昏天 暗地 中 感觉 自己 还 在 北京 , 今天 去 谈 海上 项目 , 谈成 了 就 可以 干 深圳 香港 这 [MASK] <h>线</h> 了 , 到时候 就 可以 见到 啦 , 嘿嘿 。",条,条,-0.08738823235034943,"条, 个, 些","-0.0874, -2.9577, -4.7187"
1839,外面 有 [MASK] <h>神经病</h> 一大早 在 放歌 而且 还 是 超俗 带感 的 一 听 就 知道 昰些 外省仔 。,个,个,-0.723848283290863,"个, 点, 些","-0.7238, -1.7528, -1.7894"
1840,"我 男朋友 一准儿 是 [MASK] <h>路</h> 痴 , 丫现在 还 没 找到 我 。",个,个,-0.42070943117141724,"个, 路, 条","-0.4207, -1.2311, -5.2817"
1841,"叶儿粑 拇指粽 煎 饺煎包 还 有 蛋烘糕 , 实话 说 蛋烘糕 就 是 一 [MASK] 夹 了 酸 豆角 末末 的 <h>铜锣烧</h>",枚,个,-0.8414211869239807,"个, 种, 道","-0.8414, -1.4206, -2.3376"
1842,"十分 好运 沾 春雨 , 百般 成功 遂 你 意 , 万 [MASK] <h>幸福</h> 由 你 享 !",种,般,-0.7725197672843933,"般, 分, 份","-0.7725, -1.0503, -2.9293"
1843,"据说 , 端 今天 上午 出去 玩 , 跟 每 一 [MASK] <h>认识</h> 的 人大 声 介绍 我 妈妈 在 睡觉 你 妈 就 那么 点 小 癖好 , 至于 广而告之么 。",个,个,-0.03607041388750076,"个, 位, 名","-0.0361, -3.5221, -6.4453"
1844,突然 有 [MASK] 想 旷工 的 强烈 <h>感</h> !,种,种,-0.02319188416004181,"种, 股, 点","-0.0232, -4.1441, -5.5887"
1845,"回 了 一 [MASK] <h>家</h> , 甚 是 觉得 无聊 , 我 还 在 想 后天 回去 以后 我 岂 不 是 要 在 家 无聊 死 吗 ?",趟,趟,-0.23539000749588013,"趟, 次, 个","-0.2354, -2.1779, -3.2062"
1846,"百 [MASK] 尚 牛 <h>酒</h> , 四 塞 已 千戈 。",户,家,-1.3024563789367676,"家, 世, 步","-1.3025, -1.5330, -2.0880"
1847,"叫 了 [MASK] 永和 豆浆 的 蛋 <h>炒饭</h> , 十 元 钱 , 有点 不 可 思议 的 感觉 。",份,份,-1.1994620561599731,"份, 个, 碗","-1.1995, -1.2746, -1.8214"
1848,还 有福 到 啦 一 [MASK] <h>霖哥</h> 辛苦 啦 新年 快乐 大家 都 顺顺利 利噢福 到 啦,个,下,-1.604941487312317,"下, 个, 样","-1.6049, -1.7211, -2.8041"
1849,跟 发烧 了 一样 这 屋里 大概 20 度 左右 哈哈 我 却 冷 得 快 要僵 了 浑身 一 [MASK] <h>发毛</h>,阵,阵,-0.9319583177566528,"阵, 片, 个","-0.9320, -1.8322, -2.6146"
1850,在 此 也 希望 这 [MASK] <h>青年</h> 坚强 的 活 过来,位,些,-0.3960069715976715,"些, 群, 位","-0.3960, -2.1560, -2.3133"
1851,"当天 过 了 不久 , 这 [MASK] <h>邻居</h> 遇到 住 在 另 一 边 隔壁 的 男士 。",位,位,-0.4033035933971405,"位, 名, 个","-0.4033, -1.5958, -2.1616"
1852,我 看到 你们 背影 不 知道 为什么 心里 一 [MASK] <h>隐痛</h> 我 暗暗 发誓 一定 要 让 你们 过 上 无忧无虑 安定 的 生活 坚持 不 下去 松懈 的 时候 反复 告诉 自己 你 不 努力 你 还 在 指望 什么 是 的 真的 努力,阵,阵,-0.1690182238817215,"阵, 片, 点","-0.1690, -2.5785, -4.2003"
1853,"今年 这 [MASK] 小 <h>妹妹</h> , 最 特别 , 最 有 爱 。",批,个,-0.49098706245422363,"个, 些, 位","-0.4910, -1.8765, -2.0335"
1854,看到 运河 雄鹰 的 博文 转载 中国 散文 精选 300 [MASK] 初选 <h>目录迟</h> 智勇 选 有感而发 的 评论 。,篇,首,-0.5782021880149841,"首, 篇, 句","-0.5782, -1.2235, -3.0306"
1855,"我 参与 了 发起 的 投票人 气大 调查 罗志祥炎亚纶 韩庚 钟汉良 张杰 , 我 投给 了 罗志祥 这 1 [MASK] <h>选项</h> 。",个,个,-0.011449243873357773,"个, 项, 组","-0.0114, -6.2221, -6.6653"
1856,"每 日 都 5 可以 有 一 [MASK] 安静 的 <h>家</h> , 我 每 日 都 要 比 爸 妈 话 过 我 距 地 先 会 安乐 。",个,个,-0.04111691564321518,"个, 间, 处","-0.0411, -4.4780, -4.9810"
1857,像 我 这 [MASK] <h>文</h> 又 不 行理 又 不 会 本来 就 差 还 要 退步 的 人 唉 该 怎么办,种,种,-0.552314817905426,"种, 样, 个","-0.5523, -0.9398, -3.7702"
1858,"经 心理 鉴定 本人 软件 年龄 21 岁 , 比 全 国 70 的 <h>人</h> 要 年轻 , 是 一 [MASK] 偏 传统 居安思危 冷静 内心 坚强 的 人 !",个,个,-0.09668612480163574,"个, 位, 种","-0.0967, -2.9662, -3.8872"
1859,人生 第一 [MASK] <h>花</h> 露水 。,瓶,朵,-1.2397810220718384,"朵, 次, 滴","-1.2398, -1.3701, -1.6975"
1860,"头 先 拆利 是 , 竟然 有 一 [MASK] <h>里面</h> 是 空 的 。",封,个,-0.6139580607414246,"个, 行, 段","-0.6140, -2.3367, -2.8964"
1861,"明天 就 要 回 学校 了 , 今晚 在 家 跟 姑父 和 弟妹们 好好 来 了 几 [MASK] 双 扣斗 <h>地主</h>",局,场,-1.0225751399993896,"场, 个, 次","-1.0226, -1.7229, -2.1033"
1862,"十 [MASK] <h>聚会</h> , 大家 都 挺 嗨 !",班,个,-1.5642772912979126,"个, 分, 次","-1.5643, -1.8491, -2.6054"
1863,"一 日 , 小 侄女 对 她 妈 说 我 要 嫁给 邻 班 的 那 [MASK] <h>男生</h> 妈妈 漫不经心 的 回答 他 有 固定 工作 吗 ?",个,个,-0.15777093172073364,"个, 位, 名","-0.1578, -2.1064, -3.8525"
1864,"我 在 测测 你 最 拒绝 不 了 哪 一 [MASK] <h>人</h> 的 诱惑 中 的 测试 结果 是 你 最 无法 抵抗 用 甜言蜜语 打动 你 的 多情种 , 你 也 来 测测 吧",类,种,-0.4565333127975464,"种, 个, 类","-0.4565, -1.5584, -2.0346"
1865,上传 了 7 [MASK] <h>照片</h> 到 相册 我 叫 苏沐 。,张,张,-0.020462974905967712,"张, 组, 个","-0.0205, -4.7739, -5.3085"
1866,"其实 那么 多 话 , 只有 不 愿意 三 [MASK] <h>字</h> 说 得 最 快 最 大 声 最 坚定 听 得 最 清晰 。",个,个,-0.0367262028157711,"个, 声, 分","-0.0367, -4.5316, -4.7614"
1867,"直 到 转身 , 我 才 发现 , 原来 那 [MASK] <h>心碎</h> , 其实 , 也 是 我 自己 的 。",声,些,-1.0684151649475098,"些, 个, 份","-1.0684, -1.2749, -2.4743"
1868,"虽然 我 知道 自己 不 该 有 这 [MASK] <h>失落</h> 的 情绪 , 但 还是 没 忍住 红 了 眼圈 。",种,种,-0.3295552730560303,"种, 样, 个","-0.3296, -1.3712, -4.5351"
1869,小 侄女 这 卷发 这 自 来 卷 像 不 像 巴黎 宝贝 里面 那 [MASK] <h>女孩</h> 啊,个,个,-0.16071388125419617,"个, 位, 些","-0.1607, -2.5329, -3.7607"
1870,"我 好 想 有 一 天 抱 着 我们 的 小孩 , 告诉 他 , 你 爸爸 以前 多 浪漫 , 自己 偷偷 开 了 [MASK] <h>微博</h> , 里面 全 是 妈妈 的 名字 。",个,个,-0.09831787645816803,"个, 条, 张","-0.0983, -2.7653, -4.6117"
1871,今晚 我们 三 [MASK] <h>扑街</h> 都 心情 吾 好 !,个,个,-0.07919665426015854,"个, 位, 次","-0.0792, -3.6231, -4.9805"
1872,"保持 周围 环境 安静 和 精神 集中 你 将 经历 一 [MASK] 坐 在 理发店 中 的 虚拟 <h>场景</h> 太太 太 神奇 了 , 尤其是 来自",个,个,-0.17397621273994446,"个, 次, 场","-0.1740, -2.7561, -3.4479"
1873,聆听 心灵 深处 的 那 [MASK] <h>声音</h> 。,个,些,-0.9005840420722961,"些, 个, 种","-0.9006, -1.1837, -2.3038"
1874,"他 先 自爆 因為 很多 人 追問 他 葉問 第三 [MASK] <h>何時開</h> 拍 , 問到 會否",集,集,-0.5113717913627625,"集, 部, 季","-0.5114, -1.6747, -2.3435"
1875,当时 匆忙 新 编成 的 两 [MASK] <h>集团军</h> 的 实际 情况 怎样 呢 ?,个,个,-0.00678805448114872,"个, 支, 种","-0.0068, -5.4447, -7.0730"
1876,"真 险吖 , 第一 [MASK] <h>oooO</h> Oooo 踩 你 死 中 时间 点 上班 , 比 部长 早到 1 分钟 , 不然 就 迟到 啦 , 琴晚吖 妈子 又 出事 , 不得已 又 去 左 医院 睇急诊",次,次,-0.5021212697029114,"次, 个, 班","-0.5021, -1.8218, -2.3101"
1877,送 人 之后 拿 出来 留 [MASK] <h>影</h> 。,个,下,-0.6904608607292175,"下, 个, 记","-0.6905, -1.4054, -2.7109"
1878,"昨天 去 市区 比赛 , 赢 了 一 [MASK] 一千多 的 <h>球拍</h> 。",个,张,-1.6562591791152954,"张, 个, 块","-1.6563, -1.6565, -1.6849"
1879,"碎 不 着 , 翻翻 老 照片 , 想起 一 [MASK] <h>事</h> , 决定 把 它 办 了 , 言而有信 !",桩,件,-0.123677559196949,"件, 些, 个","-0.1237, -2.7507, -3.5963"
1880,"这个 社会 暴力 已经 够多 了 , 打人 终究 是 不 对 的 , 但是 看看 这个 嚣张 的 简介 , 真的 是 一 [MASK] <h>欠揍</h> 的 打扮 那 !",副,副,-0.4945288896560669,"副, 个, 种","-0.4945, -1.2821, -3.3186"
1881,运势 处女座 今日 运势 爱情 健康 财运 工作 速 配 水瓶座 幸运 色 卡其色 哟西五 [MASK] <h>星</h> 的 上升 趋势 让 我 情 何以 堪 哈哈 祝 自己 一路 顺风,颗,行,-0.545006275177002,"行, 颗, 个","-0.5450, -2.7176, -2.8147"
1882,老虎 抓到 一 [MASK] <h>梅花鹿</h> 后 要 把 它 吃掉 !,头,只,-0.28847306966781616,"只, 头, 条","-0.2885, -1.8482, -3.1609"
1883,每 [MASK] 听 一些 初中 的 <h>歌</h> 就 会 自然 的 想起 一些 画面 和 感觉 爱 听 鱼 喜欢 陈绮贞 纯净 的 声音 喜欢 它 的 歌词 喜欢 它 的 旋律 喜欢 它 的 感觉 会 想起 初一 的 时候 的 单纯 什么 都 不 想 的 自己,次,次,-0.01756865531206131,"次, 回, 下","-0.0176, -4.4361, -7.3485"
1884,还是 没有 少 了 一 [MASK] <h>说教</h> 。,顿,点,-0.6372482180595398,"点, 些, 个","-0.6372, -1.3947, -2.2207"
1885,"1 月 9 日 , 北星路 喜气洋洋 , 北海市 民生 路网 三 期 工程 第二 [MASK] 道路 通车 <h>庆典</h> 仪式 在 此 举行 。",批,段,-1.0508067607879639,"段, 次, 条","-1.0508, -1.5558, -1.5644"
1886,"外公 我 来 了 , 今天 要 吃 十 [MASK] 你 做 的 霹雳 <h>无敌</h> 黯然 销魂 狮子头 。",个,个,-1.168799638748169,"个, 块, 顿","-1.1688, -2.2614, -2.5403"
1887,英国 医生 进行 了 世界 上 第一 [MASK] 宫内 胎儿 心脏 <h>手术</h> 。,例,例,-0.6511602997779846,"例, 次, 个","-0.6512, -1.1807, -2.1711"
1888,"淡蓝 的 色彩 有 [MASK] <h>宁静感</h> , 简单 雅致",种,点,-0.8668293356895447,"点, 种, 些","-0.8668, -1.1897, -1.6615"
1889,韩系 风派 韩版 休闲 旅行包 男女 帆布 包 正品 电脑 双肩背 包潮 真皮 书包 价格 16800 元 最近 销售 243 [MASK] <h>地址</h> 更 多,件,件,-0.36741364002227783,"件, 个, 套","-0.3674, -2.0619, -3.1915"
1890,"开始 以为 是 [MASK] <h>玩笑</h> , 越 往后 过 越 觉得 此 话 不 虚 。",个,个,-0.16161227226257324,"个, 把, 发","-0.1616, -3.3595, -3.7126"
1891,"用 于 死刑 名称 , 则 是 指 处死 人时 将 人身 上 的 肉 一 [MASK] <h>刀</h> 割 去 , 使 受刑人 痛苦 地 慢慢 死去",刀,刀,-1.3586798906326294,"刀, 把, 般","-1.3587, -1.6804, -2.1597"
1892,喜欢 一 [MASK] <h>话</h> 。,句,些,-1.2811356782913208,"些, 句, 个","-1.2811, -1.8117, -2.1663"
1893,"这 [MASK] <h>人</h> , 不 就 摆明 着 自己 在 炒 楼 嘛 。",种,个,-0.9924888014793396,"个, 些, 种","-0.9925, -1.0130, -2.0765"
1894,"一点 睡觉 , 梦 中去 了 [MASK] <h>米</h> 国 , 七点半 爬 起来 继续 学习 。",趟,个,-0.8225598931312561,"个, 家, 名","-0.8226, -3.2629, -3.5716"
1895,能 想象 一 [MASK] 箱 <h>肢解</h> 的 娃娃 头 娃娃 身 吗 太 惊悚 了 !,箱,个,-0.8703490495681763,"个, 箱, 只","-0.8703, -1.1126, -3.0526"
1896,分享 一 [MASK] <h>活动</h> 给 大家 微 女郎 龍耀 2012 !,个,下,-0.3901888132095337,"下, 些, 个","-0.3902, -1.9479, -2.0523"
1897,"男人 , 就 要 做 [MASK] 像 男人 的 <h>事</h> !",点,些,-0.10607625544071198,"些, 件, 点","-0.1061, -2.6237, -4.8921"
1898,"连续 下雨 , 呢 [MASK] 年成 <h>左宅年</h> !",个,个,-0.9400339126586914,"个, 些, 家","-0.9400, -2.1871, -3.1685"
1899,"初步 了解 到 , 根据 南京 案件 的 特性 , 这 [MASK] <h>专家</h> 中 有 犯罪 心理学 , 犯罪 踪迹学 等 领域 的 顶级 行家 , 都 有 办 过 大 案 要 案 的 经历 。",批,些,-0.28394612669944763,"些, 位, 批","-0.2839, -2.6561, -2.7084"
1900,人体 初 [MASK] <h>受到</h> 结核 杆菌 感染 后 通常 绝大多数 人 没有 任何 症状 也 不 发生 结核病 少数 感染 结核 杆菌 的 人 抵抗力 降低 时 可能 发生 结核病 。,次,次,-0.03848334774374962,"次, 级, 步","-0.0385, -4.3166, -4.8752"
1901,孤单 的 呼吸 电视剧 另 一 [MASK] 灿烂 生活 <h>片尾曲</h> 正式 完整版 影视 原声 高清 MV 音悦 台 分享 自,种,种,-0.19657248258590698,"种, 个, 份","-0.1966, -3.3217, -3.7373"
1902,"不 知道 能否 睡 [MASK] <h>懒觉</h> , 哎 , 想 你 , 猪",个,个,-0.018436849117279053,"个, 点, 些","-0.0184, -5.3787, -5.7036"
1903,那天 我们 去 香江 汇 那里 吃 的 那 [MASK] <h>鸡叫</h> 什么 来 着 ?,个,个,-0.41095954179763794,"个, 只, 些","-0.4110, -2.4747, -3.0209"
1904,"接近 岁末 , 终于 可以 看到 形式性 的 工作 的 尾巴 了 , 偷偷 地 喘 [MASK] <h>气</h> 吧",口,口,-0.38292092084884644,"口, 个, 起","-0.3829, -2.0739, -2.3556"
1905,"夜深 了 , 也 不 敢 去 睡觉 了 , 怕 做 那些 噩梦 , 是 那些 事情 记得 太 牢 还 是 一 [MASK] <h>人</h> 在 陌生 的 地方 太 容易 勾起 回忆 呢 , 天天 做 噩梦 实在 太 累 了 , 心思 犹如 我 掌 纹般 凌乱 。",个,个,-0.04265318065881729,"个, 些, 群","-0.0427, -3.8562, -4.7170"
1906,"酒醉 , 夜半 昏 醒 , 偶看 一 [MASK] 初恋 <h>那件</h> 小 事 。",片,下,-1.2264679670333862,"下, 回, 个","-1.2265, -2.3017, -2.5696"
1907,"即便 如此 , 却 依然 喜欢 这样 一 [MASK] 浑身 <h>缺点</h> 的 他 。",个,个,-0.016109667718410492,"个, 位, 名","-0.0161, -4.5032, -6.6631"
1908,"食 完饭 亲爱 的 来 车 我 出去 , 哈哈 , 爱 死 了 , 不过 天气 很 冷 , 记得 着 多 [MASK] <h>衣服</h> 噢",件,些,-0.8640635013580322,"些, 件, 点","-0.8641, -1.3940, -1.4585"
1909,"看 过 唯美 浪漫 的 , 来 [MASK] <h>惊悚</h> 恶心 的 怎样 , 人 皮 客栈 3 走 起 !",些,个,-0.5688498020172119,"个, 点, 张","-0.5688, -1.4583, -3.8147"
1910,"在 南开 最后 一 [MASK] <h>小时</h> , 被 你 偷 了 !",个,个,-0.0067589497193694115,"个, 段, 条","-0.0068, -6.4863, -7.2681"
1911,"事后 反思 , 既然 催促 多 [MASK] 都 <h>无果</h> 就 说明 这个 方法 不 合适 , 我 得 另 辟 蹊径 , 而 不 是 恶语 相向 , 在 此 向 孩子 真诚 地道 歉 。",次,次,-0.0030982159078121185,"次, 遍, 番","-0.0031, -6.8255, -6.8401"
1912,"也 不 知道 是 不 是 老 总 都 有 在 的 才 这样子 表现 一下 的 , 呵呵呵 三 [MASK] <h>奖</h> 菲利浦 音箱",等,个,-1.7802460193634033,"个, 等, 级","-1.7802, -2.4500, -2.7921"
1913,"西 甲第 19 [MASK] 巴萨 42 皇家 <h>贝蒂斯</h> 上 半场 哈 维和 梅西 相继 为 巴萨 建功 , 贝蒂斯 由 卡斯特罗 打进 1 球 。",轮,轮,-0.11945410072803497,"轮, 场, 名","-0.1195, -3.2232, -3.7767"
1914,"兴奋 啊 兴奋 , 是 不 是 快 过年 了 , 给 了 这么 一 [MASK] 让 人 舒适 的 <h>题目</h> , 中国 的 春节 也",个,个,-0.09459436684846878,"个, 篇, 份","-0.0946, -3.9790, -4.1903"
1915,因为 只有 这 [MASK] <h>人才</h> 能 了解 你 。,种,些,-0.9188932180404663,"些, 样, 个","-0.9189, -1.5731, -1.7961"
1916,"在 正墙 里面 上 有 4 [MASK] 巨大 的 <h>雕像</h> 手持 钥匙 和 宝剑 的 圣徒 彼得 和 保罗 , 手持 盐瓶 和 教堂 模型 的 州 守护神 圣徒 鲁佩特 和 维吉尔 。",座,个,-0.987947404384613,"个, 尊, 座","-0.9879, -1.0722, -1.6347"
1917,怎么 看 着 看 着 就 起 了 一 [MASK] 鸡皮 <h>疙瘩</h> 呢 ?,身,个,-0.25898414850234985,"个, 块, 片","-0.2590, -3.4318, -3.7151"
1918,吃 [MASK] 甘蔗 <h>牙</h> 还 吃 出血 了 嘴 吃 破 了 奶奶 的,个,下,-0.5865495204925537,"下, 个, 点","-0.5865, -2.0397, -2.6704"
1919,"沾 了 一 [MASK] 臭 <h>烟味</h> 回来 , 洗刷 去 !",身,点,-0.9870113134384155,"点, 股, 身","-0.9870, -1.3869, -2.1739"
1920,"突然间 悠悠 就 会 走路 了 , 因 有 一 [MASK] <h>让</h> 东西 搬到 摔 了 后脑勺 , 现在 都 是 把 胳膊 伸到 身子 前面 保持 平衡 , 实在 不 成就 趴下 , 用 胳膊 撑 一下 , 不至于 摔 着脸 , 这么 小 的 人 自我 保护 意识 倒 挺 强 。",次,次,-0.013580085709691048,"次, 回, 点","-0.0136, -6.2204, -6.5473"
1921,"说 起来 今天 是 13 [MASK] <h>星期五</h> , 也 就 是 俗称 的 黑色 星期五 呢",号,号,-0.706602931022644,"号, 个, 点","-0.7066, -0.7233, -5.0642"
1922,"大半夜 的 我 悄悄 的 又 打破 一 [MASK] 人类 的 <h>纪录</h> , 次 产量 470Ml",项,个,-0.3274241089820862,"个, 下, 次","-0.3274, -2.4192, -2.9991"
1923,荔枝 台 的 春晚 比 芒果 台 高 的 不止 一 [MASK] <h>档次</h> 啊 !,个,个,-0.007634382229298353,"个, 台, 等","-0.0076, -6.2940, -7.2414"
1924,"回家 太 闲 , 老妈 总 抓 着 我 大搞 卫生 , 其实 也 没 必要 吧 被子 之类 的 大件 物品 , 一 整 年 加 起来 盖 的 次数 绝对 不 超过 十 [MASK] <h>手指头</h> 还好 明天 开始 下雨 变冷 , 不然 我 的 苦工 期限 真 不 知道啥 时候 才 能 结束 呢 !",根,次,-0.040105901658535004,"次, 个, 遍","-0.0401, -4.3616, -4.3648"
1925,我 提醒 他 还 有 呢 老师 又 说 对 了 还 有 桂伦 镁 天啊 老师 啊 难道 你 忘 了 那 [MASK] 最 最 重要 的 <h>人</h> 了 吗,个,个,-0.14183597266674042,"个, 些, 位","-0.1418, -2.6247, -3.3530"
1926,"大过 年 的 , 出去 拜年 手 里 还 拿 着 一 [MASK] <h>感冒药</h> 。",杯,瓶,-1.325798749923706,"瓶, 些, 盒","-1.3258, -2.0208, -2.1893"
1927,未来 各 [MASK] <h>领域</h> 的 精英们 。,个,个,-0.36177513003349304,"个, 种, 类","-0.3618, -1.8680, -2.6244"
1928,"年初一 , 斋饭 , 大成街 , 拉拉队 , 晚会 , 终于 回到 家 了 泡 [MASK] <h>脚</h> 准备 睡觉 啦 不 洗澡 的 年初一",个,个,-0.5812805891036987,"个, 面, 盆","-0.5813, -3.0021, -3.0066"
1929,我 在 等 发 <h>工资</h> 了 会计 说 礼拜天 会 把 工资 打 在 我 的 卡上 我 等 啊 等 啊 心急 的 第一 [MASK] 工资,笔,个,-1.3947876691818237,"个, 笔, 发","-1.3948, -1.8646, -1.8755"
1930,"我 爸 的 外甥女 和 我 在 一 [MASK] <h>公司</h> , 但 我们 不熟 , 别人 以为 我们 不 认识 。",家,家,-0.46176040172576904,"家, 个, 间","-0.4618, -1.1422, -3.3940"
1931,"最 搞笑 的 事 , 有 人 大年 初 一 [MASK] <h>厕所</h> !",通,下,-0.6153469085693359,"下, 回, 起","-0.6153, -1.6086, -3.7080"
1932,"看 了 一 天 纪录片 , 最 喜欢 一 [MASK] <h>讲</h> 罗伯特 肯尼迪 遗孀 Ethel 的 , 导演 就 是 她 女儿 。",部,部,-1.0062379837036133,"部, 个, 段","-1.0062, -1.1567, -2.6544"
1933,"我 刚刚 在 爱 问 共 享 资料 上 传 了 资料 , 欢迎 大家 下载 分享 高 一 英语 完形 填空 练习 一 [MASK] 已 <h>打印</h> doc 更 多",份,篇,-1.7428516149520874,"篇, 下, 套","-1.7429, -2.3730, -2.6227"
1934,"住 进去 一 天 楼 歪 了 花 了 大 价钱 , 买 [MASK] 所谓 的 台州 地区 最 大 纯 海景 住宅 小 <h>区</h> 的 高层 住宅 , 新 房子 搬进 去 不到 一 天 , 楼 歪 了 , 你 是 什么 心情 ?",套,下,-0.6080598831176758,"下, 个, 回","-0.6081, -1.3013, -2.8145"
1935,"英语 考试 结束 了 , 辛苦 一 凡 同学 了 , 又 一 [MASK] <h>拯救</h> 了 大家 明天 的 物化 考试 , 但愿 我们 的 座位 一如既往 的 好 !",次,次,-0.13848058879375458,"次, 个, 起","-0.1385, -3.2252, -4.4682"
1936,"每 天 都 这 时候 才 有 一 [MASK] <h>睡意</h> , 唉 !",丝,点,-0.46697479486465454,"点, 丝, 些","-0.4670, -2.1078, -2.5743"
1937,"吸引力 法则 果然 厉害 , 我 真的 买到 20 [MASK] 的 <h>票</h> 了 , 今天 我 继续 吸引 能 换 张 不 那么 慢 的 。",号,张,-0.6795559525489807,"张, 块, 点","-0.6796, -1.4839, -2.5251"
