new_index,sentence,target,top1_prediction,top1_log_probability,top3_predictions,top3_log_probabilities
1,"无意 间 转到 一 [MASK] 摩托车  , 看 着 这些 曾经 情迷 到 疯狂 的 机器 。",个,辆,-0.34784987568855286,"辆, 台, 部","-0.3478, -1.8612, -2.8338"
2,上传 了 1 [MASK]  到 相册 真实 的 自己,张,张,-0.06522374600172043,"张, 个, 页","-0.0652, -3.9329, -4.2726"
3,上传 了 1 [MASK]  到 相册 2012 新 气象,张,张,-0.029713967815041542,"张, 页, 片","-0.0297, -4.8877, -5.0334"
4,"数 [MASK]  上 , 几 叶 落 云 中 。",枝,枝,-1.561924695968628,"枝, 路, 句","-1.5619, -2.0674, -2.5272"
5,"哎 , 把 一 [MASK]  修 的 加电 无 显 了 , 悲催 的 新年 开始 。",台,下,-1.9660794734954834,"下, 楼, 个","-1.9661, -2.3243, -2.3415"
6,"集团 职能 片 年会 , 多 喝 了 两 [MASK] 绿  , 结果 到 现在 还 很 有精神 , 悲催 啊 。",杯,杯,-0.8366299867630005,"杯, 瓶, 罐","-0.8366, -1.2682, -3.4453"
7,"分享 了 顺和 牛肉 火锅 , 在 华阳 , 关于 牛 肉类 的 都 不错 , 建议 点牛肝 , 特色 牛肉 图 中 码满 辣椒面 的 那 [MASK] 怕 辣 的 , 肠胃 不 好 的 , 友情  最好 不 要 尝试 哈 。",盘,种,-0.346204549074173,"种, 个, 些","-0.3462, -1.9118, -2.6730"
8,"昨晚 女儿 从 九点半 一觉  到今 早 的 七点 , 是 她 出生 到 现在 第一 [MASK] 睡 整夜 觉 没 起来 喝奶 , 心想 是 不过 年 长大 了 今晚 快 九点 睡 了 , 不 知 晚上 还 会 不 会 要 喝奶 希望 不 要",次,次,-0.11576449126005173,"次, 个, 位","-0.1158, -2.2898, -6.8698"
9,"预祝 满分 , 少 一 [MASK]  请 我 喝 一 瓶 。",分,瓶,-0.8859558701515198,"瓶, 点, 杯","-0.8860, -1.8110, -2.0514"
10,贴 一 [MASK] 个人 最 心 水 的  。,张,些,-0.854542076587677,"些, 下, 个","-0.8545, -1.0785, -1.8357"
11,"思念 , 猶如 一 [MASK]  的 刻刀 , 刺入 心窩 , 再 也 拔 不 出來 了 。",把,把,-0.09717071801424026,"把, 根, 道","-0.0972, -3.9995, -4.3552"
12,可 乐 鸡翅 炖 排骨 美味 的 一 [MASK] ,餐,个,-1.9548803567886353,"个, 碗, 餐","-1.9549, -2.7332, -2.9479"
13,不过 提前 快 一 [MASK] 钟 交卷 的  真 不错 !,个,分,-0.026140788570046425,"分, 点, 个","-0.0261, -4.0326, -4.9478"
14,"于是 , 我 就 喝 了 一 [MASK]  是 不 是 很 冷 ?",碗,杯,-1.1282634735107422,"杯, 口, 瓶","-1.1283, -1.2055, -1.9511"
15,"坐 在 舱 内 , 我 又 抬 起 头 , 透过 一 [MASK] 大大 的  激光 玻璃 , 我 又 看到 了 星空 , 依旧 是 那么 的 灿烂 。",扇,片,-1.2009243965148926,"片, 块, 面","-1.2009, -1.9138, -1.9147"
16,今天 拍 全 [MASK]  !,家,部,-1.4326292276382446,"部, 集, 片","-1.4326, -1.6676, -1.8305"
17,"在 武汉 的  我 总是 问 你 我 爱 你 你 爱 我 吗 , 每 [MASK] 听到 你 说 我 爱 你 的 时候 我 真 想 大 声 地 告诉 大家 你 是 我 的 , 这 就 是 我 表达 我 心 中 喜悦 的 方式 , 呵呵 , 很 蠢 !",次,次,-0.003081594593822956,"次, 回, 个","-0.0031, -6.5626, -6.8560"
18,一 [MASK]  奶茶 。,杯,杯,-0.29236888885498047,"杯, 碗, 瓶","-0.2924, -2.5252, -3.0210"
19,"意大利 杏仁 红 茶 配 焦糖 布丁 , 绝赞 又 找到 一 [MASK] 搞 贵宾 活动 的 好 ",个,个,-0.28478512167930603,"个, 家, 位","-0.2848, -1.8451, -3.3279"
20,这 [MASK]  将 能 对抗 痴呆症 对人 的 影响 。,种,样,-0.6707336902618408,"样, 些, 个","-0.6707, -0.8591, -4.0772"
21,"难得 双方 家长 都 甘 开明 , 呢 [MASK]  拍 得 真系 好 愉快 。",个,次,-1.2913109064102173,"次, 张, 片","-1.2913, -1.8754, -1.8982"
22,"射手座 常 把 爱情 当成 一 [MASK]  , 喜欢 的 是 不 去 约束 他 的 人 。",场,种,-1.2419722080230713,"种, 束, 样","-1.2420, -1.9081, -2.5945"
23,"两 [MASK]  来 状态 一直 不 好 , 辞旧迎新 , 状态 得以 恢复 。",个,个,-0.46255823969841003,"个, 次, 季","-0.4626, -1.4177, -4.0849"
24,我 在 这里 徐汇区 一 [MASK]  在 上海 好 无聊哦,个,起,-1.3684015274047852,"起, 个, 样","-1.3684, -2.0408, -2.1265"
25,"夏茗悠 8 记忆 中 的 阳光 总是 明亮 耀眼 , 使 人影 无处 藏身 , 哪怕 是 最 屈辱 最 悲伤 的 日子 , 湛蓝 如洗 的 天空 也 不 带 一 [MASK]  。",丝,丝,-0.9559080004692078,"丝, 点, 样","-0.9559, -1.3666, -2.4929"
26,"一 [MASK]  上班 , 下班 , 吃饭 , 睡觉 , 周末 回家 , 时间 仿佛 回到 了 一 年 前 , 却 又 似 不 一样 。",个,起,-0.5217646360397339,"起, 路, 个","-0.5218, -1.5321, -2.8658"
27,"哎 , 有点 想 我 的 室友 了 同 床 共 枕 过 的 张青 , 对床 的 晓青 , 还 有 早起 的 晓珍 , 高 二一 [MASK] 吃 饭 的 ",起,起,-0.06905481219291687,"起, 班, 次","-0.0691, -3.6127, -4.5675"
28,20111124 [MASK]  风舞 誓死 改掉 拖延 症亲 。,盒,张,-2.081932306289673,"张, 季, 任","-2.0819, -2.3543, -2.5834"
29,"省 政协 委员 刘立平 昨天 向 记者 介绍 他 的 一 [MASK]  , 建议 http t cn z0gjQlw 分享 自 这 不 能 搞 山寨",份,点,-1.2249926328659058,"点, 些, 家","-1.2250, -1.8060, -2.7250"
30,"用 热 脸 去 贴 别 [MASK]  , 只 能 说 自己 个人 犯贱 !",个,处,-0.40949946641921997,"处, 家, 脸","-0.4095, -1.9774, -3.2455"
31,虽 说 鸥翼 真的 是 [MASK] 大  !,个,棒,-1.620474100112915,"棒, 级, 个","-1.6205, -2.0245, -2.1901"
32,"我 的 人生 , 就 像 眼影 一樣 的 弧度 , 画成 一 [MASK] 不 怕 枯萎 的  , 無論颳風 暴雨 , 衹要 還剩 一口氣 , 我還 是 堅持 走 自己 的 路 , 微笑 地 面對 所有人 的 目光 与 論語 , 讓別 人 說去 。",片,圈,-1.9536486864089966,"圈, 朵, 副","-1.9536, -2.1214, -2.4078"
33,好在 有 俄 的 小 3 [MASK]  拖 不然 真的 死 了 不过 还 是 差,门,帮,-0.8638380765914917,"帮, 包, 支","-0.8638, -2.3586, -2.5253"
34,"努力 了 整个 下午 , 加上 老屋 , 一共 贴 了 四 [MASK]  。",副,张,-0.3996858298778534,"张, 次, 页","-0.3997, -2.7002, -3.4143"
35,我 想 换 [MASK] 微博  。,个,个,-0.04842698574066162,"个, 条, 张","-0.0484, -3.8898, -4.8848"
36,"小 七 祝 大家 好 事 接 2 连 3 , 心情 4 [MASK]  , 生活 5 颜 6 色 , 7 彩 缤纷 , 偶尔 8 点 小 财 , 烦恼 抛 到 9 霄 云外 !",季,面,-1.3325129747390747,"面, 样, 分","-1.3325, -1.5063, -2.1167"
37,我 那 天 突然 翻到 于江 给 我们 写 得 信 有 [MASK]  是 恁哎 的 有 一 天 1 看到 j 问 食堂 排队 的 人 长 不 长 然后 j 就 说 不 长 但是 好 粗 喔 哈哈 她 那个 时候 好 可爱喔,个,点,-0.8307709097862244,"点, 些, 句","-0.8308, -1.5305, -2.1293"
38,第一 [MASK] 3 点  何 其 悲惨,次,集,-1.5378937721252441,"集, 季, 章","-1.5379, -1.6930, -2.3059"
39,被迫 参加 一口气 喝掉 一 [MASK] 可乐  的 可怜 小 朋友 。,罐,瓶,-0.9579659700393677,"瓶, 杯, 罐","-0.9580, -1.2769, -1.4783"
40,"一 [MASK] 爱笑 的  , Aom 不 笑 的 时候 都 那么 漂亮 , 笑 起来 简直 美死 了 !",个,个,-0.250084787607193,"个, 群, 样","-0.2501, -2.4053, -3.9847"
41,"剪 左 [MASK] 好 难 看 的  , 快快 长 啊 , 怎么 办 , 我 输 了 一 票 , , ,",个,手,-0.9925685524940491,"手, 眼, 脸","-0.9926, -1.6249, -2.2762"
42,"在 10 岁 时 , 沃兹尼克 就 自己 设计 并 组装 了 一 [MASK] 晶体管  。",台,个,-0.48876944184303284,"个, 条, 组","-0.4888, -2.8165, -3.3322"
43,"半 [MASK]  了 , 还是 打 不 到 车 !",个,路,-0.636794924736023,"路, 点, 班","-0.6368, -1.3198, -3.3099"
44,"如果 有 这样 一 [MASK]  , 我 会 爱 他 !",个,个,-0.3754492998123169,"个, 次, 位","-0.3754, -1.8664, -3.0623"
45,"武警 部队 已 列装 四 [MASK] 野战 宣传 文化 装备 新华网 消息 金秋  , 当 文化 一 词 成为 国人 关注 焦点 之际 , 记者 来到 威名 远播 的 英雄 皮旅 武警 驻 无锡 某师 , 探寻 和 感受 当今 中国 警营 基层 官兵 的 文化 生活 。",级,种,-0.6719469428062439,"种, 批, 套","-0.6719, -1.9575, -2.4602"
46,"分享 一 [MASK]  韩国 各 大 组合 队长 人气 比拼 第六 期 9 进 8 给 大家 , 欢迎 大家 来 投票 !",个,下,-0.10331462323665619,"下, 个, 组","-0.1033, -3.6215, -4.0192"
47,"以前 信奉 的 是 不 在 一 [MASK]  上 吊死 , 走 了 很久 后 发现 却 在 树林 里 迷失 了",棵,起,-0.5026982426643372,"起, 路, 楼","-0.5027, -1.4523, -3.4963"
48,大年初三 冷 雨夜 两 [MASK]  系 路 中间 求撞 。,个,辆,-1.822486400604248,"辆, 头, 条","-1.8225, -1.9152, -2.3218"
49,"这个 年 过 得 真 忙碌 家 里 的 空调 二十四 小时 开 室温 也 只有 十五 度 , 于是 我 又 开始 埋怨 装修 时候 的 这 的 那 的 真 想 买 [MASK] 小  对 着 烤 !",个,个,-0.380674809217453,"个, 点, 箱","-0.3807, -2.7982, -3.7728"
50,收到 让 有 [MASK] 减肥 的  骑 着 卡拉车 送来 的 衣服 啦 真心 性感 啊 !,个,点,-0.39022761583328247,"点, 些, 家","-0.3902, -2.7483, -3.0869"
51,"今年 七月 , 当 我 打开 我 国内 的 号码 , 我 希望 会 是 上 百 [MASK] ",条,号,-2.5022687911987305,"号, 家, 个","-2.5023, -2.7483, -2.8840"
52,"本来 以为 看 两 [MASK]  , 再 喝 杯水 就 到 了 , 结果 看 完 格蕾 喝完 水 我 就 不 行 了 继 晕车晕 火车 后 , 我 竟然 晕机 !",集,遍,-0.33607217669487,"遍, 集, 次","-0.3361, -2.4806, -2.7686"
53,"家庭 是 孩子 成长 的 摇篮 , 父母 是 孩子 的 第一 [MASK]  。",任,任,-0.3916614055633545,"任, 线, 步","-0.3917, -1.7671, -3.2463"
54,其实 两 [MASK]  在一起 彼此 之间 一定 要 互相 信任 。,个,个,-0.16334353387355804,"个, 家, 种","-0.1633, -3.0044, -4.0055"
55,"book 到位 , 下 [MASK]  先 去 啦 。",次,次,-0.08157318830490112,"次, 回, 班","-0.0816, -2.8573, -5.2699"
56,"瘦 腿 零 负担 每 天 晚上 , 放 一 [MASK]  , 水温 不 宜 过 高 , 将 腿 浸泡 1015 分钟 。",盆,杯,-0.9905387163162231,"杯, 盆, 壶","-0.9905, -1.2886, -2.2527"
57,"这些 天 宝宝 白天 总是 很 难 哄 , 不 爱 自己 玩 不 爱笑 不 爱 说话 , 今天 是 姥姥 抱 着 睡 的 , 上午 就 开始 睡 , 一 觉 就 是 四 [MASK]  , 醒来 之后 又 笑 又 玩 , 真好 !",个,点,-0.07005782425403595,"点, 次, 个","-0.0701, -3.7149, -4.7536"
58,"让 我们 来 猜测 这 [MASK]  级别 的 牛人 最后 的 策略 他 能否 攻破 第十 道题 , 他 怎么 冲刺 !",位,个,-0.17750266194343567,"个, 样, 种","-0.1775, -2.6530, -2.6656"
59,"北方 每 年 都 要 给 老 祖宗 烧 [MASK]  , 放放炮",点,节,-1.1424914598464966,"节, 点, 个","-1.1425, -2.3706, -2.5456"
60,没 多久 就 要 去 [MASK]  !,趟,家,-2.464594602584839,"家, 面, 发","-2.4646, -2.8007, -2.8175"
61,"绵绵 细雨 晨 , 漫漫 人生路 [MASK]  深 , 淡淡 品味 真 。",丝,路,-0.38172414898872375,"路, 道, 步","-0.3817, -2.6779, -2.9202"
62,"快 看 最新 一 集火影 漫画 , 九 [MASK] 正式  鸣 人 了 !",尾,尾,-0.14805398881435394,"尾, 章, 条","-0.1481, -3.7904, -3.9529"
63,还 有 这 一 [MASK]  让 我 听 不 真切 的 英语,口,些,-0.5350022315979004,"些, 种, 个","-0.5350, -1.5770, -2.6588"
64,赵薇 还 算 一 [MASK]  吗 ?,线,个,-0.6623116135597229,"个, 般, 样","-0.6623, -1.8473, -2.5815"
65,睡 到 现在 好 强大 阿熬夜 通宵 的 人 伤 不 起 伤 不 起 今晚 又 不 用 睡 了妹 了 [MASK]  的,个,点,-2.3092594146728516,"点, 样, 对","-2.3093, -2.5988, -2.7820"
66,"这里 一 [MASK]  混乱 的 , 胜迪 你 快点 来 !",堆,片,-0.2314557284116745,"片, 样, 个","-0.2315, -2.3501, -4.1085"
67,"到 是 虚伪 自私 的 动物 , 没有 一 [MASK]  可以 爱 别人 多 嘎爱 自己 , 那 满口 的 谎言 , 又 或许 让 人 觉得 幸福 , 一旦 谎言 被 拆穿 , 那些 到 变得 虚伪 , 虚 伪 得 让 我 觉得 恶心",个,个,-0.7168403267860413,"个, 种, 样","-0.7168, -1.9414, -2.1780"
68,搞 半 天 九 [MASK]  九 喇嘛 。,尾,点,-0.7668688893318176,"点, 头, 对","-0.7669, -2.7481, -2.7486"
69,"朋友 趾高气昂 的 拍拍 肚子 说 , 就 当 里面 多 了 [MASK]  。",个,点,-0.6124067306518555,"点, 些, 个","-0.6124, -1.0773, -3.3621"
70,"我 刚刚 在 爱 问 共 享 资料 上 传 了 资料 , 欢迎 大家 下载 分享 C0204 傅立叶 选集 第二 [MASK]  更 多",卷,卷,-0.685329794883728,"卷, 部, 集","-0.6853, -1.8615, -2.6116"
71,哎 又 是 一 [MASK] ,个,个,-1.281232476234436,"个, 家, 次","-1.2812, -2.3479, -2.8883"
72,"最近 流行 盼望 明君 能 臣 , 寄望 人品 运气 改变 中国 , 昨友人 举例 张居正 一 [MASK]  让 明朝 进步 。",条,次,-1.6861152648925781,"次, 样, 世","-1.6861, -2.0056, -2.2739"
73,"汕头 , 姐肥 来 了 , 坐上 第一 [MASK]  , 不得不 说 , 汕头 的 公车 真 破 。",班,排,-0.40968188643455505,"排, 位, 座","-0.4097, -2.2440, -2.8685"
74,"三亚 免税店 , 人山人海 , 这 [MASK]  的 真 长 。",队,样,-1.5479627847671509,"样, 家, 排","-1.5480, -2.2232, -2.8344"
75,"这 是 一 [MASK] 新 的 微博  , 电商 的 , 求 大家 关注 !",个,个,-0.10238718241453171,"个, 条, 篇","-0.1024, -2.7473, -4.9725"
76,加 了 三 [MASK] ,节,个,-1.921800971031189,"个, 家, 次","-1.9218, -2.3604, -2.9250"
77,"好 惨 啊 , 5 [MASK] 一  都 中 捂到 奖 , 得 份 朱古力 安慰 奖 。",分,个,-1.046735167503357,"个, 次, 点","-1.0467, -1.7551, -2.1083"
78,你 [MASK] 扑街仔  医生 吓 到 我 喊 左 。,个,个,-0.40872642397880554,"个, 家, 等","-0.4087, -2.6231, -3.5808"
79,"所以 不 好意思 要 先 借用 一下妳 的 照片 写 [MASK]  了 哦 , 敬请 期待 !",个,下,-0.31900838017463684,"下, 篇, 点","-0.3190, -3.2350, -3.3534"
80,若 你 想 哭 停顿 一下 请 把 我 的 这 [MASK]  在 脑子 里 反复 读 下去 今时 不同 往日 读到 你 的 泪水 干 了 你 就 懂 了 。,句,句,-0.8196122050285339,"句, 段, 些","-0.8196, -1.7974, -2.1701"
81,"对 我 来说 做饭 一直 就 跟 吃饭 一样 简单 , 但是 因为 懒 得 做 , 直接 导致 在 美国 一年半 没有 好好 做 过 一 [MASK] 中国  。",顿,次,-0.13020376861095428,"次, 趟, 回","-0.1302, -3.5812, -3.7393"
82,"群号 208176478 , 只要 是 玩 摇滚 爱 摇滚 的 高中生 , 都 速速 加入 吧 大家 帮忙 转起 , 扩散 给 身边 每 一 [MASK] 玩 摇滚 的  !",个,个,-0.14656591415405273,"个, 位, 群","-0.1466, -2.0584, -5.6901"
83,"大年初二 , 训咗 几 [MASK]  又 爬 起身 返 老爷 屋 企 , 系咯 , 唔系 返 外 家吖",个,个,-1.9478824138641357,"个, 次, 阵","-1.9479, -1.9549, -2.2910"
84,某 [MASK]  青春 戛然而止,个,个,-1.003527045249939,"个, 种, 些","-1.0035, -1.3681, -1.5061"
85,"不管 了 , 爱咋 地 咋地 , 一 [MASK]  过 的 最 好看 动漫 去 看 动漫 去 作业 神马 的 一会儿 再 说 !",个,辈,-1.7458230257034302,"辈, 路, 个","-1.7458, -1.8598, -2.1631"
86,真的 好 累 一 [MASK]  就 要 出去 WeicoLomo,起,下,-0.3168913424015045,"下, 点, 路","-0.3169, -3.1982, -3.2172"
87,这 几 天 一直 在 吃 这 两 [MASK] ,样,个,-0.9427989721298218,"个, 种, 家","-0.9428, -2.1033, -2.9022"
88,新 一 [MASK] 的  欲 貌似 又 挑头 了 !,轮,轮,-1.049532413482666,"轮, 次, 波","-1.0495, -1.6457, -1.7824"
89,那 [MASK]  会 出现 的 !,个,样,-0.6815825700759888,"样, 个, 次","-0.6816, -1.5274, -3.1057"
90,"哇塞 今天 打 斯诺克 , 做 了 一 [MASK] 我 自己 都 无法 想象 的  , 对面 崩溃 , 只 能 把 白 球 捅 进洞 , 哎 QQ 这个 应该 管管",杆,个,-1.0626672506332397,"个, 些, 件","-1.0627, -1.4633, -1.5462"
91,"刚刚 发现 的 , 在 页面 右上方 有 一 [MASK]  呢 , 上面 点缀 着 红红 的 梅花 , 看上去 很 漂亮 , 心情 也 会 变好 呢",棵,块,-1.3209946155548096,"块, 个, 张","-1.3210, -1.4551, -2.4796"
92,"好 想好 想稳人 陪 我 去 吃拧 [MASK] 日式 蛋  啊 , 好 想 吃 啊 。",个,个,-0.9649301767349243,"个, 种, 家","-0.9649, -2.1448, -2.4379"
93,上传 了 7 [MASK]  到 相册 纯纯 的 爱恋,张,张,-0.06330389529466629,"张, 页, 片","-0.0633, -3.4776, -5.2547"
94,"这 两 天 遇到 第三 [MASK] 交通  了 , 大过 年 的 , 希望 人 没事 , 大 车 烧 空 了 好像",个,次,-0.5140142440795898,"次, 条, 个","-0.5140, -2.3828, -2.8676"
95,开 了 [MASK]  喝 了 。,支,碗,-2.319016218185425,"碗, 口, 门","-2.3190, -2.5317, -2.5640"
96,"2012116 , 彻夜 难眠 , 一 林 到 买 左 手机 , 一 [MASK]  都 无 , 生活 受到 威胁 , 就 觉得 后 悔 啦 !",分,点,-1.429203987121582,"点, 个, 张","-1.4292, -2.2356, -2.3401"
97,"手机 掉 了 , 里面 哪怕 有 再 重要 的 资料 , 报案 不 说 是 被 偷 的 , 人民 警察 死活 都 不 肯 帮忙 哪怕 只 要 一 [MASK]  就 能 找回 。",个,下,-1.545836091041565,"下, 次, 手","-1.5458, -1.6420, -1.8437"
98,至今 我 还 后怕 的 那 [MASK]  !,个,个,-1.0398540496826172,"个, 种, 样","-1.0399, -1.9423, -2.1033"
99,"2 你 可以 是 一 [MASK]  , 没 必要 总是 仰视 别人 而 叹息 自己 。",道,个,-0.31748414039611816,"个, 样, 般","-0.3175, -3.4925, -3.5897"
100,忙碌 了 一 天 多么 辛苦 呀 追 了 四 [MASK]  有点 沉重 了 笑点 只 是 插曲 主 旋律 还是 令 人 发指 的 现实 猛 啊 猛 你 咋变 成 这样,集,集,-0.8232555389404297,"集, 季, 个","-0.8233, -1.8259, -2.0996"
101,"啊啊 啊 , 第一 [MASK] 这么 ",次,次,-0.036498431116342545,"次, 个, 回","-0.0365, -4.1811, -5.3946"
102,"珠海 天气 20120122 早 今天 星期日 , 珠海 白天 到 夜间 小  , 气温 148 , 北风 34 [MASK] 明天 小 雨 , 气温 118 。",级,号,-0.6490700840950012,"号, 起, 下","-0.6491, -2.7597, -3.0273"
103,"一 [MASK]  后 , 我们 依然 什么 都 不 是 。",个,个,-2.0358171463012695,"个, 起, 季","-2.0358, -2.4086, -2.6206"
104,"还是 做 人 值得 被 信任 总 有 被 咨询 的 需要 , 无奈 有时 自身 能力 不足 , 无法 给予 答案 , 到 这 [MASK]  很 幸福 。",种,样,-0.5669108033180237,"样, 点, 家","-0.5669, -2.2042, -2.8633"
105,"仅 半天 没 照理 手机 , 竟 一下 收到 二百多 [MASK] 祝愿 和  , 很 感动 呀 。",条,条,-1.0209884643554688,"条, 封, 个","-1.0210, -1.0597, -1.8384"
106,"候车室 的 书店 看到 一 [MASK] 感 兴趣 的  , 准备 寒假 拿 回去 实践 一下",本,些,-0.29637929797172546,"些, 堆, 个","-0.2964, -2.6905, -2.9599"
107,"闹钟 七 点 就 响 了 , 我 还 在 被窝 里 下 决心 , 我 就 是 [MASK]  薄弱 的 人 , 一 想到 又 是 一 天 的 大会 , 更 不 想 起床 了",个,个,-0.008160478435456753,"个, 些, 件","-0.0082, -6.5347, -6.8667"
108,过 了 二十 年 浑浑 噩噩 一 事 无成 的 日子 之后 我 希望 可以 改善 下 这 [MASK] 糟糕  不 要 再 这么 混账 下去 了 !,种,个,-0.7373695969581604,"个, 种, 些","-0.7374, -1.4461, -1.9380"
109,很 奇怪 当 听到 那 [MASK]  的 时候 我 为什么 会 笑 那么 久,句,句,-0.35960012674331665,"句, 个, 些","-0.3596, -2.4654, -2.5112"
110,我 在 这 拜 [MASK] 早年  拜年 mk 拜 年,个,个,-1.1305214166641235,"个, 家, 世","-1.1305, -2.9739, -3.0275"
111,视频 打工仔 建 15 [MASK]  赠送 村民 入住 过 新年 分享 自,栋,套,-0.8557711243629456,"套, 层, 栋","-0.8558, -1.7152, -2.3714"
112,帮 爸爸 买 的 彩票 二 [MASK]  不过 阿爸 说 那 是 我 下下 学期 的 学费,等,码,-1.5457196235656738,"码, 号, 等","-1.5457, -1.7237, -2.0546"
113,明天 还 有 一 大 [MASK]  呢 。,段,班,-0.9831316471099854,"班, 波, 段","-0.9831, -2.3893, -2.7055"
114,吃 了 一 [MASK] 泰诺  的 困醒 去 这 该 是 多 幸福 的 事情吖,粒,口,-1.4221066236495972,"口, 点, 顿","-1.4221, -2.0683, -2.3051"
115,哈哈哈 笑死 了姐 今天 也 切 了 一 [MASK] 愤怒 的 甜椒 好 愤怒 的  。,个,个,-0.9831426739692688,"个, 些, 颗","-0.9831, -1.8467, -2.7936"
116,这样 好吗 一 [MASK] 方便面 加  给 我 吃 撑 了,袋,碗,-1.0023646354675293,"碗, 个, 份","-1.0024, -1.6208, -2.6402"
117,"世界 最 有名 的 四 [MASK] 塔类  埃菲尔 铁塔 台北 101 东京 铁塔 迪拜塔 , 你 想去 哪里 ?",幢,座,-0.7472323775291443,"座, 个, 种","-0.7472, -0.8414, -2.9916"
118,后面 那 [MASK]  黄 围脖 的 祝 她 快乐 吧,个,个,-0.288504958152771,"个, 位, 些","-0.2885, -2.0880, -3.8109"
119,读 问好 灌水 表情 灌水 表情 灌水 表情 看到 yanzj 的 博文 一 [MASK] 飘 走 的 彩云 有感而发 的  。,朵,片,-1.1911988258361816,"片, 路, 起","-1.1912, -1.3425, -2.2436"
120,"兔年 的 最后 一 天 , 持续 感冒 中 , 我 已经 失去 嗅觉 , 估计 要 吃 一 [MASK] 食之无味 的  了",顿,顿,-1.1076881885528564,"顿, 口, 些","-1.1077, -1.6391, -1.8074"
121,发狼们 太 拽 了 寻遍木 有 开业 了 的 刚刚 全部 吹干 一 [MASK]  毛 累死 老娘 我 了 手臂 都 举 不 起来 了,头,堆,-1.9323605298995972,"堆, 根, 身","-1.9324, -1.9627, -2.1116"
122,"千 [MASK]  可惜 了 , 美女 老师 被 OOXX 男人 帮 恶夜 惊魂 天堂 口 大情人 疯狂 的 石头 我 的 娜塔莎 Hello 小姐 拿 什么 拯救 你 , 我 的 爱人 刀尖 上 行走 今夜 有 戏 欲望号 列车 写真 毒刺 疯狂 的 石头 青 木瓜 之 味 魔鬼 屠夫 香奈儿 的 秘密 情史",部,刀,-1.6815228462219238,"刀, 下, 点","-1.6815, -1.7558, -1.7962"
123,各位 过 [MASK] 好  啊 。,个,节,-0.7941343784332275,"节, 个, 头","-0.7941, -1.5471, -3.0887"
124,"父亲 给 小 米 买 了 双 皮鞋 , 一 [MASK]  之后 爸爸 问 小米 新 鞋 买 了 , 怎么 不 见 你 穿 呀 ?",个,次,-1.815354347229004,"次, 路, 双","-1.8154, -1.8555, -1.8930"
125,"身 未 动 , 心 已 远 , 在 风景 展区 发布 20 [MASK] ",组,次,-2.7361910343170166,"次, 号, 发","-2.7362, -2.9903, -3.1723"
126,"酒 搞 多 了 , 现在 醒 了 , 口干 舌躁 , 两 [MASK]  , 真 TM 爽 !",杯,杯,-1.2206861972808838,"杯, 口, 次","-1.2207, -2.3311, -2.3750"
127,"六味 地黄丸 , 你丸 我 也丸 , 一 天 六十 [MASK] ,  有 冲劲儿 不 来 一 发么 ?",粒,粒,-0.8963813185691833,"粒, 片, 袋","-0.8964, -2.2839, -2.3068"
128,"爹娘 给 我 上 了 堂课 , 主题 是 我 要 嫁 [MASK] 什么样 的  。",个,个,-0.001931564649567008,"个, 位, 些","-0.0019, -7.1358, -7.6223"
129,"但是 两 [MASK] 之间  了 六 年 , 结构 已经 荡然无存 。",卷,个,-1.2628060579299927,"个, 家, 代","-1.2628, -2.1824, -2.9040"
130,激动 到 我 TV 第三 [MASK]  !,季,季,-1.4346914291381836,"季, 集, 名","-1.4347, -2.1153, -2.2453"
131,"刚刚 在 德克萨斯 扑克 游戏 中 与 同桌 PK , 以 一 [MASK] 葫芦  赢取 了 2080 筹码 !",手,个,-0.7237733602523804,"个, 根, 条","-0.7238, -1.8966, -2.4097"
132,刚才 出门 走 一 [MASK] 去 邮局 的  是 对 的 人家 今天 最后 一 天 班 我 不仅 买到 了 邮票 还 把 信 和 明信片 放 在 了 邮局 那 没有 风吹雨淋 的 邮箱 里 不过 估计 人家 年 后 才 会 寄 得 出去 了 。,遭,趟,-0.8025745749473572,"趟, 圈, 步","-0.8026, -1.4964, -2.2376"
133,见 着 [MASK] 学 的 好 不 如 嫁 的 好 的 活 例 咳 太 负面 太 负面 ,个,个,-0.3691689372062683,"个, 面, 些","-0.3692, -2.6638, -2.7548"
134,"要 把 它 过得 尽量 像 自己 想要 的 那 [MASK]  , 才 对",个,样,-0.0033753192983567715,"样, 种, 般","-0.0034, -6.4156, -6.6824"
135,"一 [MASK]  拖完 , 累",口,次,-1.1015164852142334,"次, 个, 路","-1.1015, -1.5859, -3.0637"
136,总结 一 [MASK]  正 !,个,下,-0.4067281186580658,"下, 个, 点","-0.4067, -2.0851, -2.2682"
137,一 [MASK]  那 木 早 回家 好 冷呐,个,个,-2.0482208728790283,"个, 路, 点","-2.0482, -2.2539, -2.4113"
138,"冷 到 发抖 , 但是 打开 衣柜 又 不 想 穿 那件 羽绒服 , 于是 下 一 [MASK]  汤圆 , 结果 一 吃 , 顿时 整个 人 火 起来 热 !",楼,个,-0.601588249206543,"个, 碗, 盘","-0.6016, -2.1057, -3.2691"
139,地球 上 两 [MASK]  能 相遇 不 容易 作 不 成 你 的 情人 我 仍 感激,个,个,-0.7194452881813049,"个, 只, 位","-0.7194, -2.1392, -2.3613"
140,"两 [MASK] 寂寞  系 度 饮野 , 倾 到 无野 倾 开始 倾 魔兽 世界 为了 部落",个,个,-0.373612642288208,"个, 种, 点","-0.3736, -2.8639, -3.8636"
141,我 参与 了 想 khuntoria 或 其中 一 [MASK]  快乐 大 本营 ?,员,个,-0.08973009139299393,"个, 项, 场","-0.0897, -4.0225, -4.5471"
142,"2 常州市 武进区 6 [MASK]  新年 打头阵 , 土地 出让 向 乡镇 蔓延 。",宗,个,-1.5824205875396729,"个, 场, 次","-1.5824, -2.9047, -2.9586"
143,新手 司机 的 72 [MASK]  留 着 等 自己 买车 的 时候 能 用 的 上 。,个,号,-2.1134562492370605,"号, 具, 件","-2.1135, -2.4757, -2.8982"
144,"亲爱 的 们来 听 首 歌 吧 , 一 开始 我 还 以为 是 胡 歌唱 的 确实 挺 好听 的 TVT 但是 带 不 回宫 1 的 那 [MASK]  了 听 哭 了 我 也 不 知道 为何 何晟铭佛 说",种,首,-1.509869933128357,"首, 段, 曲","-1.5099, -1.5920, -1.8194"
145,那 人 说 我 七 年 后 会 有 一 [MASK] 大  会 吗,番,个,-0.9703171253204346,"个, 次, 场","-0.9703, -1.0203, -1.4304"
146,海鸟 跟 鱼 相爱 只 是 一 [MASK] ,场,次,-2.1472599506378174,"次, 季, 样","-2.1473, -2.7099, -3.0970"
147,"如果 没有 强大 的 有 公民 意识 的 中产 阶级 的话 , 导致 的 结果 很 可能 不 是 积极 的  而 是 一 [MASK] 暴民 治理 。",个,个,-0.3954983949661255,"个, 群, 些","-0.3955, -2.0396, -2.5641"
148,这 几 天 来 家 里 拜年 送礼 的 较 多 刚才 发现 一 [MASK]  牛 纯 牛奶 我 勒个去,箱,瓶,-1.4519548416137695,"瓶, 杯, 些","-1.4520, -1.8211, -2.0715"
149,今年 照 的 第一 [MASK]  !,张,名,-1.660365104675293,"名, 次, 篇","-1.6604, -2.0041, -2.6519"
150,据说 现在 三 [MASK] 之  到手 月 收入 在 1W 到 1W5 的 家庭 幸福 指数 最高 。,口,分,-0.26815858483314514,"分, 手, 份","-0.2682, -3.0258, -3.5668"
151,"小 明 怎么 都 想 不 出来 , 一 看 答案 只 见 上面 写 的 是 一 [MASK] 害羞 的  !",匹,个,-0.2481919825077057,"个, 只, 句","-0.2482, -3.0344, -3.5908"
152,"连 他 都 这样 说 我 真的 很 伤心 , 我 不 是 没有 反省 我 也 知道 我 说话 不 经过 大脑 , 但是 竟然 没有 一 [MASK]  理解 我 , 真的 很 伤心",个,个,-0.08574926853179932,"个, 位, 点","-0.0857, -3.7660, -3.9715"
153,"喝 了 一 [MASK]  就 有 点晕 , 我 没有 这么 水货 吧 ?",杯,口,-0.6166186332702637,"口, 下, 杯","-0.6166, -1.6526, -2.3012"
154,20120124 第一 [MASK] 这  地 。,记,次,-0.2788592576980591,"次, 趟, 眼","-0.2789, -2.9508, -3.0166"
155,"这个 问题 隔天 被 愤怒 的 斑竹 删掉 了 , 于是 有 人 建议 发贴者 如果 你 觉得 有 气 的话 , 给 斑竹 发 [MASK] AIDS  把 他 毒死",个,个,-0.6521189212799072,"个, 条, 帖","-0.6521, -1.3760, -2.5019"
156,它 歸類 在 反 物質 Anti Matter 的 那組 照片 中從 第四 [MASK]  二 進去 。,排,排,-1.7872263193130493,"排, 位, 行","-1.7872, -1.9001, -2.0265"
157,我 各 [MASK]  了,种,位,-1.78792405128479,"位, 个, 分","-1.7879, -2.2166, -2.3348"
158,我 在 这里 浦东 国际 机场 1 [MASK]  出发 相当 的 奢华,号,号,-0.8517074584960938,"号, 点, 楼","-0.8517, -0.8906, -2.3215"
159,中间 要 行驶 14 [MASK]  才 能 到 北京,个,次,-1.4808809757232666,"次, 分, 路","-1.4809, -1.4932, -1.5461"
160,"男人 , 永远 不 懂得 好好 守护 那 [MASK] 跟 自己 同 甘 共苦 的  。",个,些,-0.29172810912132263,"些, 个, 位","-0.2917, -1.4653, -4.7802"
161,"好久 没 晒 太阳 了 , 伸 [MASK] 懒  晒晒 太阳 , 好 舒服 !",个,个,-0.1675904244184494,"个, 发, 手","-0.1676, -3.0568, -3.2470"
162,"家 里 感觉 真 好 , 哈哈 给 大家 拜 [MASK]  ,",个,个,-0.3438820242881775,"个, 堂, 门","-0.3439, -2.9982, -3.1916"
163,一 [MASK] 没有 爱 过 的  是 没有 资格 谈论 爱 的 。,个,个,-0.024608036503195763,"个, 些, 位","-0.0246, -5.6158, -6.0072"
164,有些 人 不 用 付出 就 可以 得到 想要 的 又 有些 人 就算 付出 多 大 也 未 必 能 得到 半個小時 的 淚水 足以 我 訴出 多 年 的 委屈 謝謝媽媽 開學 一 個月 我會 做好 自己 給你 看 算是 爲了 某些 東西去 努力 爭取 一 [MASK] ,次,下,-0.4161093831062317,"下, 次, 些","-0.4161, -2.1865, -2.8708"
165,IP 地址 的 表示 方法 有 两 [MASK] 二进制 和 点 分 十  。,种,分,-0.969107985496521,"分, 个, 点","-0.9691, -1.7154, -2.0720"
166,"只要 衣服 没有 线头 没有 开裂 没有 破损 , 那么 当 男人 看到 一 [MASK] 好 身材  穿 着 它 时 , 他 永远 不 会 去 想 它 是 啥材料 啥品牌 多少 钱 做工 怎样 。",幅,件,-0.033132605254650116,"件, 身, 条","-0.0331, -4.8608, -5.2312"
167,分 不 开心 的 一 [MASK] ,个,个,-1.7926933765411377,"个, 起, 对","-1.7927, -2.0379, -2.7390"
168,今日 细佬 穿 了 [MASK] 李民浩 在 城市 猎人 里面 的 类似 风衣 的  。,件,个,-0.8922443985939026,"个, 些, 下","-0.8922, -1.9660, -2.2415"
169,"左侧 从下 数 第一 和 二 [MASK]  前面 的 肌肉 一 抽 一 抽 的 疼 , 是 为啥 呢 ?",根,排,-1.901731252670288,"排, 个, 节","-1.9017, -2.2329, -2.3923"
170,讨厌 一 [MASK]  也许 只 需要 一 瞬间,个,下,-1.1064133644104004,"下, 个, 次","-1.1064, -1.1522, -1.8463"
171,"身价 计算 报告 , 你 现在 的 身价 是 39 万 , 身价 状态 每 年 210 [MASK] 的  上涨 快来 算算 你 的 身价 吧 !",分,次,-0.34818196296691895,"次, 点, 幅","-0.3482, -2.0088, -3.4689"
172,"外面 已经 亮起 灯 , 十月 的 夜晚 , 你 在 归家 路 上 听 着 张楚 的 城市 之 光 穿 过 你 的 城市 , 对面 有 一 [MASK]  驶过 。",列,辆,-0.6041576862335205,"辆, 路, 艘","-0.6042, -1.6332, -2.5475"
173,就 上面 一 [MASK]  三十五,个,个,-1.4281024932861328,"个, 点, 张","-1.4281, -1.9088, -2.6904"
174,"另外 , 每 月 还 将 有 300 [MASK] 自己 微博 的  提醒 , 包括 新 粉丝 新 评论 新 私信 的 通知 。",条,条,-0.2003001868724823,"条, 个, 次","-0.2003, -2.5313, -2.9317"
175,欢乐 马戏团 之 三 [MASK] ,个,号,-2.3612399101257324,"号, 家, 员","-2.3612, -2.6859, -2.6885"
176,吃完 这 [MASK]  减肥 !,碗,样,-0.5490118861198425,"样, 个, 些","-0.5490, -1.5414, -2.4246"
177,"顶 看错 了 , 买 了 [MASK]  的 !",个,对,-1.0728673934936523,"对, 点, 个","-1.0729, -2.2389, -2.6272"
178,"这 [MASK]  不管 你 伤 得 起 不 , 反正 我 伤 不 起 !",种,样,-1.1399728059768677,"样, 次, 个","-1.1400, -1.2986, -1.7283"
179,"昨晚 做 夢夢 到 一 [MASK]  有 你 , 地球 會運轉 得 更 快 高士喬 。",句,路,-0.2721595764160156,"路, 家, 世","-0.2722, -1.9725, -3.3552"
180,"三十 晚 小 墩竟然 画 了 一 [MASK] 完整 的  , 我 当时 就 泪 奔 了 。",副,个,-0.5706526637077332,"个, 套, 张","-0.5707, -2.2830, -2.6076"
181,小心 6 [MASK] 乌龙  易 引起 疾病 1 海鲜 与 啤酒 搭配 食用 容易 诱发 痛风 。,种,种,-0.24691066145896912,"种, 个, 类","-0.2469, -2.5993, -3.4593"
182,"妈咪 说 抹 [MASK]  还 喊 累 , 以后 嫁人 怎么 办 。",个,班,-1.5936158895492554,"班, 头, 脸","-1.5936, -1.8451, -1.9831"
183,没有 一 [MASK]  的 天气 真 讨厌,丝,样,-0.29115167260169983,"样, 点, 般","-0.2912, -1.8384, -3.9120"
184,可能 毁掉 我们 的 十 [MASK]  一 没有 责任感 的 享乐 二 不 劳 而 获 的 财富 三 没有 是非 观念 的 知识 四 不 道德 的 生意 五 没有 人性 的 科学 六 没有 牺牲 的 崇拜 七随性 而 出 的 暴躁 八 没有 理性 的 盲从九 没有 克制 的 喜欢 十 恣意 付出 的 恋爱 。,样,个,-1.075768232345581,"个, 件, 条","-1.0758, -1.6295, -2.3123"
185,拜年 了 祝 龙年 顺顺 畅畅 一 [MASK]  !,条,点,-0.5388739109039307,"点, 些, 下","-0.5389, -1.2736, -2.8148"
186,"小 超市 里 前前后后 几 [MASK]  结账 的 人 , 手 里 都 拿 着 泡面 , 当然 也 包括 我 。",个,个,-0.3159636855125427,"个, 位, 次","-0.3160, -2.3448, -3.1183"
187,"我 一 [MASK]  跳舞 , 从 清晨 到 日暮 。",个,起,-0.324468731880188,"起, 路, 个","-0.3245, -1.7808, -3.4269"
188,"试问 有 边 日 会 五 [MASK]  , 叫 都 五 应 啊 。",面,个,-2.590397596359253,"个, 行, 句","-2.5904, -2.9942, -3.0322"
189,"我 说 喝 了 一 [MASK]  , 护士 说 你 这 是 饿 的 胃痛 。",碗,点,-1.0873103141784668,"点, 口, 杯","-1.0873, -1.5232, -2.1720"
190,可 见 团结 的 重要 如果 几 [MASK]  能够 团结 一心 白 家 早 都 兴盛 起来 了 !,个,家,-0.7894397377967834,"家, 个, 位","-0.7894, -1.3299, -2.0921"
191,"哥俩 好 类 , 来 一 [MASK] 类  bofu 拜年",口,个,-0.6690866351127625,"个, 次, 张","-0.6691, -2.6783, -2.6847"
192,55555 介是 肿么 一 [MASK]  嘛 !,回,回,-1.233097791671753,"回, 个, 套","-1.2331, -1.5484, -2.5955"
193,"领到 这么 大 一 [MASK]  , 太 给力 了 !",个,包,-1.2672457695007324,"包, 份, 笔","-1.2672, -2.1596, -2.2488"
194,"就 情爱 而 言 , 最 悲惨 的 不 是 目光 相遇 一 人 停留 一 人 做 着 穿越 而 是 两 [MASK] 孤独 脆弱 的 灵魂 电光  相互 催眠 , 而 瞬间 即 醒 。",个,个,-0.24242368340492249,"个, 颗, 位","-0.2424, -2.2869, -3.3588"
195,哈哈 原来 我们 家 的 家谱 编制 成 一 [MASK]  了 不错 哈哈,本,套,-1.3492801189422607,"套, 起, 组","-1.3493, -2.0273, -2.4082"
196,"错 , 是 我们 领导 的 嘴 , 尼玛 , 一 [MASK]  把 我们 的 年终 奖 扣掉 一半",句,次,-1.4616758823394775,"次, 下, 口","-1.4617, -1.6424, -2.2264"
197,好久 没 见 你 了 长大 了 不少 噢 三 [MASK] 多  了,个,个,-0.5193873047828674,"个, 点, 分","-0.5194, -1.5477, -2.5626"
198,同事 赵  的 父亲 今晨 去世 周三 要 去 参加 葬礼 赵 老师 是 [MASK] 非常 好 的 老师 !,个,个,-0.08432573080062866,"个, 件, 位","-0.0843, -4.3369, -4.4632"
199,"大海 里 生活 着 一 [MASK] 快乐 的  , 它 很 爱 干净 , 天天 自己 喷水 洗淋浴 , 大家 纷纷 赞叹 它 多 讲 卫生 啊 !",条,群,-1.2451066970825195,"群, 只, 个","-1.2451, -1.2474, -1.2970"
200,"吃 太 饱 睡 不 着 , 带 着 耳机 却 听到 心跳 , 每 一 [MASK] 都 好像 巨人 走 过  着 身体 。",声,步,-0.6196199059486389,"步, 次, 幕","-0.6196, -1.4046, -3.4012"
201,我 崩溃 中 我 见到 了 一 [MASK]  和 大 话 精于 一身 的 姑娘 妈妈咪 呀 谁 也 无法 阻挡 这 姑娘 了,个,个,-0.13468225300312042,"个, 位, 群","-0.1347, -2.2522, -5.2841"
202,"刚才 梳头 , 不 留神 发现 一 [MASK] 不 属于 黑色 的  。",根,个,-1.8948458433151245,"个, 下, 眼","-1.8948, -2.4081, -2.4983"
203,"同事 都 说 我 是 超人 , 各 [MASK]  加班 , 我 总是 开玩笑 说 老子 要 加班 还债 , 可 谁 又 能 懂 , 我 是 在 用 工作 填补 自己 心 中 的 孤寂 。",种,种,-0.011280443519353867,"种, 处, 个","-0.0113, -5.9345, -5.9903"
204,第 84 [MASK] 奥斯卡 提名  揭晓 雨果 艺术家 领跑,届,届,-0.001723104272969067,"届, 次, 回","-0.0017, -7.0516, -8.3293"
205,这 是 我 今天 说 的 第一 [MASK]  。,句,点,-0.9341297149658203,"点, 个, 句","-0.9341, -1.8919, -2.0881"
206,"必胜客 我 等 你 的 电话 等 得 好 苦 啊 , 要 我 还是 不 要 我 , 给 [MASK] 痛 快点 的  啊 行 啊 ?",个,个,-0.2277558594942093,"个, 点, 些","-0.2278, -1.7826, -4.7830"
207,节奏 超快 这 [MASK]  超 好看 但是 好 累 啊,种,个,-0.7746379971504211,"个, 张, 段","-0.7746, -1.7510, -2.3759"
208,"你妹 的 , 该 死 的 公司 , 老子 年 后 妥妥 不 伺候 你 了 , 过 春节 连 [MASK]  都 不 给 批 , 去 死 吧 你 , 疯子 老总",个,批,-0.6332380771636963,"批, 发, 个","-0.6332, -2.0848, -3.1545"
209,"一个 [MASK]  结婚 , 有限 的 住房 已 被 分割 得 不能 再 分 , 老人 自己 在 家中 已 无 一块 清静 的 安身之地 , 又 怎 能 再 筑 起 一个 新 巢 呢 ?",个,家,-0.7375592589378357,"家, 个, 次","-0.7376, -0.7547, -4.6158"
210,总算 做掉 一 [MASK]  了 光速 爬 去 碎 觉 起床 还 得 去 看 牙医,件,次,-1.7762891054153442,"次, 个, 些","-1.7763, -1.8660, -2.4824"
211,分享 了 满 88 [MASK]  黑 巫女 蕾丝 手链 戒指 套装 女 腕饰 手绳 复古 饰品 2800,包,点,-1.9314740896224976,"点, 分, 个","-1.9315, -2.1089, -2.2657"
212,"新年 第一 天 , 一 [MASK]  窝 在 我 家 看 电影 , 感觉 还 不错 。",群,家,-0.7311068773269653,"家, 个, 起","-0.7311, -2.1010, -2.2905"
213,"美国 的 一 [MASK] 新  发现 , 吃 苹果 可以 促进 神经 细胞 相互 传递 信息 , 降低 老年 痴呆症 的 发病率 。",项,项,-0.05695556104183197,"项, 个, 种","-0.0570, -3.0775, -5.2408"
214,自己 家里人 吃饭 都 能 喝 多 不 就 是 斗鸡眼 么敷 [MASK]  的 时间 也 不 能 浪费 乡村 小姐妹 感情 深,个,面,-0.9098724126815796,"面, 脸, 排","-0.9099, -2.4841, -2.8044"
215,"我 就 开 10 [MASK]  , 说 的 也 还 是 这些 事儿 。",个,个,-1.5124460458755493,"个, 家, 号","-1.5124, -2.5364, -2.6301"
216,"反 嘴 之 什麼什 麼沒聽清 , 然後 看到 一 [MASK]  , 那 女 的 想幹嗎 , 結果 那 女人 跑 的 比 兔子 還快 我 看 她 是 不 想 在 東泰 混 了 。",管,句,-1.2032254934310913,"句, 眼, 幕","-1.2032, -1.8240, -2.0855"
217,每 一 [MASK] 的  !,次,次,-1.2390425205230713,"次, 个, 位","-1.2390, -2.3616, -2.5911"
218,"猴哥 的 同学 说 她 哥哥 以前 跟 我 同班 , 她 说 她 哥哥 说 我 超 有 气质 , 心 里 五 [MASK]  , 记得 也 这样 说 过 , 好 想 问 一下 我 现在 是 不 是 毁 了",味,分,-0.7511873245239258,"分, 味, 股","-0.7512, -1.1554, -3.7878"
219,2011 快乐 女声 长沙 唱区 预选赛 第二 [MASK] 0092  2011 快乐 女声 可 选 原 画 清晰度 分享自,场,季,-0.8717861175537109,"季, 轮, 名","-0.8718, -1.3088, -2.5636"
220,"赖声川 透露 , 谢娜 将 在 今年 回归 暗恋 桃花源 的 舞台 , 同时 还 将 出演 他 的 另外 一 [MASK] ",部,个,-1.2471020221710205,"个, 部, 位","-1.2471, -1.6053, -1.6175"
221,"肿得 像 猪蹄 , 还 裹 了 一 [MASK] 像 粪便 的  。",层,层,-0.47033756971359253,"层, 团, 些","-0.4703, -2.5468, -2.6675"
222,iphone 不 只 是 一 [MASK]  !,台,个,-0.9450371265411377,"个, 款, 台","-0.9450, -1.8270, -2.4274"
223,"2011 的 最后 一 天 , 这里 的 天气 还 跟 往年 一 [MASK]  !",样,样,-0.0024938660208135843,"样, 般, 些","-0.0025, -6.1517, -9.5286"
224,银行 被 疑 泄露 个人  客户 资料 在 内部 几乎 透明 你 有 没 有 被 各 [MASK] 垃圾 信息 推销 电话 轰炸 的 经历 ?,类,种,-0.07671897858381271,"种, 类, 路","-0.0767, -2.8280, -5.0813"
225,"雨 中 散步 , 一 [MASK] 多么 陌生 而 又 熟悉 的  。",种,个,-0.9720207452774048,"个, 件, 种","-0.9720, -1.7715, -2.2056"
226,兔泽 又 多 了 [MASK]  set up 无线 打印机 呢 。,个,个,-0.2040291130542755,"个, 台, 款","-0.2040, -2.4940, -4.2599"
227,"熬 了 一 [MASK]  白天 上班 , 还 说 回来 试试 昨天 捣腾 来 的 小 红 裙 就 碎 叫 结果 一 打开 衣柜 , 衣柜 崩溃 啊 !",个,个,-0.030279764905571938,"个, 下, 段","-0.0303, -4.6432, -5.4431"
228,明天 起床 希望 我 的 手机 就 变 出来 了 亲 你 生日 许愿 的 时候 分 我 一 [MASK]  保佑 我 新 手机 早日 到手 亲 记得 喔亲,个,块,-1.8320424556732178,"块, 杯, 个","-1.8320, -2.1465, -2.1692"
229,在 首尔 迎来 2012 D3 路口 的 食店 貌似 不少 韩剧 中 的 男 二 会 经营 一 [MASK] 这样 的 小资 ,家,家,-0.5549333691596985,"家, 些, 间","-0.5549, -1.9493, -2.3346"
230,Home sweet home 上 [MASK]  是 什么 时候 ?,次,架,-0.6807309985160828,"架, 班, 线","-0.6807, -0.9905, -2.5295"
231,今天 开 了 一 天 的 三 [MASK]  都 被 抖麻 了,缸,轮,-0.8979000449180603,"轮, 眼, 号","-0.8979, -2.8410, -3.2311"
232,"始建 于 1958年 的 鞍钢 冷轧 板 厂 , 是 我国 第一 [MASK] 冷轧  生产 厂家 。",个,家,-0.28611665964126587,"家, 个, 所","-0.2861, -1.6280, -4.3653"
233,"感谢 胖虎 一直 欺负 我 小 夫 一直 向 我 炫耀 , 让 我 和 阿梦 患难 见 真 情 对 不 起 静香 , 我 的 心 里 只 能 装下 阿 梦 一 [MASK]  。",个,个,-0.40063467621803284,"个, 样, 颗","-0.4006, -2.9770, -3.2506"
234,重温 了 一 [MASK] 寂静岭  还 是 经典 啊,遍,下,-0.3046874403953552,"下, 遍, 次","-0.3047, -2.0277, -2.5377"
235,啊 哈哈哈哈 哪 [MASK]  ?,个,个,-0.43773144483566284,"个, 样, 位","-0.4377, -2.3411, -2.7680"
236,"也 对 , 那 [MASK] 知名  会 天天 刷微博来 责骂 其他 艺人 及 粉丝 包括 自己 的",个,些,-0.047151532024145126,"些, 个, 位","-0.0472, -3.9626, -4.0600"
237,贱贱 的 过 完 年 了 我 的 小 脸 圆润 了 一 [MASK] b  还 是 悲好,圈,点,-0.7597952485084534,"点, 个, 些","-0.7598, -1.8597, -1.9880"
238,"恶心 的 东西 我 见 多 了 , 你们 算 [MASK] ",个,个,-2.9633889198303223,"个, 家, 等","-2.9634, -3.1823, -3.2725"
239,"作为 一 [MASK]  , 有 权 对 法官 审判 的 公正 作 一下 质疑 , 有 权 对 本 案 中 司法 的 独立性 作出 更 大 的 质疑 。",个,员,-0.5275267362594604,"员, 家, 般","-0.5275, -2.0022, -2.6955"
240,记得 这 [MASK]  吗 ?,张,个,-1.0235629081726074,"个, 些, 篇","-1.0236, -1.7675, -2.7328"
241,家乐福 停车 已经 停到 上去 的 那 [MASK]  啦 !,个,头,-1.476749300956726,"头, 段, 个","-1.4767, -1.9089, -2.2333"
242,我 是 [MASK] 不 好 的  啊 鄙视,个,个,-1.1015156507492065,"个, 记, 管","-1.1015, -1.5335, -2.5201"
243,我 前 两 [MASK]  纯 属 屁憋 的 。,条,次,-0.920482337474823,"次, 句, 个","-0.9205, -1.7498, -2.2874"
244,"传说 如果 找到 四 [MASK]  的 幸运 草 , 就 能 许愿 , 使 愿望 成真 。",片,季,-0.06644157320261002,"季, 棵, 株","-0.0664, -4.6893, -5.0213"
245,"赶 在 生日 前 , 希望 能 用心 的 做出 [MASK]  的 成品 。",个,棒,-0.7900566458702087,"棒, 手, 家","-0.7901, -2.0581, -2.4060"
246,"你 是 记忆 中 最 美 的 一 天 , 遗忘 的 或许 会 是 一 [MASK] 漫长  的 未来 岁月 。",个,段,-0.11325419694185257,"段, 个, 些","-0.1133, -2.3029, -5.5948"
247,对付 一 [MASK]  最 好 的 办法 就 是 置之不理 。,个,些,-1.1256773471832275,"些, 个, 类","-1.1257, -1.4823, -2.2651"
248,"沃嘉 旅游 厦门 的 悠闲 与 懒散 最 合 小资 胃口 , 鼓浪屿 尤其 是 [MASK]  桃源 。",个,下,-1.3094033002853394,"下, 双, 个","-1.3094, -1.9858, -2.6337"
249,"洛 卡 松 了 口 气 , 这 [MASK]  他 一直 藏 在 心中 , 现在 说 出来 了 , 他 觉得 自己 死 也 没有 什么 遣 憾 了 。",句,些,-0.47245386242866516,"些, 个, 点","-0.4725, -1.6642, -2.1088"
250,"明天 5 点 那 [MASK] 西班牙 国王  的 14 决赛 , 哪 有 转播 吗 ?",场,场,-0.18759199976921082,"场, 个, 对","-0.1876, -2.2800, -3.5112"
251,厦门 也 挺 冷 的 中午 的 当归 米 酒 两 [MASK]  这 会 好 头疼,口,杯,-0.4883996844291687,"杯, 瓶, 碗","-0.4884, -1.8151, -2.8028"
252,"一 [MASK]  熊熊 燃烧 , 幸好 有 人 及时 帮 我 浇灭 , tmd 的 已 到 家",团,阵,-2.141995906829834,"阵, 团, 片","-2.1420, -2.1901, -2.2108"
253,各 [MASK]  梦 。,种,种,-0.48692765831947327,"种, 名, 家","-0.4869, -2.9331, -3.3838"
254,过 年 啦 这 [MASK]  的 宝贝 很 幽默 弄 得 我们 大家 都 笑哈哈,位,次,-0.9426447749137878,"次, 家, 样","-0.9426, -1.2183, -1.7877"
255,我 刚 在 MOKO 美空网 发布 了 一 [MASK] 新  服装 片杜 达 女装,组,个,-0.9916733503341675,"个, 款, 组","-0.9917, -1.6992, -2.1703"
256,上传 了 12 [MASK]  到 相册 SNSD,张,张,-0.08024302124977112,"张, 页, 片","-0.0802, -3.6508, -4.8991"
257,祭 天公 的 祭桌 四 [MASK]  都 要 垫金 纸 !,条,面,-0.20035699009895325,"面, 下, 门","-0.2004, -3.3798, -4.4774"
258,"觉得 自己 能 生 在 这样 的 一 [MASK]  , 好 满足 !",个,家,-0.8749790787696838,"家, 代, 个","-0.8750, -1.4505, -2.0074"
259,这 [MASK]  了 吧 ?,回,样,-0.2641184329986572,"样, 个, 次","-0.2641, -2.9700, -3.4397"
260,"回到 学校 , 本 想 吃 [MASK] 开心 的  , 谁 知道 还是 剩菜剩饭 , 心情 都 没 了",个,点,-0.24244911968708038,"点, 个, 顿","-0.2424, -2.0100, -3.3754"
261,一 [MASK]  一 世 爱 天涯 遥寄 只 为 你 。,世,世,-0.022345397621393204,"世, 场, 身","-0.0223, -5.8500, -5.9550"
262,"亚亚 说 : “ 妈妈 , 你 看 , 爸爸 要 我 一定 要 把 这 [MASK]  放在 身上 , 千万 不能 弄 丢 , 而且 一定 要 把 你 的 样子 记 清楚 , 这样 , 如果 在 街上 看到 你 , 就 能 认 出来 了 , 不能 会 再 错 过 了 。",张,个,-0.5974664092063904,"个, 些, 包","-0.5975, -1.4290, -2.5469"
263,"无知 加 无耻 , 真 tmd 一 [MASK]  了 !",朵,样,-2.007643938064575,"样, 套, 顿","-2.0076, -2.0160, -2.2906"
264,"如果 你 用 它 来 盛 天 上 的 净水 , 你 就 是 一 [MASK]  。",个,个,-1.3672603368759155,"个, 样, 位","-1.3673, -1.9864, -2.5120"
265,"今天 , 生理 两 [MASK] 妇重点  看完",章,个,-1.2020716667175293,"个, 项, 次","-1.2021, -2.9330, -3.0460"
266,我 在 西 二 [MASK]  营桥 到 西直门 桥 。,环,道,-0.8656058311462402,"道, 条, 家","-0.8656, -2.1619, -2.4983"
267,"2011 年 9 月 中旬 以来 , 香港 离岸 市场 人民币 CNH 一 改 之前 单向 升值 趋势 , 开始 出现 了 一 [MASK] 贬值  。",轮,波,-0.7546120285987854,"波, 轮, 些","-0.7546, -1.1932, -2.8730"
268,"他们 纷纷 涌 向 大桥 , 争 睹 这 [MASK] 跨度 423 米 , 名列 世界 第二 的  的 英姿 风采 。",座,座,-0.5857247114181519,"座, 个, 位","-0.5857, -1.6183, -3.3541"
269,"初 一 圆 明讲 [MASK]  , 遇 世博 一样 的 排队 长龙 , 香火 真 是 旺啊",堂,堂,-0.11289986968040466,"堂, 道, 台","-0.1129, -2.5050, -4.1336"
270,"第一 [MASK]  年饭 系 上 冷饭 的 , 碟饭 如果 用 来 炒饭 简直 一流 。",次,次,-1.446635127067566,"次, 个, 顿","-1.4466, -1.9441, -2.4808"
271,我 兴高采烈 地 把 红包 一 [MASK]  拆开 然后 再 失望 地 把 钱 重新 放 进去,封,起,-1.0781009197235107,"起, 个, 次","-1.0781, -2.0888, -2.4601"
272,"昨晚 看 着 你 做 家务 的 背影 , 觉得 你 是 [MASK] 有担当 的 , 有 肩膀 的  , 被 你 照顾 着 很 幸福 。",个,个,-0.014905482530593872,"个, 具, 件","-0.0149, -5.4907, -5.8986"
273,不 漂亮 的 女生 都 会 一 [MASK]  那 就 是 十字绣 谁 敢 出来 承认 啊 老婆 我 知道 你 会 的 你 太 久 没 露面 了,门,个,-1.2602448463439941,"个, 样, 条","-1.2602, -2.1945, -2.4327"
274,各 [MASK]  。,种,部,-1.6018993854522705,"部, 种, 处","-1.6019, -2.4080, -2.5688"
275,你 会 给 儿子 找 一 [MASK] 新  吗 ?,个,个,-0.42468804121017456,"个, 件, 些","-0.4247, -2.6429, -3.1001"
276,但 遗憾 的 是 没有 看到 uk vogue 上 他 受 麦姐 那 [MASK]  做 的 新款 连身 和 内衣,款,样,-0.10314828157424927,"样, 帮, 套","-0.1031, -4.0992, -4.5053"
277,"需要 提醒 的 是 , 银行卡 和 身份证 尽量 不 要 放 在一起 , 如果 不法 分子 同时 获取 这 两 [MASK]  , 就 有 可能 成功 办理 提前 取款 手续 。",件,个,-1.022241473197937,"个, 种, 张","-1.0222, -1.4575, -1.6622"
278,巢湖 工商 查获 一 [MASK] 假冒 解百 纳 注册 商标 ,批,件,-0.9729030132293701,"件, 批, 个","-0.9729, -1.7481, -1.8431"
279,"这个 破 天气 就 没 见 好 过 , 今天 还 是 除夕加 老爸 的 生日 , 要 不 是 为了 交话费 , 我 才 不 愿意 出 这 [MASK]  !",趟,样,-1.4000365734100342,"样, 个, 行","-1.4000, -1.8040, -2.2504"
280,"爆笑 风格 喜剧 撒旦 女王 二 [MASK]  即将 登场 , 2012 年 2 月 7 日 到 2 月 19 日 在 D6 哦 !",轮,季,-0.9070684313774109,"季, 代, 号","-0.9071, -1.6519, -1.7227"
281,"办公室 的 几 [MASK]  叽叽 喳喳 的 讨论 甄环传 , 论调 特别 幼稚 雷 人 程度 令 人 发指 有点 忍 不 住 想 打断 她们 , 不过 还 是 使劲 憋住 了 。",个,个,-0.23009227216243744,"个, 位, 桌","-0.2301, -1.9994, -3.9054"
282,"最 讲 卫生 的 家庭 主夫 每 天 洗碗 后 都 要 擦洗 一 [MASK]  , 所以 我 家 的 厨房 特 干净 !",遍,次,-0.8699285387992859,"次, 遍, 下","-0.8699, -0.8958, -2.2327"
283,"从 另 一 [MASK]  拍摄 的 日出 , 你 有 多久 没 看 过 日出 ?",个,头,-0.7459812760353088,"头, 面, 处","-0.7460, -1.1570, -2.3560"
284,"为 哪样 要 喊阿泰 [MASK] 世界  , 笑死 我 了 。",个,个,-1.5678092241287231,"个, 下, 遍","-1.5678, -1.9637, -2.1234"
285,晕无拉拉通 左 [MASK]  无 准备,个,眼,-0.8842787742614746,"眼, 手, 头","-0.8843, -0.9262, -4.0314"
286,"发表 了 博文 2012 年 01 月 21 日 祝福 每 一 [MASK]  龙年 龙马精神 , 全 家 幸福 , 身体 健康 , 万事如意 , 阿弥陀佛",个,个,-0.5067815780639648,"个, 位, 名","-0.5068, -0.9409, -6.0853"
287,"他 亲情 盈盈 , 不 见 挚爱 , 找 [MASK]  只 挠痒 。",个,回,-1.6983884572982788,"回, 个, 路","-1.6984, -2.1432, -2.1504"
288,这 或许 就 是 两 [MASK]  的 分歧 。,辈,点,-1.4591788053512573,"点, 家, 个","-1.4592, -1.7168, -2.0580"
289,"璇 天才 waitingHee 默默 之中 居然 已经 积累 了 如此 的 人脉 关系 , 2012 [MASK]  注定 会 是 不 平凡 的 一 年 。",对,份,-2.017857789993286,"份, 版, 则","-2.0179, -2.5699, -2.5763"
290,", 我 投给 了 韩爸 的 百 倍 影响力 , 粉丝 估计 在 3000 万 这 1 [MASK]  。",个,个,-1.7679405212402344,"个, 点, 段","-1.7679, -2.2336, -2.2560"
291,番薯 君 回来 了 遥远 时空 传来 一 [MASK] 二  的 呼唤,声,对,-1.2267446517944336,"对, 波, 次","-1.2267, -2.5420, -2.6874"
292,16 [MASK]  前 到达 威尼斯 。,个,点,-0.024876806885004044,"点, 分, 号","-0.0249, -4.8732, -5.5834"
293,"南宋 晚期 , 咸淳 四年 1268 年 浙江 德清 吴奥墓 出土 的 一 [MASK] 龙泉  和 此 器 类似 。",件,件,-0.7920424938201904,"件, 个, 尊","-0.7920, -2.5413, -2.8750"
294,"切 香肠 是 [MASK]  , 切 得 好看 就 好吃 , 切 得 狗 啃 似 的 就 难吃 。",个,刀,-0.47984015941619873,"刀, 道, 对","-0.4798, -2.5617, -3.2086"
295,"死神涅 队长 摘掉 面具 后 , 也 是 一 [MASK]  但是 女 下属 , 还是 女 实验品",个,样,-0.5802410244941711,"样, 个, 名","-0.5802, -1.7297, -2.9997"
296,对 说 不 解释 一 天刷 了 那么 多 [MASK] ,条,只,-2.8543801307678223,"只, 家, 个","-2.8544, -2.9087, -2.9119"
297,"祝福 2012 年 我 和 我 的 全 [MASK]  还 有 所有 亲人 和 朋友 一生 身体 健康 合家欢乐 , 万事 顺利 天天 向上 龙年 吉祥 龙年 恭喜 发大财 。",家,家,-0.042127590626478195,"家, 部, 班","-0.0421, -4.3613, -4.4408"
298,"怪 五 得 [MASK]  开始 光 啦 , 原来 已经 接近 7 点 。",个,点,-1.771669864654541,"点, 道, 眼","-1.7717, -1.9897, -2.1192"
299,欢迎 下 [MASK]  淘金 币智 立方 小熊 一 天 趣味 木 书 智力 拼图 玩具 儿童 益智 玩具 1400,次,手,-1.1812160015106201,"手, 架, 册","-1.1812, -1.2743, -1.6661"
300,回家 路 上 遇到 什么 事 今天 本來 做好 事 給閨蜜 介紹 去  的 中華 料理店 打工沒 想到 碰到 朋友 的 一 [MASK] 日本 朋友 被 調侃 的 我 也 稀裡 糊塗進 去 打工 了 我 只 是 一個 陪衬 的 人 呀 !,群,家,-1.6176345348358154,"家, 次, 位","-1.6176, -2.2327, -2.2389"
301,"21 [MASK] 的  基本 完成 , 花 了 2 天 半 功夫 , 要 吐血 了 。",页,号,-1.2664217948913574,"号, 点, 楼","-1.2664, -2.2048, -2.2360"
302,"汤本味 仅 售 1 元 价值 826 元 瓦罐 汤汤 在 江西 食 在 北京 一 汤 一格百 [MASK]  另 有 售价 108 元 4 人 套餐 可选 关注 , 让 我们 团 在一起",味,味,-0.5679975152015686,"味, 家, 团","-0.5680, -1.6331, -3.3409"
303,20120120 直 排 轮 商品 推荐 动感 黑金 三 [MASK]  成人 直排轮 轮滑 鞋 溜冰鞋 旱冰鞋 成人 滑冰鞋 20000 元 详情 。,代,层,-1.3588122129440308,"层, 轮, 双","-1.3588, -1.9944, -2.1905"
304,ChezShea 那 [MASK] 鳕鱼  真 不错 练习 慢 节奏 的 好 去处 喜欢 它 的 半圆形 大 窗 外面 是 pike market 有 大风 的 冬日 黄昏室 内 暖和 也 不 嘈杂 象 安全 避风港,道,条,-1.4449275732040405,"条, 个, 些","-1.4449, -1.6478, -2.7236"
305,这 [MASK]  我 喜欢,幅,个,-0.3391197919845581,"个, 点, 样","-0.3391, -2.5346, -2.8454"
306,"发表 了 博客 美 的 销售 瘦身 扩至 大 家电 部分 地区 公司 裁员 三成 市场 转冷 人海 战术 葡坎辉 偈视 美 的 这 [MASK] 高速  的 火车 正在 减速 , 以 确保 平稳 穿越 这个 冬天 。",辆,列,-0.8191984295845032,"列, 辆, 趟","-0.8192, -1.0099, -3.2336"
307,"今晚 幼稚 了 一 [MASK] 那些 人 , 我们 一起 追过 的  , 感觉 还 好 啦",回,下,-0.16453993320465088,"下, 些, 点","-0.1645, -2.9294, -3.1479"
308,"走 万 里 路 胜过 读 万 [MASK]  , 出门 旅行 是 增长 知识 的 好 时机 , 这 是 很多 出门 旅行者 的 初衷 和 目的 。",卷,卷,-0.002737689996138215,"卷, 册, 遍","-0.0027, -6.8155, -7.3339"
309,"执 着 梦想 追求 , 用 自身 的 努力 感染 和 激发 着 每 [MASK] 喜欢 她 的  !",个,个,-0.19178491830825806,"个, 位, 名","-0.1918, -1.7595, -7.4302"
310,他 妈 的 一 晚 吃 两 [MASK] 顺德 ,次,次,-1.195411205291748,"次, 个, 碗","-1.1954, -1.4073, -2.0466"
311,看到 三 [MASK]  吵架 。,组,个,-0.5495867133140564,"个, 点, 次","-0.5496, -2.9236, -2.9765"
312,"我擦 , 体坛 快讯 就 等 着 看 [MASK] 电视  。",个,个,-0.8610796332359314,"个, 下, 点","-0.8611, -1.5081, -3.0126"
313,临睡 前 文艺 一下 但 愿 来生 做 一 [MASK]  。,棵,个,-0.6031663417816162,"个, 次, 样","-0.6032, -2.0481, -2.8241"
314,今年 最后 一 [MASK] 重要  我 要 去 纹身 !,项,个,-0.5669193267822266,"个, 件, 次","-0.5669, -1.9098, -1.9229"
315,"两 小 无猜 一直 爱到 两 [MASK]  , 面朝 大海 一直 爱到 春暖 花 开 你 依赖 让 你 依赖 , 你 无赖 给 你 耍赖",发,头,-0.8875807523727417,"头, 个, 手","-0.8876, -2.1293, -2.3737"
316,"昨天 的邰 先生 凤翔 木板 年画 沙龙 , 孩子们 感受 传统 的 手工 木板 年画 , 亲手 参与 制作 的 过程 , 是 一 [MASK] 非常 有 意义 的  。",件,个,-0.8603594899177551,"个, 件, 次","-0.8604, -0.8656, -2.7578"
317,买 [MASK]  不 容易 。,个,家,-1.1588618755340576,"家, 手, 楼","-1.1589, -1.9941, -2.5867"
318,"如果 , 所有 的 伤痕 都 能够 痊愈 如果 , 所有 的 真心 都 能够 换来 真意 如果 , 所有 的 相信 都 能够 坚持 如果 , 所有 的 情感 都 能够 完美 如果 , 依然 能 相遇 在 某 [MASK]  。",座,处,-0.06669678539037704,"处, 个, 起","-0.0667, -4.2035, -4.2122"
319,"特别是 十一 [MASK] 三 中  以来 , 我国 民航 事业 在 诸多 方面 都 持续 快速 发展 , 取得 了 举世瞩目 的 成就 。",届,届,-0.0007242798455990851,"届, 次, 个","-0.0007, -7.5528, -8.6203"
320,而 这 两 [MASK]  都 是 我 最爱,个,个,-0.7797200083732605,"个, 种, 款","-0.7797, -2.3175, -2.7321"
321,有 一 [MASK] 大  !,串,点,-1.0752732753753662,"点, 个, 样","-1.0753, -1.9599, -2.6040"
322,"香港 万宁 创意 广告 猫咪 故事 香港 万宁 创意 广告 猫咪 故事 http t cn Sa9Y9L 主人 患病 , 猫咪 千辛万苦 寻找 高 山 雪莲 , 上演 一 [MASK] 猫咪 ",幕,场,-0.7669975757598877,"场, 幕, 段","-0.7670, -1.1472, -2.5684"
323,多多 小 [MASK] ,盆,家,-1.9796913862228394,"家, 线, 队","-1.9797, -3.2766, -3.6209"
324,我 刚 试 着 找 几 [MASK] 有趣 的  来 关注 但 实在 是 不 好找 大爷 的 老娘 我 不 干 了 。,个,个,-0.10628291964530945,"个, 条, 种","-0.1063, -3.8616, -4.6064"
325,"夜晚 的 星空 繁星 点缀 , 总 有 一 [MASK]  为 你 指引 方向 。",颗,个,-1.0176079273223877,"个, 处, 路","-1.0176, -2.0413, -3.1758"
326,"推销员 因为 工作 忙 一 [MASK]  有 五 天 不 在 家 , 自然 对 太太 有所 歉意 , 想 利用 整个 周末 补偿 她 !",个,般,-1.4644944667816162,"般, 次, 下","-1.4645, -1.6366, -2.4039"
327,"昨天 A 君 带 了 一 [MASK] 红  欺骗 我 幼 小 的 心灵 , 说好 带拉菲 , 结果 提上 来 变成 了 国产 的 长城 。",支,块,-1.6306393146514893,"块, 点, 把","-1.6306, -1.9913, -2.5014"
328,乌克兰 团里 又 来 了 怎 一 [MASK]  了 得比 的 上 Dance And Change Kazaky 分享 自,个,个,-0.8375612497329712,"个, 样, 批","-0.8376, -2.6611, -3.5744"
329,"我 已 下载 了 Q [MASK]  很 好看 , 和 好 朋友 一下 分享 下",版,片,-0.45898449420928955,"片, 版, 本","-0.4590, -2.5076, -3.5283"
330,"东亚 娱乐 没有 圈 汤唯 身 着 裸色 裙 释放 小 清新 流露 东方 美 2011 年 11 月 11 日 , 上海 , 光棍节 , 汤唯 与 一 [MASK]  来到 时尚 秀场 参加 珠宝秀 。",袭,起,-0.5670938491821289,"起, 家, 组","-0.5671, -1.8385, -3.0947"
331,最后 一 [MASK] ,顿,次,-2.4720468521118164,"次, 集, 幕","-2.4720, -2.6673, -2.8459"
332,怜儿 好 聪明 [MASK]  狡猾,袭,则,-1.880703091621399,"则, 般, 下","-1.8807, -2.2788, -2.4969"
333,"虽然 被 两 [MASK]  的 好 惨 , 但 小忌 你 一定 会 吐 便当 的 对吧 ?",个,个,-0.8342736959457397,"个, 分, 下","-0.8343, -2.8129, -3.0661"
334,"痛经 女性 应该 禁食 哪 三 [MASK]  痛经 会 给 女性 朋友 的 工作 生活 造成 很 大 的 影响 , 女性 朋友 在 痛经 时 应 注意 做好 一些 保健 工作 , 比如 注意 一些 饮食 上 的 禁忌 。",类,点,-0.6226192116737366,"点, 种, 项","-0.6226, -1.7660, -2.2283"
335,去年 现在 我 还 在 法国 一 [MASK]  看 着 腾讯 的 过年 广告 流马尿 。,个,路,-0.91773521900177,"路, 起, 样","-0.9177, -1.2693, -1.8190"
336,"这 [MASK]  这 两 天 问 的 人 满 多 独家 美国 专柜 正品 ED HARDY 风格 彩色 纹身 鲤鱼 花纹 打底 连 裤袜 丝 袜子 , 价格 18800 元 , 见",件,个,-0.3708333373069763,"个, 家, 款","-0.3708, -2.9387, -2.9540"
337,为什么 每 [MASK] 我 对 自己 许下 的  都 没有 毅力 去 实现 除了 有关 你 的 现在 还 有 超多 作业 没 做 啊,次,次,-0.1439041644334793,"次, 个, 件","-0.1439, -2.0662, -6.5400"
338,话 说 今年 第一 [MASK] 桃  我 不 喜欢,朵,个,-1.5533852577209473,"个, 颗, 条","-1.5534, -1.7644, -2.6350"
339,"这 是 一 [MASK] 转运  , 龙年 可 踢走 霉运 , 好运 相伴 !",尊,个,-0.8393371105194092,"个, 种, 次","-0.8393, -1.3377, -2.3634"
340,"听 着 李林妲 和 李宛妲 两 小 姐妹 的 歌声 , 看 着 两 [MASK] 小精灵 美丽 迷人 的  , 那 清澈 纯洁 的 歌声 穿透 心灵 , 鼻子 突然 酸酸 的 , 眼泪 在 眼眶 中 打转 !",个,个,-0.38434818387031555,"个, 只, 位","-0.3843, -1.7398, -2.1598"
341,我 参与 了 发起 的 投票 哪 [MASK]  越剧 最 合 你 的 胃口 ?,个,种,-0.71153724193573,"种, 部, 些","-0.7115, -1.1222, -2.3183"
342,发觉 琴晚 自己 又 做 左 [MASK]  了 !,个,手,-0.3958929777145386,"手, 眼, 轮","-0.3959, -1.8628, -4.2377"
343,"中午 , 办公室 , 工作餐 , 一 [MASK] 蜿蜒 盘亘 的  穿梭 在 米饭 中 。",根,路,-0.30595940351486206,"路, 起, 条","-0.3060, -1.8509, -3.4021"
344,你 是 一 [MASK]  !,头,个,-0.8679887652397156,"个, 样, 位","-0.8680, -2.7326, -2.9950"
345,"在 这 一个 过程 中 , 许多 人 的 个性 被 磨损 、 特色 被 掩盖 , 最后 只 开 了 一 [MASK] 平凡 无 奇 的  。",间,个,-0.5718464851379395,"个, 些, 家","-0.5718, -2.2011, -3.3888"
346,"他 算 [MASK] 什么  , 值得 您 这样 跟 我 大小声 !",个,个,-0.23270197212696075,"个, 些, 点","-0.2327, -2.0332, -3.3682"
347,", 你 在 晒 许愿瓶 的 100 [MASK]  , 赢 ThinkPad 笔记本 电脑 !",种,分,-1.0673799514770508,"分, 块, 个","-1.0674, -2.0174, -2.3752"
348,"红 派壹号 处 女座 的 人 超 讨厌 没有 信用 的 人 , 就算 是 鸡毛 蒜皮 的 事 , 别 看 平时 处 女座们 都 一 根筋 , 其实 细心 的 很 , 只要 在乎 的 事 , 就 连 [MASK] 标点  都 会 记住 。",个,个,-0.3053120970726013,"个, 下, 点","-0.3053, -1.9519, -2.6573"
349,各 [MASK]  !,种,位,-0.07920046150684357,"位, 种, 家","-0.0792, -4.3544, -4.8725"
350,捧 [MASK]  吧,个,场,-0.07230762392282486,"场, 杯, 名","-0.0723, -3.5571, -5.8245"
351,林 夏 相亲 这 [MASK] 太  了,段,个,-1.2403985261917114,"个, 些, 样","-1.2404, -1.8694, -1.9677"
352,去 领取 就 [MASK]  就 可以 点亮 头像 下面 的 小 房子 。,个,餐,-1.643530249595642,"餐, 点, 行","-1.6435, -1.8980, -2.1994"
353,没有 了 一 [MASK]  是 谁 说 这个 习惯 一定 不 会 少,句,个,-1.2881462574005127,"个, 点, 样","-1.2881, -1.4155, -2.2814"
354,做 了 [MASK]  吓 得 我 半死 上网 查 了解 梦 才 知道 是 好 事 万 岁 万 岁 啊,个,个,-0.5913400650024414,"个, 次, 只","-0.5913, -2.2541, -3.2969"
355,"我 参与 了 2012 年 首 [MASK] CCTV 网络  最 想 看到 的 内地 明星 , 投给 了 唐嫣 这个 选项 。",届,届,-0.41795358061790466,"届, 轮, 发","-0.4180, -2.6866, -2.6979"
356,"人生 就 像 一 [MASK]  , 途径 许多 驿站 。",列,路,-0.4660632908344269,"路, 行, 趟","-0.4661, -1.8107, -2.9157"
357,解放 了 下 [MASK]  就 能 回 武汉 了,个,班,-0.9647691249847412,"班, 次, 面","-0.9648, -1.0219, -2.1590"
358,"昨晚 才 去 的 长安街 龙 凤 海鲜 酒楼 , 今天 B [MASK] 就  说 被 烧掉 了 ?",栋,楼,-2.2723095417022705,"楼, 门, 下","-2.2723, -2.3322, -2.8016"
359,"朝着 那 [MASK]  , 前进 !",个,个,-0.660366415977478,"个, 些, 处","-0.6604, -1.6683, -2.5641"
360,起来 第一 [MASK]  都 是 这样 的 嘛 !,件,次,-0.6621493101119995,"次, 章, 集","-0.6621, -3.0150, -3.1140"
361,疯狂 的 一 [MASK] 半  美图秀秀 Android 版,个,点,-0.3330180048942566,"点, 个, 对","-0.3330, -2.1776, -3.0720"
362,人肉 搜索 是 一 [MASK] 很 深 的  到 现在 我 也 不 能 说 我 掌握 得 有 多好 倒 是 希望 以后 我 都 不 会 再 用到 了 最 起码 不 要 再 为 自己 所 用 了,门,个,-0.6917546987533569,"个, 门, 种","-0.6918, -1.2379, -1.9975"
363,"我 在 快乐 购 , 过年 各 [MASK] 红  挂起",种,种,-0.49836647510528564,"种, 家, 样","-0.4984, -1.8003, -3.0942"
364,也 是 最后 一 [MASK]  !,首,次,-0.688762366771698,"次, 场, 个","-0.6888, -2.1751, -2.9034"
365,"这么 重要 的 时刻 , 发 [MASK]  提醒 一下 各位 我 也 很 高调 !",个,帖,-0.23002392053604126,"帖, 声, 点","-0.2300, -2.0138, -4.3448"
366,"弱智  欢乐 多 , 做 [MASK] 快乐 的 弱智 儿童 吧 !",个,个,-0.008453895337879658,"个, 些, 只","-0.0085, -5.7920, -6.1087"
367,"做 一 [MASK] 淡淡 的  , 不浮不躁 , 不争 不 抢 , 不 去 计较 浮华 之 事 , 不 是 不 追求 , 只是 不 去 强求 。",个,个,-0.10496392101049423,"个, 种, 颗","-0.1050, -2.9927, -3.9605"
368,"买 了 三 [MASK]  , 花 了 50 !",个,个,-1.7457356452941895,"个, 件, 瓶","-1.7457, -1.8083, -2.6350"
369,后面 还 跟 着 [MASK]  。,辆,等,-1.9830156564712524,"等, 行, 下","-1.9830, -2.3162, -2.8358"
370,从 多 [MASK]  对 新浪 微博 和 Twitter 进行 了 比较 。,个,处,-0.3014058768749237,"处, 点, 个","-0.3014, -3.0053, -3.1328"
371,"第一 [MASK] 看 了 爱 的  , 完全 被 KAME 征服 了 。",次,次,-0.1550344079732895,"次, 眼, 集","-0.1550, -2.1387, -5.2383"
372,"一 [MASK]  孤苦 伶仃 的 , 被 抛弃 的 感觉 很 不 爽啊 !",个,个,-0.15455038845539093,"个, 种, 样","-0.1546, -3.2630, -3.6630"
373,第一 [MASK]  。,班,次,-1.4563233852386475,"次, 章, 集","-1.4563, -1.5318, -2.7785"
374,不 要 让 别人 影响 你 对 [MASK]  的 独特 看法 。,幅,世,-1.7722268104553223,"世, 家, 面","-1.7722, -2.2593, -2.8164"
375,"今天 我 做 了 一 [MASK] 艰难 的  , 决定 进入 故宫 做 导游 工作 。",个,个,-0.511196494102478,"个, 件, 些","-0.5112, -1.4003, -3.0946"
376,"大家 新年 快乐 , 我 临 睡 前 抽 [MASK]  !",个,身,-2.202817678451538,"身, 手, 个","-2.2028, -2.3171, -2.6339"
377,今天 第一 [MASK]  可是 熏 死 我 了 薰衣草 的 威力 不 可 忽视 啊,次,次,-1.4411327838897705,"次, 个, 张","-1.4411, -2.6957, -2.8247"
378,"难得 的 一 [MASK] 小  , 还 搞 起来 腼腆",次,个,-0.8556225895881653,"个, 点, 身","-0.8556, -1.5222, -2.8402"
379,"所以 , 不 要 小看 任何 一 [MASK]  , 哪怕 是 看上去 天真无邪 的 孩童 , 他们 也 有 自己 的 思想 。",个,个,-0.20803315937519073,"个, 种, 位","-0.2080, -3.0134, -3.1845"
380,也 对 得 起 我 龙年 的 第一 天 就 熬 了 [MASK]  看 球 !,个,个,-0.9393062591552734,"个, 点, 班","-0.9393, -1.7140, -2.9934"
381,Lightroom 一 [MASK] 比 photoshop 更 好用 的 图片 处理 软件 学院 频道 ,款,个,-0.6032800078392029,"个, 款, 些","-0.6033, -1.0301, -3.2058"
382,"好像 那 [MASK]  , 没有 牵挂 的 聚 在一起 , 挥霍 青春 。",班,样,-0.516005277633667,"样, 些, 个","-0.5160, -1.5091, -2.8315"
383,15 [MASK] 的 孩子  改期 了 聚会 是 有 的 也许 过 年 后,班,号,-1.6670628786087036,"号, 班, 分","-1.6671, -2.0925, -2.1951"
384,农行 陷入 拒付 门 储户 2 千 存款 20 年 变 9 万 [MASK] 拒付  ZAKER,遭,遭,-0.8680207133293152,"遭, 行, 次","-0.8680, -2.6267, -2.6759"
385,所以 像 不 需要 那 [MASK]  一样 地 工作 吧 像 从 没 被 伤害 过 地 勇敢 去 爱 吧 像 旁若无人 般 地,笔,样,-0.3210657835006714,"样, 些, 个","-0.3211, -2.5124, -2.6701"
386,"6 [MASK]  当 乐趣 , 你 就 会 满怀信心 。",把,节,-1.3966047763824463,"节, 只, 世","-1.3966, -2.0344, -2.6702"
387,世 怎么 会 有 这样 不 要 脸 我 明明 做 的 是 长久 的 没到 一 [MASK]  就 回复 了 原样 他们 还 说 你 自己 头发 不 好 真 不 要 脸,个,步,-1.2351666688919067,"步, 点, 分","-1.2352, -1.2718, -2.8430"
388,有 时候 不 是 不 信任 只 是 因为 比 别人 更 在乎 更 怕 失去 我们 总 在 寻找 一 [MASK]  的 瞬间 以及 那 瞬间 后面 的 人 再 累 再 苦 再 疼 也 只 是 为了 你 能 喜欢 我 而已 现在 我 不 再 爱 你 你 不 值得,个,起,-0.1386999487876892,"起, 个, 次","-0.1387, -3.1469, -3.6848"
389,微博 给 我 安全感 啦啦 啦啦 第一 [MASK]  成绩单,次,份,-1.4257696866989136,"份, 张, 个","-1.4258, -1.5222, -1.5495"
390,雨势 今起 渐 掹申城 气温 周五 速 跌 年初一 将 达 0 [MASK] 前  出租车 一 车 难 求 叫 车难 可能 持续 至 小 年夜 上海普,节,点,-0.28967103362083435,"点, 节, 号","-0.2897, -1.6129, -4.2060"
391,吸血鬼 第三 [MASK]  好 恐怖 啊 呼呼,季,季,-0.5309208631515503,"季, 章, 集","-0.5309, -1.8360, -1.9662"
392,用 手机 看 了 一早 上 电影 才 用完 500 M 流量 还 有 1G 要 加油 于是 说 这 [MASK] 在 月结 前 不 用完 流量 就 会 觉得 亏 了 的  是 怎么回事,种,样,-1.0646854639053345,"样, 种, 个","-1.0647, -1.1113, -1.5300"
393,", 我 把 最 好 的 一 [MASK]  惹 生气 了 我 错 了 我 真的 错 了 。",个,次,-1.519787073135376,"次, 面, 个","-1.5198, -2.2854, -2.3231"
394,最后 我 买 了 两 [MASK] 丑  !,瓶,个,-0.4833700954914093,"个, 张, 只","-0.4834, -2.1292, -2.3623"
395,"你 知道 自己 从来 不 幼稚 , 只是 有 那么 点 不 理智 , 豁然 后 看到 原来 的 自己 , 还 是 比较 喜欢 那 [MASK]  。",个,样,-1.257101058959961,"样, 种, 些","-1.2571, -1.5380, -1.5726"
396,"八点半 吃 的 早餐 , 现在 九点半 就 肚子 饿 了 , 还 有 两 [MASK]  怎么 过 ?",个,餐,-0.27315986156463623,"餐, 点, 个","-0.2732, -1.8288, -3.7313"
397,"人生 真 他妈 是 一 [MASK] 华美 的  , 里面 爬满 了 虱子 。",袭,个,-1.0268421173095703,"个, 样, 片","-1.0268, -2.2282, -2.2873"
398,"泥马 啊 , 窝 一 [MASK]  睡觉 , 睡 死得 了 蛋疼 的 一 比 , 既然 都 说 老娘 是 废物 了 还 干 毛 絮絮叨叨 的 !",肚子,起,-0.910038411617279,"起, 下, 个","-0.9100, -2.2654, -2.2913"
399,我 在 這裡万 科 运河东 1 [MASK] 一 期  了 。,号,号,-0.31950846314430237,"号, 栋, 楼","-0.3195, -2.3926, -3.2108"
400,照 [MASK] 像 还 这么 小  !,个,头,-0.5451391935348511,"头, 片, 个","-0.5451, -1.3085, -3.0014"
401,你 是 第二 [MASK] 在 我 面前 掉 眼泪 的 ,个,次,-0.14134058356285095,"次, 个, 位","-0.1413, -2.1564, -5.3762"
402,要 不 要 去 看 [MASK]  呢 。,个,下,-0.18011309206485748,"下, 个, 点","-0.1801, -3.0635, -3.2779"
403,"一 大 [MASK] 的 短信  , 电话 一大早 被 打爆 !",堆,堆,-0.34057876467704773,"堆, 波, 串","-0.3406, -2.8458, -3.0183"
404,送给 一 [MASK] ,对,个,-1.264726161956787,"个, 家, 下","-1.2647, -2.2654, -2.2902"
405,我 家 三 [MASK] ,朵,家,-1.1184310913085938,"家, 班, 位","-1.1184, -3.3767, -3.6014"
406,有 [MASK]  空虚 的 美眉 介绍 给 你,个,个,-0.8422533273696899,"个, 些, 把","-0.8423, -1.5112, -2.0649"
407,"一 [MASK]  和 男孩 相亲 , 女孩 见 男孩 高高大大 , 心 中 大喜 , 就 问 男孩 你 有 几 米 高 啊 ?",个,次,-0.06276974827051163,"次, 个, 回","-0.0628, -3.9150, -4.9286"
408,下 [MASK] 再 也 不  了 。,次,次,-0.02157435193657875,"次, 班, 场","-0.0216, -5.1803, -5.5932"
409,刚刚 所 发生 的 就 当是 生命 老人 给 我 开 的 一 [MASK] 小小 的  。,个,个,-0.5480403304100037,"个, 瓶, 间","-0.5480, -2.0101, -3.5069"
410,想 找到 一 [MASK] 愿意 陪 我 戴上 属于 我们 的 爱 的  。,个,个,-0.08687767386436462,"个, 位, 份","-0.0869, -2.6950, -6.0188"
411,"58 [MASK]  , 满意 久久 !",团,分,-0.050912726670503616,"分, 次, 楼","-0.0509, -4.1662, -4.7771"
412,"铁甲 钢 拳 感觉 很 棒 啊 , 不过 让 我 最 在意 的 还 是 那 萌萌 的 小 男 猪脚 , 各 [MASK]  让 身为 正太控 的 我 彻底 喷鼻血",种,种,-0.053350526839494705,"种, 个, 位","-0.0534, -3.2305, -5.3532"
413,嗯 找 [MASK] 罗  全 这样 的 也 就 算是 天赐 良缘 啦 !,个,个,-0.11518272757530212,"个, 些, 回","-0.1152, -3.8352, -3.9465"
414,"杭州 试 推  期末 免考制 , 游园会 代替 期末考 今年 , 杭州市 10 多 [MASK] 小学 推出 期末 免考制 , 代之以 游园会 。",所,所,-0.22611857950687408,"所, 次, 个","-0.2261, -2.2065, -3.8158"
415,"老家 凌晨 5 点 起床 去 挨家挨户 给 长辈 拜年 的 习俗 真 受 不 了 , 我 2 点 多 才 睡 啊 , 才 睡 2 [MASK]  啊 。",个,点,-0.03501695394515991,"点, 个, 次","-0.0350, -4.3858, -4.9982"
416,"过年 了 , 领导 送一 [MASK]  , 说 放 在 办公室 里 避邪 的",颗,个,-1.2793407440185547,"个, 盒, 块","-1.2793, -1.8667, -2.8140"
417,谁 给 我 [MASK] ,个,家,-1.9864897727966309,"家, 个, 道","-1.9865, -3.1374, -3.2572"
418,"每 晚 你 会 通过 手机 给 几 [MASK]  说 晚安 , 清晨 醒来 你 希望 看到 谁 又 或者 说 希望 谁 正 温柔 地 充满 爱意 地 看 着 你",个,个,-0.25011777877807617,"个, 位, 句","-0.2501, -2.2236, -3.6539"
419,找到 了 可以 学 一 [MASK] 的 新歌  怕 水,下,下,-1.2275456190109253,"下, 点, 些","-1.2275, -1.4675, -1.6784"
420,收藏 了 读心 人 第 2 [MASK] 视频  分享,季,集,-0.5602028369903564,"集, 季, 个","-0.5602, -1.2857, -3.2568"
421,中午 和 同事 吃 饭时 照例 海阔天空 一 [MASK]  。,番,样,-0.9141422510147095,"样, 下, 片","-0.9141, -2.2529, -2.2652"
422,"我 的 朋友 通过 我 跟 我 的 朋友 认识 了 , 然后 现在 两 [MASK]  关系 比 跟 我 还 好 。",个,个,-0.19871899485588074,"个, 家, 位","-0.1987, -2.1918, -3.8010"
423,"下午 跟 姐姐 视频 之后 姐姐们 就 禁 不 住 思乡 情切 马上 开车 回来 , 杭州 回来 1 [MASK]  40 分钟 就 到 了 。",个,个,-1.0775175094604492,"个, 点, 路","-1.0775, -1.1758, -2.4157"
424,瞳孔 深红色 于是 世界 沉入 黄昏 头发 银白色 接着 天地 升起 黎明 无数 [MASK]  离开 无尽 的 大雪 回来 我 知道 你 站 在 我 背 后 安静 的 站 在 背后 点燃 了 一 整个 重 楼 。,只,次,-0.20236174762248993,"次, 个, 路","-0.2024, -2.4063, -4.3879"
425,而且 一 [MASK] 把 的  。,把,把,-0.01730075106024742,"把, 手, 个","-0.0173, -5.4137, -5.8202"
426,"Travel toolkit 里 的 耳塞 派上 用场 了 , 头一 [MASK]  睡 得 安稳 , 新年 新 气象 !",遭,次,-0.21688567101955414,"次, 回, 个","-0.2169, -2.0438, -3.8379"
427,苹果 书店 三 天 卖 了 35 万 [MASK] 电子  啦 !,册,本,-1.5727548599243164,"本, 个, 台","-1.5728, -1.6712, -1.8268"
428,"有 人 说 有 话 直 说 , 不 要 憋着 , 才 是 兄弟 太 幼稚 了 无话不说 的 兄弟 是 小时候 所谓 兄弟 殊 不 知 一 [MASK] 成熟 的  对 朋友 该 拿捏 的 是 什么",个,个,-0.020765746012330055,"个, 位, 名","-0.0208, -4.9407, -5.5234"
429,昨晚 睡觉 冷得 半死 某 人 11 点 多 下班 回来 往 被窝 里 伸进 一 [MASK]  然后 我 就 暖乎乎 地 一 觉 睡 到 天亮 谢 啦 !,个,把,-0.45946574211120605,"把, 根, 个","-0.4595, -2.1143, -3.2791"
430,"要 找 一 [MASK] 自己 喜欢 又 喜欢 自己 的  在一起 , 又 有 美好 结局 , 实在 太 难 , 叫人 不 敢 期待 。",个,个,-0.04875336214900017,"个, 对, 位","-0.0488, -3.7415, -5.2843"
431,我 应该 感到 很 幸福 才 对 有 [MASK]  知道 我 没 车 回去 二话不说 就 来 接 我,个,个,-0.8221865296363831,"个, 些, 位","-0.8222, -1.9327, -2.4666"
432,"大年初四 , 财神 兵 分 五 [MASK] 正向 你 家 进发东路  , 西路 聚财 , 南路 敛财 , 西路 纳 财 , 中路 发财 。",路,路,-0.0030377106741070747,"路, 道, 行","-0.0030, -6.2202, -7.8205"
433,"孤单 只 表示 身边 没有 别人 , 但 寂寞 是 一 [MASK] 你 无法 将 感受 跟 别人 沟通 或 分享 的 心理  。",种,种,-0.013588182628154755,"种, 个, 些","-0.0136, -4.4559, -7.5977"
434,"刚才 一 [MASK]  停 在 拐角 角落 , 问题 是 它 对面 也 停 了 车 。",辆,辆,-0.5651318430900574,"辆, 个, 家","-0.5651, -2.1493, -2.2580"
435,唉哟 的 那 [MASK]  呀 1327649022477,个,个,-0.5334393382072449,"个, 些, 种","-0.5334, -2.5748, -3.0882"
436,发 了 两 [MASK]  居然 有 这个 介货 不 是 种 在 路边 美化 环境 的么 谁 能 告诉 我 这 到底 怎么 吃 啊,箱,次,-1.9072190523147583,"次, 个, 条","-1.9072, -1.9435, -2.0026"
437,你 看 你 那 [MASK] ,个,家,-2.0972437858581543,"家, 个, 等","-2.0972, -2.5667, -3.5144"
438,"Hardpack 情 義兩 難全 之 玩爆 你 個腎 第 8 [MASK] 台灣  KB 東區 兜個圈 撻嘢 嚇親 范曉萱 萬眾 期待 台灣篇 , 爆 范曉萱 真 係堅 , KB 撻完嘢 走先 , 留 低 萱萱 一 頭煙 , 究竟 KB 去 咗邊 大家 一齊去 睇片 !",回,集,-0.26345205307006836,"集, 章, 回","-0.2635, -2.7003, -3.0451"
439,现在 都 不 演 这 [MASK]  的 角色 了 !,种,样,-0.01695246808230877,"样, 类, 种","-0.0170, -4.8736, -5.7406"
440,"亲爱 勒雪 , 虽然 你 清早 八 晨 一 [MASK]  打扰 了 我 美 梦 , 但是 我 和婷 还是 最 爱 你勒 !",通,点,-0.21772876381874084,"点, 次, 个","-0.2177, -3.5592, -3.6554"
441,"祝贺 祝贺 马大帅 同学 顺利 通过 第一 关 , 撒 花 撒 花 zeng [MASK]  棒 也 预祝 接 下来 得 两 关 顺利 通过 噢 。",棒,棒,-0.000972385925706476,"棒, 发, 手","-0.0010, -8.0521, -9.0028"
442,佩佩 就 是 TM [MASK]  。,个,头,-2.392594814300537,"头, 口, 朵","-2.3926, -2.9231, -3.1172"
443,再 和 大家 分享 一 [MASK] 外国  的 cos 道具 服装 和 强大 的 后期 想 知道 更 多 外国 cos 推荐 关注 的 微博 喜欢 的 就 转 走 吧 原文 地址,组,下,-0.27207913994789124,"下, 些, 个","-0.2721, -2.0086, -3.4550"
444,每 [MASK]  都 不 忘 让 噩梦 吓醒 记 我 记得 那么 清,个,次,-0.03663128986954689,"次, 回, 个","-0.0366, -4.3479, -4.7160"
445,"初三 今天 出发 顺德 早起 , 泡 [MASK]  再 更 衣 !",个,面,-0.5892115831375122,"面, 点, 个","-0.5892, -2.1831, -2.6711"
446,"给 自己 [MASK]  , 明天 午饭 晚饭 不 准 吃 了 , 哪儿 也 不 去 了 , 回家 反省 去 大家 找找 我 在 哪 ?",个,点,-1.5125961303710938,"点, 下, 发","-1.5126, -1.5526, -2.7282"
447,"何必 呢 , 总 会 有 那么 一 [MASK]  出现 的 不 是 吗 ?",个,次,-1.487662434577942,"次, 个, 幕","-1.4877, -1.4984, -1.7858"
448,后来 才 知道 后者 是 前者 旗下 的 另 一 [MASK]  。,个,员,-1.0384324789047241,"员, 支, 队","-1.0384, -1.7086, -2.6061"
449,"在 桂平 西山 龙华寺 看到 的  , 师父 说 这 是 第四 [MASK] 灵芝",株,次,-1.354837417602539,"次, 张, 层","-1.3548, -2.3008, -2.8409"
450,"做 一 [MASK] 坚强 的  , 坦然 面对 , 勇敢 体会 。",个,个,-0.008459005504846573,"个, 名, 颗","-0.0085, -5.7302, -6.0859"
451,还是 那 [MASK]  雪后,棵,场,-0.22498947381973267,"场, 个, 片","-0.2250, -2.9923, -3.0114"
452,"原来 感 叫 抓字虱 , 原来 感叫扮 可怜 , 原来 我 已经 学识 每 打 完 一 [MASK]  都 爆 粗",次,局,-1.8422085046768188,"局, 次, 场","-1.8422, -1.9963, -2.0516"
453,"等 遇上 盗猎者 的 时候 , 仅 有 队长 和 记者 , 面对 盗猎 者 数十 [MASK]  盗猎者 利诱 的 , 日 泰 队长 依然 毫 不 畏惧 , 最终 命丧 枪口 。",杆,名,-0.40533751249313354,"名, 个, 次","-0.4053, -1.4488, -3.2672"
454,"在 游戏 大树 中 获得 了 成就 紫色 闪电 , 成为 微博 第 18 [MASK] 获得 该 成就 的  , 你 想 和 TA 比 试 一下 吗",位,位,-0.55906742811203,"位, 个, 名","-0.5591, -1.0577, -2.8367"
455,"虽然 由于 种种 原因 不 能 回家 过年 , 但 大年 初一 在 和 最 好 的 朋友 一起 游 公园 中 度过 , 原有 的 郁卒 也 渐渐 淡化 , 感觉 也 别 有 一 [MASK]  !",番,番,-0.01965368539094925,"番, 味, 样","-0.0197, -4.2731, -6.1684"
456,"下午 , 年 前 的 最后 一 [MASK]  , 结束 以后 就 迎来 真正 的 假期 了 , 加油",次,次,-0.5625514984130859,"次, 个, 餐","-0.5626, -2.1229, -2.9015"
457,皇 马 什么 时候 能 赢 一 [MASK] ,次,个,-2.3167948722839355,"个, 场, 家","-2.3168, -2.3968, -2.6605"
458,看看 远处 不 一定 爱 你 的 那 [MASK]  早 就 等 在 那里 。,个,个,-0.2254847139120102,"个, 些, 位","-0.2255, -2.2890, -3.7480"
459,最近 人 都 跑到 哪去 了 连 [MASK]  影都 看 不 到 今天 真 是 差到 了 极点 了,个,身,-0.9117070436477661,"身, 个, 头","-0.9117, -1.2506, -2.7406"
460,"这 [MASK]  这 两 天 问 的 人 满 多 好客 茶具 大号 孟宗竹 乌金 石 茶盘 茶 具 茶 海特价 67 x 345 x8 , 价格 29800 元 , 见",件,个,-0.4577433168888092,"个, 样, 家","-0.4577, -1.8376, -2.9667"
461,我 很 喜欢 这 [MASK]  。,种,个,-0.7141017317771912,"个, 些, 家","-0.7141, -2.5305, -2.7220"
462,台上 的 十八 [MASK]  是 台下 挤出 空闲 时间 辛苦 排练 的 成果 呀 !,般,位,-1.7562487125396729,"位, 架, 班","-1.7562, -2.1574, -2.3511"
463,"下午 困死 了 , 于是 五点多 开始 睡 , 又 是 乱七八糟 一 [MASK]  。",队,样,-1.8059393167495728,"样, 片, 次","-1.8059, -2.0383, -2.8295"
464,上传 了 6 [MASK]  到 相册 向日葵怂,张,张,-0.16464152932167053,"张, 页, 个","-0.1646, -3.4491, -3.5874"
465,"推荐 给 大家 一 [MASK] 不错 的 小  红烧 肉 的 做法 , 实用 又 方便 , 真的 很 赞 哦 !",个,些,-0.9542311429977417,"些, 个, 种","-0.9542, -1.0951, -1.8117"
466,旁边 坐 着 一 [MASK] 神神 叨叨 不 讲 卫生 的 极品 ,个,个,-0.35051965713500977,"个, 群, 位","-0.3505, -2.1232, -2.5232"
467,"熬夜 , 各 种痘 , 各 [MASK]  , 我 真的 受 不 了 夜生活 了 青瓜 面膜 我 爱 你 , 快点 让 我 的 皮肤 恢复 水嫩 细 滑",种,种,-0.012891056947410107,"种, 个, 类","-0.0129, -5.6139, -6.2965"
468,"我 一直 非常 非常 非常 想要 说 一 [MASK] 非常 帅气 的  , 那 就 是 , 这 辈子 我 买 过 房子 , 也 买 过 车子 , 但是 我 买 过 最 贵 的 , 是 梦想 !",句,句,-0.5745489597320557,"句, 个, 些","-0.5745, -0.8977, -4.7091"
469,上传 了 1 [MASK]  到 相册 迦南,张,张,-0.07600609213113785,"张, 页, 个","-0.0760, -4.2456, -4.7348"
470,一 [MASK]  开 在 空无一人 的 路 上 。,个,路,-0.2745446264743805,"路, 起, 辆","-0.2745, -2.6873, -3.1962"
471,原来 每 [MASK]  都 可以 对号 入座 。,首,次,-1.0387595891952515,"次, 个, 家","-1.0388, -1.0911, -2.4331"
472,上传 了 8 [MASK]  到 相册 最 臭美 的 人 !,张,张,-0.04639671370387077,"张, 个, 页","-0.0464, -4.6450, -4.8511"
473,既然 如此 那么 好 吧 让 我 好好 睡 一 觉 吧 睡 掉 心 中 的 疑惑 睡去 那 [MASK] 力求 真相 的  也 睡去 我 那 日渐 加深 的 黑眼圈 吧 。,份,些,-0.25604012608528137,"些, 个, 种","-0.2560, -1.9095, -3.1288"
474,"做 了 梦 如下 带 着 我 去 完成 一 [MASK] 艰巨 的  , 每 人 身 上 都 背 有 功率 强大 的 电源 。",项,个,-0.5766650438308716,"个, 件, 项","-0.5767, -2.1312, -2.1660"
475,一 [MASK]  春花,组,朵,-1.3330447673797607,"朵, 枝, 束","-1.3330, -1.7553, -2.8947"
476,又 要 备战 新 一 [MASK]  。,轮,轮,-0.3526606559753418,"轮, 季, 波","-0.3527, -2.6551, -2.7791"
477,"这 [MASK]  只要 你 走 过 就 会 自动 伸长 , 然后 到 直 到 承受 不 住 自身 重量 倒下 。",排,样,-0.2554263174533844,"样, 种, 个","-0.2554, -2.6275, -3.2408"
478,"一 [MASK]  半 小时 杀光 , 闲 得 无聊 , 咱就 来 炫炫 富 吧 !",桌,个,-0.04176415130496025,"个, 次, 张","-0.0418, -5.1374, -5.4608"
479,"8 [MASK]  , 完成 !",个,点,-1.1833503246307373,"点, 楼, 分","-1.1834, -2.1061, -2.4067"
480,调 三 [MASK]  就 不 信 明天 起 不 来,个,个,-1.4209363460540771,"个, 次, 分","-1.4209, -1.9284, -2.6172"
481,"到 最后 就 我 一 [MASK]  的 , 搞 毛 啊",个,个,-0.6145557165145874,"个, 样, 家","-0.6146, -1.8216, -2.6277"
482,"我 的 飞车 成就 完成  任务 飞跃 地平线 英雄 难度 第 8 关 , 又 要 等待 下 一 [MASK] 剧情 了 。",个,个,-1.216046929359436,"个, 章, 次","-1.2160, -1.9143, -1.9189"
483,一 [MASK] 野 f 等  我 整 。,堆,堆,-1.8029975891113281,"堆, 个, 些","-1.8030, -1.8571, -2.5352"
484,"发 一 [MASK] 今天 败 得 水仙 的  , 看看 明天 会 开 了 多少",张,个,-1.2428979873657227,"个, 张, 条","-1.2429, -1.5762, -2.0195"
485,"看见 陈大可 她 我 就 想起 了 我 前 [MASK] 准  , 我 还 不 能 像 李小璐 那么 面 , 打 起来 就 不 好 了 啦 , 我 这 也 是 为 和谐 社会 做 贡献 , 祝你 早日 找到 大面 瓜 媳妇儿 。",任,辈,-0.3905363082885742,"辈, 对, 段","-0.3905, -2.9226, -3.2898"
486,"这 是 游人 曾 为 龙庆峡 拟 的 一 [MASK]  , 或许 , 它 道出 了 这 片奇山 丽水 的 底蕴 。",副,幕,-1.361289620399475,"幕, 句, 笔","-1.3613, -1.5548, -1.8194"
487,"扇面 墙 背面 塑 有 玲珑 别致 的 须弥山 , 山间 塑有 罗汉 狮象 等 , 中部 有 一 [MASK] 明代 彩塑 观音  , 头 戴 宝冠 , 肩 披 璎珞 飘带 , 胸 臂 裸露 圆润 , 一 足踏莲 , 一 足 踞起 , 双 手 抚膝 。",尊,尊,-0.06588410586118698,"尊, 座, 位","-0.0659, -3.7138, -4.7343"
488,四 期 不 看 城画然 後 好像 不 認識 了 翻 兩三頁 就 是 篇 想 假裝 不 是 廣告 的 廣告 大膽 的 配圖 一 大 [MASK]  的 文字 原來 的 小 清新 大 希望 去 哪 兒了,片,堆,-0.35719484090805054,"堆, 串, 段","-0.3572, -2.5226, -2.5519"
489,很 久 没有 坐 过 家 里 的 公车 了 去 问 朋友 结果 朋友 一 [MASK] 看 外星人 的  说道 你 还是 不 是 梅州 人好 郁闷 啊,副,脸,-0.4291709065437317,"脸, 眼, 路","-0.4292, -1.6766, -3.3997"
490,"刚刚 在 德克萨斯 扑克 游戏 中 与 同桌 PK , 以 一 [MASK] 葫芦  赢取 了 198 筹码 !",手,个,-0.7064064741134644,"个, 根, 条","-0.7064, -2.0109, -2.3411"
491,到头来 我 两 [MASK]  才 是 最 懂 我 的,个,个,-0.043578118085861206,"个, 位, 次","-0.0436, -4.7026, -5.7130"
492,珊记 话 俄 发 左 呢 [MASK]  就 有 好 多 好多 人 关注 俄 噶啦 大家 多 D 支持 啊啊 啊啊 啊啊 。,条,发,-2.2269127368927,"发, 家, 个","-2.2269, -2.3901, -2.5853"
493,这 是 一 [MASK] 大大 的  我 想 知道 答案,个,个,-0.23334096372127533,"个, 篇, 张","-0.2333, -3.2275, -3.5622"
494,"六点 准时  , 很 亢奋 , 沿海 南 下 , 第一 [MASK] 走 。",次,次,-0.49205318093299866,"次, 班, 个","-0.4921, -2.6820, -3.0635"
495,鹏哥 畅姐 喜乐 会 男生 女生 冬季 巨制 鹏哥 畅姐 喜乐 会 新 一 [MASK] 活力 星  今晚 继续 为 你 带来 我 是 K 歌王 !,波,代,-0.3254079818725586,"代, 届, 批","-0.3254, -2.1896, -3.1185"
496,"一 [MASK] 面下  , 今天 消耗 比较 大 , 比较 饿 。",碗,般,-1.3405216932296753,"般, 个, 层","-1.3405, -1.4168, -2.2278"
497,灌水 表情 灌水 表情 看到 瘦 白鸽 的 博文 一 [MASK]  的 创业 半 年 总结 有感而发 的 评论 。,位,样,-0.324519544839859,"样, 篇, 般","-0.3245, -2.2856, -2.6758"
498,"一 [MASK]  的 声音 在 屋内 回荡 , 走出 房门 依然 萦绕 耳边 。",种,般,-1.350184440612793,"般, 串, 样","-1.3502, -1.4061, -1.7961"
499,"人生 第一 [MASK]  是 长虹 A366 , 现在 用 索尼 爱立信 U100i 雅锐 Yari 。",部,台,-1.1540192365646362,"台, 次, 个","-1.1540, -1.3964, -2.6196"
500,"如果 你 系 广州 甘 我 年三十 晚 都 唔使 一 [MASK] 人 系 屋  过 , 特然 觉得 好 Lonely 今晚 好 想 同 你 去 party 啊 。",个,个,-0.03070438653230667,"个, 班, 家","-0.0307, -4.3314, -4.6795"
501,"一 睡 高 枕头 就 落枕 , 一 [MASK]  啊 白痴妹",个,个,-1.593866229057312,"个, 般, 样","-1.5939, -2.4126, -2.5986"
502,"过年 第一 [MASK]  , 期待 老豆 封",封,波,-1.5276808738708496,"波, 次, 个","-1.5277, -2.4345, -2.7158"
503,对说 四 [MASK] 新年 快乐 新 的 一 年  继续 加油,锅,声,-1.577045202255249,"声, 句, 号","-1.5770, -2.0036, -2.4400"
504,我 第一 [MASK] 自己 挑 的  曾 记得 在 王府井 买 的,双,次,-1.0714997053146362,"次, 个, 件","-1.0715, -1.3553, -3.1052"
505,"亲 , 很 棒 的 宝贝 噢 满 468 [MASK] 邮丸 美  专卖 正品 白金 至 10500",包,包,-0.0005364068201743066,"包, 行, 起","-0.0005, -8.7183, -9.3670"
506,爱 欧迪 J3 比较 适合 哪 [MASK]  的 音乐 呢 ?,种,样,-0.4284001290798187,"样, 类, 种","-0.4284, -1.8170, -2.4917"
507,"还 记得 去年 也 是 下 着 小  , 地上 积 了 薄薄 的 一 [MASK] 雪 。",层,层,-0.021023379638791084,"层, 片, 点","-0.0210, -5.2986, -5.7537"
508,不 要 等 十几 [MASK]  把 事情 闹 大 再 去 解决 。,家,点,-0.8459429144859314,"点, 个, 号","-0.8459, -2.0025, -2.6619"
509,"最 难 消化 的 4 [MASK]  1 冰激凌 会 影响 肠胃 功能 的 正常 运转 , 造成 食物 很 难 消化 , 容易 损伤 脾胃 。",类,点,-0.8049853444099426,"点, 件, 项","-0.8050, -1.5126, -2.0702"
510,"100 多 [MASK] 小  , 文字 很 美 , 很 柔软 , 淡淡 的 疼惜 和 敏感 的 心 我 所 读到 的 最 温暖 最 孤独 最 伤感 的 书 。",个,个,-0.6302130818367004,"个, 页, 本","-0.6302, -1.2327, -2.5105"
511,系 2 [MASK]  。,个,次,-2.48175048828125,"次, 位, 号","-2.4818, -2.5634, -2.6448"
512,"你 设定 的 目标 越 是 高远 , 由于  所 产生 的 动力 也 就 越 大 , 如果 你 能 承受 住 这 [MASK] 压力 , 将 激发 出 你 体内 蕴藏 的 极 大 潜能 。",种,些,-0.16875267028808594,"些, 点, 个","-0.1688, -2.6424, -3.1990"
513,"总 有 一 [MASK] 明天 就 休假 的  , 呵呵",种,个,-0.6187572479248047,"个, 些, 次","-0.6188, -1.6992, -2.8907"
514,"不管 哪 阵子 , 别 忘 了 , 总 会 有 一 [MASK] 不 嫌弃 你 的  , 陪 着 你 , 不 是 一 阵子 , 而 是 一 辈子 。",个,个,-0.09299765527248383,"个, 些, 位","-0.0930, -3.1541, -3.9742"
515,"什么 言语 都 没有 , 只有 晚安 两 [MASK]  , 意味 深长 。",个,句,-0.03157760575413704,"句, 声, 个","-0.0316, -4.0702, -5.2382"
516,昨晚 居然 遇到 一 [MASK] 这  的 乞丐 买 吃 的 给 他 居然 不 要 强滴,个,个,-0.11638724058866501,"个, 位, 条","-0.1164, -3.8222, -4.6550"
517,一 农妇 初 [MASK]  !,次,次,-1.9270950555801392,"次, 身, 发","-1.9271, -2.5971, -3.0097"
518,"经过 一 天 的 折腾 终于 回到 家 吃 了 两 大 [MASK]  外加 米饭 , 我 的 大肚腩 好像 又 略微 的 鼓 起来 了 哦 。",碗,碗,-0.6808614134788513,"碗, 块, 锅","-0.6809, -1.9269, -2.5864"
519,上传 了 2 [MASK]  到 相册 LOVE,张,张,-0.046651046723127365,"张, 页, 个","-0.0467, -4.4465, -5.4311"
520,居然 还 混 了 [MASK] 座儿 ,个,个,-1.5351066589355469,"个, 首, 排","-1.5351, -1.9024, -2.2783"
521,"每 [MASK]  看 夜空 , 终于 发现 , 最美 还是 从前 。",次,次,-0.036624860018491745,"次, 回, 眼","-0.0366, -3.7583, -6.0664"
522,"主持 一 [MASK]  , 劳心 劳力 胼手胝足 , 讲 的 是 毅力 非 手腕 。",个,位,-1.2681691646575928,"位, 个, 句","-1.2682, -2.4994, -3.1444"
523,山珍 海味 比 不 起 家裏 的 一 [MASK]  啊 。,席,餐,-1.1343828439712524,"餐, 些, 家","-1.1344, -2.0002, -2.3276"
524,"又 在 抽屉 里 发现 了 这个 , 还 有 一 [MASK] 民国 时期 的  。",枚,个,-0.41011834144592285,"个, 些, 本","-0.4101, -2.8840, -3.0725"
525,准备 年货 过 年 招待 亲友 四 [MASK]  千万 别 买 霉变 坚果 有 致癌 危险 炒焦 的 坚果 可 致癌 美容 的 坚果损 健康 口味 太重 的 坚果 易 变质 。,种,种,-1.0160906314849854,"种, 件, 类","-1.0161, -1.6633, -2.2162"
526,"不 是 我 心眼 小 , 只是 我 心 太 小 , 只 能 装下 一 [MASK]  。",个,个,-1.1198742389678955,"个, 颗, 些","-1.1199, -1.6811, -2.8692"
527,能 置 办好 一 [MASK]  是 种 本事 !,桌,点,-1.123687744140625,"点, 些, 下","-1.1237, -2.1157, -2.1602"
528,若曦 对 十 爷挺 残忍 [MASK]  还行 看 着 嘲笑偶 吧 。,步,点,-1.7557344436645508,"点, 滴, 些","-1.7557, -2.2436, -2.3436"
529,姓 胡 的 你 [MASK]  你 他 妈 的 居然 有 外遇 !,个,家,-2.3134348392486572,"家, 把, 对","-2.3134, -2.3793, -2.3832"
530,", 我 投给 了 佟丽娅 这 1 [MASK]  。",个,点,-1.6256639957427979,"点, 分, 只","-1.6257, -2.3723, -2.5052"
531,"国内 的 摇滚圈 , 画面 感 很 强 的 , 中国  这么 多 年 , 需要 一 [MASK] 本质 摇滚 的 人 来 关注 。",个,个,-0.5389233827590942,"个, 些, 批","-0.5389, -1.6252, -2.3802"
532,不 能 承受 生命 之 轻 我们 身边 有 三 [MASK]  朋友 敌人 非 敌 非 友 的 人 。,种,个,-0.25711095333099365,"个, 种, 位","-0.2571, -1.9129, -3.3842"
533,"现 已 有 5 [MASK]  , 连 我 才 凑 够 满额 。",名,位,-1.6871378421783447,"位, 名, 个","-1.6871, -2.0347, -2.1189"
534,"我 在 龙年 送 大礼 , Ipad 送 你 大 转盘 活动 中 抽 中 二 [MASK]  镭拓 腕托 鼠标垫 地址",等,张,-1.9676097631454468,"张, 件, 枚","-1.9676, -2.2513, -2.4400"
535,嘿嘿 寒假 要 狂 体 电影 今 [MASK]  陪 我 挑战 恐怖片,次,次,-1.3867835998535156,"次, 起, 世","-1.3868, -2.1867, -2.4229"
536,"一 [MASK]  非要 给 我 介绍 男朋友 , 我 说 必须 符合 我 的 要求 才 能 去 见面 , 不 能 随随便便 就 去 见 !",个,次,-0.12332417070865631,"次, 个, 般","-0.1233, -3.2380, -3.8970"
537,"现在 的 利物浦 一 [MASK] 牛逼  , 神锋卡罗尔 大师 亨德森 飞翼 马克西 铁 卫 约翰逊",堆,样,-0.42249584197998047,"样, 身, 个","-0.4225, -2.6779, -2.9804"
538,"我 参与 了 发起 的 投票 每 年 春节 前 你 都 会 做 什么 准备 , 我 投给 了 打扫 房间 , 清 杂物 这 5 [MASK]  。",个,项,-0.7225754857063293,"项, 类, 个","-0.7226, -2.0244, -2.4860"
539,第三 [MASK]  。,次,章,-1.0413488149642944,"章, 次, 场","-1.0413, -2.4660, -3.1953"
540,"这 [MASK]  的 天气 真 不 想 出去 啊 刚 考完 试 也 不 急着 看书 无聊 地 在 床 上 打滚 , 余光 刚好 扫 过 的 3 DS 不 不 行 不 行 不 行 !",种,样,-0.0021451457869261503,"样, 种, 般","-0.0021, -6.7711, -8.3597"
541,"脑子 真 疼 初 七 [MASK] 小  , 回家 歹饺子 哈哈",管,点,-2.244994878768921,"点, 发, 个","-2.2450, -2.2860, -2.6237"
542,"打扮 得 如此 粉嫩 斯文 , 却 在 如厕 后 展示 了 你 颠覆性 的 一 [MASK]  冲厕 所 !",面,手,-1.6721669435501099,"手, 对, 下","-1.6722, -2.0658, -2.7452"
543,"工作 动态 在 新春 佳节 合家 团聚 之际 , 华山 东路 派出所 也 以 传统 方式 欢度 佳节 全 [MASK]  自 除夕 至 年初一 , 全天候 坚守 在 辖区 圆通 寺 圆通山 , 为 群众 平安 进香 快乐 出游 排忧 解难 保驾 护航 。",所,员,-1.3824440240859985,"员, 局, 所","-1.3824, -2.0088, -2.1613"
544,"好不容易 睡 [MASK]  , 还是 自己 逼 自己 的 , 本来 六点半 就 醒了",个,下,-0.2746736407279968,"下, 起, 头","-0.2747, -1.9346, -4.3084"
545,"她 嫌 男友 当 着 朋友 没有 给 留 面子 , 便 拿起 一 [MASK]  , 用 打火机 点燃 。",瓶,杯,-2.070695638656616,"杯, 瓶, 个","-2.0707, -2.1544, -2.2134"
546,那 一 [MASK] 会 笑 的  她 是 不 是 死 了 。,个,个,-0.8079046010971069,"个, 只, 张","-0.8079, -1.7089, -2.9384"
547,在 存完 压岁 钱 回家 之后 我 偷偷 的 喝 了 一 [MASK]  感觉 头 有 点晕 啊啊 啊 不 会 吧 我 不 会 这么 弱 吧,杯,口,-0.5964191555976868,"口, 杯, 下","-0.5964, -1.9257, -2.0370"
548,发表 了 一 [MASK] 转载  转载 单车 万 里 藏 地 行摄 抵达 拉萨,篇,篇,-0.6548464298248291,"篇, 些, 次","-0.6548, -2.0662, -2.6221"
549,"龙年 第一 [MASK]  , 希望 今天 高速 堵车 !",个,个,-1.4290423393249512,"个, 次, 步","-1.4290, -1.9636, -2.1644"
550,"第一 站 是  博物馆 , 广西 有 12 [MASK] 少数 民族 , 这里 展出 了 各 少数 民族 的 衣 食 住行 文化 。",个,个,-0.05238592252135277,"个, 种, 位","-0.0524, -3.6526, -4.6014"
551,我们 这 [MASK] 玩 了 10 几 年 的  都 渐渐 迈入 三十 的 队伍 了 。,波,些,-0.25719141960144043,"些, 个, 种","-0.2572, -2.1625, -3.6028"
552,可以 睡 到 现在 真 是 一 [MASK] ,种,个,-1.790586233139038,"个, 次, 般","-1.7906, -2.2791, -2.7341"
553,但 几十 [MASK]  经过 努力 还是 全部 运 到位 。,根,个,-1.556401014328003,"个, 次, 辆","-1.5564, -2.4126, -2.6157"
554,"有些 事 只 能 自己 去 度过 , 这 世界 上 根本 没有 一 [MASK]  叫 感同身受 。",种,种,-0.8418511152267456,"种, 个, 件","-0.8419, -1.4865, -2.2561"
555,"都 他丫 的 这个 时间 段 了 , 还 TMD 的 放 十万 响 的 那 [MASK]  。",种,种,-0.4409492611885071,"种, 个, 些","-0.4409, -1.6668, -2.9900"
556,无奈 被 [MASK] 小  给 喝 倒 了,个,发,-1.689599871635437,"发, 张, 家","-1.6896, -1.9558, -2.6015"
557,只 想 问 一 [MASK]  可 安好 ?,句,句,-0.7286856174468994,"句, 声, 下","-0.7287, -0.9897, -2.5330"
558,"年终 奖 什么 时候 才 能 到手 啊 , 缺 钱 , 缺 钱 , 银行 里 还 有 一 大 [MASK]  等 着 还 那",堆,堆,-0.5002179741859436,"堆, 笔, 把","-0.5002, -1.1459, -4.0101"
559,"于是 我 接着 说 : “ 我们 本来 的 地球 是 在 一个 宇宙 里 , ‘ 克丽丝汀 号 ’ 到 达 了 那个 宇宙 的 边缘 , 也 就 是 那 [MASK] 黑色 的 带状  。",条,条,-0.7945283651351929,"条, 个, 种","-0.7945, -0.9516, -2.7878"
560,印度 要求 5 [MASK] 外国  离开 克什米尔,名,名,-0.6303739547729492,"名, 个, 家","-0.6304, -0.8700, -4.4129"
561,"上 周 925 播放 了 品冠 的 后来 的 我们 , 今天 是 起床 , 这 [MASK]  很 小 , 而 对 我 有 特殊 意义 的 起床 很少 有 人 知道 。",种,个,-0.7884748578071594,"个, 次, 些","-0.7885, -2.0373, -2.2295"
562,"记录 一下 , 第一 [MASK] 工作  , 颜 。",个,份,-0.21535810828208923,"份, 次, 个","-0.2154, -2.2208, -3.2468"
563,斗 [MASK]  我 容易 吗 ?,个,对,-0.7818317413330078,"对, 下, 个","-0.7818, -1.4288, -2.7706"
564,"看到 董卿 报幕 说 , 接下来 为 大家 带来 一 [MASK] 充满 激情 的  。",段,个,-1.1814727783203125,"个, 场, 些","-1.1815, -1.6118, -2.4876"
565,"失眠 了 , 昨天 的 一 [MASK]  , 让 我 倍感 压力 之 大 。",席,点,-2.218003034591675,"点, 幕, 次","-2.2180, -2.5135, -2.7742"
566,"新 中国 成立 , 1949 年 9 月 27 日 , 在 中国 人民 政治 协商  第一 [MASK] 全体 会议 上 , 通过 使用 世界 上 通用 的 公历 纪元 , 把 公历 的 元月 一日 定为 元旦 , 俗称 阳历年 。",届,届,-0.06984719634056091,"届, 次, 回","-0.0698, -2.7002, -9.7470"
567,董卿 第三 [MASK]  了,套,次,-1.0422497987747192,"次, 任, 代","-1.0422, -2.3409, -2.6893"
568,再 推荐 一 [MASK] 独立 乐队  。,个,些,-0.5631439089775085,"些, 个, 支","-0.5631, -1.5179, -2.4712"
569,皇冠 信誉 健维士 水 夫人 润年 大豆 异 黄酮 同时 补钙 送 30 [MASK]  胎素 6000,粒,环,-1.4613620042800903,"环, 排, 级","-1.4614, -2.4429, -2.5205"
570,"有 好些 同学 , 真的 要 想 一 [MASK] 才  对 上号 , 惭愧 啊 。",阵,下,-0.14504319429397583,"下, 些, 点","-0.1450, -3.5910, -3.7533"
571,"跟 我 说 这 [MASK]  的 人 , 你 还 记得 吗 ?",句,样,-0.20057979226112366,"样, 些, 句","-0.2006, -2.3506, -3.0592"
572,"坐 班车 时 碰见 一 [MASK]  , 结果 更 一 衣 时 边上 一 人 问 我 你 是 倪老师 吗 我 是 向东 的 学生 。",批,位,-0.965165913105011,"位, 个, 对","-0.9652, -1.3164, -3.2504"
573,"下午 加 了 点 奶粉 , 夜 里 睡 半 小时 就 醒 , 还 常 放屁 , 哭闹 要 竖 抱 , 应该 是 消化不良 , 刚 喂 了 半 [MASK] 妈咪  。",包,个,-0.41933614015579224,"个, 只, 瓶","-0.4193, -2.0468, -2.7916"
574,"传闻 梁洛施 对 李泽楷 下降 头 , 两 [MASK]  分别 擦在 嘴唇 和 舌头 上 。",瓶,手,-0.18335910141468048,"手, 次, 头","-0.1834, -2.9377, -3.2091"
575,粉藍色 Powder blue Vaaleansinisi auml Ljusbl aring 粉藍色 是 一 種淡淡 的 素淨 的 顔色給人 一 種憂郁 的 清新 的 感覺 粉藍讓人 感到 心平氣 和 粉藍讓 人 想到 幾近 透明 的 天空 有 一 [MASK]  的 雲遮擋,片,片,-0.342821329832077,"片, 般, 圈","-0.3428, -2.8478, -3.0666"
576,"今日 虽然 被 M P 喷 了 一 [MASK]  , 但 也 算是 有所 突破 了 , 虽然 只 是 一 小 步 。",脸,下,-1.68795907497406,"下, 口, 波","-1.6880, -1.8201, -2.5934"
577,"没有 吃 晚饭 , 喝 了 两 [MASK]  。",次,杯,-0.7548229694366455,"杯, 碗, 瓶","-0.7548, -1.5570, -2.2773"
578,一 [MASK]  放 在 心 里 琢磨 。,个,般,-1.1007184982299805,"般, 样, 个","-1.1007, -2.1894, -2.2225"
579,"我删 了 那 [MASK]  , 不 代表 事情 不 存在 了 !",条,些,-0.8015245795249939,"些, 个, 篇","-0.8015, -1.5595, -2.3727"
580,"看 两 [MASK]  , 我 立刻 觉得 我 又 活 过来 了 。",集,眼,-0.4483220875263214,"眼, 遍, 张","-0.4483, -1.5988, -3.1385"
581,姨妈 家 里 的 几 [MASK] 呆  。,条,个,-0.4374889135360718,"个, 张, 只","-0.4375, -2.5580, -3.2032"
582,你 我 只有 一 [MASK] 联络 的  !,种,个,-0.5547754764556885,"个, 条, 次","-0.5548, -2.4477, -2.7285"
583,"早安 面对 阳光 , 忽 的 一 [MASK] ,  公司 , 想 着 不 要 迟到 啊 结果 真 没 迟到 !",声,下,-1.0550305843353271,"下, 声, 个","-1.0550, -2.2983, -2.4631"
584,"当 你 想起 这 [MASK]  不 再 烦恼 或 有 太 多 想法 时 你 就 真的 放下 了 , 开心 开心",件,些,-0.6755229830741882,"些, 个, 样","-0.6755, -1.6048, -2.0415"
585,回来 记得 来 [MASK] 信息 电话  !,个,个,-0.09066882729530334,"个, 回, 点","-0.0907, -3.9315, -4.0573"
586,"好听 又 好看 的 曲儿 清早 一 听 , 嗨 皮 一 天 自然 卷 坐 在 巷口 的 那 [MASK] ",对,个,-0.8231125473976135,"个, 些, 种","-0.8231, -2.6498, -2.8911"
587,"要 回家 了 , 静静 说 一起 吃 [MASK]  , 是 不 是 要 给 她 说 彭 和 露露 的 事情 , 我 在 纠结 , 是 不 是 该 有 自己 的 小 秘密 ?",个,餐,-0.5594124794006348,"餐, 面, 点","-0.5594, -1.4940, -2.1197"
588,曩谟 三 满 哆母驮喃阿钵啰 底贺 多 舍娑 曩喃怛侄 他 唵佉佉佉呬 佉呬吽吽 入 嚩啰 入 嚩啰钵 啰入 嚩啰钵 啰入 嚩啰 底瑟姹底瑟姹瑟 致哩 瑟致哩 娑癹吒 娑癹吒 [MASK]  哩曳娑 嚩诃,扇,起,-2.0875442028045654,"起, 则, 道","-2.0875, -2.4372, -3.1559"
589,给 大家 介绍 [MASK] 新  LA MER 海蓝 之 谜,个,下,-0.11740001291036606,"下, 个, 些","-0.1174, -2.6109, -5.1483"
590,饭店 门囗 发现 一 [MASK] ,只,家,-1.6643567085266113,"家, 张, 个","-1.6644, -1.9193, -2.2769"
591,"看 [MASK]  都 要 复制 , 搜索 , 找 youku 的 链接 , 打开 。",个,片,-1.3054051399230957,"片, 点, 帖","-1.3054, -1.5609, -2.0722"
592,这么 大 [MASK]  !,个,声,-2.060673236846924,"声, 家, 片","-2.0607, -2.4333, -2.5046"
593,岁末 了 还 窝 了 一 [MASK] ,肚子,个,-1.0437575578689575,"个, 家, 张","-1.0438, -1.9610, -2.9520"
594,"新 一 年 开始 啦 , 我 不 希望 自己 明年 还 是 这个 样子 , 我 会 努力 抓住 每 [MASK]  , 争取 早日 实现 自己 的 短期 目标 !",次,个,-0.45848697423934937,"个, 次, 点","-0.4585, -1.6177, -2.7071"
595,"在 花园 发现 到 一 [MASK] 走动 的  在 草地 上 兜圈圈 , 传说 中 的 晨 运",个,个,-1.1621602773666382,"个, 群, 些","-1.1622, -1.1700, -1.6606"
596,仲要 一 [MASK] 假  为 你 好 !,口,个,-0.4734586477279663,"个, 点, 场","-0.4735, -2.5870, -2.9380"
597,再 丑 也 是 一 [MASK] 青春 无敌 的  !,副,样,-0.4332072138786316,"样, 个, 种","-0.4332, -2.0612, -3.0458"
598,"我 竟然 做 了 生命套 , 而且 还 弄 了 [MASK] 骑士  。",个,个,-0.08050372451543808,"个, 名, 只","-0.0805, -4.9470, -4.9551"
599,真 系 太 多 謝超哥 送 我 噶 12 [MASK]  一 燒宜家 食剩 4 包咯 哈哈 !,包,包,-0.12365536391735077,"包, 串, 手","-0.1237, -4.4490, -4.5052"
600,"初一 凌晨 一 [MASK]  不 回家 , 聚众 打麻 将 要 通宵 啊 , 好 尴尬",伙,点,-0.06864538788795471,"点, 个, 班","-0.0686, -4.3379, -4.6274"
601,大 清早 的 一 出 小 区 门口 就 看到 一 [MASK]  这 算 RP 嘛,具,个,-1.238745093345642,"个, 家, 条","-1.2387, -1.4822, -2.3510"
602,"我 只 能 像 [MASK]  一样 瑟瑟 度过 冬天 , 盼望 春天 的 到来 , 春天 来 不 了 , 就 只 能 盼望 尽早 回 广州 了 。",个,家,-0.6428474187850952,"家, 样, 手","-0.6428, -2.9962, -3.1431"
603,boss 30 哪 [MASK]  脱口而出 百度 一下 。,个,位,-0.9984009265899658,"位, 个, 些","-0.9984, -1.2121, -3.0950"
604,"今天 老公 陪我 逛 了 整天 , 结果 买 的 都 是 他 的 东西 我 只 收获 了 一 [MASK]  , 大过 年 的 , 减肥 的 事 回 苏州 再 说 吧",餐,些,-1.0221112966537476,"些, 点, 个","-1.0221, -1.5781, -2.1689"
605,春卷 吃 [MASK] ,点,家,-1.6794596910476685,"家, 下, 道","-1.6795, -2.3037, -2.7601"
606,"距 食 [MASK]  食 得 好 狰狞 , 其实 系 米 距 食 太 多 零食 搞 到 无 胃口 食饭 , 但 家姐话 应该 五 关 事 , 系 距 失恋 , 无 胃口 了 。",粒,餐,-0.861316442489624,"餐, 粒, 家","-0.8613, -1.9467, -2.8956"
607,"好 喜欢 这 [MASK]  , 都 来 下载 吧 我 刚 通过 分享 了 搜狗 皮肤 Light year 维尼 夫妇 巧克力 爱 下载 地址",款,个,-0.2924339771270752,"个, 款, 些","-0.2924, -2.4611, -3.0902"
608,"听 妈妈 电话 听 的 我 真 要 崩溃 了 , 我 心 里 真 快 承受 不 了 了 , 这 [MASK]  , 我 快 窒息 了",种,样,-0.8398453593254089,"样, 下, 次","-0.8398, -1.0691, -2.3566"
609,"面對 強國 的 大 [MASK]  , 狗 與豬 終於 認衰 !",批,路,-1.3580962419509888,"路, 手, 面","-1.3581, -1.9803, -2.2635"
610,"亲们 , 我 家 最近 人气 关注 度 最高 宝贝 新西兰 品牌 原装 进口 Heitiki 婴幼儿 宝宝 奶粉 二 [MASK] 金装包邮  给 大家 , 有 图 有 真相",段,代,-1.1413559913635254,"代, 手, 层","-1.1414, -2.1108, -2.1634"
611,"早上 的 的士 摸样 了 , 拦 了 半 [MASK]  拦 不 到 , 好不容易 拦 到 , 快要 上 三环 , 手机 又 忘 拿 了 , 又 回去 拿 !",个,路,-0.6392993927001953,"路, 圈, 个","-0.6393, -2.1522, -2.2430"
612,我 爱 丁 先生 156 想 你 的 第三 天 那 [MASK] ,些,个,-1.0354713201522827,"个, 样, 些","-1.0355, -2.7192, -3.1437"
613,"范冰冰 这 [MASK] 经典 黑色  凸显 腰身 , 强调 了 S 形 曲线 , 值得 向 大家 推荐 。",身,身,-0.6699967980384827,"身, 款, 个","-0.6700, -1.2512, -2.6486"
614,"剑侠 世界 我 在 电信 吉祥区 葬花吟 武夷山 , 这里 是 五千万 人 的 江湖 , 萝莉御姐 任 你 挑选 , 抱 [MASK]  回家 过冬咯 !",个,团,-0.569179117679596,"团, 包, 头","-0.5692, -1.8485, -2.1679"
615,这 两 天 粉丝 每 天 一 [MASK] ,个,个,-2.2984039783477783,"个, 点, 波","-2.2984, -2.7114, -2.9731"
616,"每 [MASK]  身体 棒棒 , 感情 也 顺风 顺水 !",个,次,-0.5167295336723328,"次, 个, 班","-0.5167, -1.4776, -3.0583"
617,"可以 说 : 现在 农村 市场 的 现状 一方面 是 疲软 , 另一方面 是 有效 供给 不足 , 形成 这样 一 [MASK]  的 原因 何在 ?",种,局,-0.7742481827735901,"局, 面, 点","-0.7742, -1.3174, -3.1709"
618,签阿签阿签阿 可以 噶话 果断 签阿之前 阿里纳斯 就 话 区 想来 LA 啦 老 将 底薪区 都 话 受 如果 真 系 签佐班尼斯 慈世平 阿里纳斯 想象 下 尼 三 [MASK]  屎棍 系 埋 一齐 会 发生 咩事 分享 图片,件,个,-0.6071802377700806,"个, 条, 支","-0.6072, -2.2659, -2.4977"
619,"咿咿 是 最 下面 的 那 [MASK] 大  , 呀呀 是 上面 的 小 鸭子 。",个,个,-0.12114384770393372,"个, 颗, 块","-0.1211, -3.7021, -3.7822"
620,想起 昨晚 有 人 说 的 关于 光棍 的 一 [MASK]  顿时 觉得 无限 贴切 。,席,句,-1.008873701095581,"句, 段, 些","-1.0089, -1.3252, -1.5799"
621,"还 有 妮妮 , 还 有 那 [MASK]  的 男朋友 , 还 想 你们 呀 。",个,样,-0.23254041373729706,"样, 位, 个","-0.2325, -3.0988, -3.1428"
622,漂亮 女 老师 惨遭 凌辱 www 517 sese info 疯狂 的 石头 走着瞧 追捕 枪王 之 王 万历 首 辅 张居正 黄炎培 追踪 窃听 风云 丑 女 无敌 第二 [MASK] 狗 和  的 时间 贝多芬 病毒 民国 往事 小兵 张嘎 Hello 树 先生 岁月 神偷 牛郎 织女 善德女王 红楼 梦 风声 爱情 公寓,季,章,-1.0236115455627441,"章, 季, 集","-1.0236, -1.3496, -2.7808"
623,"需要 一 [MASK] 跟 我 一起 奋斗 的  , 一起 体验 爱情 里 的 酸甜苦辣",个,个,-1.0301804542541504,"个, 群, 起","-1.0302, -1.2552, -1.9483"
624,今晚 清网 行动 的 战利品 当时 那 [MASK]  恐惧 紧张 刺激 啊 想 起来 都 炭炭 zhun,个,种,-0.6282243728637695,"种, 个, 股","-0.6282, -1.2808, -2.9064"
625,"万 诗 言 小 妹妹 , 虽然 不 算 倾国 倾城 , 但 别有 一 [MASK]  。",番,番,-0.656005859375,"番, 份, 味","-0.6560, -2.1570, -2.6171"
626,"微 阅读 周六 下午 , 他 都 会 来 茶楼 点 一 [MASK]  , 坐 在 二 楼 靠 窗 位子 。",壶,杯,-1.241387128829956,"杯, 餐, 点","-1.2414, -1.3658, -1.4636"
627,我 真 想 一 [MASK]  砸晕 你 !,台,拳,-0.2915422022342682,"拳, 把, 下","-0.2915, -2.4751, -2.7531"
628,"大夫山 山地车 亚运 比赛 路径 够 刺激 , 下 [MASK]  继续 来 挑战 。",次,次,-0.051517508924007416,"次, 回, 面","-0.0515, -3.7787, -3.9611"
629,"想 创业 容易 , 注册 一 [MASK]  也 很 简单 , 但 要 活 下去 就 难 了 , 要 做 大 做 强 更 是 难上加难 !",个,个,-0.6613682508468628,"个, 下, 家","-0.6614, -1.7775, -2.2283"
630,我 才 买 了 一 [MASK] 多  的 新 车子 啊 !,个,个,-1.165790319442749,"个, 块, 辆","-1.1658, -1.5107, -2.0705"
631,"中 二 [MASK]  , 希望 转运 , 2012 加油 。",等,管,-1.4783145189285278,"管, 班, 棒","-1.4783, -1.8048, -2.4567"
632,若 是 可以 不 想 念 若 是 可以 在 有 那么 一 [MASK] 新 的 ,个,个,-0.3855575621128082,"个, 些, 点","-0.3856, -2.6696, -2.8915"
633,真 想来 一 [MASK]  正 的 旅游 啊 。,次,次,-0.42912933230400085,"次, 趟, 样","-0.4291, -2.0486, -3.0919"
634,我 感觉 我丫 的 离 中风 这 [MASK]  越来越 靠边 了 。,档子,个,-0.4122714102268219,"个, 块, 条","-0.4123, -2.3123, -3.5142"
635,"你 送 祝福 我 送礼 新 的 1 年 开始 , 祝 好 事 接 2 连 3 , 心情 4 [MASK]  , 生活 5 颜 6 色 7 彩 缤纷 , 偶尔 8 点 小 财 , 烦恼 9 霄 云外 , 请 接受 我 10 心 10 意 的 祝福 !",季,面,-1.4413694143295288,"面, 样, 分","-1.4414, -1.4838, -2.4370"
636,而 这 两 [MASK]  绝 不 允许 他 在 十几 岁 的 年纪 选择 爱情 。,样,个,-1.0097928047180176,"个, 次, 点","-1.0098, -1.9226, -2.2855"
637,感 薄熙 来说 廉洁 是 一 [MASK] ,种,家,-2.73854923248291,"家, 部, 分","-2.7385, -2.8977, -3.0081"
638,分享 圖片 这 [MASK] 猫  了 它 看见 什么 啦 两 眼 发 清光 了 南瓜,只,只,-0.14098592102527618,"只, 回, 下","-0.1410, -3.6339, -3.8192"
639,你 的 心 是 一 [MASK]  。,面,样,-0.7113736867904663,"样, 个, 片","-0.7114, -1.7587, -2.9421"
640,各 [MASK]  多 了 !,种,位,-0.167899951338768,"位, 种, 家","-0.1679, -2.7586, -3.8596"
641,长 这么 大 还 是 第一 [MASK] 小  没有 和 家人 在一起 过 。,次,个,-0.8685475587844849,"个, 次, 点","-0.8685, -0.8953, -2.1626"
642,第一 [MASK] 上  很 高兴,次,次,-0.9473042488098145,"次, 班, 路","-0.9473, -2.0764, -2.6004"
643,这 [MASK]  鱼 确实 好 吃 惨,家,种,-1.1018306016921997,"种, 个, 些","-1.1018, -1.5193, -1.7669"
644,"这 [MASK] 国际  的 圣诞树 , 是 我 今年 见 过 最 美 的 可惜 照片 拍 不 出 它 的 美感 , 只 能 将 就 着 看看",棵,棵,-0.8099637031555176,"棵, 个, 座","-0.8100, -1.3635, -2.0851"
645,爸爸 妈妈 今年 你 给 了 我 一 [MASK] 特别 的  !,个,个,-0.5251465439796448,"个, 份, 些","-0.5251, -1.6891, -2.1672"
646,"三 [MASK]  在 微博 , 应该 是 破 纪录 的 了 !",代,个,-1.6691231727600098,"个, 次, 点","-1.6691, -2.1660, -2.3122"
647,"这 [MASK]  的 很 无聊 啊 , 再 也 没有 儿时 对 过 年 的 期盼",节,样,-0.468227744102478,"样, 个, 家","-0.4682, -2.0639, -3.6575"
648,第二 [MASK]  !,波,回,-1.7239570617675781,"回, 季, 集","-1.7240, -1.8720, -2.3562"
649,"第一 [MASK]  这个 样子 的 , 看来 还是 南航 比 东航 硬件 给 力阿 !",次,次,-0.4305925965309143,"次, 个, 家","-0.4306, -1.5261, -4.1107"
650,"第一 [MASK] 在 异地 而且 是 实在 不 乍地 的 酒店  便 睡 , 看来 我 实在 累得 不 轻 啊 !",次,次,-0.015507939271628857,"次, 个, 顿","-0.0155, -4.9167, -6.9003"
651,"结果 还 是 只有 自己 承受 , , 原来 只 是 一 [MASK]  。",个,个,-1.1801574230194092,"个, 样, 次","-1.1802, -1.9562, -2.0326"
652,今晚 各 [MASK]  啦 !,种,位,-0.08529231697320938,"位, 个, 家","-0.0853, -4.1098, -4.4476"
653,"一 [MASK] 感人 的  谨 以 此 画 祝愿 所有 博友 父母 龙年 身体 安康 , 祝愿 天下 老 人 都 能 感受 后辈 的 关爱 , 如果 有 爱 , 就 让 爱心 表达 传递 !",幅,个,-1.8633297681808472,"个, 句, 样","-1.8633, -1.9014, -2.3638"
654,"坐 火车 真 累 , 还 有 十几 [MASK]  , 我 一定 要 完成 我 的 理想 , 然后",个,分,-0.6987959146499634,"分, 点, 步","-0.6988, -2.4145, -2.4294"
655,"不 对 称 的 美 另 [MASK] 又 特别 , 亮色 的 圆点  十足 , 轻松 跳进 视线 。",类,类,-0.005114798899739981,"类, 味, 级","-0.0051, -5.9573, -7.3491"
656,小毛 这 [MASK]  真 好看,顶,样,-1.2898988723754883,"样, 个, 脸","-1.2899, -1.5745, -2.1712"
657,只有 上 十二 [MASK]  夜班 的 人 才 知道 漫漫长夜 有 多 长,个,点,-0.6777081489562988,"点, 个, 分","-0.6777, -0.9757, -3.8143"
658,"今年 过年 影响 最 深刻 的 画面 央视 花上 千万 元 租 了 一 [MASK]  , 跟 拍 广东 农民工 为了 省 钱 骑 摩托车 返乡 的 画面 !",架,台,-0.7770113945007324,"台, 楼, 间","-0.7770, -2.3505, -2.3512"
659,"我 如果 真的 爱 一 [MASK]  , 就 会 让 她 幸福 快乐 。",个,个,-0.10161478817462921,"个, 下, 些","-0.1016, -3.6666, -4.1684"
660,顶 你 大年 初一 卑 人 一 野 灌 半 [MASK] 红酒咩  已经 好坚 了 隔离 果 d 全部 训低,瓶,杯,-0.9035351276397705,"杯, 瓶, 碗","-0.9035, -1.4437, -2.5389"
661,2011 年 全 年 CPI 的 平均 在 562010 年 全 年 在 33 也 就 是 增长 了 23 举 例 2010 年 买 一 [MASK]  要 100 元 2011 年 底 买 要 1001231023 真 不 知道 这样 算 对 不 对 了,个,个,-1.471765160560608,"个, 盒, 套","-1.4718, -2.0979, -2.1795"
662,"12 最近 身边 发生 的 人 和 事 , 不得不 让 我 重新 审视 爱情 和 婚姻 , 我 不 明白 一 [MASK] 眼 里 只有 孩子 却 把 老公 打入 冷宫 的  , 是 怎样 维持 她 的 爱情 ?",个,个,-0.023021088913083076,"个, 位, 名","-0.0230, -4.1156, -5.9144"
663,"让 trouble 都来 的 更 猛烈 些 吧 , 让 我 一 [MASK]  静静 的 戴上 耳机 , 让 我 继续 活 在 那些 幻想 中 吧 。",个,起,-0.8604522943496704,"起, 样, 个","-0.8605, -1.4589, -1.5400"
664,国安 海南 训练 过 小 年 吃 饺子 确定 无缘 签 葡超锋霸 尽管 远 在 海南 进行 冬训 国安 也 没 耽误 按 着 老礼儿 过年 专程 随队 过去 的 厨师 就 给 全队 做 了 一 [MASK] 饺子 和  让 全 队 也 好好 解 了 解馋 。,顿,个,-1.1026418209075928,"个, 顿, 盘","-1.1026, -1.6666, -2.0076"
665,那些 年 我们 一起 追 的 女孩 mv 电影 完整版 1 [MASK] 惊心  四爷 绝密 档案 康熙 来 了 的 丝 全集 2012 分享 自,步,号,-1.3715379238128662,"号, 个, 幕","-1.3715, -2.1555, -2.7251"
666,好 有 基情 的 一 [MASK]  死 了 !,幕,个,-1.2186026573181152,"个, 位, 家","-1.2186, -2.3221, -2.8028"
667,"帮 非非理 [MASK]  要 170 , 够大 熊理 一 年 的 发 了 。",个,只,-0.17987075448036194,"只, 员, 款","-0.1799, -4.2231, -4.5969"
668,"从 小 到 大 , 我 最后 悔 得 3 [MASK]  就 是 1 没有 听 父母 话 好好 学习 天天 向上 。",件,点,-0.34318435192108154,"点, 件, 条","-0.3432, -2.2518, -2.2972"
669,还 有 十五 [MASK] ,个,个,-2.306035280227661,"个, 家, 等","-2.3060, -2.4718, -2.8708"
670,"时间 真 是 一 [MASK] 好  , 比 什么 都 管用",副,点,-1.2465795278549194,"点, 个, 件","-1.2466, -1.4944, -1.6918"
671,"妹妹 吃 饺子 发现 是 肉馅 , 吃 了 一半 给 他 老公 了 , 结果  就 在 剩下 的 一半 里 每 年 都 为了 吃 那 [MASK] 钱 撑 的 要 死 , 却 每 年 都 吃 不 到 悲催",个,个,-0.5047829151153564,"个, 份, 些","-0.5048, -2.4568, -2.7716"
672,"岁月 不饶人 , 细 英 不 等 我 真的 舍 不 得 徽州 , 对于 宿舍 的 两 [MASK] 徽州  , 实在 无 以 言 谢",个,个,-0.7980617880821228,"个, 句, 幅","-0.7981, -2.1271, -2.7837"
673,"没 预料 到 这 [MASK]  需要 这么 长 时间 , 好 想 写 书法 哈哈 , 好酸 的 假 文化人 。",回,个,-1.0802876949310303,"个, 样, 次","-1.0803, -1.5829, -1.6802"
674,"我 参与 了 发起 的 投票 继威幂恋 后 , 你 希望 哪 对 荧屏 情侣 公开 恋情 , 我 投给 了 这 1 [MASK]  。",个,项,-1.6352158784866333,"项, 个, 张","-1.6352, -1.6804, -1.7515"
675,"为了 那 [MASK] 十分 可观 的  , 也 得 坚持 住 。",笔,些,-0.23737002909183502,"些, 个, 种","-0.2374, -2.1997, -3.1997"
676,从 我 出生 一 [MASK]  整整 带 到 我 三 岁 !,个,路,-1.5512925386428833,"路, 起, 点","-1.5513, -1.6970, -2.5461"
677,决定 再 养 [MASK] 袖珍 ,盆,个,-0.6966923475265503,"个, 些, 只","-0.6967, -2.1731, -2.6562"
678,"火车 订票 网站 各 [MASK]  不 上 , 好不容易 登上 了 吧 , 订单 又 提交 不 上 , 是 想 怎样 啊 , 抓 狂暴 走 中",种,种,-0.07956349849700928,"种, 个, 类","-0.0796, -3.2009, -5.3358"
679,"她 一直 希望 我 幸福 , 不管 我 行走 在 那 [MASK]  !",个,些,-0.725182056427002,"些, 样, 面","-0.7252, -1.7729, -3.2442"
680,", 我 投给 了 快要 上课 了 这 1 [MASK]  。",个,个,-1.9137252569198608,"个, 位, 项","-1.9137, -2.8290, -3.0979"
681,来 新加坡 之后 真心 的 笑 就 少 了 还 记得 小时候 总是 说 我 一 笑 眼睛 就 成 眯咪 眼 了 好 怀念 一 [MASK] 度 过 的  什么 都 不 用 想 现在 是 不 是 什么 都 不 一样 了 没 长 醒 的 男人 都 滚 一边 去 我们 不 要 !,起,起,-0.1253920942544937,"起, 路, 样","-0.1254, -2.6969, -3.6602"
682,"好评 , 这 [MASK]  最 受 好评 , 快来 看下 原装 OKI 彩粉 OKI 310033003400510096009800 化学粉 100g , 价格 4800 元 , 购买 链接 , 更 多 宝贝 请 看",款,款,-0.8517098426818848,"款, 个, 次","-0.8517, -1.3674, -2.3026"
683,原来 只有 我 自己 一 [MASK]  的 时候 会 被 人 欺负,个,个,-0.40243643522262573,"个, 点, 样","-0.4024, -2.4666, -2.7050"
684,"三 [MASK]  真 能 睡 , , ,",只,餐,-1.048280954360962,"餐, 点, 个","-1.0483, -2.1339, -2.6559"
685,"又 想到 一 [MASK]  , 年后 还 招 不 到 , 就 快 可以 招 应 届 了 , 应届 , 90 后么 。",个,下,-0.6019642949104309,"下, 句, 点","-0.6020, -1.6095, -2.2179"
686,一 [MASK]  占据 了 所有 信任 。,个,个,-1.618370532989502,"个, 次, 张","-1.6184, -2.5948, -2.7390"
687,"这 是 一 [MASK] 新年 招财  , 1 分钟 内 转发 此 猫 图 , 新 的 一 年 里 将 好运 连连 , 福气 冲天 原文 地址 y2 Yfi6twU 原文 地址",只,张,-0.927230954170227,"张, 组, 幅","-0.9272, -1.3221, -1.8444"
688,"收拾 东西 , 发现 很多 小时候 穿 过 的 很 可爱 的 衣服 啊 嘻嘻 , 与其 说 是 收拾 东西 , 不如 说 是 疯狂 试 衣服 哈哈 , 新 的 旧 的 , 我 的 妈妈 的 , 有 杀错 没 放 过 啊 不 知道 变换 了 几 [MASK]  呢",种,次,-0.6030460000038147,"次, 下, 种","-0.6030, -2.5064, -2.7162"
689,"真的 很 感动 , 地理 老师 今年 最后 一 [MASK] 地理  跟 我们 玩 游戏 了 , 而且 还 发糖 好 开心",节,次,-0.07507599890232086,"次, 个, 回","-0.0751, -3.7285, -4.4303"
690,"一 [MASK]  , 买 了 年货 , 收拾 了 行李 , 整理 了 房间 , 但 还是 少 了 东西 没 买 , 明早 继续 。",个,次,-1.8160675764083862,"次, 路, 楼","-1.8161, -2.1061, -2.5108"
691,"我 想 知道 哪天 我 喝 醉 了 酒 , 一 [MASK]  又 在 大街 上 , 会 歇 撕 底 里 喊出 谁 的 名字",个,次,-1.171939730644226,"次, 下, 个","-1.1719, -1.7795, -2.2206"
692,那 [MASK]  我 真 不 DJ 。,个,个,-1.0778119564056396,"个, 次, 些","-1.0778, -1.7844, -2.1386"
693,"让 别人 讨厌 自己 , 也 是 一 [MASK]  !",门,样,-0.5490885972976685,"样, 种, 步","-0.5491, -1.0621, -4.2062"
694,"说话 的 声音 又 变 了 , 像 [MASK] ",个,样,-2.4454777240753174,"样, 道, 家","-2.4455, -2.6844, -2.8123"
695,做 [MASK] 鸡蛋 ,个,家,-1.9950950145721436,"家, 例, 起","-1.9951, -2.1780, -2.8131"
696,本来 想 通宵 的 突然 好困 睡觉 去 做 [MASK] 好  吧 dx 拜年 nono 拜年,个,个,-1.6721036434173584,"个, 点, 家","-1.6721, -1.7238, -2.8479"
697,"但 愿 每 [MASK]  都 可以 到 自己 想 去 的 地方 好好 感受 , 开心 游玩 。",个,次,-0.10975270718336105,"次, 位, 个","-0.1098, -2.8608, -3.5725"
698,谢 了 哥 几 [MASK] 等 哥们 可以 喝 的  一定 不 醉 不 归,个,个,-0.873429000377655,"个, 位, 等","-0.8734, -2.0615, -2.7838"
699,"我 不 敢 AT 你们 , 这些 话 , 就 这样 湮没 吧 , 看见 也 好 , 看 不 到 也 罢 , 这样 的 心境 , 本 就 不 该 让 你们 感觉 到 呢 我 还 会 以 各 [MASK] 笑 的  履行 我 的 承诺 我 一直 会 在 。",种,种,-0.02848741039633751,"种, 样, 类","-0.0285, -3.7959, -5.7180"
700,总理 的 一 [MASK]  胜过 任何 利好 因素,句,席,-2.0303356647491455,"席, 个, 面","-2.0303, -2.0690, -2.1753"
701,表姐们 这 [MASK] ,群,个,-1.663811206817627,"个, 家, 些","-1.6638, -2.1865, -3.3261"
702,祝福 我 的 宝贝们 学习 更 上 一 [MASK]  !,层,层,-0.16168968379497528,"层, 步, 楼","-0.1617, -2.6322, -2.7050"
703,一 [MASK]  在 我 家 牛牛 !,群,起,-1.1703873872756958,"起, 家, 个","-1.1704, -1.5129, -1.7497"
704,雨 会 的 台北 故宫 那些 宝物 都 是 俺们 家 的 多 好 台湾 服务业 真心 赞野柳旁 711 相 中 你 好 凯蒂吊饰 被 告知 需 集点 后方 能 换 购 怏怏 走开 又 被 店员 唤回 从 口袋 掏出 一 [MASK] 慷慨 赠送 很 感动 遂 晚餐 金门 高梁  也,枚,份,-1.0246803760528564,"份, 个, 张","-1.0247, -2.3712, -2.8315"
705,记忆 是 [MASK] 奇怪 的  。,个,个,-0.23943297564983368,"个, 些, 种","-0.2394, -2.5386, -3.2838"
706,所以 如果 你 发现 一 [MASK]  很 怕 失去 你 !,个,个,-0.37874844670295715,"个, 些, 点","-0.3787, -2.6040, -3.2416"
707,"补上 甜 食 苦 手 , 6 寸 都 觉得 头疼 不过 买 来 画 30 的 那 [MASK]  酱 好 好吃",瓶,个,-1.1185111999511719,"个, 种, 款","-1.1185, -1.7234, -3.1558"
708,赶 不 上 第一 [MASK]  只好 等 第二 拨人 了 !,拨,拨,-0.47805261611938477,"拨, 批, 轮","-0.4781, -3.4721, -3.4957"
709,这 一 [MASK]  日记 看 的 我 崩坏 了 编剧 你 还 能 再 扯 点么 老 K 你 怎么 就 这样 爱上 C 了 ?,集,篇,-0.15435631573200226,"篇, 段, 个","-0.1544, -3.1966, -4.0014"
710,"发表 了 博文 从 情苦 中 了 悟 无常 四十二 [MASK] 经 云 爱 欲 之  , 犹如 执炬 , 逆风 而 行 , 必 有 烧火 之 患 。",章,章,-1.1043610572814941,"章, 道, 句","-1.1044, -2.2608, -2.4660"
711,"市场 上 的 爆款 , 淘宝网 上 热卖 的 2011 新 款 女装 冬装 3926 可爱 围巾 帽 可 脱卸 抽绳 面包 加厚 长 款 棉 价格 20000 元 , 本 店 第一 [MASK]  , 降低 中间 环节 成本 , 直接 让利 给 消费者 , 非常 值得 关注 , 分享 给 大家 ,",手,款,-1.7643191814422607,"款, 手, 家","-1.7643, -1.8260, -2.0163"
712,我 想 画 一 [MASK]  把 自己 关 在 里面 。,个,个,-0.9830869436264038,"个, 幅, 张","-0.9831, -1.3993, -1.7252"
713,一 [MASK]  后 还 得 离开 还 得 离开 还 得 离开 。,个,个,-1.3405368328094482,"个, 次, 起","-1.3405, -2.5267, -3.0926"
714,"不过 我 可 有 点 好奇 , 他 是 不 是 真的 能 过来 , 这 一 人 多 深 的 水 可不 是 闹着玩 的 , 就 一 [MASK]  了 , 不过 却 警告 他 : “ 可 别 给 我 玩花样 , 我 不 会 救人 , 更 不 会 人工呼吸 ” 。",口,样,-0.8854937553405762,"样, 般, 次","-0.8855, -1.8295, -2.1928"
715,"看见 一 [MASK]  , 没 拍 到 。",尊,张,-1.43408203125,"张, 个, 些","-1.4341, -2.0041, -2.4125"
716,头发 很 长 还 没 剪 我 爱 剪 头发 随便 找 一 [MASK] 没 人 的 稍微 修 一下 ,间,个,-0.47148168087005615,"个, 家, 间","-0.4715, -2.0913, -2.8960"
717,"寻 交通  知情人 1 月 10 日 9 时 20 分许 , 东兴 中路 凯旋门 酒店 对 开 路段 发生 一 [MASK] 交通 事故 , 造成 摩托车 驾驶人 当场 死亡 。",宗,起,-0.00341401482000947,"起, 宗, 次","-0.0034, -7.1459, -7.3377"
718,"你 知 不 知道 难 做 的  和 应该 做 的 事 , 往往 是 同 一 [MASK] 事 ?",件,件,-1.5926891565322876,"件, 个, 点","-1.5927, -1.6957, -1.7006"
719,啊啊 啊 第一 瓶 要 不 要 那么 大 啊 打 了 一 [MASK] 多  才 打 了 一半 啊 肿么 办,个,个,-0.7331625819206238,"个, 瓶, 阵","-0.7332, -1.5949, -3.0784"
720,"给 朋友们 发 了 这样 一 [MASK] 祝福  , 收到 好多 压岁 钱 了 !",条,个,-0.8539016246795654,"个, 条, 封","-0.8539, -1.1710, -2.2590"
721,站 在 一 [MASK]  在 家里 。,个,起,-0.28027355670928955,"起, 个, 面","-0.2803, -2.7083, -3.1318"
722,怀念 小学 时 900 [MASK]  就 逼 你 睡觉 。,家,家,-0.5601951479911804,"家, 班, 面","-0.5602, -2.0118, -4.1119"
723,"恰巧 有 [MASK] 不 知情 的 医生  , 看到 这 情况 就 说 这 刀 还 开 的 真 久",位,个,-0.3591231107711792,"个, 位, 些","-0.3591, -1.2723, -4.4079"
724,4747 啊 同 4 [MASK]  甘 有 缘噶 48484848,双,个,-1.9448508024215698,"个, 位, 家","-1.9449, -1.9950, -3.2137"
725,"只 味好 正 , [MASK]  的 design 更正 , 深 得 我心",个,味,-0.7737257480621338,"味, 道, 下","-0.7737, -1.8406, -2.7470"
726,"6 点 了 , 一 [MASK] 晚上  。",个,个,-0.016133230179548264,"个, 般, 些","-0.0161, -4.9078, -7.2024"
727,好 厚 一 [MASK]  。,顶,点,-1.3137812614440918,"点, 层, 些","-1.3138, -1.4354, -2.4972"
728,发表 了 博文 有关 老师 的 几 [MASK]  老师 的 点评 太 精辟 了 !,则,个,-1.3201110363006592,"个, 篇, 点","-1.3201, -1.8554, -2.0217"
729,"晚上 才 睡 两 [MASK]  , 回家 不 瘦 都 难 。",个,点,-0.8710510730743408,"点, 次, 个","-0.8711, -1.8913, -1.9653"
730,"或许 都 是 一 不 小心 , 就 像 我 一 不 小心 的 病 了 , 足足 做 了 一 [MASK]  的 病人 。",个,次,-1.8359277248382568,"次, 辈, 个","-1.8359, -2.2044, -2.2262"
731,不过 增加 [MASK] 垃圾  。,个,点,-0.6416150331497192,"点, 些, 个","-0.6416, -1.1069, -3.0808"
732,今天 生日 居然 有 [MASK] 自 说 是 高中生 的  要 和 我 裸聊 !,个,个,-0.07985830307006836,"个, 位, 些","-0.0799, -2.9725, -4.3357"
733,很 高兴 能 当 一 [MASK]  啊哈,个,个,-1.553480625152588,"个, 把, 员","-1.5535, -1.6750, -2.1207"
734,"跪求 这 [MASK] 的  真 人 无 水 印版 啊 , 拜托 拜托 。",张,样,-0.6375935673713684,"样, 个, 次","-0.6376, -2.1664, -2.7438"
735,"但 永远 要 记着 有 [MASK] 前提  是 用来 加强 沟通 的 , 而 不 是 用来 制造 交流 双方 之间 的 障碍 的 。",个,些,-0.1174779087305069,"些, 个, 种","-0.1175, -2.2948, -5.7249"
736,"十几 年 来 老爸 的 第一 [MASK]  , 嗯 , 值得 纪念 。",次,次,-0.27538415789604187,"次, 篇, 张","-0.2754, -2.7633, -3.7218"
737,不 许走 给 我 跳 [MASK]  。,个,下,-1.1098235845565796,"下, 楼, 起","-1.1098, -1.1236, -2.5105"
738,"发表 了 博文 加勒比海 盗 , 看完 加勒比海 盗 4 , 总 有 一 [MASK] 意犹未尽 的  。",种,些,-0.7599554657936096,"些, 个, 点","-0.7600, -1.9028, -2.0589"
739,办公桌 上 又 多 了 一 [MASK] 如意  着 我 新 的 一 年 称心如意,盆,个,-0.7941920161247253,"个, 张, 位","-0.7942, -2.0923, -2.5087"
740,"据 英国 每 日 邮报 报道 一 [MASK]  发现 , 人们 在 睡前 玩 手机 , 频繁 发送 电子 邮件 , 会 影响 睡眠 质量 。",项,项,-0.0663834810256958,"项, 组, 家","-0.0664, -2.8943, -5.8306"
741,哦 看到 一 [MASK] 萨摩耶  的 。,匹,个,-0.9870115518569946,"个, 只, 些","-0.9870, -2.0408, -2.3176"
742,一 [MASK]  平平安安 一起 过 年 才 是 最 快乐 最 幸福 的 !,家,家,-0.18017911911010742,"家, 起, 个","-0.1802, -1.9566, -4.7729"
743,晚安 啦 各位 希望 大家 发 [MASK] 好  啦,个,发,-1.4848499298095703,"发, 声, 级","-1.4848, -1.6983, -2.4480"
744,"我 的 小 黄 它 终于 拿到 了 , 还 有 车 内 清新 [MASK]  同学 穿 拖鞋 出来 给 我 送 真的 雷住 我 了",剂,个,-1.3335256576538086,"个, 位, 张","-1.3335, -2.3341, -2.8484"
745,"多少 年 下来 又 有 几 [MASK]  没有 变化 , 当时 的 初衷 又 守住 了 多少 ?",个,次,-0.46142181754112244,"次, 个, 回","-0.4614, -2.1387, -3.5182"
746,"神探夏 洛克 , 才 看 了 30 分钟 , 就 觉得 很 好看 , 可惜 第一 季 才 三 [MASK] , 今天  追 完 了 !",集,集,-0.13855239748954773,"集, 季, 遍","-0.1386, -2.3557, -4.6006"
747,今天 输 了 2000 [MASK] ,块,家,-2.5114822387695312,"家, 发, 个","-2.5115, -2.6647, -2.7397"
748,"温家宝 历史 是 人民 书写 的 没有 一 [MASK]  拥有 特权 温家宝 我 之所以 一再 强调 改革 , 不仅 要 进行 经济 体制 改革 , 还 要 进行 政治 体制 改革 , 最 重要 的 就 是 政府 要 密切 联系 群众 , 倾听 群众 的 意见 和 呼声 。",个,个,-0.2138945311307907,"个, 位, 种","-0.2139, -2.9439, -3.5647"
749,"剑侠 世界 我 在 白虎堂 三 [MASK]  , 谁 主 红尘 , 谁 是 英雄 。",层,世,-0.14531920850276947,"世, 步, 家","-0.1453, -3.0540, -4.7588"
750,"朋友 是 [MASK]  , 人 很 单纯 很 爱 幻想 , 我 一直 觉得 她 工作 很 开心 。",个,个,-1.1929205656051636,"个, 张, 名","-1.1929, -1.8638, -3.1322"
751,昨 [MASK]  了 场 电影 金陵 十三衩 。,个,排,-1.183763861656189,"排, 下, 起","-1.1838, -1.2817, -2.8354"
752,宫锁 珠帘 只 看 过 [MASK]  的 路过,步,名,-1.8268789052963257,"名, 眼, 片","-1.8269, -2.2529, -2.3353"
753,可 根据 客户 要求 制作 各 [MASK]  的 羊毛 毡子 !,种,种,-0.3450707793235779,"种, 类, 样","-0.3451, -1.3878, -4.1783"
754,这 三 [MASK]  都 感冒 了 同病 相怜 辛苦 都 死伤 不 起 啊 新年 愿望 还 是 身体 健康 啊 有 木 有 你 也 肚子 疼 我 也 是 大过 年 的 吃 太 多 了 干净 不 干净 的 往 嘴 里 塞 你 没事 了 吧,个,个,-0.770268440246582,"个, 位, 种","-0.7703, -1.6180, -2.9739"
755,一 [MASK] 精美 的 动态 ,组,个,-0.8451574444770813,"个, 些, 组","-0.8452, -1.6951, -1.9786"
756,"你 在 的 时候 , 总 有 一 [MASK]  !",种,个,-0.6185277700424194,"个, 次, 种","-0.6185, -1.8256, -2.9005"
757,必胜客 就 是 拿 各 [MASK]  搪塞 我 人类 已经 无法 阻止 必胜客 续 杯 了,种,种,-0.21929378807544708,"种, 位, 家","-0.2193, -2.1334, -3.4863"
758,"大 聲公 的 我 的 大 聲公無 與倫 比 聲音 故事 創作 影片 , 感動 了 我 立即 參加 華碩 及 英特 爾無 與倫 比 聲音 故事 影片 分享 活動 , 分享 令 您 感動 的 影片 , 就 有 機會獲 得 配備 第二 [MASK] 英特爾  i5 處理器 N 系列 周傑 倫驚 嘆號 !",代,代,-0.0029021252412348986,"代, 版, 台","-0.0029, -7.4709, -7.4712"
759,香港 连 [MASK] 放炮 的  没有 我 好 闹 心 !,个,队,-1.3035069704055786,"队, 环, 个","-1.3035, -1.6919, -2.6692"
760,"2012 年 注定 有 大 波折 的 星座 第一 [MASK]  大 波折 感情 上 会 有些 大 波折 , 如果 处理 不 好 , 很 可能 Game Over 。",名,个,-0.8805120587348938,"个, 次, 名","-0.8805, -1.6907, -2.0763"
761,它 有 [MASK] 美丽 的  叫 紫气东来 WeicoLomo,个,个,-0.38256433606147766,"个, 种, 句","-0.3826, -1.7387, -2.8753"
762,"晚上 取暖 不 小心 把 鞋 底 烧 了 , 今早 就 看见 老爸 在 那儿 纳鞋 底 , 他 那 一 [MASK] 的  真 是 心灵 手巧 持家 顾家 , 家里 有 他 很 踏实 , 平实 中 有 暖意 , 过 生活 的 。",辈,辈,-1.0683573484420776,"辈, 代, 脸","-1.0684, -1.6386, -2.4449"
763,真心 想 吧 这 [MASK]  爹 的 雪 露 蓝 军装 出出 去 不过 实在 是 不 上 价 啊 留 着 闹 心 不 留 价格 闹心,套,个,-0.5750440955162048,"个, 本, 块","-0.5750, -2.6277, -2.9470"
764,谢谢 谢谢 大半夜 唱歌 给 我 听 的 那 [MASK]  哈哈哈 可以 安心 躺下 了 晚安,位,个,-1.0113672018051147,"个, 位, 张","-1.0114, -1.2441, -2.2968"
765,"过 年 第三 [MASK]  在 Jiong 途 发现 我 虽然 不 能 回家 , 但是 也 没 象 他们 一样 惨 。",遍,次,-0.157220721244812,"次, 个, 回","-0.1572, -3.7307, -3.9178"
766,"警察 叫 来 了 大楼 的 保安 , 当 他 翻 了 半 天 终于 找到 能 打开 邻居 房门 的 那 [MASK]  时 , 我 注意 到 它们 都 已经 锈迹 斑斑 。",串,门,-1.2394804954528809,"门, 个, 扇","-1.2395, -1.7750, -2.3318"
767,补上 照片 护士长 的 几 [MASK] 这个  给 病人 希望,笔,个,-1.0337473154067993,"个, 句, 张","-1.0337, -1.7114, -1.9268"
768,一切 一切 也 都 是 为 你 而 做 你 想 以 呢 [MASK] 暧昧  继续 落去 嘛 ?,种,个,-0.8753622770309448,"个, 些, 等","-0.8754, -2.3799, -2.6229"
769,"430 起床 , 洗漱 , 早餐 500 出 家门 , 打 的 去长 客站 530 [MASK]  沈阳 客车 出发 620 到达 沈阳 打 的 去 桃仙 机场 650 到达 机场 领 登机牌 进 候机室 800 登机 准备 起飞",本,下,-1.2357569932937622,"下, 路, 等","-1.2358, -2.0423, -2.0677"
770,上传 了 17 [MASK]  到 相册兮陌 。,张,张,-0.0766649842262268,"张, 页, 片","-0.0767, -4.1612, -4.8243"
771,蓝色 S 曲线 诱惑 高清 无水印 7 [MASK] ,张,级,-2.259617805480957,"级, 号, 口","-2.2596, -2.6957, -3.1883"
772,"每 [MASK]  都 有 他 的 秘密 , 能 告诉 别人 的 秘密 还 算是 秘密 吗 ?",个,个,-0.06742794066667557,"个, 位, 家","-0.0674, -3.7305, -4.7824"
773,这 [MASK]  的 主要 原因 和 动力 是 什么 ?,波,样,-0.05429806187748909,"样, 些, 个","-0.0543, -4.1682, -4.2555"
774,原来 中间 少划 了 一 [MASK] ,刀,个,-0.9316956400871277,"个, 点, 张","-0.9317, -3.0654, -3.0754"
775,换 [MASK]  就 行 !,个,个,-1.132331132888794,"个, 下, 点","-1.1323, -2.7094, -2.7180"
776,每 [MASK]  都 在 勉强 自己 。,个,次,-0.036139748990535736,"次, 个, 回","-0.0361, -3.7089, -6.6627"
777,你 妹鱼 后门 跟 战场 一 样样 的 干啥 我们 这儿 一 过 年 跟 打仗 似 的 你妹 各 [MASK] ,种,种,-1.29839026927948,"种, 家, 个","-1.2984, -1.4683, -2.2613"
778,"那 [MASK]  不 行 , 你 毛太多嘞 。",个,个,-0.8034106492996216,"个, 样, 行","-0.8034, -1.3685, -2.9276"
779,两 [MASK] 都 到齐 了 真 期待 Moonlight 戴 上去 的 效果 还 有 我 想 说 的 是 水水家 的  真心 好 支持 你 家,幅,套,-1.876544713973999,"套, 件, 个","-1.8765, -1.9845, -2.2166"
780,"在 群里聊 舞蹈 , 突然 想到 了 这个 , 第五 [MASK] CCTV 舞蹈 大赛  展示 环节 , 妹子 小哥们 的 技巧 身段 风姿 无 一 不 醉 人 啊 , 只 可惜 没 找到 高清 版本 , BGM 也 很 给力 , 推荐",届,届,-0.07287875562906265,"届, 次, 季","-0.0729, -3.4966, -4.5421"
781,"转自 , 在 一 [MASK] 远房  家 住 了 两 天 。",个,个,-0.22677333652973175,"个, 户, 位","-0.2268, -2.4681, -3.6678"
782,悲剧 卡 里面 还 剩 2 [MASK] 01 ,块,张,-0.30205807089805603,"张, 个, 点","-0.3021, -2.5963, -3.0547"
783,我 正在 参加 宝岛 Eye 上 幸福 圆梦 伦敦 活动 现 正 在 伦敦 嗯 一 [MASK]  好 寂寞 你 快来 陪 我 吧,个,声,-0.5171413421630859,"声, 下, 起","-0.5171, -1.8079, -2.9585"
784,这 是 一 [MASK] 艰难 的 ,场,个,-0.5275094509124756,"个, 种, 段","-0.5275, -1.4170, -3.1044"
785,"这 [MASK]  具有 突出 主体 , 使 画面 趋向 均衡 的 特点 。",种,样,-0.11786544322967529,"样, 种, 些","-0.1179, -2.9868, -3.7348"
786,"开门 , 开灯 , 开窗 , 给 我 的 草换 上 清水 , 给 自己 泡 一 [MASK] 暖暖 的  。",杯,杯,-0.4103226363658905,"杯, 个, 壶","-0.4103, -1.8005, -1.9904"
787,"126708 目前 西 二 [MASK] 官园  上 南 向 北方 向 有 事故 , 请 后 车 注意 避让 。",环,环,-0.1280149221420288,"环, 路, 门","-0.1280, -3.8382, -4.2114"
788,"和 打 了 一 [MASK]  , 聊 了 很多 , 可 现在 的 心情 突然 变得 很 down 。",路,次,-1.784534215927124,"次, 架, 阵","-1.7845, -1.7906, -1.8198"
789,下 [MASK]  家 試試 。,次,回,-0.03265756368637085,"回, 次, 面","-0.0327, -3.8578, -5.2681"
790,贝宁送 的  不 敢 用 导致 每 天 一 [MASK] 烟灰缸 昨天 纸杯 今天 八宝粥 罐,种,个,-1.78937566280365,"个, 杯, 包","-1.7894, -1.9932, -2.2771"
791,"好像 我们 的 手机 要 成 街机 了 , 越来越 多 , 火车 上 我 旁边 一 人 还 用 [MASK] ",个,等,-2.3384017944335938,"等, 家, 下","-2.3384, -2.6177, -3.1190"
792,亲爱 的 出差 北京 回来 正好 给 我 带回 了 一 [MASK] 红  。,顶,点,-1.8326166868209839,"点, 块, 个","-1.8326, -2.3965, -2.5597"
793,"今天 考试 , 我 要 加油 , 你 地伍 信 我 考到 全 级 前 100 , 哼 , 我 就 考 比 你睇 , 话 晒 伊 两 [MASK]  都 认真 左 , 我 要 加油 , 204 加油",个,个,-0.9990057349205017,"个, 位, 班","-0.9990, -1.2597, -2.3975"
794,"我 擦终于 打完 了 , 这 [MASK]  没有 失败者 , 非常 经典 的 比赛 。",场,场,-0.8073769807815552,"场, 次, 个","-0.8074, -0.9529, -2.2998"
795,"花瓣网 每 日 精选 易知难 , 歌唱 演员 , 80 年代 成都 艺术圈 中 非常 抢眼 的 一 [MASK]  。",个,员,-0.7196047306060791,"员, 位, 个","-0.7196, -1.7179, -2.2890"
796,睡 了 五 [MASK]  车 上 再 睡 一会,个,分,-0.6759899854660034,"分, 点, 次","-0.6760, -1.7974, -2.3282"
797,今晚 hcmcc 历 [MASK]  齐聚 北海,届,届,-0.5394552946090698,"届, 代, 次","-0.5395, -2.4331, -2.8906"
798,", 我 投给 了 杨幂 和 谁 在一起 都行 这 1 [MASK]  。",个,点,-1.0860337018966675,"点, 条, 个","-1.0860, -2.1486, -2.4571"
799,"对于 湖人队 今日嘅 表现 , 我 只 能够 用 两 [MASK]  形容 失望",个,句,-0.7654316425323486,"句, 点, 个","-0.7654, -0.9570, -2.3490"
800,"继续 讲 回 吃 的 , 档次 上去 了 , 东 西 实在 就 是 贵 字 , 例如 吃 着 一 [MASK] 再 普通 不 过 的 卤水 鹅  , 后 , 哥 报价 是 300 大 元 !",盘,只,-1.6040502786636353,"只, 碗, 个","-1.6041, -1.6292, -2.0313"
801,"我 难得 看 一 [MASK] 新闻  , 就 是 想 看看 她 肿么 说 马英九 连任 , 结果 它 什么 都 没 说",次,个,-1.2816855907440186,"个, 下, 些","-1.2817, -1.4854, -2.2654"
802,"今晚 再次 接到 那 [MASK] 吓人 的  , 尼玛 的 干嘛 泄露 我 的 号码 , 尼玛 的 你们 惨 了",个,个,-1.1173028945922852,"个, 种, 些","-1.1173, -1.1895, -1.5510"
803,2 [MASK]  。,个,次,-2.3553152084350586,"次, 分, 种","-2.3553, -2.5734, -2.5974"
804,女 童蕾 丝 花边 毛衣 儿童 毛衣 女 8800 元 近期 售出 2 [MASK] ,件,个,-2.125382423400879,"个, 件, 组","-2.1254, -2.1277, -2.8361"
805,"第一 [MASK]  你 就 把 我 笔 盒 上 的 樱桃 小 丸子 贴纸 撕掉 在 上面 写 谁 是 你 的 白马王子 , 你 真的 很 讨厌 好 不 好 !",次,次,-0.6197539567947388,"次, 张, 页","-0.6198, -2.5752, -3.0536"
806,", , , 猜猜 我 画 的 是 什么 , 提示 3 [MASK]  港 台 演员 。",个,位,-0.9070426821708679,"位, 个, 名","-0.9070, -1.3530, -1.6361"
807,我 没有 期待 你 说 什么 没有 没 有 期待 个屁 以后 别 发 短信 给 我 了 我 没 资格 理解 你 别 回 了 这 三 [MASK]  太 刺眼 !,个,句,-1.13690984249115,"句, 个, 点","-1.1369, -1.4087, -2.3268"
808,"与 其 听 那些 痛彻 心扉 的 悲情 情歌 , 想 着 对方 的 变化 , 转身 , 离开 , 然后 用 委屈 的 泪水 淹没 自己 , 还 不 如 听听 能 给 你 力量 , 让 心 能 长出 另 一 [MASK]  的 旋律 。",双,样,-0.8549228310585022,"样, 个, 面","-0.8549, -2.1396, -2.1889"
809,啥时 给 搞 [MASK] Thinkpad  ?,个,个,-0.8928253650665283,"个, 下, 点","-0.8928, -2.1704, -2.2609"
810,"母亲 为 惨死 女儿 求助 女儿 17 岁 半夜 惨死 在 南北 广场 出租 屋 12 [MASK]  不明不白 , 她 双 手 握 拳 死 不 瞑目 。",楼,楼,-0.13503721356391907,"楼, 层, 号","-0.1350, -2.2302, -5.1037"
811,"操 了 , 总 有 那么 一 [MASK]  出现 在 老子 的 梦里 , 你 凭 什么 ?",个,次,-1.3639662265777588,"次, 个, 幕","-1.3640, -1.5712, -1.6695"
812,如今 A [MASK]  了 龙年 。,股,回,-0.9996647238731384,"回, 起, 下","-0.9997, -2.0452, -2.6156"
813,某 [MASK]  说 的 原话,位,个,-2.0166101455688477,"个, 种, 些","-2.0166, -2.3307, -2.4992"
814,"第六 印 是 序幕 , 第七 印 的 前 四 [MASK]  才 是 真正 的 試煉 。",枝,章,-0.37319037318229675,"章, 行, 步","-0.3732, -2.2933, -3.5600"
815,老伴 和 两 [MASK]  苦口 婆心 地 督促 我 到 户外 爬爬山 看看 海 打打拳,个,个,-0.4176282584667206,"个, 位, 口","-0.4176, -1.5558, -3.0233"
816,"一 [MASK]  情书 有时 , 我 只 是 想 能 有 个人 , 紧紧 抱 着 我 不 放 , 直 到 我 的 心情 真的 好 起来 。",句,封,-0.0425906702876091,"封, 份, 本","-0.0426, -4.1798, -4.9860"
817,要 像 [MASK]  一样 的 生活,个,家,-0.17798453569412231,"家, 丝, 路","-0.1780, -4.0065, -4.0942"
818,"一 [MASK]  , 还 真 有点 怕 呀",个,下,-1.1117926836013794,"下, 次, 路","-1.1118, -2.2988, -2.4836"
819,我 爱 你 两 年 零三 [MASK]  822 days 最 好 的 笑 给 你,个,次,-2.1608822345733643,"次, 回, 头","-2.1609, -2.4912, -2.5588"
820,"重 回 儿时 回忆 , 买 [MASK] 老虎  过 年 , 哈哈哈哈 , 好 喜欢 的 , 特别是 帽子",件,只,-0.485551655292511,"只, 个, 张","-0.4856, -1.7293, -3.0586"
821,"市内 压车 已经 崩溃 了 , 还是 不 出门 好 啊 , 中山 这 [MASK]  贴 人 车贴 车 了",面,样,-1.1881086826324463,"样, 个, 次","-1.1881, -1.3811, -1.9066"
822,人生 就 是 一 [MASK]  呀 !,道,样,-0.4201871156692505,"样, 次, 个","-0.4202, -2.2547, -3.2165"
823,"如果 U [MASK]  了 , 可以 尝试 这样 找到 相应 的 芯片 工具 重新 刷一遍",盘,记,-2.4050099849700928,"记, 发, 行","-2.4050, -2.4142, -2.7812"
824,足彩妖 刀 周日 西 甲 重心 推荐 3 [MASK] 赫塔菲桑坦德 ,场,分,-1.6268057823181152,"分, 场, 张","-1.6268, -1.8748, -2.2160"
825,每 [MASK]  完人 总是 还 要 沉浸 在 对 与 错 里面 很 久 今天 思路 还 不 够 清楚 呀呀呀,次,次,-0.2145753800868988,"次, 个, 回","-0.2146, -2.6247, -2.8961"
826,"想起 一 [MASK]  , 最 怕 自己 从今以后 什么 都 不 相信 。",句,些,-0.9207943081855774,"些, 句, 点","-0.9208, -1.5296, -2.2186"
827,上传 了 5 [MASK]  到 相册 森林 公园,张,张,-0.04029962047934532,"张, 页, 个","-0.0403, -4.4306, -5.4655"
828,"前年 我 喜欢 小 德 , , , , , 没 想到 真 是 [MASK] ",条,家,-2.488391876220703,"家, 对, 个","-2.4884, -2.8144, -3.0315"
829,救命 我 爸 爱上 王力宏 X 李云迪 了 QAQ 现在 每 天 只要 有 重播 的 春晚 都 要 看 那 [MASK]  然后 特别 嗨 并且 表示 这 是 他 最 喜欢 的 节目 没有 之一,个,个,-0.40209484100341797,"个, 些, 部","-0.4021, -2.6160, -3.3292"
830,"1 下午 我 娘 电话 , 貌似 过年 走 了 几 [MASK]  被 逼急 了 , 接 其 电话 就 问 我 你 到底 有 没 有 结婚 的 可能 ?",个,趟,-0.6620708703994751,"趟, 步, 次","-0.6621, -1.4447, -2.0709"
831,那 是 第一 [MASK] 使用 了 漂亮 印刷 字体 的  。,台,个,-0.5493761301040649,"个, 次, 位","-0.5494, -1.5674, -2.1545"
832,"我们 说 女性 在 她 的 一生 中 会 发生 一 [MASK] 不同 于 男性 的 生理 的  , 那么 在 这些 生理 变化 的 过程 中 您 也许 注意 不 到 因此 而 带来 视力 上 的 问题 。",系列,些,-0.016307638958096504,"些, 种, 个","-0.0163, -4.7083, -5.7019"
833,"折腾 了 几 天 总算 把姐 嫁 出去 了 , 深刻 的 体会 到 择偶 条件 里 多 [MASK] 本 地区  是 多么 重要",个,个,-0.38184261322021484,"个, 些, 对","-0.3818, -2.9051, -3.3939"
834,"真 好 , 看完 真 想 穿 过去 真 美 , 你 就 是 我 心 中 那 [MASK]  中 念 着 岁月 静 好 的 甄嬛 爱 你",个,口,-1.293766736984253,"口, 句, 手","-1.2938, -1.6031, -1.9290"
835,空 无 一 人 的 九 [MASK] ,层,个,-2.7254748344421387,"个, 级, 家","-2.7255, -3.1519, -3.1771"
836,"不 怕 不 怕 不 怕 , , , 还 有 一 [MASK] 补考  。",次,个,-1.0255029201507568,"个, 次, 场","-1.0255, -1.1537, -2.1208"
837,让 我们 来 看看 2011 年 Billboard 前 十 [MASK]  的 详细 排名 吧,位,名,-0.22805246710777283,"名, 位, 个","-0.2281, -1.7852, -5.0968"
838,至少 要 花上 多少 [MASK]  才 能 学会 爱情 是 什么 东西,个,次,-1.1106773614883423,"次, 间, 眼","-1.1107, -1.9707, -2.2413"
839,"复 [MASK]  , 容易么 ?",个,盘,-0.47992193698883057,"盘, 发, 位","-0.4799, -2.4024, -3.1369"
840,第一 [MASK]  利市 !,次,名,-0.8326010704040527,"名, 本, 通","-0.8326, -2.4225, -2.7057"
841,"Norman , 今日 繼續 放送 TV drama 確認 逃亡者 第二 [MASK] 青山  渡辺 大福 本 清 三",回,代,-1.3531874418258667,"代, 季, 回","-1.3532, -1.3619, -2.0697"
842,"生命 就 像 一 [MASK]  , 朋友 就 像 车 上 的 旅客 , 不 是 所有 人 都 能 陪 你 到 终点 。",列,路,-0.8981912136077881,"路, 个, 次","-0.8982, -2.3853, -2.7429"
843,连 看 [MASK]  都 不 能 坚持 的 我 还 能 做 什么 !,个,脸,-0.9995948076248169,"脸, 台, 家","-0.9996, -1.8697, -2.5409"
844,"我 是 [MASK] 变态 的  , 别 惹 我",个,个,-0.00693521136417985,"个, 些, 点","-0.0069, -6.2563, -6.3400"
845,微 博转 了 一 [MASK] 看到 很多 纠结 难耐 的  真心 地 感叹 自己 拥有 拿 的 起放 的 下 的 本领 是 有 多 好 啊,圈,圈,-0.18671473860740662,"圈, 下, 遍","-0.1867, -2.6291, -3.1392"
846,哦哟 您 八二年 就 没 当 医生 了 自己 背 完 汤头 还 要 药性 歌括 四百 [MASK]  背 茯苓 ?,味,句,-2.0905630588531494,"句, 个, 次","-2.0906, -2.2429, -2.5347"
847,"手机 没 电 了 , 漫长 的 16 [MASK]  怎么 办 ?",个,间,-1.0153888463974,"间, 路, 个","-1.0154, -2.1104, -2.6308"
848,"让 人 幸福 的 三 [MASK]  有 人爱 , 有 事 做 , 有所 期待 。",件,个,-0.9859663248062134,"个, 句, 种","-0.9860, -1.8179, -2.1382"
849,"父辈 倒 是 自 幼 于 此 地 长大 , 与 此 地 感情 深厚 , 不过 我 就 没啥 感觉 了 , 同辈 之间 年龄 或者 相差 太 大 或者 三 观 差异 过 多 , 总的来说 无 太 多 的 交集 , 不过 本着 都 是 一 族 亲戚 的 出发点 , 一 [MASK] ",门,家,-1.5276368856430054,"家, 个, 族","-1.5276, -1.9217, -2.6814"
850,"我 没 什么 大 的 愿望 , 只 希望 一 [MASK]  能 整整齐齐 健健康康 快快乐乐 地 生活 在一起 。",家,家,-0.012919857166707516,"家, 起, 辈","-0.0129, -5.4351, -5.8120"
851,北京 抽样 5000 [MASK]  算出 去年 城镇 居民 增收 7 新闻 腾讯网,户,个,-1.9813485145568848,"个, 次, 张","-1.9813, -2.2570, -2.3390"
852,"像 横断 山脉 中 所有 的 峡谷 一样 , 位 于 云南 迪庆 藏族 自治州 香格里拉 的 巴拉格 宗 大 峡谷 也 是 南北 走向 , 新 造山 运动 把 岗曲河河 水 深深 地 [MASK]  在 海拔 仅 一千多 米 的 谷底 。",剂,封,-0.2588687837123871,"封, 排, 滴","-0.2589, -3.0908, -3.3310"
853,"昨天 是 土牛 他们 一 [MASK] 从 小 到 大 的 兄弟  家里 作夜 , 喝酒 , 到 了 十二点 以后 , 敲锣 打鼓 挨家挨户 要 酒喝 , 很 是 热闹 。",拨,个,-1.2743809223175049,"个, 对, 家","-1.2744, -1.6183, -1.6535"
854,"刚 开始 我 觉得 你 是 [MASK]  , 不苟言笑 的 男孩子 。",个,个,-0.005563267972320318,"个, 位, 名","-0.0056, -6.1982, -6.8447"
855,自嘲 是 一 [MASK] 高 层次 的  。,种,个,-0.643287718296051,"个, 种, 项","-0.6433, -0.7788, -5.4831"
856,"我 在 净慈寺 , 这个 春节 要 跑 多少 [MASK]  啊",个,趟,-0.6793701648712158,"趟, 路, 步","-0.6794, -1.2644, -2.8208"
857,望到 佢好 饱仲 一 [MASK] ,身,个,-1.3456974029541016,"个, 次, 班","-1.3457, -3.0388, -3.1598"
858,"一 [MASK]  轻松 瘦 腿侧站 踢腿 针对 肌肉 腿大肌 及 外侧肌 动作 借助 椅背 支持 身体 , 侧向 坐椅 站直 , 把 健身 带捆 在 双脚 脚跟 位置 。",根,步,-1.6246583461761475,"步, 组, 个","-1.6247, -2.3580, -2.6525"
859,"我 毫 不 掩饰 倾诉 对 你 的 爱 , 千 [MASK]  , 百依百顺 在 你 的 面前 。",般,次,-0.666489839553833,"次, 般, 遍","-0.6665, -2.2538, -2.7910"
860,"给 大家 推荐 一 [MASK] 金星  二手房 , 18600 平米 的 3 室 2 厅 2 卫 , 65000 万 。",套,下,-1.0216327905654907,"下, 套, 个","-1.0216, -1.1597, -1.6269"
861,看 完 春晚 节目单 各 [MASK] 觉得 不 必要  从 节日 角度 考虑 看 春晚 又 是 一 必须 参与 的 项目 好 吧 重 在 参与,种,位,-0.009793697856366634,"位, 种, 家","-0.0098, -5.5909, -5.9307"
862,企鹅 罐 rar 这 [MASK]  是 对 的 吧,次,个,-0.948251485824585,"个, 样, 次","-0.9483, -1.0661, -2.6409"
863,连续 睡 不 到 五 [MASK]  哪天 会 猝死 在 地铁 里 吧 这么 辛苦 是 为 哪般 啊,个,点,-0.19108931720256805,"点, 次, 分","-0.1911, -2.5427, -2.9712"
864,国内 恶 银行 好 气西 了 [MASK] 那 火  !,册,点,-1.7194287776947021,"点, 把, 个","-1.7194, -2.5483, -2.6759"
865,肋膈角 那 [MASK]  疼 的 好 厉害 。,个,块,-1.0623846054077148,"块, 个, 头","-1.0624, -1.3570, -2.3302"
866,来 一 [MASK] 5 年 内 的  !,张,个,-1.090157151222229,"个, 张, 下","-1.0902, -1.8842, -2.0476"
867,"对 省委 的 前 几 [MASK] 老  , 对 那些 经验 丰富 、 德高望重 的 老同志 , 新 班子 至今 还 经常 向 他们 登门 请教 。",任,位,-0.7546088099479675,"位, 代, 个","-0.7546, -1.6556, -2.0520"
868,"临 走时 , 保安室 的 哥们 又 给 了 我 三 [MASK] 很  我 也 不 墨迹 , 知道 自己 的 情况 , 客气 了 下 就 收下 了 。",支,张,-1.4454350471496582,"张, 个, 条","-1.4454, -1.7984, -2.7797"
869,"我 现在 尿布 也 用 花王 了 , 爱 婴室 两 大 [MASK] 300 元  啊 ?",包,套,-2.0161666870117188,"套, 件, 包","-2.0162, -2.0906, -2.1170"
870,"哎呀 哎呀 , 回家 炒 第一 [MASK]  , 手忙脚乱 的 , 额",顿,盘,-1.2026026248931885,"盘, 锅, 个","-1.2026, -1.5151, -2.6873"
871,"我 刚刚 在 爱 问 共 享 资料 上 传 了 资料 , 欢迎 大家 下载 分享 20102011 学年度 七 年级 数学 上 [MASK]  中 试题 及 答案 doc 更 多",册,册,-0.13951805233955383,"册, 集, 卷","-0.1395, -3.5648, -3.5874"
872,"过期 一 [MASK] 多  了 , 我 还 吃么 ?",个,个,-0.0889577716588974,"个, 点, 样","-0.0890, -3.9637, -4.6560"
873,"五 年 了 , 三 [MASK]  的 疯狂 , 走到 最后 , 反而 默默 的 安静 下来 , 难道 真 的 是 因为 大家 的 离别 和 淡忘么 , 还是 自己 所 期望 的 呢 ?",个,次,-0.3875638246536255,"次, 个, 代","-0.3876, -2.7362, -2.9684"
874,我 做 了 [MASK] 不 重要 的 决定 什么 负 责任 的 恋爱  滚 你 奶奶 的 吧 我 就 是 一 混蛋 混蛋,个,个,-0.23821069300174713,"个, 些, 件","-0.2382, -2.0971, -2.8904"
875,"只 是 我 也 迟迟 看 不 到 你 让 我 融进 你 的 生活 , 在 你 朋友 那里 , 有 我 这么 一 [MASK]  吗 ?",号,个,-0.14944639801979065,"个, 位, 对","-0.1494, -2.7166, -4.6292"
876,余文乐 吧 每 日 签到 2012 年 1 月 17 日 可 乐 签到 [MASK] http t  z0ep6 MO 各位 早安 起床 啦 早餐 时间 到,帖,点,-2.9740521907806396,"点, 回, 发","-2.9741, -3.0327, -3.2470"
877,去年 我国 43 亿 [MASK]  自然 灾害 1126 人 死亡,人次,起,-1.093186378479004,"起, 次, 级","-1.0932, -1.1752, -2.6041"
878,樱花妹 这 [MASK] 福利 ,次,个,-1.2518855333328247,"个, 些, 份","-1.2519, -2.0028, -2.1423"
879,最后 一 [MASK]  。,班,次,-1.5631818771362305,"次, 张, 场","-1.5632, -1.9705, -2.5588"
880,被 一 個惡夢 驚醒 了 出 了 一 [MASK]  真的 不 是 非 一般 真實 看來 今晚 我 是 睡 不 著 的 了,身,次,-2.078171730041504,"次, 片, 篇","-2.0782, -2.2926, -2.4760"
881,"对 文昌 宫 、 文昌 君 不 感 兴趣 , 说 我 木然 , 那 等 你 看到 我 对 七 [MASK]  边 的 那些 古柏 感 兴趣 的 样子 , 你 定然 会 认为 我 的 脑子 有 毛病 。",曲,楼,-1.014265775680542,"楼, 道, 堂","-1.0143, -1.8865, -2.9905"
882,总是 那 [MASK]  。,张,样,-0.07411377876996994,"样, 种, 个","-0.0741, -3.5584, -3.8767"
883,目的 : 有助于 触 球 时 的 方正 [MASK]  。,杆,面,-0.9504925608634949,"面, 线, 点","-0.9505, -1.9782, -2.0577"
884,"发表 了 博文 回归 好久 没有 玩 新浪 博客 了 , 回来 看看 , 补充 [MASK]  爱好 , 同步 微博 。",些,点,-0.6904918551445007,"点, 下, 些","-0.6905, -0.7799, -3.5119"
885,湖南 卫视 在 放 着 上 一 年 快乐 大 本营 言承旭 我 的 第一 [MASK]  。,个,次,-1.5084055662155151,"次, 张, 首","-1.5084, -2.2479, -2.3910"
886,"没有 撑到 十二点 , 因为 要 赶早 [MASK]  回 上海 对 不 起 哈 祝 乃 一 年 比 一 年 高 富帅 等 我 到 家 送图 给 乃么么哒",点,点,-0.032503433525562286,"点, 班, 些","-0.0325, -4.1998, -4.8903"
887,"高 一 寒假 全 科 强化班 网校  在 现有 优惠 上 , 再 享受 88 折 优惠 包括 高 一 上 下 学期 语文 数学 英语 物理 化学 生物 地理 等 全部 课程 , 共 11 [MASK] 课程",个,个,-1.8426318168640137,"个, 班, 项","-1.8426, -2.2812, -2.3609"
888,早起 这 [MASK]  是 要 多 痛苦 有 多 痛苦,档子,个,-0.5663432478904724,"个, 样, 次","-0.5663, -1.6998, -2.9493"
889,"金秋 时节 , 层林尽染 , 依山傍水 的 徽派 古 村落 形成 了 一 [MASK] 天人合一 的 水墨  , 显得 静谧 悠远 。",幅,幅,-0.40270382165908813,"幅, 副, 种","-0.4027, -2.1839, -2.8881"
890,肥 了 两 [MASK] 回到 汕头 当站 上 体重 秤 的 那 一  尼玛 什么 的 都 阻止 不 了 我 减肥 的 步伐 !,圈,次,-1.3631861209869385,"次, 圈, 个","-1.3632, -1.5477, -1.8045"
891,刘俐俐 张绍 刚 场 上 互掐 俩 [MASK]  都 有 错 。,个,手,-1.4334663152694702,"手, 个, 头","-1.4335, -2.1985, -2.2909"
892,好 彩有哩 [MASK]  可以 让 硪对伱 表白 吖吖 好 中意 伱吖吖 !,个,个,-1.4460777044296265,"个, 路, 条","-1.4461, -3.1209, -3.1278"
893,"我 希望 永远 不 要 再 听到 希望 工程 这 四 [MASK]  , 这 都 应该 是 政府 的 基础 工程 。",个,个,-1.1855528354644775,"个, 句, 点","-1.1856, -1.3421, -2.0755"
894,今天 又 是 一 [MASK] 大  !,个,个,-0.38963615894317627,"个, 次, 级","-0.3896, -2.2217, -3.3961"
895,还 有 [MASK]  的,个,对,-2.384634017944336,"对, 点, 家","-2.3846, -2.6825, -2.8423"
896,黑 的 这 几 [MASK] 我 还 蛮 喜欢 的 其他 的  觉得 莎拉伯顿 的 设计 太 纯净 了 有点 唯美 不 像 麦昆 一向 的 诡异 和 黑暗 亚历山大 麦昆 海洋 生物 的 艺术 之 作 17,套,个,-1.059893012046814,"个, 张, 款","-1.0599, -1.8008, -2.6869"
897,"这 [MASK]  会 间歇 的 尝试 与 人 亲近 接触 , 但 却 常常 失败 。",类,样,-1.1175121068954468,"样, 些, 种","-1.1175, -1.2074, -1.8903"
898,打 了 [MASK] 下午  。,个,个,-0.03745456784963608,"个, 下, 把","-0.0375, -4.5672, -4.9370"
899,"我 亲爱 的 妈 有 [MASK] 异于 常人 的  , 就 是 在 你 心情 灿烂 的 时候 能够 让 你 突然 抑郁 沉沦 , 觉得 昏 天地 暗 的 !",个,个,-0.8799388408660889,"个, 点, 种","-0.8799, -1.5040, -1.8040"
900,"剩余 两 天 课 一 天 早起 , 两 [MASK] ",次,个,-1.376997470855713,"个, 点, 班","-1.3770, -2.8227, -2.8974"
901,晨 锅 这 [MASK] 你 不 是 亮点 亮点 是 你 后面 的 内位  哇 表情 帝丫,次,个,-0.5647910237312317,"个, 位, 样","-0.5648, -1.9455, -2.7610"
902,"沉睡 在 E [MASK] 中 的  , 阔别 多日 , 你 还 好么 ?",盘,声,-0.5917882323265076,"声, 曲, 幕","-0.5918, -3.1903, -3.3186"
903,等 采访 一 [MASK]  。,个,下,-0.5672541260719299,"下, 次, 遍","-0.5673, -1.5273, -2.7595"
904,"今天 董事长 在 睡午觉 , 和 他 老爸 行走 在 讨债 的 康庄 大道 上 , 收回 一 [MASK]  !",张,笔,-0.5499179363250732,"笔, 刀, 点","-0.5499, -3.4336, -3.7825"
905,"意大利 倾覆  乘客 称 场景 如 泰坦尼克 惨剧 1 [MASK] 豪华 游轮 在 意大利 近海 触礁 倾覆 , 幸存 乘客 描述 称 , 当时 大部分 乘客 都 在 用 晚餐 , 突来 的 巨响 打断 了 欢乐 气氛 。",艘,艘,-0.9436575174331665,"艘, 号, 辆","-0.9437, -1.5068, -2.0591"
906,回家 四 [MASK]  又 长安 !,个,季,-1.1187877655029297,"季, 次, 处","-1.1188, -2.0759, -2.3963"
907,"看到 微博 有 这么 一 [MASK]  你 总怪 我 , 对 你 过分 依赖 , 很 奇怪 没有 你 我 该 怎么 办 。",句,句,-0.8048858642578125,"句, 段, 张","-0.8049, -0.9762, -3.3844"
908,"VICTIM 2012 年 春夏 系列  型录 日本 品牌 Victim 在 今日 揭露 明 年度 春夏 新品 的 型录 , 可以 看到 一 [MASK] 轻便 而 有形 的 薄 外套 , 以 皮革 材料 与 帽夹 的 搭配 为主 也 有 轻便 具 机能性 的 风衣 外套 , 可 搭配 出 具有 outdoor 风格 的 穿 搭 。",系列,些,-1.268714427947998,"些, 款, 件","-1.2687, -1.4647, -1.5625"
909,炮火连天 啊 过 年 的 气息 就 是 这样 满 天 的 火药味 买 了 几 [MASK] 旺旺  送 人 你 旺 我 旺 大家 旺,包,个,-0.6406473517417908,"个, 盒, 条","-0.6406, -1.8045, -2.3513"
910,准备 第三 [MASK] ,轮,次,-2.980741262435913,"次, 家, 个","-2.9807, -3.1241, -3.2297"
911,"新年 第一 天 , 我 做 了 一 [MASK] 浪漫 的  , 醒 了 。",个,个,-0.2832604646682739,"个, 件, 些","-0.2833, -1.9343, -3.6363"
912,大年 初一 因为 要 上班 又 是 一 [MASK]  在 家 好 不 开心 啊,个,个,-0.8285285830497742,"个, 次, 起","-0.8285, -2.0723, -2.0745"
913,穿上 一 [MASK] 帅气 的  。,身,件,-1.0097951889038086,"件, 身, 点","-1.0098, -1.4355, -2.3388"
914,"一 生 最 重要 的 三 [MASK]  世界 上 有 你 的 那 天 , 世界 上 有 我 的 那 天 , 我 和 你 成为 我们 的 那 一 天 。",个,个,-1.0681869983673096,"个, 句, 次","-1.0682, -1.4464, -2.2464"
915,中国 大人 秀 居然 把 冠军 给 了 一 [MASK] 唱 男人 歌 还 走音 的  。,个,个,-0.09393402934074402,"个, 位, 些","-0.0939, -3.2802, -4.0784"
916,138 我 想 是 那 [MASK] 坚强 又 美丽 的  。,种,样,-0.042144376784563065,"样, 种, 个","-0.0421, -4.3686, -4.3865"
917,"上海 中医药 大学 药学院 副院长 陶建生 曾 道破 天机 考验 一 [MASK]  能否 服用 , 无非 看 两 点 一 是 疗效 , 一 是 安全 。",种,下,-0.23397523164749146,"下, 次, 般","-0.2340, -2.5406, -3.7141"
918,"5 在 中央 空调 室内 摆放 一 [MASK]  或 使用 保湿机 , 避免 泪液 蒸发 过 多",盆,盆,-0.8245882987976074,"盆, 个, 些","-0.8246, -2.4130, -2.6748"
919,"结果 11 点 去 到 根据 点 , 又 给 灌 了 近 2 [MASK]  。",支,瓶,-0.8909060955047607,"瓶, 次, 杯","-0.8909, -1.9754, -2.8324"
920,老娘 法眼 一 开 就 知道 你 是 [MASK]  了 。,个,对,-1.276395559310913,"对, 家, 样","-1.2764, -2.2165, -2.8440"
921,"也许 错过 了 就 错过 了 , 时间 会 帮 我 换 一 [MASK] 新 的  !",个,个,-1.0051662921905518,"个, 件, 些","-1.0052, -1.6447, -2.4185"
922,"过敏 体质 的 人 伤 不 起 中午 吃 了 [MASK] 桂林  , 脸 又 红 又 肿跟 猪头 一样 , 主管 第一 反应 就 是 嫌 我 丑",碗,个,-0.9521383047103882,"个, 点, 趟","-0.9521, -2.1710, -2.2780"
923,隔离 玩 单机 游戏 果 [MASK] 就 免 提 啦嘉骅  so what,个,盘,-0.6826751828193665,"盘, 粒, 个","-0.6827, -2.9129, -3.1168"
924,"6 生活 太 艰难 了 , 为了 多 掌握 一 [MASK] 吃饭 的  , 我 正在 练习 左 手 使 筷子 。",门,点,-1.0047683715820312,"点, 些, 下","-1.0048, -1.2418, -1.8433"
925,分享 一 [MASK] 来自 酷狗 音乐 的  许巍 曾经 的 你 分享 自 酷 狗 音乐,首,下,-0.2921013832092285,"下, 张, 个","-0.2921, -2.7563, -2.9869"
926,"今天 的 春节 愿望 姐要 热 血 地 好好 学习 , 积极 向上 , 立志 做 一 [MASK] 视 钱财 如 粪土 的  , !",个,个,-0.0509333610534668,"个, 名, 位","-0.0509, -3.0656, -6.3054"
927,"来 乡下 吃 餐饭 , 也 要 带 着 目的 来 的 , 都 是 一 [MASK] 想 巴结 黑暗 的 官僚主义 的 无良  , 也 有 想 寻找 财路 物识 商人 的 父母官 , 官臭 加上 铜臭 的 社会 早 已 猥亵 了 我们 美好 的 理想",伙,些,-0.19530926644802094,"些, 群, 个","-0.1953, -2.6068, -3.3053"
928,各 [MASK]  塞进 口袋 。,种,种,-0.30957669019699097,"种, 个, 位","-0.3096, -2.2907, -3.1639"
929,我 自己 处理 这 [MASK]  好 了 。,件,个,-0.27672791481018066,"个, 些, 点","-0.2767, -2.0005, -4.1394"
930,有 没有 哪 一 [MASK]  愿意 为了 自己 的 女朋友 而 不 抽烟 呢,个,个,-0.183842733502388,"个, 位, 种","-0.1838, -2.6438, -3.4338"
931,"新年 注册 [MASK]  , 说说 身边 的 事 。",个,号,-0.8345655202865601,"号, 册, 记","-0.8346, -2.4912, -2.7244"
932,他 在 信 的 末尾处 写道 祝 你 度过 一 [MASK] 愉快 的  !,个,个,-0.06321512162685394,"个, 段, 些","-0.0632, -3.8952, -4.2978"
933,"此后 罗马 天主教 曾 派出 七 [MASK] 主教  协助 孟德 高 维 诺 传教 , 其中 有 三 人 到达 , 并 开辟 了 泉州 等 主教 区 。",个,位,-0.38153278827667236,"位, 名, 个","-0.3815, -1.2321, -4.0387"
934,以 一 [MASK]  在 路 上 的 心态 入眠 !,个,种,-0.3459891974925995,"种, 个, 颗","-0.3460, -2.1044, -2.4987"
935,但 我 至少 捡到 了 一 [MASK]  。,份,个,-1.2503399848937988,"个, 只, 次","-1.2503, -2.2075, -2.2988"
936,"早上 五点 起床 , 给 孩子们 化妆 , 给 他们 找 10 [MASK]  考点 , 和 他们 一起 排 长长 的 队 , 和 他们 说 加油 , 看 着 他们 进 考场 , 希望 他们 都 能 考 个好 成绩 。",号,个,-0.029853299260139465,"个, 号, 分","-0.0299, -4.6489, -5.2062"
937,"早上 搬 行李 , 又 跑到 其他 [MASK]  说 怎么 开 不 了 门 。",栋,家,-0.5902953743934631,"家, 处, 楼","-0.5903, -1.1772, -3.1720"
938,三星路 [MASK]  鸡咯,次,线,-1.891295313835144,"线, 面, 顶","-1.8913, -2.4629, -2.5384"
939,"远远 望去 , 地点 好像 就 是 旅馆 门口 , 战战兢兢潜 过去 , 原来 是 抓 了 三 [MASK] 墨西哥 偷 车 小  。",个,个,-0.23266978561878204,"个, 名, 只","-0.2327, -1.7677, -4.7355"
940,我 爱 死 这 [MASK]  了,篇,个,-0.519477128982544,"个, 些, 样","-0.5195, -2.3982, -3.0124"
941,很 讨厌 有些 人 半夜 三 [MASK]  炮长 !,间,个,-0.701604962348938,"个, 点, 声","-0.7016, -2.6291, -2.7457"
942,7 两 [MASK] B 型 血 的  出 的 孩子 是 2 B 的 吧 ?,个,个,-0.21040531992912292,"个, 种, 位","-0.2104, -2.7865, -3.5968"
943,我 是 [MASK] 保守 的  。,个,个,-0.02251259982585907,"个, 些, 点","-0.0225, -5.2590, -5.5765"
944,除夕 最 大 愿望 就 是 一 亲戚 给 我 一 [MASK] 薄薄 的  对 我 说 钱 太 多 了 装 不 进去 里面 有 张卡密码 是 你 生日 自己 去取 哈哈 有 同 感同 鞋 的 转发,个,张,-0.5667818784713745,"张, 个, 包","-0.5668, -1.6892, -3.0912"
945,"过 了 起飞 时间 还 有 十二 [MASK]  没有 登机 , 争分夺秒 的 春运 啊 , 伤 不 起",个,点,-0.3087645471096039,"点, 分, 班","-0.3088, -1.6023, -4.2586"
946,"终于 到家 了 , 还是 家 里 好 啊 , 虽然 没 暖气 可 是 杭州 的 那 [MASK]  多 了 !",间,个,-1.210335373878479,"个, 样, 些","-1.2103, -1.8402, -2.2353"
947,"我 讨厌 别人 跟 我 说 呵呵 , 讨厌 别人 跟 我 说 对 不 起 , 如果 是 这 两 [MASK]  , 我 宁愿 你别 跟 我 说话 , 我 用 不 着",个,句,-0.8083881139755249,"句, 种, 点","-0.8084, -1.7854, -1.9486"
948,等 一 [MASK] ,个,下,-1.9006632566452026,"下, 个, 等","-1.9007, -1.9686, -2.4760"
949,刚 在 南京 见 了 一 [MASK] 粉色  奔驰 真 骚包,个,辆,-1.1908944845199585,"辆, 个, 次","-1.1909, -1.3473, -2.6390"
950,发表 了 博文 完美 婚恋 关系 的 三 [MASK]  !,个,步,-0.80364990234375,"步, 点, 种","-0.8036, -1.7041, -2.1184"
951,"我 刚刚 通过 下载 了 安信 证券 宏观 研究 2012 年 1 月 产能 周期 理论 概述 之 二一 [MASK] 基于 国际 收支 变化 的 分析 框架  , 推荐 给 大家 !",个,个,-0.39014196395874023,"个, 套, 组","-0.3901, -1.5098, -3.9586"
952,上传 了 1 [MASK]  到 相册 animation,张,张,-0.07264061272144318,"张, 页, 个","-0.0726, -3.7917, -4.3905"
953,"她 不必 问 寒 道 暖 , 光是 那 一 [MASK]  笑容 就 把 就餐 者 浑身 的 疲惫 、 枯燥 的 心田 熨 得 平展展 的 。",缕,个,-0.33445608615875244,"个, 丝, 脸","-0.3345, -2.1817, -3.2069"
954,"万 能 的 微博君 , 赏 我 [MASK]  呗",个,下,-1.2417668104171753,"下, 脸, 个","-1.2418, -2.5950, -2.6491"
955,比 一 [MASK] 还  。,环,个,-1.6436796188354492,"个, 次, 般","-1.6437, -2.3280, -2.4973"
956,每 天 看 几百 [MASK] 厚 的  而且 还 有 密密麻麻 的 理论 公式 和 定理 记人 名都 怪难 的 什么 凯恩斯 恩格尔 云云 你们 好好 在 西方 做 研究 为何 还 来 毒害 我们 ?,页,页,-0.06324077397584915,"页, 本, 册","-0.0632, -3.9469, -4.0023"
957,跟萌 妹子 一 下午 连刷 了 两 [MASK] 几么  哈 皮,遍,个,-0.9009588956832886,"个, 次, 张","-0.9010, -1.6314, -2.4187"
958,"换 了 两 [MASK]  , 都 坐 过 站 。",趟,次,-0.6295052170753479,"次, 趟, 个","-0.6295, -1.9991, -2.3464"
959,"生日 快乐 啊 甘 多 年 啦 , 中 记得 第一 [MASK]  你 生日 party 间 麦当劳 衣家 都 已经 拆 左咯 , 不过 我 地 之间点 都 系 吾 变嘎 , 今日 同 吾 到 你 庆祝 啦 , 不过 你 今日 同 以后 都 要 开开 心心",次,次,-0.16901011765003204,"次, 个, 回","-0.1690, -2.9751, -3.7164"
960,大家 快 D 来海珠 花市 C132 档 之前 有条 微 薄 话 转 左 有 奖品 原来 系真噶 我 抽 中 左 [MASK]  大家 快 D 来 啊,个,个,-0.9759176969528198,"个, 架, 位","-0.9759, -2.0377, -2.7700"
961,"饿 的 失眠 , 好 想 [MASK]  。",次,家,-0.46292605996131897,"家, 发, 回","-0.4629, -2.4507, -2.5542"
962,"小 年 来 了 以前 过 小 年 的 时候 , 要 往 灶 门 上 涂 红糖 , 现在 终于 知道 这 是 为什么 了 据说 这 一 天 , 灶王爷 都 要 上天 向 玉皇大帝 报告 这 一 [MASK]  的 善恶 , 让 玉皇大帝 赏 罚 。",家,家,-0.8185521960258484,"家, 次, 世","-0.8186, -1.9587, -2.6140"
963,首 [MASK]  大骂 读书人 是 狗屁,发,次,-0.36875998973846436,"次, 席, 页","-0.3688, -2.4706, -3.2351"
964,今晚 开车 那 [MASK] 很 怀念 很 怀念 的 ,段,段,-1.5646179914474487,"段, 个, 种","-1.5646, -1.5669, -1.8013"
965,"如果 天气 不 好 , 就 在 家 泡 [MASK]  , 看看 书 , 听听 歌 。",壶,个,-0.5989432334899902,"个, 面, 下","-0.5989, -1.2664, -3.5227"
966,女人 一定 要 找 [MASK] 会 欣赏 自己 的  !,个,个,-0.023965580388903618,"个, 些, 对","-0.0240, -4.2855, -5.8400"
967,"受 苹果 公司 的 iPod 和 iPhone 等 一 [MASK]  的 影响 , 以 英文 字母 i 开头 俨然 已经",系列,类,-1.885528564453125,"类, 族, 名","-1.8855, -2.1989, -2.2962"
968,生命 不 是 一 [MASK]  。,局,样,-1.1115524768829346,"样, 般, 次","-1.1116, -2.1178, -2.3410"
969,我 家 的 沙滩 变得 一点 也 不 漂亮 了 不 喜欢 了 像 [MASK]  一样,个,家,-1.2064568996429443,"家, 刀, 片","-1.2065, -2.4940, -2.5636"
970,"向 我 弟弟 请教 英语 , 还 帮取 我 了 一 [MASK] 英文  。",个,些,-0.7571101784706116,"些, 点, 下","-0.7571, -2.1740, -2.3721"
971,http t cn h4QJCa 我 用 魔幻 古筝 演奏 了 一 [MASK] 动听 的  三 弄 。,曲,曲,-1.0970178842544556,"曲, 首, 段","-1.0970, -1.1024, -1.5533"
972,世界 上 的 另 一 [MASK] 我  吧 心理网,个,个,-0.29038357734680176,"个, 面, 种","-0.2904, -2.8375, -3.2340"
973,"一 [MASK] 好  不 要 在乎 外观 是 不 是 好看 精致 , 穿 的 是否 合脚 只有 自己 知道 。",双,般,-1.3420350551605225,"般, 个, 点","-1.3420, -1.4019, -1.5522"
974,是 这 [MASK] ,句,个,-2.262727737426758,"个, 样, 家","-2.2627, -2.5464, -2.6990"
975,大早 上 打 电话 说 少 给 他 一 [MASK]  !,笔,点,-1.3515573740005493,"点, 个, 块","-1.3516, -1.6217, -2.6101"
976,收 了 [MASK]  嘎嘎,个,个,-0.7274587750434875,"个, 张, 点","-0.7275, -1.9502, -3.1751"
977,"肤色 黝黑 的 空少 一 [MASK] 短  , 开始 兜售 酒水 饮料 方便面啥 的 。",身,身,-1.01649010181427,"身, 手, 条","-1.0165, -1.4811, -2.3812"
978,"朋友 都 回去 了 , 只 剩下 我 一 [MASK]  了 , 唉 !",个,家,-0.4935457706451416,"家, 位, 群","-0.4935, -1.9321, -3.6160"
979,你们 快 去 看 我 人人 分享 的 那 [MASK]  !,篇,篇,-0.9831030964851379,"篇, 些, 个","-0.9831, -1.9664, -1.9909"
980,今晚 葛个  真系 好 浪漫 啊 好 温馨仲 好 感动 啊 搞到 d 观众 都 泪 汪汪 甘 呢 [MASK] 婚礼 够 晒 豪华咯 羡慕 不 来,个,个,-2.0203700065612793,"个, 架, 位","-2.0204, -2.3911, -2.9392"
981,"只 是 突然 极 心疼 在 这 一 行 工作 了 那么 久 的 爸爸 , 等 休息 了 一定 要 买 [MASK] 最 好 的  给 他 。",个,些,-0.9217783212661743,"些, 点, 个","-0.9218, -1.2215, -1.6683"
982,拐弯 是 前进 的 一 [MASK] ,种,步,-1.6744401454925537,"步, 个, 种","-1.6744, -1.7903, -2.4859"
983,晚上 不 上 婆度 食 饭利 是 少 了 几十 元 妈 稳 借口 话利 是 掉 了 婆话 距 发 钱 行 特别扭 鸡 哈哈妈 去 打 麻雀 [MASK] 人  是 又 无比 翻 我,滴,家,-1.206250786781311,"家, 个, 行","-1.2063, -2.2951, -2.9847"
984,"让 人 感觉 末日 之 桥 , 带来 [MASK]  。",丝,路,-2.0550625324249268,"路, 家, 世","-2.0551, -2.2303, -2.6189"
985,Lucy 张芯晨 又 完成 了 一 [MASK] 市民 的  。,个,个,-0.7322724461555481,"个, 次, 位","-0.7323, -2.1691, -2.7200"
986,"在 必胜客 吃 披萨 , 讨 [MASK] 好 ",个,口,-1.177103877067566,"口, 个, 分","-1.1771, -1.3528, -2.8499"
987,"三 [MASK]  记住 吃一堑 长一智 , 经 一 事 长 一 能 , 交 一 友 结 一 缘 。",个,分,-1.5697764158248901,"分, 个, 句","-1.5698, -2.3884, -2.4011"
988,好 大 几 [MASK]  哦,缸,个,-1.091430425643921,"个, 块, 只","-1.0914, -2.5319, -2.8829"
989,估估 [MASK] G  上去 定纹 上去 既 ?,个,个,-2.55802059173584,"个, 样, 点","-2.5580, -2.9135, -3.0751"
990,"倾城 之 泪 全 家 福将 曝光 明星 客串 齐贺 岁 一 [MASK]  让 国内 普遍 降温 , 而 北方 大部 地区 也 频现 冬日 雪景 。",股,路,-1.2318512201309204,"路, 节, 阵","-1.2319, -1.5740, -2.2412"
991,"撑死 了 , 到底 有 几 [MASK]  都 忘记 了 , 晚饭 不 吃 了 。",道,点,-1.7111847400665283,"点, 个, 句","-1.7112, -1.8357, -1.9697"
992,妈 的 跑 了 半 [MASK]  现在 腿 还 疼,个,圈,-0.6546497941017151,"圈, 路, 步","-0.6546, -1.7084, -2.3750"
993,"一会儿 有 他 最 爱 的 飞机 餐 , 还 能 把 我 那 [MASK] 也  了 , 能 不 激动 不 ?",份,个,-0.3792744576931,"个, 顿, 家","-0.3793, -3.3057, -3.3430"
994,"并 拍 下下面 一 [MASK]  , 说 真的 我 看后 流泪 了 !",组,幕,-0.5042338371276855,"幕, 张, 段","-0.5042, -1.5868, -1.9269"
995,而 我 又 怎 能 忘 了 你们 亲爱 [MASK]  挑 个 吧 等 我 回去 领走 !,滴,滴,-1.244532823562622,"滴, 点, 家","-1.2445, -2.8833, -2.9019"
996,"但 看看 这个 插座 , 再 原有 的 基础 上 再 加上 了 2 [MASK] USB  , 充电 不 仅仅 靠 电脑 的 USB 接口 了 。",个,个,-0.19034717977046967,"个, 根, 条","-0.1903, -3.4082, -4.2417"
997,除了 玩游戏 还 能 干 [MASK] 别 的  。,点,点,-0.05966195836663246,"点, 些, 个","-0.0597, -2.8817, -6.8100"
998,一 [MASK]  坐 在 大堂 咖啡厅 茶 喝喝,群,起,-0.351283460855484,"起, 个, 家","-0.3513, -2.7678, -2.8435"
999,"吃 了 一 [MASK] 麻酱  , 那 滋味 比 想象 的 差远 了 。",碗,口,-1.0835849046707153,"口, 碗, 下","-1.0836, -1.4987, -2.6350"
1000,"专家 认为 当前 的 市场 状况 , 与其 说 是 豪华车 的 盛宴 , 不如 说 更 像 一 [MASK]  的 狂欢 。",场,场,-0.09220313280820847,"场, 次, 种","-0.0922, -2.8916, -4.5237"
1001,要 想 照顾 每 [MASK]  的 感受 。,个,个,-0.8460171222686768,"个, 次, 位","-0.8460, -0.9610, -2.6563"
1002,"那 我 就 给 [MASK]  你 了解呗 , 反正 , 我 是 要 追到 你 的 。",个,个,-0.42115071415901184,"个, 帮, 把","-0.4212, -2.1813, -2.9427"
1003,"跑到 荥经 买 了 [MASK] 小  , 顺便 吃 了 传说 中 好吃 到 爆 的 凉粉 , 小米辣 伴 着 凉粉 入口 , 确实 很 爽正宗 的 哒哒面 和 棒棒 鸡 都 因 过 年 关门 没 吃 成 雅西 高速 到 荥经 就 封闭 了 据说 3 月 才 正式 通车",个,点,-1.0501186847686768,"点, 个, 包","-1.0501, -1.2362, -2.6511"
1004,"你 说 你 一 [MASK]  给 我 打 了 多少 电话 , 你 的 话费 就 多少 可是 从今以后 你 的 手机 再 也 不 会 有 拨 出去 的 号码 , 我 的 手机 再 也 不 会 有 你 的 已 接来 电",个,次,-0.8250757455825806,"次, 下, 般","-0.8251, -1.9463, -2.6536"
1005,"一 [MASK]  足以 表达 一切 , 还是 你们 豆豆 懂 你 啊 !",个,句,-0.3526996672153473,"句, 张, 个","-0.3527, -1.9462, -2.7410"
1006,"艾丽 公主 奥兰 [MASK] 毛呢  2011 新 款 冬装 外套 风衣 女装 服饰 22800 元 热销 中 , 别 错过 哦",朵,朵,-0.8365346193313599,"朵, 发, 匹","-0.8365, -1.7076, -2.6878"
1007,"我 参与 了 发起 的 投票 2011 年 360 公司 我 最 喜欢 的 年会 节目 微 评选 , 我 投给 了 2360 军情 解密 这 1 [MASK]  。",个,项,-1.3327223062515259,"项, 个, 位","-1.3327, -1.4121, -2.0354"
1008,却 又 开始 惴惴不安 的 怕 被 谁 截去 一 [MASK]  。,个,刀,-1.608851432800293,"刀, 眼, 个","-1.6089, -1.8491, -2.1103"
1009,"都 射 了 6 [MASK] 了 , 这个 女 的 还 要 http t cn z0gw3vv 我 的 娜塔莎 爱情 公寓 Hello 小姐 大卫王 与 贵妃 军情 解码 天天 向上 杀 虎口 客服 很 忙 假如 爱 有 天意 乌托邦 办公室 狐步 谍影 禁止 的 游戏 历史 的 进程兔 宝宝 超级 巨星 青  之 味 戒烟 不 戒酒",次,次,-0.163252592086792,"次, 个, 点","-0.1633, -2.9849, -3.9138"
1010,扫盲 [MASK] 2011 之  十 大 热门 段子,帖,节,-2.0997250080108643,"节, 记, 篇","-2.0997, -2.4998, -2.6094"
1011,20111223 一 生 一 [MASK]  之 东 成西 就 2012 陈翔 比武 招亲 摄 by 土土 分享 自,世,世,-0.03488455340266228,"世, 次, 路","-0.0349, -3.5163, -7.1252"
1012,我 不 想 三 四 [MASK]  都 无 球 可 打 。,个,场,-1.6949512958526611,"场, 级, 点","-1.6950, -1.9571, -2.1557"
1013,"雪域 天晴郎 , 腊梅 处处 香 , 吃 完 烤鱼 , 买 [MASK]  回家 去",束,点,-0.4851149916648865,"点, 个, 回","-0.4851, -1.9192, -3.4826"
1014,又 是 一 [MASK] ,个,个,-1.8798950910568237,"个, 次, 家","-1.8799, -2.9425, -2.9984"
1015,半夜拉 肚 纸 真 不 是 [MASK] 好  接着 睡 了,件,只,-0.0652240663766861,"只, 个, 等","-0.0652, -4.5518, -5.3066"
1016,这 2 天 每 天 做 梦 都 在 锻炼 麻痹 昨天 梦到 和 沃伦 一 [MASK] 练手  难道 真 是 我 太 寂寞 了,起,起,-0.023447275161743164,"起, 样, 块","-0.0234, -4.6582, -4.6946"
1017,终於 都 解放 了 呢 妈咪 你 快 [MASK] ,滴,点,-0.991851806640625,"点, 下, 等","-0.9919, -2.3842, -2.6986"
1018,漂亮 女 老师 惨遭 凌辱 http t cn z0gzl3B 小鹿斑比 万 有 引力 画壁 单身 女王 英雄 梦幻曲 七十二 [MASK]  粤语 版 铁石心肠 我 的 野蛮 女友 2 夜 店 告密者 新 电影 传奇 特工 008 拆弹 部队 武林 外传 香奈儿 的 秘密 情史 恋人 絮语 老马家 的 幸福 往事 花木兰 铁面 歌女,家,回,-1.9636820554733276,"回, 章, 首","-1.9637, -2.1772, -2.2008"
1019,"送 一 大 [MASK] 白  虽然 浪漫 , 但 让 我 觉得 有点 奢侈 啊 !",束,片,-1.295853853225708,"片, 块, 杯","-1.2959, -1.4722, -2.8775"
1020,"读书 时 , 以前 那 [MASK] 中午 午睡 晚上 早睡 早上 六点半  校 的 我 到 之后 每 天 早上 七 点 起来 经常 差点 迟到 的 我 。",个,个,-0.4457799792289734,"个, 种, 样","-0.4458, -1.3206, -3.4187"
1021,"几 [MASK]  女儿 爱 自己 的话 , 爸爸 抱 着 我 , 他 哭 我 哭 妈妈 哭 小姨 哭 。",句,句,-0.07488711178302765,"句, 个, 次","-0.0749, -2.8007, -5.7298"
1022,天翼 快讯 1 铁道部 启动 新 一 [MASK] 客票  规划 及 设计 。,代,轮,-0.2589201331138611,"轮, 代, 波","-0.2589, -1.8422, -3.0321"
1023,"这个 新年 似乎 还 没 玩够 睡够 就 匆匆 要 打包 行李 了 , 带 着 一 [MASK] 的 ",肚子,堆,-2.0619800090789795,"堆, 个, 些","-2.0620, -2.2406, -2.4631"
1024,限制级 为 4 [MASK] 的  http t cn z0eom40 盘 龙 卧虎 高 山顶 暗香 内线 上 错 花轿 嫁对郎 小兵 张嘎 鲜花 朵朵 女 神捕 聚宝盆 还 珠 格格 2 欢喜 婆婆俏 媳妇 沧海 蜗居 浙版 西游记 永 不 瞑目 铁 梨花 大 境门 说好 不 分手 杨光 的 快乐 生活 3 命运 兵峰 聊斋 3 黑 冰,级,级,-0.22080552577972412,"级, 位, 楼","-0.2208, -3.1563, -3.6605"
1025,社会 逼迫 我 要 带 一 [MASK] 面具 天使 ,层,个,-0.6615458726882935,"个, 副, 只","-0.6615, -1.7020, -3.3083"
1026,"不 难 发现 , 我 每 [MASK]  包括 转发 都 是 有 目的 的 。",篇,次,-0.4331510663032532,"次, 帖, 发","-0.4332, -2.3445, -2.5425"
1027,"生命 是 一 [MASK]  , 可悲 的 是 它 不 能 重来 , 可喜 的 是 它 不 需要 重来 。",个,次,-0.9222499132156372,"次, 回, 场","-0.9222, -1.8955, -2.5886"
1028,接 下来 发 一 [MASK] 80 年代  的 照片,组,张,-0.8110925555229187,"张, 些, 组","-0.8111, -1.4025, -1.7816"
1029,"新年 到来 , 我 也 结束 了 一 [MASK]  , 希望 新 的 一 年 有 新 懈逅",段,下,-0.8191336989402771,"下, 些, 次","-0.8191, -1.6498, -2.9058"
1030,"山西 静乐 县委 书记 因 女儿 吃空饷 5 年 被 免职 太原 1 月 15 日 电 因  是 地方 官员 , 竟 让 读书 的 女儿 吃 财政 空饷 长 达 5 年 , 1 月 15 日 , 这 [MASK] 身为 县委 书记 的 父亲 因此 被 免职 。",位,位,-0.1380956619977951,"位, 名, 个","-0.1381, -2.1869, -4.1409"
1031,"分享 我 的 POCO 作品 福布斯 寰球 价码 最高 10 [MASK]  , 快来 看 呀",位,分,-2.145573377609253,"分, 套, 个","-2.1456, -2.1491, -2.4051"
1032,"就算 这 牌子 没 怎么 见 过 , 看 这 [MASK]  , 国内 要 卖 800 人民币 左右 。",款,个,-0.8212651014328003,"个, 样, 款","-0.8213, -1.5611, -2.7197"
1033,"纵使 你 有 千 [MASK] 的  , 那 有 能 表明 你 有 多 在乎 ?",番,次,-1.8117210865020752,"次, 个, 样","-1.8117, -2.6148, -2.7350"
1034,"宁 士高 跳 过 警卫 的 尸体 大 叫 道 , 这时 前面 传来 三 [MASK]  响 。",声,声,-0.08226999640464783,"声, 个, 道","-0.0823, -3.0933, -4.8644"
1035,睡 了 五 [MASK]  又 爬 起来 了,个,点,-0.7835939526557922,"点, 分, 次","-0.7836, -1.4797, -2.3520"
1036,昨天 做 了 [MASK]  到 我 放弃 了,个,轮,-0.9434483051300049,"轮, 等, 下","-0.9434, -1.3023, -2.7546"
1037,"周末 就 是 福利哇 , 难得 我 又 睡 了 [MASK] 好  , 虽然 内心 的 矛盾 并 未 消散 , 但 我 真 的 真的 快乐 轻松 了 不少 。",个,个,-0.056873347610235214,"个, 顿, 点","-0.0569, -3.5815, -4.6054"
1038,你 舍得 起身 未 打佐 6 [MASK]  你 啦,个,帮,-1.4433190822601318,"帮, 等, 架","-1.4433, -1.9951, -2.8437"
1039,"十九 [MASK] 的  今天 你们 英语 课 怎样 啊 因为 生病 关机 了 , 碰巧 英语 老师 有 事 回家 , 她 的 交待 短信 我 木 有 收到 , 啊 希望 课 过 得 还 可以 吧 对 不 起 了",班,级,-0.7537391185760498,"级, 号, 班","-0.7537, -1.6595, -1.7494"
1040,"2012 年 春节 期间 , 我 来到 了 一 [MASK] 山里  2012127 乡村 生活 体验 中 !",个,个,-0.8177841901779175,"个, 座, 家","-0.8178, -1.2311, -3.1362"
1041,"送 祝福 喜 迎 新春 转发 得 小 米 F [MASK]  所有 米粉 龙年 大吉 学业 节节 高升 , 爱情 甜甜蜜蜜 , 事业 顺顺 利利 , 家庭 美美 满满",码,家,-1.9437479972839355,"家, 帖, 等","-1.9437, -2.9580, -2.9792"
1042,真 是 一 [MASK] 有 阳光 的 温暖  !,个,种,-0.534568190574646,"种, 个, 份","-0.5346, -1.3472, -2.3345"
1043,"如果 电影 都 需要 有 一 [MASK]  的话 , 金陵 十三钗 的 主题 必须 是 救赎 。",个,个,-1.1042193174362183,"个, 次, 点","-1.1042, -2.1975, -2.7535"
1044,"我 参与 了 发起 的 投票 乐排网 TOP 看 音乐 第 27 期 , 我 投给 了 陈楚生 爱情 是否 依然 这 1 [MASK]  。",个,点,-1.411347508430481,"点, 位, 项","-1.4113, -2.3823, -2.6317"
1045,"打扫 卫生 洗衣 做饭 虽然 累 , 可 这 [MASK]  的 感觉 好 幸福 !",种,样,-0.018279187381267548,"样, 家, 般","-0.0183, -4.2075, -7.0808"
1046,粤语 歌 真 难学 虽然 好听 但 这 到底 是 哪 [MASK]  的 语种 我 学得 快 疯 了 !,个,样,-0.8173839449882507,"样, 门, 家","-0.8174, -1.5293, -2.0844"
1047,"经过 13 [MASK]  的 奔波 , 终于 到 我 家 的 小 县城 了",个,次,-0.3085167706012726,"次, 个, 路","-0.3085, -2.6543, -2.9210"
1048,"撑 麦王 争霸 , 下 [MASK] 我  参加",次,次,-1.2498878240585327,"次, 面, 场","-1.2499, -1.4652, -1.9884"
1049,两 [MASK]  在 洗澡 挨 我 偷拍 一直 喊 冷,个,个,-0.29676130414009094,"个, 位, 口","-0.2968, -2.2985, -3.5877"
1050,"小 朋友们 玩 的 也 欢乐 , 代币 是 一 人 二十 [MASK] ",个,家,-2.226072311401367,"家, 个, 张","-2.2261, -2.4726, -3.1033"
1051,公司 吃 团圆饭 抽 中 三 [MASK]  !,等,次,-1.8211392164230347,"次, 张, 分","-1.8211, -1.9133, -2.0403"
1052,"一 生 中 的 7 [MASK]  1 应当 多 一点 善心 , 少 一点 心眼 。",个,个,-1.1186472177505493,"个, 件, 点","-1.1186, -1.2901, -1.9662"
1053,有 时候 自己 就 会 想 这样 的 生活 什么 时候 才 是 [MASK]  啊 ?,个,对,-0.674312949180603,"对, 家, 棒","-0.6743, -1.7567, -3.1712"
1054,"酷毙 了 视觉 系 米拉乔沃维奇 , 虽然 你 经常 演 生化 危机 , 拍 [MASK] 法国 名酒  也 不 必 搞 得 这么 The End Of The World 吧 , 闪电 龙卷风 海啸 地震 冰风暴 , 整 得 跟 代言 2012 似 的 高清 组图",个,个,-1.1633892059326172,"个, 些, 点","-1.1634, -1.2259, -2.9280"
1055,"你 地 T 几 乱 , 多谢 感夜仲系街 打包 比 我 [MASK] ",个,家,-2.5996389389038086,"家, 对, 发","-2.5996, -2.9198, -3.0237"
1056,"明天 是 老爸 生日 , 因为 亲友 太 多 , 我们 决定 去 餐馆 订餐 , 并且 多 点 [MASK]  , 帮 亲友们 解解 油腻 , 亲友们 都 赞成 这个 提议 , 说 真的 吃 不 动 大",些,餐,-0.452889621257782,"餐, 点, 面","-0.4529, -1.1665, -4.1455"
1057,"谢谢 今天 姐夫哥 为 我 唱 的 那 [MASK]  , 听 的 很 心酸 , 爱 你们 ,",首,首,-0.1706005483865738,"首, 些, 曲","-0.1706, -3.0599, -3.2479"
1058,"热 热 的 糯米 园子 出锅 了 , 我 和 妈咪 第一 [MASK]  !",次,次,-0.27504774928092957,"次, 个, 口","-0.2750, -2.5062, -3.6922"
1059,"人生 感悟 与 朋友 闲聊 , 他 说 很 想 抽点 时间 多 读 [MASK]  , 以 充实 自己 。",点,点,-0.40160852670669556,"点, 些, 下","-0.4016, -1.2804, -3.3935"
1060,"iphone4s 就 这个 [MASK] 为什么 那么 令 人 疯狂 ,  解释",样,样,-1.7894830703735352,"样, 名, 点","-1.7895, -2.0643, -2.1199"
1061,天啊 我们 四 [MASK]  了 多少 啦 撑死 啦,个,分,-1.8658843040466309,"分, 点, 个","-1.8659, -2.3126, -2.6746"
1062,"还 有 几 [MASK]  我 就 会 回到 你 身边 , 等 着 我",个,次,-1.2218759059906006,"次, 个, 分","-1.2219, -1.5874, -1.9525"
1063,"大年 初一 , 老天爷 给 了 大家 好 天气 , 出 了 大 太阳 , 阳光明媚 今年 会 是 [MASK] 好  噢",个,样,-0.5161965489387512,"样, 个, 家","-0.5162, -1.3055, -3.1179"
1064,"亚 只 有 沉溺 工作 , 不 让 自己 有 一 [MASK]  的 机会 想起 远 。",丝,次,-0.13856445252895355,"次, 丝, 点","-0.1386, -3.4175, -3.6374"
1065,被 两 [MASK]  的 基情 刷屏 了 !,个,位,-1.1367688179016113,"位, 个, 家","-1.1368, -1.5659, -2.2098"
1066,"所谓 光鲜 的 时尚 产业 , 其 生产 过程 是 劳苦 和 一 [MASK] 不  的 。",丝,点,-0.9165713787078857,"点, 丝, 个","-0.9166, -2.0673, -2.1217"
1067,"我 真 的 , 好 想 再 用 那 [MASK]  同 人 的 调调 写 SS , 呵呵 呵呵 呵呵",个,种,-0.28163012862205505,"种, 个, 些","-0.2816, -2.0968, -3.1116"
1068,传闻 一 [MASK] 赣南  的 退休 老 工人 把 尸体 的 乳房 和 阴部 割 下 带 回家 。,名,位,-0.7352033853530884,"位, 个, 名","-0.7352, -1.1641, -1.6858"
1069,为什么 费翔 不 唱 冬天 一 [MASK]  天 干 物燥 小心 火烛 连 春晚 都 迷信 了,把,样,-0.6822885870933533,"样, 起, 般","-0.6823, -2.4486, -2.5136"
1070,只 是 她 需要 碰上 一 [MASK] 懂事 的  。,个,个,-0.11770645529031754,"个, 些, 位","-0.1177, -3.0448, -3.4611"
1071,清純 妹妹 脱衣 苍天 有 泪 双面 女友 喜羊羊 与 灰 太 狼 之 给 快乐 加油 爱 到底 安娜卡列尼娜 一 [MASK] 把 你 打到 菜市口 乞者 胆小鬼 疯狂 的  大 汉 天子 单身汉 与 时髦 女郎 闯荡 赤焰 战场 喋血 北平 大 路 之 歌 番茄 姐弟 武林 风 白色 情人节,拳,路,-1.4036307334899902,"路, 个, 拳","-1.4036, -1.5820, -2.1308"
1072,早点 休息 明天 初一 新 的 一 年 希望 你 有 一 [MASK] 新 的 ,个,个,-0.2632792294025421,"个, 份, 颗","-0.2633, -2.5415, -3.6751"
1073,"希望 有 个人 , 在 我 嘴里 说 没事 的 时候 , 看出 我 不 是 真的 没事 有 [MASK]  , 在 我 强颜欢笑 的 时候 , 知道 我 不 是 真的 开心",个,样,-2.1408298015594482,"样, 处, 节","-2.1408, -2.1695, -2.1915"
1074,30 [MASK]  。,个,分,-1.0273737907409668,"分, 次, 个","-1.0274, -2.7116, -3.0437"
1075,一 [MASK]  却 勾 不 起 一点 睡意,瓶,点,-0.6795445084571838,"点, 丝, 眼","-0.6795, -2.1463, -3.0364"
1076,"本来 今天 是 不 怎么 开心 的 刚好 碰到 个人 以为 他 可以 下午 陪 我 聊聊天 的 , 谁 知道 那 [MASK]  居然 闹 失踪",个,个,-0.618843674659729,"个, 位, 次","-0.6188, -1.2967, -2.2852"
1077,"谢谢 制作 这 [MASK]  的 亲 , 因为 太 喜欢 所以 转 了 , 想 让 更 多 的 粉看到 。",部,个,-0.8136824369430542,"个, 篇, 张","-0.8137, -1.7751, -2.8432"
1078,"不 一定 过 着 优雅 豪华 的 生活 , 我 愿意 在 平凡 的 生活 中 寻求 那 [MASK]  !",份,些,-0.5218511819839478,"些, 份, 个","-0.5219, -1.4078, -2.4993"
1079,"爸 邀 我 和 妈 打牌 , 只 到 现在 结束 , 他 就 没 给 我们 几 [MASK] 做庄 的  。",次,个,-0.04839438945055008,"个, 位, 次","-0.0484, -4.2998, -4.9143"
1080,"沈思 博转山 转 水 转 过 庄凝 这 [MASK]  , 只 为 遇见 谢端 , 情 若 锦瑟无端 , 长 不过 执念 , 短 不过 善变 , 走完 执念 , 庄凝 的 尽头 便 是 齐 享错 过 你 为 遇见 谁",座,世,-0.8384413719177246,"世, 样, 次","-0.8384, -1.5005, -1.9541"
1081,我 还 是 [MASK]  吗 ?,个,家,-1.0305830240249634,"家, 行, 个","-1.0306, -2.3807, -2.7125"
1082,喝喝喝哈搓搓 的 你 是 不 是 [MASK] 缺  眼 哦,个,眼,-0.9764267802238464,"眼, 脸, 发","-0.9764, -1.3885, -2.0396"
1083,我 的 世界 跟 你们 不 在 一 [MASK]  上 没有 任何 交集,个,起,-0.4736148416996002,"起, 路, 点","-0.4736, -2.2032, -2.6124"
1084,"今天 跟 老妈 两 [MASK]  在 家 , 所以 做 了 牛肉饭 。",个,个,-0.46731996536254883,"个, 口, 次","-0.4673, -1.2337, -4.2714"
1085,"怪 之 得 锦 头晕 啦 , 原来 我 训左 三 [MASK]  有 多 了",个,个,-2.097008228302002,"个, 眼, 点","-2.0970, -2.3961, -2.5685"
1086,阿婆 屋 企 多 左 一 [MASK] 传销  距 讲 无 人 讲 啊,个,个,-1.701859712600708,"个, 家, 间","-1.7019, -2.4403, -2.4895"
1087,"得 拉 , 先 是 年 前 一 [MASK]  电脑 坏 , 离 过 年 两 天 摩托车 坏 , 现在 电视 又 坏 , 你 到底 想 我 怎么样咯 ?",个,个,-1.5734301805496216,"个, 次, 点","-1.5734, -1.6470, -2.2445"
1088,到达 土耳其 给 我 第一 印象 一 [MASK] 现代  的 城市 比 我 想 得 强 多 了,座,个,-0.15449786186218262,"个, 座, 般","-0.1545, -2.7926, -3.6817"
1089,"大过 年 的 , 让 我 在 机场 看见 范伟 了 , 哈哈 , 他 不 上 春晚 也 来 多伦多 过年 啊 还 跟 老爹 一 [MASK] ",趟,起,-0.676099419593811,"起, 样, 个","-0.6761, -1.1064, -2.6301"
1090,"我们 要 好好 生活 因为 世界 上 只有 一 [MASK] 你 所以 别  自己 , 没有 人 能 控制 你 的 情绪 只有 你 自己 , 开心 就 笑 不 开心 就 叫 。",个,个,-0.004397031385451555,"个, 只, 种","-0.0044, -6.6060, -6.9573"
1091,"担心 一 [MASK]  , 担心 她 是否 安好 , 担心 她 是否 心情 好 了 , 担心 她 是否 还 会 害怕 , 担心 她 是否 已经 深入 睡眠 , 担心 她 是否 已 忘 却 不 快 , 妞 , 开心 起来 , 肥 才 开心 。",个,下,-0.5186375975608826,"下, 点, 些","-0.5186, -1.5701, -2.5354"
1092,上传 了 2 [MASK]  到 相册 乓乓 乒乒,张,张,-0.12094834446907043,"张, 片, 回","-0.1209, -3.3021, -3.4978"
1093,这 [MASK] 这个 我  Keep Keep !,次,个,-0.0035773650743067265,"个, 样, 张","-0.0036, -7.6696, -8.0530"
1094,"记者 想 , 有 4 [MASK]  可以 勾勒 出 他们 的 面庞 刻画 出 他们 的 心灵 , 那 就 是 忠诚 奉献 深情 和 追求 。",个,点,-0.8618637919425964,"点, 个, 种","-0.8619, -1.8245, -1.9210"
1095,"这个 时候 , 我 睡 [MASK]  吧",个,下,-0.37456557154655457,"下, 眼, 样","-0.3746, -2.7666, -3.2359"
1096,108 [MASK]  。,朵,章,-2.049726963043213,"章, 次, 号","-2.0497, -2.2903, -2.8826"
1097,欧阳 夏丹 真 是 [MASK] 全  !,个,双,-0.11010026186704636,"双, 个, 味","-0.1101, -4.2612, -4.5497"
1098,"社会 新闻 9 岁 女孩 学艺 4 年 成 剪纸 高手 妙手 剪 双龙贺 新年 龙年 来 了 , 滨东 小学 二 年级 的 张晗 小 姑娘 花 3 天 时间 , 用 红 纸 剪出 这 [MASK]  约 70 厘米 的 双 龙 戏珠 。",幅,幅,-1.4141987562179565,"幅, 个, 条","-1.4142, -1.4900, -1.7060"
1099,"突然 想起 李鸫 老板 的 一 [MASK]  多 搭桥 , 少 树 墙 。",句,句,-0.17527061700820923,"句, 些, 段","-0.1753, -3.3128, -3.8666"
1100,你 讲 得 啱啊 你 就 系贱 你 真 系贱 你 系 一 [MASK] 贱人  无辜 甘柒 可 怜 你 就 犯人 变 被害人 我 就 被害人 变 犯人 你 好 嘢咯,个,个,-0.10122176259756088,"个, 班, 群","-0.1012, -3.3732, -4.8864"
1101,"目前 的 感觉 是 微博 至少 有 两 [MASK]  , 一 是 狐朋狗友 互相 捧臭脚 , 二 是 提供 一点 原创 , 我们 专业 叫 UGC 。",个,点,-1.151949405670166,"点, 种, 个","-1.1519, -1.4515, -1.4872"
1102,"韩寒 对 掐方 舟子 方舟子 说 我 相信 如果 是 在 一 [MASK] 公正 的  , 我 是 不 会 败诉 的 。",个,个,-0.20080745220184326,"个, 起, 种","-0.2008, -3.3925, -3.8891"
1103,发表 了 一 [MASK] 转载  转载 一 失足 成千古恨 图,篇,篇,-1.4771747589111328,"篇, 些, 次","-1.4772, -1.5202, -2.0718"
1104,"我 好 担心 啊 , 她 第一 [MASK] 关  那么 久 , 好 无助 啊 !",次,次,-0.0717848539352417,"次, 个, 眼","-0.0718, -3.8395, -4.4446"
1105,"我 在 盛大 起点 中文网 找到 一 [MASK] 神  足球 圣徒 , 精彩 好 书 一定 不 要 错过 啊 。",本,个,-0.8040780425071716,"个, 位, 名","-0.8041, -1.7299, -2.4375"
1106,我 擦这集 竟然 有 两 [MASK]  都 成 电影 了,个,集,-0.037204667925834656,"集, 个, 部","-0.0372, -4.3347, -4.6837"
1107,"帮 朋友 处理 一 [MASK] 淘宝  的 售后 问题 , 买来 没 几 天 坏 了 找 客服 , 我 随手 点 了 下 交易 详情 , 瞬间 我 就 不 淡定 了",宗,下,-0.242024227976799,"下, 个, 些","-0.2420, -2.1763, -2.6668"
1108,3 [MASK]  可 供 选择 。,种,种,-0.7164543867111206,"种, 款, 个","-0.7165, -1.8322, -2.2427"
1109,"细佬 发烧 , 漏夜送 医院 吊针 , 细佬 想 听 歌 , 罗出 打晒 结嘅 耳机 , 老豆 即刻 就 抢 左 去 为 据解 结 我 鼻 一 [MASK]  , 然后 好 想 喊 , 父母 对 你 的 爱 就 是 无微不至 !",阵,下,-1.708465337753296,"下, 口, 样","-1.7085, -1.7653, -2.7780"
1110,体育课 班 傻仔 打爆咗 [MASK] ,个,家,-2.7326602935791016,"家, 班, 组","-2.7327, -2.8974, -3.1632"
1111,CF 好像 仿照 战争 机器 了 看 兽族 皮肤 和 后面 那 [MASK] 机器 ,个,个,-0.73384690284729,"个, 些, 台","-0.7338, -1.4882, -2.6231"
1112,来 吧 第二 [MASK]  让 通宵 来 的 更 猛烈 些 吧 !,个,章,-1.1874148845672607,"章, 次, 集","-1.1874, -1.6296, -2.9730"
1113,职职 居然 出现 了 十八 [MASK]  全 亮 的 选手 !,盏,个,-0.9446022510528564,"个, 位, 名","-0.9446, -1.3336, -1.7323"
1114,一 [MASK] 一刀剜  你 心口 上 。,刀,刀,-0.007730184588581324,"刀, 把, 口","-0.0077, -6.0928, -7.3690"
1115,这 [MASK]  貌似 在 哪里 见 过 。,张,个,-0.39111748337745667,"个, 些, 张","-0.3911, -2.9308, -3.2232"
1116,"过年 打扫  有感 当 打扫 完 二 [MASK] 卫生 的 时候 , 三 楼 的 又 来 了 , 打扫 完 三 楼 后 , 四 楼 的 又 没 打扫 , 这样 下来 要 想 打扫 完 家 里 的 卫生 也 需要 好 几 天 。",楼,楼,-0.0024412842467427254,"楼, 层, 班","-0.0024, -6.2347, -8.9260"
1117,刚 订 了 mcqueen 的 两 [MASK]  !,样,套,-2.1278669834136963,"套, 张, 位","-2.1279, -2.1676, -2.5511"
1118,"为 解决 此 问题 , 牛顿 潜心 研究 创立 了 微积分 , 将 一 [MASK] 名 叫 高等 数学 的 新  设为 全 校 的 必修课 , 并 规定 不 及格者 来 年 必须 缴费 重修 直 到 通过 。",门,门,-0.26988911628723145,"门, 种, 个","-0.2699, -2.1700, -2.9128"
1119,外面 的 各 [MASK]  不断 2012 来 喏各位 同仁 新年 快乐 !,种,位,-0.727886438369751,"位, 种, 行","-0.7279, -1.0092, -3.1640"
1120,"粉丝 颁奖 典礼 最近 转发 了 我 88 [MASK]  , 获得 了 我 颁发 的 最 爱 转发 奖 , 获得 提名 的 还 有 谢谢 你们 一路 陪 着 我 !",条,次,-1.3512341976165771,"次, 条, 帖","-1.3512, -1.6736, -1.8334"
1121,为什么 命运 要 让 两 [MASK] 不 可能 在一起 的  相遇,个,个,-0.1085784062743187,"个, 段, 次","-0.1086, -3.6016, -3.6354"
1122,"今年 要 红红火火 , 新年 快乐 , 放 [MASK]  。",个,眼,-0.711259663105011,"眼, 手, 下","-0.7113, -1.3412, -2.2046"
1123,"堵车 一团麻 的 二环 , 不 说 好多 都 回家 了 吗 , 咋还 一 天 比 一 天 [MASK] 的 我  。",堵,堵,-0.007781423162668943,"堵, 等, 路","-0.0078, -6.7199, -6.9287"
1124,"才 12 [MASK]  , 我 决定 要 调 自己 的 胃口 , 回到 广州 才 打开 。",个,点,-0.8333474397659302,"点, 号, 楼","-0.8333, -1.1360, -3.0500"
1125,再度 重 遇 国内 唯一 一 [MASK] 天花 可 变 色温 的 737800 ,台,台,-0.4182720184326172,"台, 款, 架","-0.4183, -2.0207, -3.2175"
1126,补眠 补眠 晚安 了 做 [MASK] ,个,家,-1.8899931907653809,"家, 个, 发","-1.8900, -2.1705, -2.9347"
1127,此刻 肚子 饿 了 才 想起 自己 今天 一 天 都 没 吃 什么 只 是 中午 吃 了 两 [MASK]  现在 要 去 煮饭 了 等 爸 妈 还 有 哥 回来 吃饭 噢噢 我 是 幸福 的,粒,个,-1.33826744556427,"个, 次, 顿","-1.3383, -2.1284, -2.1421"
1128,"外面 烟花 噼里啪啦 的 , 春节 的 气息 浓烈 啊 , 亲爱们 , 望 你们 能 过 [MASK] 十全十美 的  龙年",个,个,-0.005504351109266281,"个, 条, 些","-0.0055, -6.0900, -7.0179"
1129,"到处 都 是 背起 行囊 赶车 回家 的 人 , 归心似箭 , 家 的 含义 就 是 , 不管 你 有 多 难过 , 多 疲惫 , 到 了 那 [MASK] 被 称为 家 的  , 立即 满 血 复活",个,个,-0.6301611661911011,"个, 些, 种","-0.6302, -1.0847, -2.7212"
1130,"心 香 一 瓣 永远 不 会 没有 人 爱 你 , 因为 世上 最 爱 你 的 人 就 是 你 的 身体 , 无论 你 多 [MASK]  它 伤害 它 , 它 也 没有 微言 继续 支持 你 , 养活 你 。",番,对,-0.38384854793548584,"对, 帮, 管","-0.3838, -2.0814, -2.9042"
1131,"她 的 背 轻轻 倚 在 沙发 靠 上 , 身体 坐 直 , 微 红 的 脸上 浮 起 一 [MASK]  , 对着 余 宏 。",缕,团,-1.0528099536895752,"团, 丝, 张","-1.0528, -2.2236, -2.2911"
1132,有时候 我 只 是 需要 一 [MASK] 说话 的  。,个,个,-0.43137845396995544,"个, 点, 些","-0.4314, -2.3457, -3.0532"
1133,"喜欢 一 [MASK]  , 似乎 也 不 一定 都 是 幸福 的",个,个,-0.38653552532196045,"个, 起, 些","-0.3865, -2.4270, -2.4624"
1134,"谢谢 我 妈生 了 我 , 还 给 我 一 [MASK] 这么 漂亮 的  双眼皮 长 睫毛 哦咦 嘻嘻 玩 笑啦",双,条,-1.4631487131118774,"条, 根, 个","-1.4631, -1.5717, -2.1079"
1135,"中午 管理 人员 餐厅 的 四 [MASK]  茄子 青菜 炸鸡腿 肉 , 我 只 能 吃 青菜 , 什么 天理 啊 我 跟 老妈 说 她 笑 了",样,个,-1.344090223312378,"个, 季, 片","-1.3441, -1.7111, -2.5689"
1136,如果 是 你 在 这个 处境 下 请用 四 [MASK]  形容 您 的 感觉,个,个,-0.9852004051208496,"个, 句, 行","-0.9852, -1.9363, -2.5908"
1137,"在 所有 的 维生素 中 , 维 C 是 人体 每 天 需要量 最 多 的 维生素 , 因为 维 C 比 其它 维生素 或 矿物质 更 多 地 耗用 于 各 [MASK] 人体  。",种,种,-0.7793177962303162,"种, 个, 类","-0.7793, -0.9617, -1.9647"
1138,"我 在 盛大 起点 中文网 找到 一 [MASK] 神  无 限 斩杀 , 精彩 好 书 一定 不 要 错过 啊 。",本,个,-1.0078572034835815,"个, 把, 些","-1.0079, -2.1464, -2.6274"
1139,"我 弟 手 里 的 相机 , 像 一 [MASK]  流逝机 。",台,台,-0.7611501812934875,"台, 个, 架","-0.7612, -1.8229, -1.9019"
1140,"似乎 不 是 , 你 看 他 乒乓球 打 得 多 好 , 还 养 了 [MASK]  , 呵呵 控制 能力 蛮好 的",个,家,-0.6697002649307251,"家, 个, 眼","-0.6697, -2.3343, -2.9060"
1141,"继续 着 我 的 失眠 之 痛 , 冰冷 的 雨 , 洋洋洒洒 的 沥下 城市 就 像 是 一 [MASK]  , 开始 变 得 灰暗 不已 。",座,片,-0.8933607935905457,"片, 样, 幕","-0.8934, -1.8697, -3.0618"
1142,我 参与 了 发起 的 投票 你 最 喜欢 MIC 的 那 [MASK]  ?,首,种,-0.5033693909645081,"种, 个, 款","-0.5034, -1.2459, -3.5736"
1143,发表 了 一 [MASK] 转载  转载 二十一 度母 礼赞 文 大宝 法王 率领 僧众 唱颂,篇,篇,-1.3161296844482422,"篇, 些, 次","-1.3161, -2.0413, -2.0950"
1144,想 做 [MASK]  的 人但 就 我 个人 守时 了,个,对,-0.15894760191440582,"对, 家, 点","-0.1589, -2.9953, -4.3277"
1145,"9700 拍摄 用 手头 的 黑莓 9700 拍 同样 一 [MASK]  , 模式 不同 , 味道 也 大 不 一样 。",处,张,-0.18012815713882446,"张, 组, 个","-0.1801, -3.3251, -4.0182"
1146,"还 有 两 [MASK]  就 下班 了 , , 上班 下班 都 无聊 。",个,个,-0.864647626876831,"个, 次, 点","-0.8646, -2.0600, -2.4220"
1147,"经过 一 [MASK]  终于 把 它 摆平 了 , 邻居 都 过来 询问 。",番,番,-0.33739981055259705,"番, 次, 下","-0.3374, -2.2679, -2.9937"
1148,今年 除夕 还是 一 [MASK]  在一起 吃饭 唯一 的 遗憾 是 爷爷 的 离开 回想 去年 的 今天 他 还 在 我 的 身边 心 好 痛 好痛 我 多么 希望 时光 倒回 让 我 再次 拥有 你 你 一定 要 在 天堂 好好 的,家,起,-0.18530234694480896,"起, 家, 样","-0.1853, -2.5623, -3.1652"
1149,"有 一 [MASK]  真 不 适合 带回 家 外日 , 我 真 错 了",种,种,-1.1859363317489624,"种, 些, 点","-1.1859, -1.6672, -2.0804"
1150,看上 一 [MASK] 法兰克 ,款,眼,-1.5952959060668945,"眼, 个, 次","-1.5953, -1.9432, -2.4715"
1151,"饮 多 两 [MASK]  也 都 唔知 , 无 晒 知觉 唔知 发生 乜也事 。",杯,杯,-0.25287169218063354,"杯, 次, 口","-0.2529, -2.6680, -3.4156"
1152,"今天 把 一 [MASK] 齐 腰 的  剪 了 , 还 破天荒 的 拉直 了 才 发现 曾经 的 头发 是 有 多 干 哪 , 不过 剪 了 短发 , 还 延 不 习惯 的",头,头,-0.8205447793006897,"头, 个, 条","-0.8205, -1.8729, -2.2652"
1153,"饿死 了 , 没 吃午饭 , 现在 才 下班 回家 , 车上 怎么 一 [MASK] 麻辣烫 的  呀 受 不 了 !",股,锅,-1.3015354871749878,"锅, 顿, 个","-1.3015, -1.6430, -2.1250"
1154,吃 [MASK]  将 给 它 搞起 !,个,家,-1.6658587455749512,"家, 起, 下","-1.6659, -2.1826, -2.5153"
1155,"在 六班 的 最后 一 [MASK]  , 我 竟然 错过 了 。",节,节,-0.734455943107605,"节, 班, 次","-0.7345, -1.9149, -2.1883"
1156,"内 眼线 画法 6 步骤 一 学 就 会 第 1 [MASK]  眼皮 , 用 眼线 笔 从 眼 尾 开始 描绘 。",步,下,-0.6140437126159668,"下, 双, 个","-0.6140, -1.7433, -2.7233"
1157,开心 团购 春节 不 打烊 199 抢购 原 1288 的 彩贝儿 摄影 2012 乖 宝宝 套餐 服装 3 [MASK]  都 团购团 26,套,首,-1.705175518989563,"首, 家, 次","-1.7052, -2.1273, -2.3815"
1158,"面对 着 不 完整 的 曾经 的 喜欢 的 人 试验 饰演 恋人 , 只 能 拥有 一 [MASK] 不 完整 的  。",个,个,-0.1525047868490219,"个, 段, 些","-0.1525, -3.5991, -3.9975"
1159,"我们 在 旁边 观察 , 哪 一 [MASK]  将来 能 有 成就 , 哪 一 看到 一 念 菩提心 的 博文 转载 净空 法师 能 不 能 成就 都 在 谦敬 有感而发 的 评论 。",种,个,-0.595773458480835,"个, 位, 次","-0.5958, -2.0043, -3.3465"
1160,爱 变成 了 一 [MASK]  。,把,种,-1.4086570739746094,"种, 个, 样","-1.4087, -2.1045, -2.5422"
1161,"第一 [MASK]  皇马 , 让 我 惊出 了 一 身 冷汗 !",次,次,-1.3807222843170166,"次, 场, 回","-1.3807, -1.5336, -1.8424"
1162,"系 哩个 时刻 我 林 起 了 正在 上 夜班 的 你 再 过 一 [MASK]  就 要 起身 跑步 了 , 点算训 未 ?",个,下,-1.6176553964614868,"下, 阵, 个","-1.6177, -1.6715, -1.8905"
1163,"本来 以为 这 [MASK]  的 时间 会 非常 充裕 , 但是 才 是 一 不 小心 稍稍宅 了 一 天 而已 , 一 天 而 已 啊 。",次,样,-0.5152422189712524,"样, 次, 趟","-0.5152, -0.9772, -4.9541"
1164,足球史 上 最 诡异 的 十 [MASK] ,粒,个,-0.5672242641448975,"个, 张, 位","-0.5672, -2.4512, -2.7314"
1165,没 水 过 一 [MASK]  !,个,次,-0.5130156874656677,"次, 遍, 点","-0.5130, -2.8845, -3.0281"
1166,"泸州 夜晚 妖气 冲天 , 哈批 , 你 [MASK]  , 你 电话 不 接 被 妖魔 鬼怪 抓 进 水帘 洞 关起 了 啊 ?",个,家,-1.612081527709961,"家, 行, 对","-1.6121, -2.3777, -2.4567"
1167,饭局 也 疯狂 一 [MASK] 拥有 很 深刻 的 政治 讽刺 倾向 的  搞 喜剧片 。,部,部,-0.1878185272216797,"部, 个, 种","-0.1878, -2.5905, -3.9552"
1168,今晚 又 无 节目 啦 不过 为 佐初 四 [MASK]  我 会 努力 稳,个,节,-0.8197638988494873,"节, 班, 季","-0.8198, -0.9385, -4.2357"
1169,"珠珠 看 他 又 拿出 那 [MASK]  来 了 , 便 不再 说 下去 。",股,个,-0.8587653636932373,"个, 些, 本","-0.8588, -1.9068, -3.0407"
1170,"发表 了 博文 2010 年 5 月 11 日 D9 雍 布拉康 昌珠寺 2010 年 5 月 11 日 D9 雍 布拉康 昌珠寺 今天 一早 起来 退房 , 很 奢侈 地 花 了 10 [MASK]  打车 去 尼泊尔 大使馆 , 匆匆 在 大使馆 门口 的 照相馆 照",块,块,-0.13552922010421753,"块, 点, 刀","-0.1355, -2.9705, -3.4250"
1171,谁 饮 一 [MASK]  ?,壶,杯,-0.22447964549064636,"杯, 壶, 盏","-0.2245, -2.1769, -3.6208"
1172,"李思思 凭 什么 主持 央视 春晚 原本 六 人 行 的 主持群 朱军 配 周涛 , 李咏 配董卿 , 毕福剑 的 加入 是 最 大 特色 , 可 春晚 新人 李思思 的 亮相 更 是 增色 不少 , 俨然 为 春晚 主持界 带来 一 [MASK] 清新 之  。",股,股,-0.6562445759773254,"股, 片, 丝","-0.6562, -1.5761, -2.6486"
1173,"吃 [MASK]  睡觉 , 希望 这个 安眠药 有 效果 , 晚安 。",粒,餐,-1.1773167848587036,"餐, 点, 下","-1.1773, -1.6199, -2.5350"
1174,湖 人 三 [MASK]  太 弱 了,分,分,-0.5365718007087708,"分, 队, 名","-0.5366, -1.9527, -3.3166"
1175,"不 应该 是 谁 走进 我 的 心 , 而 是 谁 能 让 我 爱上 他 , 说不定 人家 的 心 也 是 冻结 的 呢 , 爱情 是 两 [MASK]  一起 经营 的 。",个,个,-0.4071146547794342,"个, 家, 手","-0.4071, -2.2897, -2.7444"
1176,我 在 www damai cn 发现 了 一 [MASK] 非常 不错 的  2012 南亚 之门 大型 群星 演唱会 昆明站 时间 是 20120218 场馆 在 昆明市 体育场 强烈 推荐 !,个,个,-0.1790802925825119,"个, 场, 次","-0.1791, -2.3790, -4.0138"
1177,"分享 图片 另 一 [MASK] 灿烂  , 爱 你 韩承羽 !",种,种,-0.8634219765663147,"种, 个, 份","-0.8634, -2.2529, -2.4364"
1178,"圣者 约翰克里斯多夫 终于 渡过 了 河 , 他 的 肩上 扛 着 一 [MASK]  , 他 放下 孩子 , 叹 口 气 问 孩子 , 你 多 重 啊 !",个,个,-1.2845951318740845,"个, 把, 架","-1.2846, -1.9710, -2.6169"
1179,新 伊 兰特 双门 版谍 照 曝光 有 望 引入 国内 网 上 车市 西安 分站 讯 近日 国外 媒体 再次 曝光 了 全新 伊 兰特 双门版 的 路 试 谍照 与 之前 不同 此 [MASK] 曝光  没有 采用 任何 伪装 这 也 可以 让 我们 更加 清晰 的 了解 此 款 车型 。,次,次,-0.018800528720021248,"次, 款, 处","-0.0188, -4.4210, -6.3500"
1180,泪 奔 四 [MASK]  过度 得 太 好 了 !,个,季,-1.746660590171814,"季, 个, 次","-1.7467, -1.9025, -2.4573"
1181,"晒 一下 当时 在 游 凤凰 古城 时候 , 小小 牺牲 自己 色相 的 而 赢得 的 奖励 两 [MASK] ",张,张,-0.9822739958763123,"张, 个, 块","-0.9823, -1.8607, -3.4097"
1182,"不 能 再 让 心情 这么 坏 下去 了 , 长久 的 失眠 只 会 让 自己 气 血 淤滞 得 更 厉害 , 让 自己 这 [MASK]  越来越 不 成样 了 。",张,样,-1.0160837173461914,"样, 次, 下","-1.0161, -1.9605, -2.0082"
1183,"韩寒 和  刚好 代表 80 后 价值 取向 的 两 [MASK] 郭敬明 要 名声 钱 虚荣 , 这 是 好 事情 我 不 想 贬低 他 。",面,个,-0.6876516342163086,"个, 位, 句","-0.6877, -0.9149, -3.5726"
1184,民主 的 表现 为 中央 与 地方 的 二 [MASK] 选举  。,级,次,-0.8203590512275696,"次, 级, 轮","-0.8204, -0.9195, -2.4335"
1185,"回来 了 回来 了 开开 心心 过 年 , 就算 回来 时间 短 , 总 比 一 [MASK]  在 那里 好 , 嘎 !",个,起,-0.9427058696746826,"起, 家, 个","-0.9427, -1.4041, -1.9008"
1186,新 还 珠 格格 之 人儿 何处 归 20 [MASK] ,分,家,-2.614434003829956,"家, 张, 集","-2.6144, -2.8054, -3.2512"
1187,"2012 年 1 月 8 日 , 广西 桂林 , 在 6 [MASK] 全 副 武装 的 公安 特警 的  下 , 阳桥 附近 一 通信 营业厅 的 工作 人员 曾 小姐 带 着 30 万 元 现金 安全 来到 银行 。",名,名,-0.030469009652733803,"名, 个, 位","-0.0305, -4.2436, -4.4125"
1188,250 克 好 利源 脆皮 软糖 鲜 乳球 混 合口味 580 元 近期 售出 103 [MASK] ,件,个,-2.045290946960449,"个, 家, 件","-2.0453, -2.5532, -2.7153"
1189,儿女 双 全 是 不 是 [MASK]  ?,个,对,-1.6372356414794922,"对, 等, 样","-1.6372, -1.9768, -2.1115"
1190,"男人 从 女人 那 最 想 得 到 10 [MASK]  , 看似 平淡 , 却 最 最 真实 !",种,件,-1.0776346921920776,"件, 个, 点","-1.0776, -1.2332, -1.9272"
1191,分享 图片 一 [MASK]  起火 啊 咋办尼,线,楼,-0.7822399139404297,"楼, 起, 次","-0.7822, -2.5733, -2.7310"
1192,第一 [MASK]  那么 正常 的 声音 !,次,次,-0.25173720717430115,"次, 个, 种","-0.2517, -1.9892, -4.1819"
1193,还 没来 的 及 开通 短信 功能 的 我 表示 今天 享受 不 到 这 [MASK]  了 。,种,个,-0.6855176687240601,"个, 些, 点","-0.6855, -1.4489, -2.7260"
1194,"刚 准备 打 电话 , 发现 手机 里 的 电话 号码 全 没 了 , , 昨天 晚上 睡前 没 事 做 , 看看 手机 里 那 [MASK] 什么 云  , 通通删 了 , 结果 电话 薄 里 的 号码 全 都 没 了 , 这下 怎么 办 噢 , 烦躁 !",个,个,-0.5165715217590332,"个, 些, 片","-0.5166, -1.7708, -2.6974"
1195,一大早 麻麻 就 各 [MASK] 不  。,种,种,-0.6888850331306458,"种, 个, 分","-0.6889, -1.8947, -2.2752"
1196,"如果 那 年 , 我们 多 对 或者 多 错 两 [MASK]  , 那么 现在 会 不 会 在 不同 的 地方 , 认识 完全 不同 的 人 , 做 着 完全 不同 的 事 果然 , 高考 的 迷人 之 处 , 不 是 在于 如愿以偿 , 而 是 阴差阳错 。",道,次,-0.015098798088729382,"次, 个, 件","-0.0151, -5.1993, -6.7858"
1197,"微博 就 是 一 [MASK] 横跨 心灵 的  , 走 过 了 无数 代沟 , 猜忌 , 不信任 还 有 差异",座,个,-0.5947750806808472,"个, 条, 块","-0.5948, -1.6743, -2.6666"
1198,比 你 见 下 [MASK] 大  哦,滴,面,-0.30113279819488525,"面, 次, 手","-0.3011, -3.3157, -3.3584"
1199,"内心 充满 忌妒 , 心 中 不 坦白 , 言语 不 正 的  , 不 能 算是 一 [MASK] 五 官 端正 的 人 。",位,个,-0.13179558515548706,"个, 名, 种","-0.1318, -2.9491, -3.4908"
1200,现在 还 有 谁 能 和 我 聊 三 [MASK]  呵呵,个,句,-0.6929844617843628,"句, 下, 次","-0.6930, -2.4597, -2.4930"
1201,"虽然 比分 没有 改写 , 可 球员们 都 很 积极 , 都 在 不遗余力 的 奔跑 另外 , 小 胡安 来 了 就 好好 的 踢意杯 , 别 让 副队 再 出场 了 , 那么 大 年纪 了 万一 伤 弄 [MASK]  就 不 好 了",个,个,-1.3206579685211182,"个, 下, 起","-1.3207, -2.3092, -2.5246"
1202,新年 第一 [MASK]  的 红包,拨,波,-1.3743420839309692,"波, 个, 次","-1.3743, -1.7595, -2.2555"
1203,"我 在 这里 攀枝 花 火车站 热 的 心 发慌 , 四 [MASK]  一 包厢 , 看书 的 看书 , 耍 手机 的 耍 手机 , 就 我 无聊 , 要 回家 了 , 把 过 年长 的 肉 甩掉 吧",个,个,-1.247499942779541,"个, 楼, 处","-1.2475, -1.3459, -2.3542"
1204,"很 喜欢 的 一 [MASK]  , 什么 时候 学会 相互 理解 , 那 将 会 是 永恒 的 乌托邦 。",句,段,-1.5636948347091675,"段, 部, 首","-1.5637, -1.8189, -2.3262"
1205,"有些 人 是 一辈子 做 不 了 淑女 的 , 因为 做 淑女 不 是 说说 , 想 装 就 能 装 的 , 而 是 由 内 而 外 的 一 [MASK] ",种,个,-1.3768543004989624,"个, 种, 些","-1.3769, -1.7676, -1.9596"
1206,"维生素 C 不 足 也 会 降低 免疫力 , 人们 可以 从 柑橘类 水果 中 摄取 这 [MASK]  。",种,些,-0.06593656539916992,"些, 类, 种","-0.0659, -3.6482, -3.8973"
1207,"Then , 猜猜 这 [MASK]  1 路 车 让 我们 等 得 好 辛苦 谢谢樊 阿姨 的 礼物 , 无敌 精致 的 鞋垫 , 叫 我 怎么 忍心 垫脚丫子 捏 ?",位,辆,-1.4417346715927124,"辆, 个, 趟","-1.4417, -1.4635, -2.0786"
1208,看到 这 阳光 灿烂 蓝天 白云 我 脑子 里 只 蹦出 一 [MASK]  !,句,句,-0.5948189496994019,"句, 个, 张","-0.5948, -1.0703, -4.4652"
1209,新年 快乐 趁 老豆 开工 前 拿佐 两 [MASK]  是 先 哈哈多 谢 爹娘 祝 你 地 身体 健康 财源 广进 嘻嘻 继续 训觉,封,个,-1.275341272354126,"个, 张, 颗","-1.2753, -2.3073, -2.3644"
1210,"有 香浓 的 咖啡 和 美味 的 蛋糕 , 有 淡淡 的 书香 , 有 轻轻 的 音乐 萦绕 耳旁 , 门口 放 着 几 [MASK] 小  。",盆,只,-1.1467032432556152,"只, 个, 本","-1.1467, -1.2238, -1.9284"
1211,無聊 沒事幹 一 [MASK]  是 都 沒收 到 不 想 收懶 得 出去,封,般,-1.4280455112457275,"般, 堆, 件","-1.4280, -1.6694, -1.7873"
1212,第四 [MASK] 的  七 精彩 精彩 紧张 !,盘,章,-1.576748013496399,"章, 季, 集","-1.5767, -1.7702, -2.2869"
1213,"我 可 不 想 让 这 [MASK]  突然 坍缩 , 所以 最 好 的 办法 就 是 不 观察 。",波,些,-0.9373091459274292,"些, 个, 点","-0.9373, -1.5398, -1.9840"
1214,我 想 吃 双 [MASK] 雪糕 ,棒,层,-0.3808063268661499,"层, 面, 味","-0.3808, -1.8029, -2.8796"
1215,"点击 参与 每 天 一 [MASK]  能 中 , 我 超 喜欢 这 双 红色 的 本命年 啊",次,个,-1.064512014389038,"个, 次, 只","-1.0645, -1.4053, -2.8791"
1216,"半 [MASK]  后 再 见 , 我 亲爱 的 表哥",个,路,-0.8672948479652405,"路, 点, 分","-0.8673, -1.9001, -2.9958"
1217,"6 岁 以下 儿童 , 可以 有 一 [MASK]  在 医院 陪护 。",名,个,-0.9736950397491455,"个, 名, 位","-0.9737, -1.1748, -1.4385"
1218,"每 [MASK]  年 我 妈 就 会 提起 我 那 抹 不 掉 的 回忆 , 呵呵 , 那些 年 的确 是 幸福 甜蜜 的 , 感谢 你 我 的 7 仔",次,些,-0.6376798152923584,"些, 个, 次","-0.6377, -1.2093, -2.7110"
1219,一 [MASK]  就 见到 哩件 野,起,眼,-0.5851633548736572,"眼, 次, 下","-0.5852, -2.5106, -2.6431"
1220,喜欢 那 [MASK] 手机  。,个,个,-0.8877047300338745,"个, 部, 款","-0.8877, -1.3257, -2.8408"
1221,面牽 一 綫吃 今年 既 第一 [MASK]  奶茶 好好 味 我 在 這裡 银座 广场,餐,杯,-0.5282132625579834,"杯, 碗, 口","-0.5282, -2.2077, -2.7717"
1222,去 北京 的 路 上 还 有 7 [MASK]  加油 啊 开车 开 的 腰酸 想 你 呀 乖乖 等 我 回家,个,点,-1.0590847730636597,"点, 号, 路","-1.0591, -1.9128, -2.1411"
1223,搞 了 这么样 一 [MASK] 好  。,个,个,-0.4490863084793091,"个, 点, 下","-0.4491, -2.4761, -2.6851"
1224,"身价 计算 报告 吴美娜 , 你 现在 的 身价 是 26 万 , 身价 状态 每 月 395 [MASK] 的  上涨 快来 算算 你 的 身价 吧 !",块,次,-0.8909779787063599,"次, 点, 幅","-0.8910, -2.0720, -2.2706"
1225,这个 深夜 我 做 了 一 [MASK] 很 勇敢 的  没错 觉得 值得 就 去 做 争取 自己 想要 的 跟 着 感觉 走,件,个,-0.7434316277503967,"个, 些, 件","-0.7434, -1.2758, -1.7482"
1226,"列车员 推 着 蛋糕 瓜子 和 武侠 言情 凶杀 小说 在 车厢 过道 里 来来往往 , 许久 不见 有 一 [MASK]  。",笔,次,-0.5360829830169678,"次, 个, 回","-0.5361, -2.8344, -3.0173"
1227,不 要 浪费 生命 在 痛苦 的 选择 上 听 说 模联 这 [MASK]  必须 穿 裙装,次,季,-0.8356488943099976,"季, 次, 样","-0.8356, -1.4348, -2.0806"
1228,"今天 的 主要 剧情 就 是 大早 上 就 拿 着 滑板 满 街 的 跑 , 原本 好好 的 说 出来 吃 个 早点 , 现在 早点 没 吃 着 还 闹 出来 这些 [MASK]  , 真 TM 愤青 。",些,套,-1.9901458024978638,"套, 锅, 脸","-1.9901, -2.0124, -2.7962"
1229,"6 年 , 父母 的 委屈 , 我 的 恨 , 以及 当年 太 奶奶 的 含恨 而 终 , 就 在 你们 的 自相 残杀 中 慢慢 报 了 长子 有 什么 用 , 长孙 有 什么 用 , 最终 敌 不过 一 [MASK] ",个,家,-1.2160875797271729,"家, 个, 起","-1.2161, -1.9151, -2.1091"
1230,"这 两 袋  粮 价格不菲 , 一 [MASK] 吃 了 一半 另 一 袋 还 没 开封 的 。",袋,袋,-0.008190525695681572,"袋, 包, 个","-0.0082, -5.8204, -6.3920"
1231,比 平时 晚到 家 一 [MASK]  啊,个,点,-1.1233470439910889,"点, 次, 趟","-1.1233, -1.2015, -2.2800"
1232,"我们 第一 [MASK]  临海 , 后面 的 , 要 加油 了 !",个,次,-0.37658923864364624,"次, 个, 班","-0.3766, -2.7935, -2.8841"
1233,与 三 [MASK] 不 知名  玩起 了 狼人,位,个,-0.5245454907417297,"个, 位, 名","-0.5245, -1.4812, -1.8606"
1234,以前 多 清新 的 一 [MASK]  哇,张,点,-0.9061147570610046,"点, 下, 些","-0.9061, -2.1060, -2.6759"
1235,"每 [MASK]  北爱 , 心 里 就 难受 的 睡 不 着 。",次,次,-0.029488155618309975,"次, 回, 下","-0.0295, -4.2750, -5.9257"
1236,"今天 打给 她 , 希望 正 如 她 所 讲 的 一样 , 梦 与 现实 是 相反 的 , 2012 [MASK]  。",行,版,-1.1583384275436401,"版, 号, 对","-1.1583, -3.2596, -3.4713"
1237,祥哥 像 你 那 [MASK] 玫瑰  不 啊,个,朵,-0.7118096947669983,"朵, 个, 种","-0.7118, -1.8319, -2.5720"
1238,我 参与 了 发起 的 投票 你 喜欢 哪 5 [MASK]  球队 ?,支,支,-0.3113768696784973,"支, 个, 家","-0.3114, -1.4567, -4.3950"
1239,这 才 是 迟到 的 第一 [MASK] 新年 快乐  啦啦 爱 你们,波,次,-0.8033196926116943,"次, 步, 个","-0.8033, -1.0800, -2.9899"
1240,活活 60 [MASK]  奖 名额 都 愣是 坚持 没 中 。,个,头,-1.138146162033081,"头, 个, 顶","-1.1381, -1.3895, -2.8461"
1241,"在 乡下 , 看见 一 [MASK]  正在 做 扫 把 , 原来 是 这么 做 的 , 好像 拔河 比赛 !",个,群,-1.1891968250274658,"群, 个, 家","-1.1892, -1.4530, -1.7200"
1242,龙年 你 可以 减肥 了 我 很 认真 [MASK] 跟 你  !,滴,等,-1.4329485893249512,"等, 对, 记","-1.4329, -2.1273, -2.2887"
1243,"预订款 还 没 开售 预计 一 周 之后 可 代 到 , Micro 和 Nano 两 [MASK]  都 有 , 颜色 绝对 抢眼 , 连 平时 只 喜欢 暗色系 的 我 都 有点儿 心动 , 够 尖儿 !",个,款,-0.2618577778339386,"款, 种, 样","-0.2619, -1.8994, -3.7883"
1244,观众 对 魔术 揭秘 这 [MASK] 空前 的  。,种,个,-0.5009194612503052,"个, 种, 样","-0.5009, -1.8969, -2.5247"
1245,你 妈妈 你们 一 [MASK] 都 不  动 !,个,点,-0.7044997811317444,"点, 个, 次","-0.7045, -0.9547, -3.8745"
1246,吵架 是 生活 里 的 调味 [MASK]  但 也 要 快樂 地 活 著 !,剂,剂,-0.42314648628234863,"剂, 家, 道","-0.4231, -2.7307, -3.4942"
1247,往年 感觉 你 总 买 一 大 [MASK]  回来 要 我 帮忙 清理 装饰 什么 的 很 烦 。,堆,堆,-0.43640974164009094,"堆, 箱, 件","-0.4364, -2.1975, -3.1678"
1248,"并 用 手 捧 水 向 脸上 泼 , 记得 用 冷水 泼 脸 20 [MASK] 左右 就  了 。",次,下,-0.6191941499710083,"下, 次, 遍","-0.6192, -0.9897, -3.0137"
1249,三元桥 就 一 [MASK] 班  。,辆,个,-0.08575375378131866,"个, 班, 下","-0.0858, -4.1470, -5.2882"
1250,"面条 之 路 一 [MASK]  , mark",部,号,-2.4513165950775146,"号, 家, 个","-2.4513, -2.4970, -2.6686"
1251,"爱情 是 会 冷却 的 , 在 平淡 的 日子 里 , 最 重要 的 是 经常 给 两 [MASK] 相互 依偎 的  加加 温爱情 是 会 沉淀 的 , 在 相处 的 日子 里 , 要 记得 时不时 摇晃 一下 盛装 爱情 的 水杯 !",颗,个,-0.09000403434038162,"个, 颗, 位","-0.0900, -2.9000, -4.6056"
1252,"家人 都 不 认同 我 谈 朋友 , 这 是 怎么 一 [MASK]  ?",回,回,-0.012886347249150276,"回, 次, 个","-0.0129, -5.9245, -6.3036"
1253,新年 第一 [MASK]  大家 龙年 发大财,帖,个,-1.1474168300628662,"个, 波, 张","-1.1474, -2.3979, -2.5118"
1254,起身 啦 起身 啦 玩 咖啡 恋人 啦 虽然 唔知几 时 会 唔玩 但是 宜家 仲系度 玩仲 有 边 鬼 [MASK]  ?,个,架,-0.5474795699119568,"架, 面, 味","-0.5475, -3.0095, -4.0098"
1255,"这 是 日本 Epoch 开发 的 一 [MASK] 运动 感应  或称 独立 游戏机 , 不 隶属于 nitendo s box 阵营 , 游戏者 扮演 机器 猫 或 称多 拉 a 梦 或者 大雄 或称康 夫囧 等 人 , 在 游戏 中 戴 着 竹蜻蜓 飞行 寻宝 。",个,款,-0.6999632120132446,"款, 种, 台","-0.7000, -1.0626, -2.6661"
1256,"人 在 雾 中 走 , 一切 都 隐隐约约 , 影影绰绰 , 思绪 飘然 疑 似 自己 如 一 [MASK] 秋  , 随 秋风 漂 失 , 不 知会 吹 落 到 何处 ?",片,片,-0.7482329607009888,"片, 场, 阵","-0.7482, -2.6270, -2.9459"
1257,"发表 了 博文 胃 靠 养 之 冬季 养 胃 心得 人体 有 众多 的 器官 , 血管 , 四肢 , 骨头 , 关节 , 要 想 身体 整体 健康 , 那么 每 一 [MASK]  的 健康 必不可少 。",个,步,-1.0595989227294922,"步, 点, 个","-1.0596, -2.1777, -2.5102"
1258,在 這新春 佳節 大 年 三十 [MASK] 應和  其樂 融融 的 吃 完 年夜飯 看看 春節 聯歡 晚 會什麼 的 那 是 多麼 美好 的 事兒 呀 !,本,家,-0.492453396320343,"家, 回, 分","-0.4925, -2.5071, -3.0675"
1259,等 我 睇个 新 天生 一 [MASK] ,对,个,-1.8943229913711548,"个, 家, 下","-1.8943, -2.5364, -2.9113"
1260,"回家 的 路 上 , 困死 啦 困死 啦 困死 啦 跟 [MASK]  同 车 , 又 无聊 又 尴尬 , 唉唉唉",堂,路,-1.154018759727478,"路, 班, 团","-1.1540, -2.2259, -2.4860"
1261,成 [MASK]  真係 笑 中 有淚 向前 望,件,家,-0.8835271596908569,"家, 名, 班","-0.8835, -2.0818, -2.7422"
1262,", 明年 给 她 找 [MASK]  随便 他们 去 逛 。",个,个,-0.31533414125442505,"个, 点, 家","-0.3153, -2.6212, -2.8881"
1263,"红 嘴 鸟 包 邮韩版 磨砂 真皮 钨钛金 双 [MASK]  花瓣 咖色 单肩 斜挎 女式 包包 21500 元 热销 中 , 别 错过 哦",层,面,-0.7885436415672302,"面, 层, 手","-0.7885, -1.0596, -3.0423"
1264,甘肃 武威 地区 发生 31 [MASK]  分享 自,级,起,-0.43925249576568604,"起, 次, 级","-0.4393, -2.0521, -2.9407"
1265,"平时家 在 心 里 此刻家 在 眼前 泸州 老窖 伴 您 回家 离 回家 还 有 2 天 我 的 祝福 乘 着 除夕 的 钟声 飞向 你 , 愿 你 新 的 一 年 快乐 笑 [MASK]  美满 全 家 好 快来 和 我 一起 参加 泸州 老窖 伴 您 回家 的 活动 吧 !",步,脸,-0.8752397298812866,"脸, 声, 口","-0.8752, -1.0445, -1.8547"
1266,究竟 谁 该 拥有 那 [MASK] ,张,个,-1.0858075618743896,"个, 些, 种","-1.0858, -1.4416, -3.0880"
1267,"九寨沟 海拔 在 2 千 米 以上 , 遍布 原始 森林 , 沟 内 分布 一百零八 [MASK]  , 有 童话 世界 之 誉九寨沟 为 全 国 重点 风景 名胜区 , 并 被 列入 世界 遗产 名录 。",个,处,-0.5228064656257629,"处, 家, 个","-0.5228, -2.0150, -3.0646"
1268,用心 去 做 每 一 [MASK]  !,件,件,-0.6098467707633972,"件, 次, 步","-0.6098, -1.9378, -2.7342"
1269,MY LOVE 中 非常 中意 的 一 [MASK]  请 你 给 我 好 一点 的 情敌 田馥甄 分享 自,首,段,-1.2573174238204956,"段, 句, 首","-1.2573, -1.6797, -2.0813"
1270,"昨晚 梦见 穿 新 鞋 , 起来 趁 还 没 忘记 赶紧 周公 解梦 一下 , 一 看 就 乐 了 未婚 女子 梦见 穿 新 鞋 , 会 嫁给 一 [MASK] 宽宏 大量 聪明 能干 的  。",位,个,-0.2757495045661926,"个, 位, 些","-0.2757, -1.7584, -3.0062"
1271,晚上 在 家么 事 泡 [MASK]  神马 的 真 是 舒服 !,个,面,-0.2889035940170288,"面, 个, 发","-0.2889, -2.3626, -3.9493"
1272,"不 去 思考 , 不 去 怀念 , 只是 爱 体验 这 [MASK]  。",种,些,-0.9759666323661804,"些, 样, 个","-0.9760, -1.4939, -1.7614"
1273,", 我 投给 了 风声 吴 大队长 这 1 [MASK]  。",个,分,-2.2763705253601074,"分, 号, 点","-2.2764, -2.3753, -2.4424"
1274,哈哈 我 要 进 地铁 的 时候 先 看到 你 脚 下 的 鞋 脑海 第一 [MASK]  肯定 是 B BOY 抬头 一 看 居然 是 你 哈哈够 搞笑 的 我 还 刚 从 华强 北练 完舞,个,个,-0.20226673781871796,"个, 眼, 张","-0.2023, -2.9564, -3.7220"
1275,"试 了 三 [MASK]  , 肉包 比 对面 好吃 , 香菇包 跟 菜包 则 不 及 , 豆脑 更 可 无视 。",种,次,-0.9697089195251465,"次, 种, 样","-0.9697, -2.4047, -2.7836"
1276,"余 则 成 的 潜伏 之 道 1 [MASK] 牢  , 少 议 同事 , 多崇 上级 。",管,记,-0.7994344830513,"记, 套, 座","-0.7994, -2.3178, -2.9122"
1277,看到 逸能 石缘 的 博文逸 能 石缘 奇石 100 [MASK] 36 洪福齐天 有感而发 的  。,枚,号,-1.946732759475708,"号, 块, 枚","-1.9467, -2.2403, -2.7647"
1278,"刚刚 百 度 了 一下 , 加智齿 应该 是 32 [MASK]  。",颗,位,-0.08427262306213379,"位, 分, 级","-0.0843, -4.2158, -5.0856"
1279,"西媒曝 2 中 超 队 邀古蒂 加盟  雄厚 砸 重金 购金 狼 据 西班牙 媒体 称 , 除了 之前 传出 的 上海 申花 外 , 还 有 另 一 [MASK] 财力 雄厚 的 中超球队 向 金狼 发出 了 邀请 。",支,支,-0.10748498886823654,"支, 家, 个","-0.1075, -2.6751, -4.1713"
1280,"今天 一早 起来 , 赚 死 了 , 有 木 有 尤其 那 两 [MASK]  粉嫩 的 让 人 特别 开心 , 谢谢 啦亲 记得 新 的 一 年 要 事事 顺心哟",封,句,-1.4092191457748413,"句, 个, 张","-1.4092, -1.6882, -1.7540"
1281,快 来 看看 的 微博 傻子 一 [MASK]  !,枚,枚,-0.9073471426963806,"枚, 个, 下","-0.9073, -1.0616, -3.5749"
1282,"这 [MASK]  这 两 天 问 的 人 满 多 2011 年 夏装 韩版 夏威夷 沙滩裤 五分裤 男士 花裤 迷彩裤 纯 棉 , 价格 3900 元 , 见",件,个,-0.5067193508148193,"个, 件, 样","-0.5067, -2.1893, -2.4525"
1283,"每 天 都 要 吸收 [MASK] 养生  , 过 年 也 不 能 例外 !",些,点,-0.6198793649673462,"点, 些, 下","-0.6199, -2.3667, -2.6981"
1284,梦见 一 [MASK]  。,场,个,-1.3343247175216675,"个, 次, 张","-1.3343, -2.6390, -3.2483"
1285,"在 河源 很 无助 , 今晚 一 [MASK]  在 翔丰 的 麦当劳 过夜 , 麦当劳 没 开 暖气 很 冷 , 时间 再 快点 吧 !",个,起,-0.8933627605438232,"起, 家, 般","-0.8934, -2.1103, -2.4147"
1286,"杨贰佰叁 拾 陆宝 大 [MASK]  盛开 我 的 今夏 , 来自",朵,道,-1.5109589099884033,"道, 朵, 家","-1.5110, -1.8425, -1.9177"
1287,和 两 [MASK]  佬搞基,个,个,-0.6929066181182861,"个, 位, 帮","-0.6929, -1.8659, -2.3736"
1288,"一 [MASK] 曾经 熟识 , 现今 却 并 无 联系 的  , 跋山涉水 , 风尘仆仆 , 汇于一堂 。",群,群,-0.584318995475769,"群, 些, 个","-0.5843, -1.3747, -2.4155"
1289,啾啾啾 9 现在 成为 了 一 [MASK]  !,名,个,-1.184565782546997,"个, 员, 名","-1.1846, -1.3211, -2.4644"
1290,第一 [MASK]  压岁 钱 啊 !,次,个,-1.0910617113113403,"个, 张, 章","-1.0911, -1.8420, -2.4421"
1291,"当 上班 的 心情 比 上坟 还 要 沉重 的 时候 , 职场 教会 我们 三 [MASK]  要么 忍 , 要么 狠 , 要么 滚 。",件,点,-0.936073362827301,"点, 句, 个","-0.9361, -1.9801, -2.1230"
1292,"昨夜 烟 花卷 卷舒 , 团圆 除夕 一 [MASK]  。",家,家,-0.686686098575592,"家, 起, 团","-0.6867, -1.9984, -3.0869"
1293,所有 的  都 只 能 绕过 这 [MASK] 车 从 两 边 小心翼翼 地 驶过 。,辆,些,-0.8686704039573669,"些, 个, 条","-0.8687, -2.1241, -2.2980"
1294,"网 上 的 富 二 [MASK]  , 看 了 你 会 傻眼 的 吧 。",代,楼,-0.6714104413986206,"楼, 手, 位","-0.6714, -1.3685, -4.0326"
1295,迎 财神 这 [MASK] 神圣 的  就 交给 我 老爸 了,项,个,-0.4242820143699646,"个, 样, 些","-0.4243, -2.2993, -2.4236"
1296,你 睇下 依 种 是否 你 上 [MASK]  果 种 果仁,次,下,-1.571031928062439,"下, 面, 个","-1.5710, -1.9021, -2.3304"
1297,"美文 故事 人生 有 三 [MASK]  是 无法 隐瞒 的 咳嗽 贫穷 和 爱 你 想 隐瞒 , 却 欲盖祢彰 。",样,种,-0.36329618096351624,"种, 个, 句","-0.3633, -2.5466, -2.8052"
1298,第一 [MASK] 用 肯德基 网 上  。,次,次,-0.06643597036600113,"次, 个, 套","-0.0664, -3.9866, -5.4017"
1299,"真的 不 是 生气 , 就 是 感觉 你 这 [MASK]  怎么 配 活 在 这个 世界 上 , 把 你 的 所 做 所 为 拍成 电视剧 全 世界 人 都 得 买 机票 来 沈阳 朝 你 吐口水 。",种,样,-0.0623500719666481,"样, 个, 种","-0.0624, -3.2716, -5.3016"
1300,"此后 , 马来营 给 杜保乾 夫妇 送 过 各 [MASK] 高档  , 以至 禁 不 住 向 杜保乾案 办案 人员 感叹",种,种,-0.10569875687360764,"种, 类, 样","-0.1057, -2.4805, -5.2218"
1301,古巨基 都俾 你 窒死 一 [MASK] 有 文化 咖人 的 幽默 林敏聪 你 系 得噶 ,个,个,-0.3159094750881195,"个, 位, 种","-0.3159, -2.8309, -3.7573"
1302,你 知道么 刚刚 看到 一 [MASK] 很 有意思 的  那里 可以 买 尼泊尔 佛像 ?,个,个,-0.158308744430542,"个, 些, 家","-0.1583, -3.5875, -3.6082"
1303,", 我 投 给 了 激烈 的 PVP 战场 竞技场 这 1 [MASK]  。",个,点,-1.6831289529800415,"点, 个, 局","-1.6831, -2.3458, -2.8950"
1304,"走出 教堂 , 迎面 看见 了 这 [MASK]  , 是 谁 种下 的 ?",棵,棵,-0.34506505727767944,"棵, 种, 个","-0.3451, -2.2268, -2.8378"
1305,"哎 , 擦了 [MASK]  !",个,眼,-1.560928225517273,"眼, 脸, 下","-1.5609, -1.6850, -1.8085"
1306,找 一 [MASK] 好  是 我 一 生 的 追求 。,个,个,-0.18710850179195404,"个, 份, 家","-0.1871, -2.7876, -2.7956"
1307,月 塘小禾 又 完成 了 一 [MASK] 市民 的  。,个,个,-0.5357024669647217,"个, 次, 位","-0.5357, -2.5880, -3.1494"
1308,"所谓 的 拜年 就 是 在 这 [MASK]  东西 再 跑到 那家 吃点 东西 , 回家 的 时候 就 饱 了 。",家,家,-0.004364943131804466,"家, 些, 种","-0.0044, -6.8197, -7.1950"
1309,"一大早 起来 搞 卫生 , 出 一 [MASK]  , 真 舒服 !",身,门,-1.5414048433303833,"门, 个, 趟","-1.5414, -2.4867, -2.6228"
1310,你 啥时候 能 不 一 [MASK]  啊 喂 !,脸,样,-0.19827599823474884,"样, 起, 点","-0.1983, -2.5142, -3.0878"
1311,"当日 , 安徽 黄山 风景区 雪后 放晴 , 罕见 的 瀑布 流云 从 始信峰 的 山坳 中 奔腾 而 下 , 汹涌澎湃 , [MASK]  在 云海 中 若隐若现 , 美轮美奂 , 似 海市蜃楼 , 蔚为 壮观 。",座,波,-1.4139965772628784,"波, 身, 只","-1.4140, -2.0321, -2.5652"
1312,我 当时 那 叫 一 [MASK]  笑 语录 我 正 在 玩 微博 精选 看 短信 发微 博,个,个,-0.004876863211393356,"个, 张, 句","-0.0049, -6.7785, -6.9736"
1313,"昨天 碰到 一 [MASK]  , 她 女儿 去年 考上 了 P , 这 让 我 无比 的 羡慕 , 因为 P 是 这 附近 最 好 的 私立 学校 。",个,位,-0.3415473401546478,"位, 个, 家","-0.3415, -2.3699, -2.8265"
1314,噬魂师  在 线 观看 噬魂师 粤语版 第 038 [MASK] 噬魂师 粤语版 全集 天 上 人间 动漫网,集,集,-0.3320810794830322,"集, 章, 卷","-0.3321, -1.7889, -2.9511"
1315,史 上 春节 前 最后 1 周 行情 揭秘 15 年 中 14 [MASK]  财经 频道 东方 财富 网 分享 自,次,个,-1.8407429456710815,"个, 次, 股","-1.8407, -1.8472, -1.9609"
1316,"老公 酒醒 以后 早上 醒来 , 丈夫 对 妻子 说 , 咱们 家 有 鬼 , 昨晚 我 回到 家 , 去 厕所 , 一 开门 灯 就 自己 亮 了 , 还 有 一 [MASK]  逼 来 !",股,个,-0.2534469664096832,"个, 股, 条","-0.2534, -3.1966, -3.8529"
1317,"到 一 狒狒 [MASK] 前 , 飞晏  着 笼子 和 梁爽 说 看 , 佛佛 。",笼,面,-0.1660347282886505,"面, 身, 眼","-0.1660, -2.9609, -3.0519"
1318,食 饭 就 吃 鸡 鸭 鹅 过 [MASK]  用 不 用 天天 鸡 鸭 鹅 本来 我 很 喜欢 吃 鸡 的 衣架 听到 都 厌食 饭食 鸡食 饭食 鸭 食 饭食 鹅 我 要 海鲜,个,节,-0.26082709431648254,"节, 道, 餐","-0.2608, -3.3866, -3.4065"
1319,我 一 [MASK]  一口气 喝 了 大 半瓶 竹叶青 。,个,口,-0.4824100434780121,"口, 次, 手","-0.4824, -2.0506, -3.5710"
1320,初一 到 初五 中国 教育 一 [MASK]  十一点半 怪兽 档案,台,班,-1.6926167011260986,"班, 台, 号","-1.6926, -1.8393, -2.5032"
1321,"在 我 的 出走 计划 前 , 我 可以 有 [MASK] 放松 的  !",个,点,-0.9772913455963135,"点, 些, 所","-0.9773, -1.4225, -1.5768"
1322,"假期 真 不 适合 忙 工作 , 半天 写 不 出 一 [MASK] ",行,个,-1.6031618118286133,"个, 点, 篇","-1.6032, -2.4939, -2.9427"
1323,"小 米 自动 醒 了 亲昵 两 [MASK] 趴 我 身上 继续 睡 , 夜 静悄悄 人 的  也 异常 清晰 , 喝 杯 温水暖胃 , 感觉 很 好 , 早安 !",下,个,-0.9153316020965576,"个, 下, 手","-0.9153, -1.8692, -2.0924"
1324,"gc 是 第二 天 同学 去 找 那 老板 说 要 退碟 , 那 老板 还 小声 的 嘀咕 了 一 [MASK] 为什么 要 退 啊 , 唱 的  的 蛮好 的 。",句,句,-0.17553016543388367,"句, 下, 声","-0.1755, -2.5797, -2.8980"
1325,"又 是 一 [MASK]  , 接个 十 年 不 见 的 亲人 , 听 生辰 快乐 真 是 悲喜 交集 。",伙,次,-0.7771728038787842,"次, 节, 季","-0.7772, -2.3605, -2.3932"
1326,"厚 涂 的 质感 真心 很 棒 , 不过 Flash 永远 都 画 不 到 这 [MASK]  了 。",种,个,-1.3832271099090576,"个, 张, 样","-1.3832, -1.6601, -1.8260"
1327,"小姨 生 了 [MASK]  , 哈哈 , 六 斤 二 两 !",个,个,-0.7354224920272827,"个, 点, 下","-0.7354, -2.5187, -2.7344"
1328,"2 佛像 若 是 以 挂图 的 形式 , 应该 剪 一 [MASK] 一 元  的 红 纸 贴 在 佛祖 莲座 上 或 座位 上 , 以 示 吉祥选 。",张,张,-0.07935144007205963,"张, 块, 幅","-0.0794, -4.1524, -4.4323"
1329,"终于 做 了 [MASK] 了  , 不管 对 不 对 都 不 能 后悔 , 也 回 不 了 头 了 , 只是 我 会 为 此 付出 代价 失去 最 亲 最 爱 的 宝贝 , 或许 只有 这样 才 能 回到 以前 , 很 痛苦 很 心疼",个,对,-0.23261231184005737,"对, 家, 回","-0.2326, -2.1041, -4.3074"
1330,"推荐 给 大家 一 [MASK] 不错 的 小  眼 保健操 , 实用 又 方便 , 真的 很 赞 哦 !",个,个,-0.6118952035903931,"个, 种, 款","-0.6119, -1.8527, -2.1801"
1331,"Julia Fullerton Batten 的 青春期 故事 在 很多 摄影展 中 出现 过 , 她 巧妙 地 利用 逼真 的 电影 模型 场景 , 以 一 [MASK] ",种,个,-1.1626938581466675,"个, 些, 次","-1.1627, -2.1954, -2.8686"
1332,"有 消息 说 , 由 於 精确 制导 炸弹 的 广泛 应用 , 美国 根本 不必 投入 六 [MASK]  就 可 达到 很 好 的 作战 效果 。",艘,架,-1.8516615629196167,"架, 次, 分","-1.8517, -2.2111, -2.5487"
1333,"新 既 一 年 , 我 最 大 的 愿望 就 系 [MASK] 死 鸡眼 好  烦 人 了",粒,个,-1.4611167907714844,"个, 点, 对","-1.4611, -1.4927, -2.2130"
1334,Oh 贞姐 的 重阳 各 [MASK] ,种,篇,-2.867558002471924,"篇, 家, 种","-2.8676, -3.0358, -3.1703"
1335,想 家 一 [MASK] 没有  可以 擦干 眼泪 的 地方 。,个,样,-1.6914489269256592,"样, 般, 个","-1.6914, -1.7565, -1.9460"
1336,"Moumoon 哈雷路亚 最近 好 爱 这 [MASK]  , 很 好听",首,个,-1.2080519199371338,"个, 张, 首","-1.2081, -1.7784, -1.9185"
1337,"红衣 女孩 叫 静宜 , 几 年 前 她 跟 穆林 的 那 [MASK]  可能 是 老天 早就 注定 了 的 姻缘 。",次,段,-0.5066049695014954,"段, 次, 份","-0.5066, -1.7550, -2.8464"
1338,"就 是 早上 喝 了 一 [MASK] 珍养  , 是 不 是 要 用 冷酸 灵 ?",瓶,杯,-1.4009901285171509,"杯, 瓶, 些","-1.4010, -1.6236, -1.9621"
1339,我 那 [MASK] 烂  愁 了 我 一 晚上,个,样,-1.136668086051941,"样, 个, 脸","-1.1367, -1.3253, -2.4062"
1340,那 [MASK]  着 油画家 的 我 。,个,身,-0.9505871534347534,"身, 个, 顶","-0.9506, -1.9762, -2.1009"
1341,"我 参与 了 发起 的 投票 您 的 上网 主页 是 , 我 投给 了 其他 这 1 [MASK]  。",个,个,-0.916975736618042,"个, 位, 项","-0.9170, -2.1434, -2.4350"
1342,"今天 早晨 多亏 烧 锅炉 大爷 没烧 , 不 给 我 冻醒 都 赶 不 上 回家 的 2 [MASK] ",路,号,-1.8978928327560425,"号, 楼, 家","-1.8979, -2.4156, -2.6259"
1343,原来 Think Different 这 [MASK]  是 Lee Clow 和 他 的 团队 策划 出来 重塑 Apple 形象 的,句,次,-0.08186528086662292,"次, 个, 回","-0.0819, -3.7659, -4.7580"
1344,"大年 初一 的 , 打 了 三 [MASK]  的 球 。",个,场,-1.2606074810028076,"场, 次, 轮","-1.2606, -1.2838, -2.5015"
1345,就 像 给 空喊 口号 者 当头 一 [MASK]  。,记,样,-0.3996846675872803,"样, 棒, 般","-0.3997, -1.2628, -4.7328"
1346,"翻到 了 好早 以前 微薄 的 一 [MASK]  , 以前 以为 自己 真的 会败 , 而 现在 决定 赢 了 它 !",个,页,-0.48507261276245117,"页, 本, 卷","-0.4851, -1.5314, -3.8182"
1347,每 一 [MASK]  上 的 成绩 突破 超标 我 都 好 开心 !,次,次,-0.2692197859287262,"次, 堂, 个","-0.2692, -2.4728, -3.5431"
1348,"于是 他 每 天 写 一 [MASK]  放进 他 信箱 , 因为 他 知道 他 只 是 随口 说说 不 会 去 翻 信箱 。",封,封,-0.20573756098747253,"封, 篇, 份","-0.2057, -2.5761, -3.8499"
1349,"已经 几 [MASK] 不  昨天 是 几 点 入睡 的 , 昏昏 沉沉 的 一 觉 睡 到 现在 。",记,点,-0.17952191829681396,"点, 个, 次","-0.1795, -2.6016, -3.0920"
1350,"有 降落伞 , 蝴蝶结 , 旋风 , 各 [MASK]  , 火花式 , 还 有些 不 知道 是 什么",种,种,-0.04297363758087158,"种, 样, 类","-0.0430, -4.3077, -4.7653"
1351,"看完 了 铁甲 钢 拳 , 有 [MASK] 儿子 ",个,个,-0.08515945076942444,"个, 点, 些","-0.0852, -3.3324, -4.3061"
1352,几 多 [MASK]  爱到 几 多 岁,对,次,-1.5549781322479248,"次, 个, 种","-1.5550, -2.3791, -2.6591"
1353,"赵本山 惜别 春晚 舞台 , 有点 惋惜 , 他 是 一 [MASK]  记忆 中 的 人物 。",代,个,-0.0962938442826271,"个, 位, 种","-0.0963, -2.7716, -5.0567"
1354,我 觉得 我 是 [MASK]  !,个,家,-1.2110518217086792,"家, 个, 棒","-1.2111, -2.3345, -2.6538"
1355,过 年 就 不 要 提 那 [MASK]  。,个,个,-0.6637477874755859,"个, 些, 种","-0.6637, -0.9331, -3.3453"
1356,"明天 晚上 有 重大 活动 , 但愿 老天 能 帮忙 , 能够 一 [MASK]  不 下雨 。",个,点,-0.7955088019371033,"点, 路, 个","-0.7955, -1.4740, -2.2678"
1357,今天 目睹 了 大 悦 城 zara 一 [MASK]  我 只 能 说 那 姑娘 很 好 的 保护 了 她 爷们儿,场,幕,-0.017741916701197624,"幕, 面, 眼","-0.0177, -4.9080, -6.7548"
1358,"设计 生活 发现 新鲜 小  , 大 用途 p Every leaf traps CO2 每 一 [MASK] 叶子 都 能 吸收 二氧化碳 , 拯救 树木 , 拯救 环境 , 拯救 地球 拯救 你 !",片,步,-1.5848139524459839,"步, 次, 个","-1.5848, -1.9429, -2.7301"
1359,"整 [MASK]  就 我 喝酒 , 喝 了 快 五 瓶 , 晕",桌,个,-0.40967264771461487,"个, 餐, 顿","-0.4097, -2.8615, -3.3693"
1360,我 还是 觉得 那 [MASK]  的 单纯 的 男生 更 让 人 倾心 阿,种,样,-0.03789759799838066,"样, 些, 个","-0.0379, -4.2951, -4.8102"
1361,"012712 向 苏昌茂 发起 竞技 挑战 , 成功 , 获得 了 20 点 经验值 , 20 [MASK] ",枚,点,-1.4849786758422852,"点, 级, 分","-1.4850, -2.1750, -2.8048"
1362,"100 泰 [MASK] , ",株,拳,-1.6486728191375732,"拳, 股, 级","-1.6487, -1.7090, -2.4226"
1363,"海南 这 [MASK]  , 你 是 想 怎样 ?",种,样,-0.20079055428504944,"样, 些, 个","-0.2008, -2.6409, -3.2168"
1364,"我 就 去 了 , 是 不 是 就 是 有 的 人 非 得 让 金 希澈 每 [MASK] 想 亲近 中饭 的  都 变 恶心 啊 ?",次,个,-0.46762704849243164,"个, 次, 位","-0.4676, -1.0433, -4.7298"
1365,"边 [MASK]  宵夜 啊 , 求 陪同",个,记,-1.7552196979522705,"记, 等, 点","-1.7552, -1.8164, -2.1262"
1366,"这 两 [MASK]  太 坑 爹 了 , 以后 我们 可以 不 要 把 人 拍 那么 小 嘛 ?",张,张,-0.5447880625724792,"张, 个, 种","-0.5448, -1.4998, -3.6161"
1367,"都 是 你 , 大半夜 的 喊 吃 面 , 我 撑死 了 , 又 刷 了 一 [MASK]  , 臭 猫 猫",遍,次,-1.0213828086853027,"次, 遍, 下","-1.0214, -1.4082, -2.3768"
1368,"也 真的 好 想 你们 , 谁 让咱 不 能 一 [MASK]  就 能 见 呢",个,眼,-0.5685120224952698,"眼, 次, 路","-0.5685, -2.1836, -2.7915"
1369,是 不 是 过 了 一 [MASK] 难忘 的 激动 的 十八 生日 呢 亲亲亲 哈哈张 总 策划 比 你 还  类 还 有 最后 被 我 逼 出来 的 压轴 好 戏 真 幸福 可爱 这些 都 是 送给 你 的 pub 神马 的 知道 你 不 期 啦,个,个,-0.021767377853393555,"个, 段, 次","-0.0218, -4.7308, -5.1520"
1370,"第二 [MASK]  , 有 小宝 最 喜欢 的 腊肠 包",笼,餐,-2.8036696910858154,"餐, 盘, 道","-2.8037, -2.8639, -2.9856"
1371,年货 太 多 [MASK] 里 也 只有 我 能 扛 起  它们 的 重任 了 !,家,家,-0.1261824667453766,"家, 手, 眼","-0.1262, -2.9623, -3.9827"
1372,"世事 匆匆 过 , 每 [MASK]  都 经历 着 不 一样 的 酸甜苦辣 , 或许 甘甜 , 或许 苦涩 , 只是 我们 都 要 面对 介已 有的 事实 , 接受 并 迈向 更 美好 的 地方 。",个,个,-0.4279240071773529,"个, 次, 步","-0.4279, -1.9909, -2.7828"
1373,今年 的 最后 一 [MASK]  简直 就 是 经典 啊 好香,道,集,-1.4722387790679932,"集, 张, 场","-1.4722, -1.8907, -2.8468"
1374,"冷 笑话 拍卖会 上 , 一 [MASK]  对 大家 宣布 他 不慎 将 自己 的 钱包 丢 在 了 会场 , 内 有 现金 10000 元 , 谁 能 将 钱包 送 还 给 他 , 他 将 出 酬金 100 元 。",位,位,-1.4823211431503296,"位, 个, 次","-1.4823, -1.6403, -2.0002"
1375,失眠 有 [MASK] 想 自杀 的 ,种,点,-0.48382773995399475,"点, 些, 种","-0.4838, -1.3878, -2.6230"
1376,今天 亲自 下手 做 了 一 [MASK]  菜 不错 哈哈,桌,道,-0.11938867717981339,"道, 个, 些","-0.1194, -3.0182, -4.0152"
1377,"说 爱 我 , 在 我 的 耳边 对 我 说 , 我 已经 真的 太 久 忘 了 这 [MASK]  。",种,个,-0.9412015676498413,"个, 些, 样","-0.9412, -1.2373, -2.3751"
1378,"人 地 放假 一 [MASK]  就 得 中午 下午 同 晚上 , 而 我 一起 身 就 剩翻 下午 同 晚上",起,起,-0.6324206590652466,"起, 下, 次","-0.6324, -2.2253, -2.2615"
1379,还 有 一 大 [MASK]  等 着 我 扫 呜呜 手 又 要 痛 了,堆,堆,-0.9880768060684204,"堆, 群, 队","-0.9881, -1.9726, -2.4582"
1380,卡卡 又 名 一 [MASK] ,支,家,-1.8032257556915283,"家, 名, 道","-1.8032, -2.1356, -3.0026"
1381,"7300 多 万 [MASK] 的 中外 参观  , 在 中国 上海 世博会 联手 托举 了 一个 冉冉 升起 的 环球 梦想 。",人次,次,-0.7676147818565369,"次, 名, 位","-0.7676, -0.7849, -3.7596"
1382,"把 两  重叠 的 感觉 越来越 强烈 是 怎么回事 陌生 又 熟悉 的 怦然心动 , 果然 认真 喜欢 起 一 [MASK] 人 来 , 有些 感觉 是 比 恋爱 也 来 得 真实 的 。",个,起,-0.08732058852910995,"起, 个, 段","-0.0873, -4.2821, -4.5332"
1383,在 厦门 担心 五 元 买 不 到 一 [MASK]  于是 给 了 十 元 只 是 在 遇到 他 又 向 路人 索要 面包 钱 时 不得不 感慨 厦门 物价 之 高,个,个,-1.5842608213424683,"个, 块, 份","-1.5843, -1.6497, -3.1026"
1384,"一 [MASK]  浪漫 的 男人 , 必然 经历 过 很多 女人 的 训练 , 他们 的 浪漫 是 种 技巧 , 可以 对 你 , 也 可以 对 别人 。",个,个,-0.006588658783584833,"个, 位, 名","-0.0066, -5.6140, -6.1597"
1385,"一 黑人 司 机载 了 一 [MASK] 白人  , 孩子 问 为什么 司机 伯伯 的 肤色 和 我们 不同 ?",对,个,-0.723961591720581,"个, 名, 位","-0.7240, -1.7716, -1.9162"
1386,1500 [MASK]  休息 。,回,号,-1.1618342399597168,"号, 回, 分","-1.1618, -2.3563, -2.7408"
1387,"后来 抽奖 , 又 抽到 一 [MASK]  , 虽 不 算 好 , 总 比 什么 都 没有 的 人 强 。",盒,个,-0.7589828968048096,"个, 枚, 次","-0.7590, -2.6814, -2.7856"
1388,"从 材料 的 角度 讲 , 找 一 [MASK] 能 把 咖啡 吸附 的 类似  的 材料 应该 不 是 难事 。",个,种,-0.40782061219215393,"种, 个, 些","-0.4078, -1.8714, -2.4963"
1389,给 大家 推荐 [MASK]  是 上上 上 周 我 去 参加 朋友 搞 的 圣诞 派对 的 地方 游艇 俱乐部 在 老 码头 附近 又 一 装 B 圣地,个,下,-0.361196905374527,"下, 个, 则","-0.3612, -2.0638, -3.4103"
1390,刘俐俐 张绍 刚 场 上 互掐 两 [MASK]  的 心理 素质 都 不 咋地 。,个,个,-1.7818506956100464,"个, 次, 手","-1.7819, -2.5166, -2.6063"
1391,"在 公交车 上 , 你 会 选择 哪 一 [MASK]  坐 ?",个,个,-1.133631944656372,"个, 种, 排","-1.1336, -1.3851, -2.2774"
1392,上传 了 14 [MASK]  到 相册 一 花 一 世界 。,张,张,-0.07811902463436127,"张, 页, 片","-0.0781, -4.2839, -4.5125"
1393,27 [MASK]  啊 !,分,号,-1.1720750331878662,"号, 节, 章","-1.1721, -2.0208, -2.0298"
1394,是 自己 亲手 造就 了 这 [MASK]  。,幅,个,-0.7215810418128967,"个, 些, 样","-0.7216, -1.3006, -2.3215"
1395,"说 不 出口 我 有 多么 喜欢 你 , 这 多 无奈 , 可是 我 不 后悔 , 这 [MASK]  , 我 从来 没 想 过 自己 会 后悔",条,样,-0.43588149547576904,"样, 次, 些","-0.4359, -1.9377, -2.2327"
1396,"为什么 妇女 同志 的 聊天 内容 总是 別家 的 钱 啊 , 房子 啊 , 还 得 整 [MASK]  都 听到 的 声调 , 为 毛呢",幢,个,-0.4206889867782593,"个, 家, 次","-0.4207, -2.5416, -3.8764"
1397,"好久 没 认真 看 两 [MASK] 我 生命 中 最 亲 最 亲 的  , 我 似乎 从 不 敢 与 他们 四 目 相对 , 就 好像 对 他们 我 亏欠 了 前世 今生 。",个,眼,-0.5169594287872314,"眼, 个, 次","-0.5170, -1.4762, -3.1908"
1398,"我 在 年货  开 吃 啦 doggy 在 小小 乐园 开 了 一 [MASK] 年货 大街 , 免费 吃 免费 玩 新年 过 太爽 !",条,家,-0.32267236709594727,"家, 个, 间","-0.3227, -2.2972, -3.5682"
1399,原来 挂彩 了 扇子 也 废 了 睡觉 睡觉 准备 下 一 [MASK]  要 hold 住,场,步,-0.9093818664550781,"步, 次, 张","-0.9094, -2.0354, -2.9440"
1400,又 看 了 一 [MASK]  。,部,遍,-1.167542576789856,"遍, 眼, 下","-1.1675, -1.3692, -1.6206"
1401,"刚刚 顾客 给 了 我 几 [MASK]  饼干 , 也 不 推让 很 厚 脸皮 的 就 顺手 收下 了 !",包,个,-1.0319292545318604,"个, 片, 块","-1.0319, -1.7281, -1.9430"
1402,lowlow 这 素 不 素 你 的 那 [MASK]  ?,辆,个,-0.8026204109191895,"个, 位, 句","-0.8026, -2.0964, -2.8772"
1403,"学生 时代 让 人 头疼 的 各 [MASK]  阿尔法 贝塔 伽玛 德尔塔 伊普西隆泽塔伊塔西塔约 塔卡帕兰姆达米 欧纽克 西欧 米克隆 派柔西格玛 陶玉 普西隆弗爱凯普赛 , 大家 能 读出 多少 呢 ?",种,种,-0.09612808376550674,"种, 类, 个","-0.0961, -2.9931, -4.3402"
1404,"清 茶 一 [MASK]  闲人 , 余香 一 缕 伴君眠 。",盏,盏,-0.9918988943099976,"盏, 杯, 壶","-0.9919, -1.1156, -2.1084"
1405,穆里尼奥往 队员 手上 塞 小 纸条 三 [MASK]  上面 写 了 啥图 分享 自,条,张,-1.2567834854125977,"张, 个, 分","-1.2568, -1.4598, -2.5181"
1406,睡 三 [MASK] ,个,次,-2.6854991912841797,"次, 行, 家","-2.6855, -3.0426, -3.3305"
1407,"路虎 音速 飞行 时间 最 能 激发 我 极 速 渴望 的 3 [MASK]  是 Don t Stop Believin Counterpoint Centerfield , 你 的 呢 ?",首,个,-1.3269273042678833,"个, 点, 件","-1.3269, -1.4622, -2.0863"
1408,一 [MASK]  。,盆,次,-2.8256309032440186,"次, 部, 家","-2.8256, -3.0441, -3.2416"
1409,"感冒 了 真 难受 , 鼻子 里 [MASK] 的  昏昏 的 。",堵,堵,-0.6676674485206604,"堵, 发, 顶","-0.6677, -1.9842, -2.6349"
1410,在 平沙 真心 求 各 [MASK]  啊 。,种,位,-0.0011318768374621868,"位, 个, 家","-0.0011, -8.1449, -8.1731"
1411,回 [MASK]  总 那么 惊心动魄 !,个,头,-1.2665607929229736,"头, 味, 首","-1.2666, -1.5307, -1.6217"
1412,牺牲 这 [MASK]  才 不 重要 !,种,些,-1.1715819835662842,"些, 个, 点","-1.1716, -1.2094, -1.6213"
1413,"其实 , 自 上月 开始 , 印尼 方面 就 曾 表示 , 将 对 非法 进入 印尼 海域 进行 捕鱼 的 外国 渔船 采取 严厉 措施 , 印尼 海军 总司令 前 [MASK]  也 曾 警告 说 , 印尼 海军 将 击沉 在 印尼 海域 非法 捕鱼 的 外国 渔船 。",些,任,-1.6106089353561401,"任, 身, 辈","-1.6106, -1.6291, -2.1693"
1414,“ 你 车上 有 二 [MASK] 第一流 的  啊 !,套,个,-0.6755170226097107,"个, 位, 种","-0.6755, -2.3346, -3.3468"
1415,这 是 哪 [MASK]  啊,间,个,-0.3403221666812897,"个, 家, 位","-0.3403, -2.8429, -3.5228"
1416,一 [MASK] 好  让 厨师 得心应手 !,把,样,-0.481296181678772,"样, 点, 次","-0.4813, -2.0997, -2.6586"
1417,"剑侠 世界 我 在 万 花 谷 副本 , 这里 是 五千万 人 的 江湖 , 萝莉御姐 任 你 挑选 , 抱 [MASK]  回家 过冬咯 !",个,团,-0.5474448800086975,"团, 包, 头","-0.5474, -1.7795, -2.3305"
1418,"人人 都 戴 着 一 [MASK]  , 我 的 面具 是 真实 。",个,个,-1.3439801931381226,"个, 样, 枚","-1.3440, -2.2043, -2.5519"
1419,"收 手机 就 收 手机 啦 , 随便 了 , 反正 时间 很 快 过大 不 了 一 两百 [MASK]  部 二手 的 来",块,块,-1.246187686920166,"块, 个, 台","-1.2462, -1.8231, -1.8608"
1420,"专心 做事 能够 耐 得 住 一 [MASK]  暂时 的 寂寞 的 人 , 往往 可以 得到 较 长 时间 的 精彩 人生 !",段,段,-0.5811416506767273,"段, 些, 个","-0.5811, -1.3239, -2.6888"
1421,"那 时候 的 我 就 会 尴尬 的 看 着 他 , 他 每 [MASK] 都  着 点头 承认 。",次,次,-0.004672458861023188,"次, 个, 回","-0.0047, -6.0808, -7.2360"
1422,"OMG , 原来 菠萝 欧 Yi 然 一生 可能 会 爱上 9 [MASK]  , 还 不 赶快 来 看看 你 一 生 会 爱上 多 少 人",个,次,-0.569564938545227,"次, 个, 种","-0.5696, -1.1258, -3.7124"
1423,修修 你 看 你 那 [MASK]  !,个,个,-0.8830510973930359,"个, 样, 张","-0.8831, -1.6490, -3.2742"
1424,"他 是 这块 大 陆上 一个 新 的 传奇 , 不仅仅 勾 动 了 众多 女孩 的 心 , 还 引来 了 无数 [MASK] 嫉妒 的  。",双,个,-0.3521932065486908,"个, 次, 种","-0.3522, -2.9163, -3.0133"
1425,58 [MASK] 正宗  仅 125 元 !,团,款,-1.5799264907836914,"款, 家, 号","-1.5799, -2.3365, -2.3682"
1426,"今天 上午 去办 身份证 , 下午 两 [MASK]  没 上 , 微开 心呐 明天 最后 一 天 了 更 开心 了",节,点,-0.4093448221683502,"点, 班, 次","-0.4093, -2.0871, -2.9172"
1427,漂亮 女 老师 惨遭 凌辱 http t cn z0eh6iY 儿 本色 走着瞧 Hello 树 先生 第一 [MASK]  4 黑暗 终结者 画 壁 万 有 引力 恶夜 惊魂 叶 问 前 传 一 夜 未 了 情仁寺 洞 丑闻 疯狂 的 赛车 男儿 本色 嫩模 写 真 德云社 weibo com 上线 男儿 本色,滴,季,-0.6236644983291626,"季, 集, 部","-0.6237, -2.3470, -2.5417"
1428,第一 [MASK]  就 那么 亲热 真 是 让 人 受宠若惊,次,次,-0.084110327064991,"次, 眼, 章","-0.0841, -3.5186, -4.0363"
1429,现在 发现 这 140 [MASK]  的 小 空间 里 已经 不 能 圆满 的 表达 我 的 想法 了 过好 每 一 天 。,个,个,-2.140791654586792,"个, 样, 分","-2.1408, -2.2719, -2.4216"
1430,"现在 去 北京 这 [MASK]  还 能 flyback 的 短差 居然 超重 5KG , 而且 感觉 里面 什么 都 丢 不 得 我 的 年龄 增长 都 体现 在 行李 重量 上 了 我 在 这里 首都 机场 T3 航站楼",种,样,-1.2250914573669434,"样, 个, 种","-1.2251, -1.3283, -1.4518"
1431,博阿滕 太 虎 奇兵 一 [MASK]  有点儿 软 可 有 可 无 。,员,点,-0.88402259349823,"点, 般, 号","-0.8840, -1.6458, -2.9735"
1432,"吃饱 了 , 这 [MASK] 韩国 纸上 ",点,张,-0.3170627951622009,"张, 些, 个","-0.3171, -2.6574, -2.9395"
1433,"第一 [MASK]  磁悬浮 , 妈妈 , 我 回来 了",次,次,-0.7013453245162964,"次, 个, 部","-0.7013, -1.9632, -3.1716"
1434,"最近 进步 多 5 [MASK]  , 近来 安谷 有 不少 新 进步 , 如 前天 开始 便便 突然 变 条状 了 看 别人 吃喝 东 西 小 嘴巴 会 抿 啊 抿 , 好像 自己 嘴 里 也 有 好吃 的 一样 , 还 会 很 认真 盯住 别人 手 里 的 食物 研究 。",个,点,-1.1228338479995728,"点, 次, 分","-1.1228, -1.2157, -2.5796"
1435,家 里 一 [MASK]  都 变成 已婚 妇女 了 。,个,个,-1.6734009981155396,"个, 些, 家","-1.6734, -1.9946, -2.0240"
1436,"包括 2012 [MASK] 的  看 也 有 人 反应 说 字体 发虚 , 看来 原 系统 也 不 是 那么 不 好 的 。",版,版,-0.051709309220314026,"版, 次, 号","-0.0517, -4.4014, -5.7382"
1437,每 [MASK] 不 爱 舌吻 的  都 是 因为 没有 遇上 真正 深爱 的 男人 陆琪,个,个,-0.040768496692180634,"个, 次, 位","-0.0408, -3.5442, -5.2225"
1438,找 [MASK]  回家 过年 。,个,个,-0.3859889507293701,"个, 点, 些","-0.3860, -1.8995, -3.4342"
1439,"录制 番茄 春晚 的 当时 , 丝玛普 还 玩 了 抻面 的 呀 , 五 [MASK]  玩 的 哈皮 极 了 。",个,个,-0.5095174312591553,"个, 位, 朵","-0.5095, -2.3494, -3.3063"
1440,"做 了 [MASK] 新  , 喜欢",个,点,-0.9741230607032776,"点, 个, 些","-0.9741, -1.0050, -1.7617"
1441,"到 日本 两 天 了 , 分享 一些 见闻 , 1 住 的 前面 有所 小学 , 这么 冷 的 天 所有 小朋友 全 是 短裤 短 裙 , 一 [MASK] 长袖  , 没有 毛衣 , 更 别 说 棉袄 , 真 是 太 佩服 !",件,身,-0.6833698153495789,"身, 件, 条","-0.6834, -1.2418, -1.9508"
1442,貌似 是 人生 第一 [MASK]  牛仔裤 。,次,条,-0.4818941652774811,"条, 件, 款","-0.4819, -1.4660, -3.4751"
1443,"唔 记得 带 手机 , 俾多 [MASK] 你  我 我 就 到 了",次,个,-0.5159129500389099,"个, 次, 些","-0.5159, -3.0411, -3.3253"
1444,"別 了 我 的 两 [MASK]  , 想 你们 。",个,个,-0.8596528768539429,"个, 眼, 手","-0.8597, -2.2521, -2.4949"
1445,分享 音乐 [MASK]  卓依婷,声,圈,-1.5327261686325073,"圈, 家, 对","-1.5327, -2.8063, -2.8687"
1446,把 它 从 一 楼  五 [MASK] 累死 我 了 !,楼,楼,-0.10326399654150009,"楼, 层, 下","-0.1033, -2.6801, -4.9135"
1447,"那些 嘴里 说 着 怕 对方 伤心 所以 不 愿意 拒绝 的 人 , 根本 就 是 想 脚踏 两 [MASK]  , 享受 被 人爱 的 滋味 。",条,层,-1.1433054208755493,"层, 面, 只","-1.1433, -1.5023, -1.6208"
1448,你 说 对 我 是 谁 我 凭 什么 要求 你 按照 我 嘅喃法 去 做 再 一 [MASK] ,次,个,-1.7062560319900513,"个, 次, 点","-1.7063, -1.8294, -3.3001"
1449,"不管 哪 [MASK]  , 既然 是 关虎屯 , 和 老虎 肯定 是 脱 不 了 干系 的 。",种,样,-0.781532883644104,"样, 个, 位","-0.7815, -1.6834, -2.1997"
1450,"老师 的 短篇 小说 已经 出 了 好几 [MASK] 合集 了 没有 犯人 的 杀人 之  , 交警 之 夜 , 怪笑 小说 ,",本,本,-0.9958848357200623,"本, 个, 部","-0.9959, -1.5059, -1.8907"
1451,"岛 上 资源 丰富 , 植被 茂盛 , 并 有 四 [MASK] 淡水  。",眼,条,-1.3462523221969604,"条, 季, 处","-1.3463, -1.6222, -1.6340"
1452,"2012 赢 诺亚 方舟 船票 推荐 一 [MASK] 不错 的  迎 2012 年 , 有 奖 转发 赢取 海洋 航行者 号 5 天 4 晚 免费 船票",个,个,-0.3018850088119507,"个, 张, 些","-0.3019, -2.5280, -3.4282"
1453,"当 老爸 苦恼 着 穿 哪 [MASK]  去 拜年 时 , 一旁 已经 被 问 得 不 耐烦 的 老妈 来 了 句 穿 你 妈 给 你 的 皮 。",条,个,-0.4691668450832367,"个, 些, 件","-0.4692, -2.3532, -2.7150"
1454,"自从 老爸 老妈 来 了 以后 , 我 家 的 绿色 植物 明显 长势 明显 好转 , 还 多 了 一 [MASK]  , 老爸 老妈 好叻 。",盆,棵,-0.5660674571990967,"棵, 盆, 些","-0.5661, -2.0585, -2.6288"
1455,"冰糖 银耳羹 , 去火 的 我 现在 的 伙食 待遇 和 孕妇 一 [MASK]  了",个,样,-0.007100218441337347,"样, 般, 些","-0.0071, -5.4470, -7.8241"
1456,做 了 一 [MASK] 子  就 为 吃 我 的 红油 卤水 牛肉粉 啊 !,桌,辈,-0.25895795226097107,"辈, 阵, 下","-0.2590, -1.8799, -3.0766"
1457,"突然 想去 看 日出 很 想 去 感受 一下 日出 东方 无限 梦想 天马行空 的 感觉 , 一 [MASK] 大 笨  冲上 云霄 , 与 云层 摩擦 发出 充满 力量 的 声音 , 踏上 直 奔 梦想 的 航道 我 是否 在 描述 飞机 呢 ?",架,只,-0.5499402284622192,"只, 头, 个","-0.5499, -2.5073, -2.6720"
1458,"附近 有 [MASK] 二  我 怀疑 不 是 发 神经 就 是 喝醉酒 , 大半夜 的 在 那 唱歌 , 还 跑调 , 喔 不 神 啊 , 救救 我 吧 , 让 我 睡觉 吧",个,个,-0.5148981809616089,"个, 张, 位","-0.5149, -2.3552, -2.5776"
1459,"顺着 靴子 往 上 望去 , 一身 黑衣 , 衬 得 白 靴 更为 刺眼 , 手臂 中 还 高高 地 举 着 一 [MASK] 马  , 只是 因为 老 驿卒 爬 起 得 快 , 这 一 鞭 才 没有 抽 下来 。",条,匹,-0.02714843489229679,"匹, 条, 只","-0.0271, -4.8250, -4.9454"
1460,"楼下 有 两 [MASK]  在 叫春 , 有点 吓人 。",只,个,-0.7652442455291748,"个, 只, 楼","-0.7652, -2.7629, -3.1195"
1461,想起 第一 [MASK]  你 的 时候 已 被 深深 吸引 你 的 一举一动 你 的 一颦一笑,次,次,-0.711423933506012,"次, 个, 眼","-0.7114, -0.8135, -3.5395"
1462,"自从 离家 来 港 后 , 每逢 入夜 , 望 着 那 [MASK] 静谧 地 亮 着 的  , 总会 想起 上海 家中 的 灯光 ... ...",盏,些,-0.654274582862854,"些, 盏, 个","-0.6543, -1.2907, -3.1566"
1463,今天 早上 被 一 [MASK] 韭菜  打倒 了 !,个,根,-0.6497629880905151,"根, 棵, 把","-0.6498, -2.4046, -3.1082"
1464,发表 了 帖子 各 [MASK] 十 大 201112 赛季  十 大 中锋 !,类,队,-0.37918171286582947,"队, 项, 种","-0.3792, -2.1297, -2.7795"
1465,"我 没有 多么 高尚 , 这个 世界 只有 自己 才 会 珍惜 自己 , 别人 的 假面 [MASK]  都 是 他 妈 的 狗屁 , 我 要 让 自己 变 得 更加 强大 , 我 你 看 不 透",具,具,-0.00048482249258086085,"具, 包, 条","-0.0005, -7.8589, -11.3272"
1466,铭记 心 又 完成 了 一 [MASK]  的 心愿 。,个,次,-0.9373038411140442,"次, 样, 个","-0.9373, -1.4119, -2.1364"
1467,现在 吃 [MASK]  好 难 啊,个,点,-1.721949815750122,"点, 面, 锅","-1.7219, -1.9921, -2.2564"
1468,谁 会 为 我 流 一 [MASK]  ?,滴,滴,-0.6943469047546387,"滴, 眼, 杯","-0.6943, -1.4255, -2.5327"
1469,如果 再 洒 [MASK]  在 上面 就 完美 了 。,些,下,-1.2874486446380615,"下, 点, 些","-1.2874, -1.6910, -2.0494"
1470,先 喝 [MASK] 海鲜 汤解 ,个,碗,-0.8161188960075378,"碗, 杯, 点","-0.8161, -1.3436, -2.2959"
1471,休息 下 老公 买 了 两 [MASK] ,个,个,-0.5414533615112305,"个, 家, 只","-0.5415, -2.0932, -3.9536"
1472,"肆哲 周五 下班 手 捧 包子 在 落 小 雨 的 街 上 走 , 去 赴 一 [MASK]  授课 , 看 起来 落寞 又 悲惨 , 心 里 却 觉得 生活 对 我 足够 好 。",趟,堂,-1.3289217948913574,"堂, 起, 场","-1.3289, -1.5461, -1.9075"
1473,这 一 刻 回想 了 下 过去 的 一 年 突然 好 感动 啊 经历 了 年 前 的 诸多 不 顺和 各 [MASK]  终于 还是 笑 着 迎来 了 2012 家庭 和睦 最 重要 希望 来年 顺顺 利利 亲人 和 朋友们 都 身体 健康 事业 更上一层楼 努力 成为 农 商行 小开,种,种,-0.07418881356716156,"种, 位, 个","-0.0742, -3.0050, -5.3059"
1474,2 [MASK]  了 而已 。,次,次,-1.4312379360198975,"次, 点, 分","-1.4312, -1.6717, -2.4024"
1475,"第四一六 学 区 , 四一一八 [MASK] 毕业  终于 获得 最后 的 自由 。",届,级,-1.8267971277236938,"级, 届, 班","-1.8268, -2.1309, -2.3062"
1476,"在 一 [MASK]  中 比 控制 不 住 自己 情绪 更 可怕 的 事情 还 有 很 多 , 比如 彼此 失去 信任 。",段,起,-0.39755433797836304,"起, 群, 世","-0.3976, -2.2736, -3.5052"
1477,qq [MASK] 208891444  大家 能 家 哦 。,群,群,-0.14959202706813812,"群, 号, 间","-0.1496, -2.0467, -6.8012"
1478,"已 进入 龙年 , 愿 今年 自己 和 家人 有 [MASK] 好 身体 好 心情 好  。",个,个,-0.012525474652647972,"个, 点, 些","-0.0125, -5.3758, -5.8550"
1479,"那些 年 , 我们 一起 追 的 女孩 为什么 那 一 [MASK]  你 继续 喜欢 下去 没有 说出口咧 !",句,个,-1.3618451356887817,"个, 次, 段","-1.3618, -1.7050, -1.7404"
1480,"新 老师 头型 像 [MASK] 老  要是 心里 有 点 堵 , 那 就 上 山 打 老虎 !",个,张,-0.4504619240760803,"张, 个, 头","-0.4505, -2.0002, -3.0493"
1481,每 [MASK] 喜欢 榴莲 的  你 都 伤 不 起 啊 !,个,个,-0.09214835613965988,"个, 位, 次","-0.0921, -3.0123, -3.5571"
1482,"昨晚 做 了 [MASK] 好 真实 的  , 醒来 后 把 我 给 吓 得 啊",个,个,-0.15986952185630798,"个, 些, 次","-0.1599, -3.3898, -3.7165"
1483,"原谅 我 , 这样 一 [MASK] 遥望 幸福 的 傻 ",个,个,-0.3695797622203827,"个, 种, 次","-0.3696, -1.9978, -3.6583"
1484,也 不 知道 会 是 哪 [MASK]  。,个,个,-0.5379296541213989,"个, 样, 次","-0.5379, -2.2350, -2.5151"
1485,简直 是 一 [MASK]  !,种,个,-1.3403689861297607,"个, 样, 般","-1.3404, -2.0881, -2.1708"
1486,"尼玛 的 , 谁 在 骂 我 , 今天 打 了 十几 [MASK]  了 。",个,次,-0.8187605142593384,"次, 个, 遍","-0.8188, -2.4789, -2.7233"
1487,"世界 上 最 有 内涵 的 一 [MASK]  对 , 又 是 凤姐 , 仔细 看图 找 亮点 !",张,个,-0.8084818124771118,"个, 对, 组","-0.8085, -1.3492, -2.6328"
1488,今年  年 去 老 公家 不 知道 冷 不 冷 心里 一直 有些 忐忑 这 可以 第一 [MASK] 不 在 爸 妈 身边 过 年 有 总 有点 怪怪 的 感觉 !,次,次,-0.023124294355511665,"次, 个, 季","-0.0231, -4.5105, -5.7752"
1489,我 要 出去 吃 东西 啊 吃 东 西 邓米 花卷粉 泸州 白糕 泡菜 抄手 冷 [MASK] 豆腐  如果 可以 的 话 也 吃吃 刨冰 吧 hiahia 还 有 神马 好吃 的,串,面,-0.7397555708885193,"面, 锅, 丝","-0.7398, -1.8576, -1.8982"
1490,"现在 心 中 已经 有 [MASK]  , 靠 自己 , 我 行 的 。",个,路,-1.2052751779556274,"路, 道, 家","-1.2053, -2.6802, -2.6957"
1491,"前 几 天 拍 的 Pika 这 [MASK] 我 大  啊 , 卡哇伊 !",张,个,-0.8046464920043945,"个, 张, 次","-0.8046, -1.0493, -2.0348"
1492,想 睡 [MASK] 一 天 一  了,个,个,-0.34188640117645264,"个, 下, 只","-0.3419, -2.1301, -2.9781"
1493,"如果 一切 尽如人意 , 我 不 敢 想象 那 [MASK]  。",种,样,-0.2576027810573578,"样, 些, 个","-0.2576, -1.7072, -4.6806"
1494,"除夕夜 十二点 , 和 小学 同桌 初 中 同桌 发 小 迎 着 新年 首 [MASK]  大龙山 烧 香 !",场,次,-0.662050187587738,"次, 回, 届","-0.6621, -2.0565, -2.7179"
1495,限制级 为 4 [MASK] 的 大 片 白雪雪 清純  直播 可怜 的 富家 小 姑娘 露露 公主 金钻鼠 王千 年 之 爱 大力士 麦当娜 相爱 的 人 啊 世界 大物 雕龙 记 无敌 降落伞 要员 双 雄 雅典娜 战争 女神 日照 重庆 80 后 奋斗 记 终极 挑战 国语 版 忽然 情人,级,级,-0.19305019080638885,"级, 楼, 位","-0.1931, -3.1275, -3.3806"
1496,原来 三 [MASK]  了 。,个,点,-0.8616312742233276,"点, 次, 个","-0.8616, -1.7671, -2.3166"
1497,是否 壓力 太過 了 導致 莪嚴重 失眠 呢 請賜 予莪 一 [MASK] 神仙 ,支,位,-0.3246992230415344,"位, 尊, 名","-0.3247, -2.2449, -3.0679"
1498,我 在 这里 虹桥 机场 2 [MASK]  出发 回家 路上,号,点,-0.7580277919769287,"点, 号, 楼","-0.7580, -1.2101, -1.7125"
1499,"半夜 起来 喂奶 , 渐渐 习惯 了 这 [MASK] ",种,个,-1.771041989326477,"个, 种, 些","-1.7710, -1.8522, -2.2627"
1500,"新年 的 第一 [MASK]  , 我 的 杰作 !",桌,笔,-2.031144142150879,"笔, 篇, 个","-2.0311, -2.3491, -2.3687"
1501,"早起 的 鸟儿 有 虫 吃 , 虽然 出面 好 冻 同 好好 眼训 , 但 依然 返 去 拜年 , 拿 [MASK] 好  啦 !",个,刀,-2.1180758476257324,"刀, 回, 个","-2.1181, -2.4343, -2.5905"
1502,"有 谁 可以 介绍 好看 的 电视剧 给 我 看 , 随便 那 [MASK]  !",个,个,-0.2513604760169983,"个, 种, 些","-0.2514, -3.2757, -3.2833"
1503,年货 新疆 特产 和 田 枣红枣 特级 500g 新疆枣 和 田 大 枣子 2 [MASK] 包邮  5488,件,个,-1.6641725301742554,"个, 件, 包","-1.6642, -2.2134, -2.3144"
1504,"但 为 表明 此 [MASK]  的 透明 程度 , 全程 一对一 , 捐款 直接 交付 刘挚斌 家属 , 汇款 也 请 直接 打入 刘挚斌 个人 帐号 。",次,行,-0.24704763293266296,"行, 款, 项","-0.2470, -2.7791, -2.9028"
1505,在 预计 2012 年 会 售出 的 800 万 [MASK] EV 及  中 恐怕,辆,部,-1.8652235269546509,"部, 台, 张","-1.8652, -1.9361, -2.0230"
1506,"分别 的 时刻 终于 到 了 , 第一 [MASK] 离开 的  祝你 前程似锦 。",个,个,-0.33311304450035095,"个, 次, 位","-0.3331, -1.3511, -4.4521"
1507,在 各 [MASK]  中间 看 西游记,种,个,-1.385801911354065,"个, 种, 类","-1.3858, -1.5835, -2.6152"
1508,"针对 本 [MASK]  中备 受 影响 的 房地产业 , 央行 行长 周小川 日前 表示",轮,季,-0.20452775061130524,"季, 波, 轮","-0.2045, -2.9006, -3.3083"
1509,他们 两 [MASK] 各  都 很 相似 !,个,个,-0.12195847928524017,"个, 家, 位","-0.1220, -3.8858, -3.9914"
1510,"算命 暗喜 因为 我 用 的 是 2012 [MASK] 新浪 微博客  , 周边 的 人 上面 有 你 的 样子 和 天翼 智能 手机 标识 !",版,版,-0.9394842386245728,"版, 号, 个","-0.9395, -1.9911, -2.0854"
1511,"农历 除夕 和 正月 初一 , 从 南国 椰岛 到 北部 边陲 , 从 东海 前哨 到 雪域 高原 , 全 军 和 武警 部队 精心 安排 官兵 节日 生活 , 确保 官兵 过 一 [MASK] 欢乐 祥和 充实 而 有 意义 的 新春  。",个,个,-0.0012469911016523838,"个, 段, 份","-0.0012, -7.5707, -8.7752"
1512,爱情 是 两 [MASK]  相互 的,个,个,-0.59151291847229,"个, 种, 段","-0.5915, -1.2424, -3.4384"
1513,一 [MASK] 简单 的 创意 菜  碰 石头 一 转眼 就 剩下 了 石头 。,道,个,-0.2532711923122406,"个, 种, 道","-0.2533, -2.9452, -3.2040"
1514,总算 开始 了 快乐 大 本营 仔仔 新 天生 一 [MASK]  加油 永远 爱 你,对,起,-1.1009445190429688,"起, 样, 对","-1.1009, -1.7741, -1.8113"
1515,给 你 喜欢 的 角色 穿上 你 现在 穿 的 衣服 谁 来 把 我 拖 出去 打死  我 不 想 活 了 谁 来 给 我 几 [MASK] OTL,拳,分,-0.3912869691848755,"分, 个, 点","-0.3913, -2.2793, -3.1002"
1516,我 听 过 这 [MASK]  MIKI 中谷美紀,张,个,-1.0363181829452515,"个, 种, 样","-1.0363, -2.2133, -2.8480"
1517,"可 刚才 一 听 到 妈妈 电话 , 才 说 几 [MASK]  就 想 哭 了 。",句,句,-0.10966922342777252,"句, 次, 遍","-0.1097, -3.1890, -3.4008"
1518,"我 在 这里 , 农家 草鸡 汤 , 老豆腐 , 坐 等 老板 自己 腌制 的 第一 [MASK]  我 在 这里 苏州市 吴中区",缸,道,-1.4292393922805786,"道, 碗, 口","-1.4292, -1.7498, -2.0595"
1519,"一早 陪 外婆 去 医院 开药 , 看到 一 [MASK] 瘦小 的  背 着 比 它 大 一 倍 的 老公 来 看 医生 !",个,个,-0.6696056127548218,"个, 只, 位","-0.6696, -1.0680, -2.5126"
1520,花 了 70 [MASK] 的  。,块,块,-0.1753145158290863,"块, 刀, 分","-0.1753, -2.6944, -4.2146"
1521,"爱情 都 是 自私 的 , 有的 人 哪怕 爱情 已 成 陌路 , 也 不 愿 放 爱 一 [MASK]  。",条,个,-2.0012457370758057,"个, 次, 场","-2.0012, -2.4069, -2.5541"
1522,"哇 , 两 [MASK]  丧命 对攻 , 打到 光芒 四 射 !",队,队,-1.0323207378387451,"队, 个, 次","-1.0323, -1.5462, -3.1213"
1523,"可敬 可爱 的 李 老师 , 是 你 引 我 走 进 知识 宝库 的 大门 , 也 是 你 把 枯燥 的 数学 变成 了 甘甜 的 清泉 , 让 我 这 [MASK]  茁壮 成长 。",棵,样,-0.009595327079296112,"样, 个, 般","-0.0096, -6.1469, -6.2033"
1524,"那样 很 烦 我 不 想 带 目的 的 去 接近 一 [MASK]  对味 就 当好 朋友 一心一意 处 , 不 对味 话多 不 必 多 说",个,个,-1.020380973815918,"个, 点, 些","-1.0204, -2.2576, -2.4051"
1525,", 我 投给 了 AYUMI 这 5 [MASK]  。",个,个,-1.8473495244979858,"个, 点, 分","-1.8473, -1.8476, -2.9440"
1526,看来 我 不 能 不 吃早饭 10 [MASK]  下肚 好 满足 KISS,个,点,-0.5146346092224121,"点, 餐, 个","-0.5146, -2.2069, -2.9719"
1527,起 了 [MASK]  赶 火车,个,点,-0.6623164415359497,"点, 个, 名","-0.6623, -1.7794, -2.8743"
1528,"天 冷 的 时候 , 去 看 一 [MASK]  的 房子 。",所,楼,-1.0272481441497803,"楼, 般, 样","-1.0272, -1.6556, -1.9812"
1529,"集团 客户 部 有 美女 以前 从来 没 见 过 诶 , 看来 时 不时 的 还是 要 到 6 [MASK]  晃荡 !",楼,点,-0.7518258690834045,"点, 号, 楼","-0.7518, -1.5104, -1.7334"
1530,"幸好 找 老公 单位 安排 了 一 [MASK] 迪拜 办事处 的  , 解决 了 大 问题 。",间,个,-0.5238719582557678,"个, 家, 份","-0.5239, -1.5078, -2.5500"
1531,这 [MASK] 的  统一 是 新年 祝词 了 啊哈,批,样,-0.27855750918388367,"样, 次, 个","-0.2786, -1.5699, -4.7729"
1532,"孩子 就 是 [MASK]  , 先 是 入侵 身体 , 后来 是 入侵 生活 !",个,家,-0.3786202371120453,"家, 样, 手","-0.3786, -2.4238, -3.6487"
1533,"所 认啊 , 喝 酒 这 [MASK]  , 跟 工作 和 学习 是 一样 一样 地 。",档子,个,-0.8558283448219299,"个, 样, 些","-0.8558, -1.8956, -1.9601"
1534,"对 此 , 相关 债权人 表示 质疑 , 认为 这 是 一 [MASK]  。",场,例,-0.5458621978759766,"例, 套, 幕","-0.5459, -1.9377, -3.5577"
1535,尼玛 的 我 只 坐 到 过 火车站 你 给 我 来 [MASK] 中山 ,个,个,-0.9804646968841553,"个, 点, 趟","-0.9805, -2.0032, -2.1352"
1536,三 [MASK]  饿疯 了 。,个,个,-1.6037567853927612,"个, 号, 只","-1.6038, -2.0981, -2.8255"
1537,回家 就 是 吃吃喝喝 rz 明天 还 得 跟 我 爹 一 [MASK]  饭 愁 死 了 。,起,顿,-0.36278218030929565,"顿, 起, 个","-0.3628, -2.5192, -3.0940"
1538,限制级 为 4 [MASK] 的 大片 http t cn  疯狂 的 赛车 请 你 原谅 我 情书 我 相信 甜蜜 的 生活 相亲齐 上阵 幸福 不 拒绝 眼泪 哈 皮 父子 山楂树 之恋 双子 神偷 疯狂 的 背后 北非 海岸 的 火焰 真 假 医生 毛毛 的 故事 罗马 帝国 沦亡 录 Badboy 特 攻,级,级,-0.11532994359731674,"级, 位, 楼","-0.1153, -3.6440, -4.1585"
1539,老婆 其实 还 有 很多 话 要 说 却 一时 忘记 要 说 了 只有 默默 的 看 着 你 再 见 老婆 我 会 想 你 的 一 [MASK]  后 见,个,路,-1.5923595428466797,"路, 个, 次","-1.5924, -1.9103, -2.3428"
1540,"我 隐隐约约 听见 表哥 和 徐 媚 在 客厅 里 说 着 什么 , 接着 似乎 争吵 了 起来 , 我 挣扎 着 想 爬 起来 , 却 一 [MASK] 又  在 了 床 上 。",头,下,-0.3506169021129608,"下, 把, 头","-0.3506, -1.9988, -2.7347"
1541,看看 这 [MASK]  混美 可 不 可 爱 啊 !,只,个,-0.7903013229370117,"个, 些, 张","-0.7903, -1.6471, -2.2569"
1542,"一 [MASK]  打动 , 中国 输 了 。",局,拳,-1.4007681608200073,"拳, 个, 点","-1.4008, -1.6945, -2.3839"
1543,我们 三 [MASK] 的  这个 钱 蛮 好看 。,个,个,-0.42044082283973694,"个, 块, 口","-0.4204, -2.4852, -3.3144"
1544,爸爸 怕  不 够 问 那 大叔 说 一 [MASK] 料 能 给 它们 吃 多久 ?,包,次,-0.5016061663627625,"次, 般, 个","-0.5016, -2.1241, -2.8081"
1545,"我 只 想 做 一 [MASK] 有 主见 的 女生 , 有 着 普通 的 外表 和 淡定 的  。",个,个,-0.0303657203912735,"个, 名, 位","-0.0304, -4.1110, -4.5382"
1546,"我 的 简介 改为 怂月 一 [MASK]  径 长 寂寥 , 惟有幽人 自来 去 。",枚,条,-1.9008615016937256,"条, 曲, 行","-1.9009, -1.9345, -1.9848"
1547,"韩国 经典 恐怖 电影人 形师 The Doll Master 2004 沈亨泽金 有 美林 恩京 五 [MASK]  受到 美术馆 馆长 邀请 来到 位于 森林 的 美术馆 , 这个 美术馆 收藏 和 制作人 偶",位,次,-0.733502209186554,"次, 世, 号","-0.7335, -1.7811, -2.2919"
1548,"今日 士嘉堡 东区 Malvern Town Centre 的 一 [MASK]  内 遭 枪击 , 已 无 生命 迹象 , 警方 正在 寻找 疑犯 。",间,楼,-0.9988892078399658,"楼, 间, 家","-0.9989, -1.6362, -2.0426"
1549,父母 永远 喜欢 凌驾于 子女 头 上 摆出 一 [MASK] 高高 在 上 神圣 不 可 侵犯 的  。,副,副,-0.13039349019527435,"副, 张, 个","-0.1304, -3.2051, -3.3623"
1550,我 才 买 了 [MASK]  !,件,点,-1.6943408250808716,"点, 个, 次","-1.6943, -2.0730, -2.4889"
1551,"今晚 我 在 丈母娘 家 里 偷 了 一 [MASK] 旺仔  , 我 想 去 打麻 将 就 可以 拿 出来 喝 , 没 人 看到 我 就 拿 起来 塞进 衣袋 把 拉链 拉上 !",罐,瓶,-1.1231589317321777,"瓶, 杯, 个","-1.1232, -1.8145, -1.9435"
1552,"昨晚 做 了 [MASK] 让 我 无颜 以 对  , 梦中 的 我 竟然 对 怀中 的 他 说 我 好 怕 死 , 如果 我 死 了 , 你 会 陪 我 一起 吗 ?",个,个,-0.6610835194587708,"个, 次, 些","-0.6611, -2.0791, -2.1676"
1553,下 [MASK] 的  在 龙年,次,面,-1.1963201761245728,"面, 列, 次","-1.1963, -1.4386, -1.8567"
1554,"测测 能 代表 你 2012 运势 的 字 掐指一算 , 测 出来 是萌 , 解读 为 瞬间 勾萌 , 万千 宠爱 于 一身 , 一 [MASK]  。",世,枚,-1.5399869680404663,"枚, 个, 起","-1.5400, -2.2061, -2.8526"
1555,我 就 是 一 [MASK]  。,个,样,-0.7611236572265625,"样, 个, 家","-0.7611, -0.9693, -3.6327"
1556,"我 竟然 是 最后 一 [MASK] 离开 公司 的  , 要 不 要 这样 敬业 啊 , 关 电脑 关灯 关门 , 明年 见 啦 福 到 啦 招财",个,个,-0.10652901232242584,"个, 位, 次","-0.1065, -3.0638, -3.5730"
1557,是 一 [MASK] 以 雄险 的 山景 为 主体 特色 并 具有 一定 历史 文化 内涵 的 山岳型 国家级 风景  。,处,处,-0.9410163760185242,"处, 种, 个","-0.9410, -1.2711, -1.8251"
1558,"外婆 终于 可以 睡 [MASK] 好 觉 了 粑粑 还 是 睡 的 那么  , 任凭 宝宝 哭 得 再 响 都 听 不 到 。",个,个,-0.0005114193772897124,"个, 顿, 回","-0.0005, -8.8240, -9.3108"
1559,"壮观 看 中国 10 大 地标  水 立方 不仅 是 一 [MASK] 优美 和 复杂 的 建筑 , 她 还 能 激发 人们 的 灵感 和 热情 , 丰富 人们 的 生活 , 为 人们 提供 记忆 的 载体 。",幢,个,-0.2558961510658264,"个, 幅, 种","-0.2559, -2.9731, -3.1313"
1560,水 为 财 一 [MASK] 水 鱼  来,班,路,-2.5538785457611084,"路, 声, 点","-2.5539, -3.0952, -3.1126"
1561,"祝福 你 , 愿 你 有 [MASK] 安详 的  。",个,个,-0.12549230456352234,"个, 点, 颗","-0.1255, -3.5001, -3.7583"
1562,发表 了 博文 死亡 真相 死亡 真相 死后 是否 会 到 另 一 [MASK]  继续 生存 ?,个,处,-0.4132860600948334,"处, 个, 头","-0.4133, -2.3129, -3.0316"
1563,失眠 啊 完全 没有 睡意 肿么 办 各 [MASK]  没 效果 干瞪眼 儿 中,种,种,-0.033962130546569824,"种, 个, 位","-0.0340, -3.9899, -4.6109"
1564,今日 一 [MASK]  去 细 姨屋 企玩 !,家,起,-0.824455738067627,"起, 行, 家","-0.8245, -1.9400, -2.2636"
1565,"如果 可以 拥有 一 [MASK] 特异  , 我 想 要 瞬间 转移",项,种,-1.0518943071365356,"种, 个, 些","-1.0519, -1.1503, -1.4669"
1566,跟 着 我 的 三 [MASK]  媳妇 闺女 和 丈母娘 一起 过 大年 。,个,个,-0.08901327848434448,"个, 位, 口","-0.0890, -2.8032, -4.9714"
1567,"在 一 [MASK] 上升 的  中 , 你 选择 做 多 , 正确 的 几率 会 很 大 , 失败 的 几 率 却 很 低 。",波,个,-0.44210875034332275,"个, 波, 轮","-0.4421, -2.4124, -2.6408"
1568,"谁 来 一 [MASK]  我 , 这样 明天 就 不 用 上班 啦",拳,下,-0.7626011371612549,"下, 帮, 个","-0.7626, -0.9245, -3.3134"
1569,"表面 相敬如宾 , 暗地 互 称 傻逼 这 是 一 [MASK] 什么  ?",种,种,-0.9487535953521729,"种, 个, 场","-0.9488, -1.3263, -2.9287"
1570,"国际 影星 汤唯 受邀 赴 台 担任 台北 电影节 颁奖人 , 7 月 9 日 她 出席 主演 的 电影 晚秋 记者会 , 再度 被 问及 那 一 [MASK] 长 达 5 分钟 的  时 , 汤唯 忆起 拍摄 过程 , 直言玄彬 很 害羞 。",幕,幕,-0.44019123911857605,"幕, 段, 集","-0.4402, -2.0612, -2.4622"
1571,"鞭炮声 阻挡 不 了 我 的 事业 , 一 觉 睡 了 十七 [MASK]  , 新 纪录 啊",个,点,-1.2034399509429932,"点, 分, 次","-1.2034, -1.3307, -1.8889"
1572,"公司 5 [MASK]  着 很 诡异 , 危机感 浓烈 的 气氛 。",楼,处,-0.5038254261016846,"处, 发, 本","-0.5038, -2.4482, -3.0198"
1573,"快 过年 了 , 打算 在 网 上 买 我 鬼妞 的 一 [MASK]  , 好好 犒劳 下 自己 , 因为 我们 这 木 有 卖妞 的 东西",本,套,-0.9076248407363892,"套, 个, 件","-0.9076, -2.3139, -2.3932"
1574,"一 [MASK]  的 大痣长 那里 , 就 知道 传 是非 , 挑拨 离间 。",颗,般,-1.093366265296936,"般, 颗, 样","-1.0934, -1.1435, -2.8190"
1575,复习 概率 的 孩子 看到 亨利 站 在 温布利 球场 重新 穿上 阿森纳 的 队服 心底 就 是 一 [MASK] 莫名 的  啊 welcome home henry,阵,种,-0.2470349669456482,"种, 个, 阵","-0.2470, -2.5926, -2.6922"
1576,看 你 曾经 看 过 无数 [MASK] 的  。,遍,次,-0.3851722478866577,"次, 遍, 个","-0.3852, -1.5732, -4.0333"
1577,"下文 男生 对 昨夜 球场 摆酷 , 看见 恐龙 撞  , 恐怖 恐怖 , 可怜 那 [MASK] 小 树 !",棵,个,-0.6767602562904358,"个, 群, 些","-0.6768, -1.7058, -1.7875"
1578,我 在 爱奇艺 高清 看 了 铠甲 勇士 刑天 第 60 [MASK] 最后 的  分享 自,集,集,-0.03577428311109543,"集, 季, 章","-0.0358, -4.3570, -4.8046"
1579,"发表 了 博文 播阳镇 人民 政府 助纣为虐 见证 地方 邪恶 势力 以 有碍 风水 强拆 的 合法性 播阳镇 人民 政府 助纣为虐 见证 地方 邪恶 势力 以 有碍 风水 强拆 的 合法性 今天 早上 上网 , 映入 眼帘 的 第一 [MASK]  就 是 村委",则,页,-0.4311424791812897,"页, 眼, 条","-0.4311, -2.2920, -2.5576"
1580,"不 是么 , 一 [MASK] 的 梨花带  , 一 宿宿 的 夜不成眠 , 以及 所有 的 惆怅 迷茫 , 困惑 忧伤 , 狠狠 的 冲刷 着 我 的 内心 , 最终 现出 梦想 的 俊朗 模样 , 留 这 更 坚实 的 部分 陪 我 颠沛流离 , 斩 获 希望 。",次,路,-0.28731974959373474,"路, 缕, 季","-0.2873, -3.2011, -3.6244"
1581,执 着 这 两 [MASK]  有 这么 难 吗,个,个,-1.2399883270263672,"个, 点, 件","-1.2400, -2.0053, -2.0294"
1582,施华洛世奇 旋转 水滴 批发 60203800 元 近期 售出 2 [MASK] ,件,个,-1.930528998374939,"个, 组, 张","-1.9305, -2.7933, -2.9557"
1583,"一 [MASK]  , 一边 收拾 一边呕",片,次,-1.7657344341278076,"次, 样, 下","-1.7657, -1.7921, -1.9133"
1584,"如果 我 是 導演 , 跳兩 [MASK]  了 中時 20120113",次,次,-0.6584053635597229,"次, 遍, 下","-0.6584, -1.9268, -2.1021"
1585,"脑海 转瞬 即逝 学时 嬉戏 雪地 画面 让 心生 一 [MASK]  , 但 很 快 回复 平静 。",季,丝,-1.8793377876281738,"丝, 种, 阵","-1.8793, -1.9184, -2.3339"
1586,"哈哈 , 刚才 做 了 一 [MASK] 52 心理 年龄  , 发现 我 的 心理 年龄 27 岁 , 与 我 的 实际 年龄 相差 5 岁 。",次,个,-0.8444923758506775,"个, 下, 次","-0.8445, -0.8656, -3.1637"
1587,上传 了 1 [MASK]  到 相册 我们 仨,张,张,-0.06958900392055511,"张, 页, 个","-0.0696, -3.9703, -4.5028"
1588,如果 有幸 我 想 嫁给 一 [MASK] 会 照相 的  他 不 一定 是 摄影师 但是 在 他 眼 里 我 是 最 美 的 风景 。,个,个,-0.04281989857554436,"个, 位, 名","-0.0428, -3.3462, -6.0126"
1589,爆潮 VANS ERA 海蓝 浅蓝 配色 显 的 超级 清爽 干净 HF 钢印 大 底 尺码 37 [MASK] 内 长 235 特价 298 样品 ,码,码,-0.47124457359313965,"码, 号, 分","-0.4712, -2.7155, -3.0550"
1590,你们 还 有 几 [MASK]  啊 ?,锅,个,-0.4160882234573364,"个, 位, 次","-0.4161, -3.2095, -3.3406"
1591,昨晚 做 了 一 [MASK] 奇怪 的  景色 狠 美 。,个,个,-0.29052647948265076,"个, 件, 次","-0.2905, -2.8561, -3.1893"
1592,"怕 我 爱 的 人 不 出现 , 出现 的 人 不 喜欢 , 又 不 愿 改变 对 爱 的 执着 , 静静 地 等待 着 那 [MASK]  。",份,个,-0.755826473236084,"个, 次, 些","-0.7558, -1.5197, -2.0076"
1593,我 竟然 被 [MASK]  感动 的 哭哭啼啼 !,步,家,-0.9500186443328857,"家, 所, 点","-0.9500, -1.6728, -3.0145"
1594,怎么 感觉 在 说 某 [MASK]  ?,间,些,-1.0498842000961304,"些, 句, 个","-1.0499, -1.1086, -2.1735"
1595,"我 哥们 说 他们 全家 在 攒钱 买 骨灰盒 和  , 想 活 这 住 得 憋许 , 死 了 弄 [MASK] 宽敞 的 盒子 和 坟地 , 也 装会爷 。",个,个,-0.12466830760240555,"个, 点, 些","-0.1247, -3.1737, -3.7642"
1596,闻到 那 [MASK]  真心 喝 不 下去 !,股,种,-1.06829035282135,"种, 股, 个","-1.0683, -1.9285, -1.9785"
1597,"吃 咖啡 额宁 年年 要 闻 着 那 [MASK] 刺鼻 的 大蒜  , 痛苦 得来 一 天 世界 !",股,些,-0.9868699312210083,"些, 种, 股","-0.9869, -1.3523, -1.7357"
1598,"迪斯尼 的 一旦 里面 有 缺货 的 , 给 我 一 [MASK] 25  的 code , 又 来 诱惑 我",个,个,-0.17193575203418732,"个, 张, 套","-0.1719, -2.5318, -4.8289"
1599,ZARA 进门 就 是 两 [MASK] 穿 了 打折 的  哈哈,排,个,-1.3091483116149902,"个, 件, 套","-1.3091, -1.3133, -2.4130"
1600,知 不 知道 是 什么 棉花糖 啊 物 [MASK] ,块,家,-1.9624196290969849,"家, 种, 个","-1.9624, -3.0665, -3.1065"
1601,明天 上 完 最后 一 [MASK]  !,个,节,-1.3820143938064575,"节, 篇, 章","-1.3820, -2.3228, -2.3601"
1602,", 我 投给 了 金贤 重 这 3 [MASK]  。",个,点,-1.6346204280853271,"点, 个, 位","-1.6346, -1.8845, -2.6901"
1603,", 我 投给 了 文科 给力 这 1 [MASK]  。",个,个,-1.172666072845459,"个, 名, 项","-1.1727, -1.6539, -2.5162"
1604,"江西 九江 龙 凤 胎 一 死 一 伤 1 月 10 日 , 都 昌 周溪镇 家家福 超市 门 前 摆放 着 一 [MASK] 男婴  , 身边 是 圣元 优 博 奶粉 。",具,名,-0.6238099336624146,"名, 个, 具","-0.6238, -1.5221, -2.1168"
1605,"小 废物 于 大 废物 没有 分开 , 只是 她们 去 了 另外 一 [MASK]  。",个,个,-1.284924030303955,"个, 处, 家","-1.2849, -1.7874, -2.3017"
1606,"我 今天 从 龙湖 西苑 走路 到 软件园 , 那 不 是 一般 两 [MASK] 的  。",般,次,-1.744459629058838,"次, 班, 路","-1.7445, -1.8888, -2.1242"
1607,2012 春运 我 觉得 28 [MASK]  就 该 实名制 怎么 就 不 怕 垄断 老百姓 就 不 怕 买 不 到 票 了,号,号,-0.5983532071113586,"号, 点, 个","-0.5984, -2.2305, -3.3100"
1608,推荐 一 [MASK] 纯 音乐 风 居住 的 街道 ,曲,个,-0.6853771209716797,"个, 些, 下","-0.6854, -1.7393, -2.3279"
1609,今 个儿 终于 睡 了 [MASK]  。,个,点,-1.774450421333313,"点, 头, 个","-1.7745, -1.8182, -1.9359"
1610,对 说亲 你 加 我们 QQ 群 一起  你 画 我 猜 我们 需要 你 这 [MASK] 高 玩 !,位,样,-0.7668511867523193,"样, 个, 尊","-0.7669, -1.3393, -2.8441"
1611,逗 馒头 大 笑 秘笈 1 做 鬼 脸 2 [MASK]  3 做 鬼 脸 加发 怪声 。,发,发,-1.285961389541626,"发, 对, 点","-1.2860, -2.8228, -2.9238"
1612,"南方 周末 在 哈佛 谈 辛亥 辛亥 革命 100 周年 , 正 值 哈佛 建校 375 年 纪念 , 哈佛 大学 一 周 之内 连续 举办 了 两 [MASK] 有关 辛亥 革命 的  。",场,场,-0.6866613626480103,"场, 次, 届","-0.6867, -1.0336, -2.5808"
1613,", 我 投给 了 王珞丹 据说 开场 舞 这 1 [MASK]  。",个,个,-1.9473674297332764,"个, 首, 项","-1.9474, -2.4490, -2.8058"
1614,"在 我 生日 这 一 天 替 你 许 [MASK]  , 祝 你 有 风 无 浪 你 懂 的 !",个,些,-1.0958704948425293,"些, 声, 下","-1.0959, -1.3373, -1.7896"
1615,iPhone 4S 今日 开售 看 着 那些 排队 去 买 4 s 的 人 真的 跟 穷 二 [MASK] 没什么 ,代,代,-1.0609683158691041e-05,"代, 辈, 下","-0.0000, -12.5251, -13.3757"
1616,"成 一 [MASK] 人物  , 款 为 诸法无相 , 能 除 一切 苦 。",张,般,-1.1895811557769775,"般, 个, 世","-1.1896, -1.4052, -2.3094"
1617,下午 三节  两 [MASK] 课 看 电影 哈哈,节,节,-0.24029339849948883,"节, 点, 个","-0.2403, -2.5118, -3.4289"
1618,"想到 我 八月 了 的 大 熱天 下午 三點  拿 花 , 三 [MASK] 去 仟吉領 蛋糕 , 自己 選半天 的 香水 和 裙子 , 為除 了 我 媽以外 的 人 策划 半個月 的 生日 。",次,点,-1.606375813484192,"点, 分, 下","-1.6064, -1.8026, -2.5096"
1619,U [MASK] 坏  啊 。,盘,棒,-1.9808775186538696,"棒, 点, 个","-1.9809, -2.0337, -2.7571"
1620,"一 脸 错愕 的  和 一 [MASK] 你 看 我 干嘛 的 我 对视 了 良久 , 我 才 啊啊 啊啊 啊 莫 不 是 天 太 冷 把 脑子 冻坏 了",脸,脸,-0.6073532104492188,"脸, 个, 副","-0.6074, -1.6987, -2.0771"
1621,颠沛流离 两 [MASK] 半  终于 从 虎门 回到 南城,个,个,-0.1330241709947586,"个, 次, 路","-0.1330, -3.3488, -4.1192"
1622,"总局 不 让 拍 穿 越剧 , 这 春晚 就 弄 出来 一 [MASK]  穿越 的",个,部,-0.9605628252029419,"部, 个, 场","-0.9606, -1.0621, -3.1382"
1623,"想到 那些 成绩 优秀 的 , 比 自己 强 的 都 是 从 小 生活 在 音乐 的 环境 里 , 我 的 童年 却 是 八 [MASK] 环书 , 所谓 的 知识 的  。",面,面,-0.09077051281929016,"面, 本, 手","-0.0908, -3.8125, -4.8606"
1624,"跟 聊 了 3 [MASK]  的 电话 , 从 高中 认识 聊 到 现在 的 生活 , 能 跟 你 一起 走 过 , 笑 过 , 哭过 的 朋友 真的 不 多 珍惜 所有 我爱 的 你们",个,次,-0.23243843019008636,"次, 遍, 个","-0.2324, -2.6931, -2.8280"
1625,"4 刘禅 的 经历 告诉 我们 富 二 [MASK] 自己 没有 本事 , 即使 有 再 牛 的 职业 经理人 也 难免 被 兼并 的  。",代,代,-2.3841860752327193e-07,"代, 层, 辈","-0.0000, -16.0002, -16.2106"
1626,三 [MASK]  出现,等,点,-2.48915958404541,"点, 次, 种","-2.4892, -2.8863, -3.0184"
1627,"拉倒 , 一 [MASK]  怎么 做 !",个,下,-1.015742540359497,"下, 般, 起","-1.0157, -1.0390, -2.4178"
1628,成 [MASK]  甘,个,群,-2.5920777320861816,"群, 本, 道","-2.5921, -2.9990, -3.0889"
1629,就 这个 灰机 让 我 等 了 十五 [MASK] ,个,个,-2.262784242630005,"个, 分, 家","-2.2628, -2.4768, -2.9067"
1630,"春运 期间 数十亿 [MASK] 的  , 怎么 弄 也 运 不 完 。",人次,块,-1.100327968597412,"块, 个, 箱","-1.1003, -2.6381, -3.1747"
1631,只 係饮 左 一 [MASK]  就 红 到 马骝屎 忽咁 打工 的 孩子 伤 不 起 呀,罐,杯,-0.5471867322921753,"杯, 瓶, 口","-0.5472, -2.2942, -2.3914"
1632,"每 [MASK]  总 有 那么 几 天 心情 不 好 , 别 惹 我",个,次,-0.2281251698732376,"次, 个, 季","-0.2281, -2.3804, -3.8103"
1633,上传 了 15 [MASK]  到 相册 高高 高丽棒,张,张,-0.09725913405418396,"张, 页, 片","-0.0973, -3.5335, -3.5865"
1634,"今天 一 [MASK] 男 的  我 要 照片 , 我 多 羞涩 的 给 他 说 我 长 得 太 丑 了 , 冒 得 勇气 照相 啊 。",个,个,-0.045642219483852386,"个, 位, 群","-0.0456, -3.7504, -4.6963"
1635,"一 夜 醒来 , 满 眼 银装素裹 , 白色 雪 下 , 一 [MASK]  花 含苞 待放",枝,朵,-0.26121097803115845,"朵, 盆, 株","-0.2612, -2.7924, -3.2463"
1636,坤記 果然 無改錯 [MASK]  是 人 的,名,只,-1.3639650344848633,"只, 本, 版","-1.3640, -1.5310, -2.9917"
1637,本 想 来 [MASK] 优雅 淡定 的  的 。,个,点,-0.6155109405517578,"点, 个, 些","-0.6155, -0.8985, -3.5509"
1638,十二 星座 隐藏 最 深 的 一 [MASK]  很 居家 金牛座 耍心眼 双 子座 默默 落泪 巨蟹座 超级 冒险 家 狮子座 装傻 处 女座 花心 好色 天秤座 小气 鬼 兼 007 天蝎座 常 被 骗 射手座 原则 不 改 摩羯座 浪漫 多情 水瓶座 低调 双 鱼座 理性 的 工作狂 点 开大 图 更 精彩,面,点,-0.916358470916748,"点, 面, 个","-0.9164, -1.1036, -2.9750"
1639,"寒潭 锦鲤 , 始终 热爱 这 [MASK]  深潭 独自 游弋 的 小 鱼 。",尾,条,-0.509220540523529,"条, 些, 只","-0.5092, -1.7046, -2.0624"
1640,"真 幸福 , 跟 弟弟 去扫 了 些 吃 的 , 哈哈哈 那 是 一 [MASK]  的 高兴 啊 !",个,样,-0.4345844089984894,"样, 脸, 般","-0.4346, -2.7330, -3.0999"
1641,"原来 跟 超市 收银员 , 差头 司机 这些 不 认识 的 人 说 新年 快乐 是 [MASK] 很 快乐 的  啊 !",件,个,-0.8004929423332214,"个, 对, 件","-0.8005, -2.0903, -2.4869"
1642,镜中 张枣 只要 想起 一 生 中 后悔 的 事 梅花 便落 了 下来 比如 看 她 游泳 到 河 的 另 一 岸 比如 登上 一 [MASK] 松木 梯子  的 事 固然 美丽 不如 看 她 骑 马 归来 面颊 温暖 羞涩 。,株,个,-1.5096290111541748,"个, 段, 座","-1.5096, -1.7113, -2.4378"
1643,我 一定 是 傻 了 玩 这么 [MASK] 毫 无 营养 的  玩 到 现在 都 这么 晚 了 赶紧 睡觉 去,个,点,-1.599532961845398,"点, 个, 样","-1.5995, -1.6554, -2.3511"
1644,"乔布斯 表示 不 甘 示弱 视频 比尔盖茨 向 我国 人民 拜年 恭贺 新 禧 新春 之 际 , 微软 创始人 比尔盖茨 也 不 忘 向 中国 人民 恭贺 新禧 , 道 一 [MASK]  快乐 。",声,声,-0.0025222492404282093,"声, 个, 下","-0.0025, -6.8249, -7.8561"
1645,"对 鞋 湿嗮 , 浸嗮 水 , 今日仲 提前 买佐 [MASK] 饭  , 返 到 餐厅 换 完衫 , 跟 着 就 俾人 cut 佐班 。",个,班,-0.2570500671863556,"班, 餐, 个","-0.2571, -2.1164, -4.0831"
1646,"又 是 一 [MASK]  , 将 眼 前 的 树林 照 得 如 白昼 , 赵辰 的 心 跳动 得 如 叶尖 急速 滴落 的 雨点 一样 快 。",道,次,-1.4292328357696533,"次, 下, 幕","-1.4292, -2.0691, -2.0791"
1647,只有 我 和 白薯 二 [MASK]  。,个,个,-0.44062304496765137,"个, 位, 家","-0.4406, -1.9582, -2.9747"
1648,"昨儿 和  去 血 拼 了 一下 , 哈哈 收获 木 老老滴有哇 , 给 我 从 内 到 外 都 买 新 得 了 , 哈哈 , 不过 可 怜 [MASK] LG 大大 的 出血 呀",滴,滴,-1.849665641784668,"滴, 下, 点","-1.8497, -2.0915, -2.4579"
1649,"同 看 那些 年 , 我 們一起 追 的 女孩 雖然 我們 很 失望 , 因為 把 好看 的 三 [MASK]  了 但 我 們懷 著 好看 的 心情 去 看 的 。",分,分,-0.8973724246025085,"分, 遍, 次","-0.8974, -1.7223, -2.4786"
1650,"我 参与 了 发起 的 投票 你 希望 龙俊亨 和 具荷拉 在一起 吗 , 我 投给 了 只要 龙 喜欢 这 1 [MASK]  。",个,个,-1.1975922584533691,"个, 点, 位","-1.1976, -1.7641, -2.0861"
1651,"大家 都 写 字 画画 的 , 偶 就 来 放 [MASK] 孔明  吧 !",个,个,-0.30598393082618713,"个, 下, 些","-0.3060, -2.5302, -2.8411"
1652,讨厌 这 [MASK] 不  地上 还 湿湿 的 天气 。,种,种,-1.0144448280334473,"种, 样, 个","-1.0144, -1.1892, -1.6416"
1653,"某 人 用完 我 手机 后 , 我 QQ 头像 变成 一 [MASK]  和 一 草原 了",头,家,-0.9562772512435913,"家, 集, 团","-0.9563, -2.4396, -2.6053"
1654,"大半夜 的 竟然 还 有 很多 加 V 的 的 童鞋们 没有 睡觉 大部分 还 是 官方 微博 真的 很 想 问 一 [MASK] 亲 大半夜 的  , 有 3 倍 工资么 ?",句,下,-0.36714231967926025,"下, 句, 声","-0.3671, -1.9050, -2.7221"
1655,这里 向 您 推荐 一 [MASK] 隐藏 餐厅 的 设计  。,个,些,-1.0018894672393799,"些, 个, 种","-1.0019, -1.2266, -1.7355"
1656,烦 得 一 [MASK] ,笔,家,-1.811306357383728,"家, 个, 只","-1.8113, -2.6513, -3.8615"
1657,"第一 [MASK] 专门  , 讲 得 自己 都 没有 信心 了 。",次,次,-0.6908881068229675,"次, 个, 章","-0.6909, -1.7317, -3.1318"
1658,最后 一 [MASK]  。,个,次,-1.5631818771362305,"次, 张, 场","-1.5632, -1.9705, -2.5588"
1659,明天 要 知道 语文 成绩 了 怎么 办 一 想到 改卷 老师 会 耻笑 我 的 作文 水平 是 如此 低下 我 就 想 滚 地 明天 会 不 会 被 肥强 和 思娟 骂 [MASK]  呢 但 愿 不 会 吧 求全 级 前 50,个,脸,-1.880184531211853,"脸, 个, 回","-1.8802, -2.3657, -2.4538"
1660,"下班 前 在 58 上 发 了 一 [MASK] 雷 人 的  , 结果 奇迹般 在 回家 的 路 上 就 接到 面试者 的 电话 问 应聘 邮箱 。",则,个,-1.160867691040039,"个, 条, 篇","-1.1609, -1.3165, -1.9088"
1661,"在 睡觉 的 时候 来 [MASK]  , 你 想 怎样 。",个,回,-1.4226630926132202,"回, 点, 世","-1.4227, -1.6609, -2.6689"
1662,"妈 的 真想 换 [MASK]  都 这么 晚 了 还 吵 无聊 , 幼稚",个,个,-1.1876904964447021,"个, 班, 脸","-1.1877, -2.1390, -2.7253"
1663,一 [MASK]  在 赌博 老家 每 天 都 能 看到 这个,堆,般,-0.7825542092323303,"般, 起, 个","-0.7826, -2.4334, -2.4929"
1664,"老爸 你 说 的 是 真的 还 是 假 的 , 你 说 给 我 弄 [MASK]  疯 4S 是 真的 还 是 假 的 啊",个,个,-0.07034599781036377,"个, 点, 发","-0.0703, -3.7407, -4.7089"
1665,在 你 寂寞 无助 的 时候 给 你 [MASK]  !,丝,点,-1.257032036781311,"点, 发, 把","-1.2570, -2.5276, -3.1134"
1666,"首先 , 先 将 隔离 霜倒 一些 在 手心 回温 , 一 [MASK] 的  大概 是 1 元 硬币 的 大小 。",次,般,-0.8351056575775146,"般, 次, 瓶","-0.8351, -1.6535, -1.8346"
1667,"看 了 微 电影 我 愿意 , 感觉 那 [MASK]  很 白痴 。",个,样,-0.5594887137413025,"样, 个, 种","-0.5595, -1.6516, -2.7220"
1668,你 在 有  转发 活动 祝福 拾衣网 正式 上线 转发 有 礼 中 抽 中 一 [MASK] 奖 价值 1000 元 时尚 靓包 中 奖 编号 3738440 。,等,个,-0.5237599611282349,"个, 只, 件","-0.5238, -2.3640, -2.6061"
1669,今天 了 了 [MASK]  。,桩,分,-2.1458892822265625,"分, 些, 点","-2.1459, -2.4387, -2.4450"
1670,准备 睡觉 系列 睡眼 朦胧 头发 乱 [MASK] 睡衣  小 浓,笼,发,-1.077880620956421,"发, 卷, 码","-1.0779, -2.5262, -2.6357"
1671,"岁月 轮回 , 繁华 殆尽 , 不 变 的 仍 是 自己 那 [MASK] 不  的 心 ?",颗,颗,-0.06567976623773575,"颗, 份, 个","-0.0657, -2.9891, -6.1014"
1672,"看 完 电影 回家 已经 十二点 多 了 , 电梯 一 [MASK]  站 了 不少 人 。",楼,层,-0.6177818775177002,"层, 下, 楼","-0.6178, -1.7522, -2.1325"
1673,"为了 拥有 一 [MASK] 随时 可秀 的  , 可 得 勤加练习 , 做好 每 日 的 必修 课 哦 !",双,个,-1.3396515846252441,"个, 份, 颗","-1.3397, -2.4648, -2.6885"
1674,"凡 事 都 要 一分为二 , 文凭 确实 是 [MASK] 好  , 但 好 东西 未必 能 让 我们 成为 什么 东西 !",个,个,-0.4179565906524658,"个, 件, 种","-0.4180, -1.9308, -2.5223"
1675,5 [MASK] 我  的 歌,页,首,-0.8659797310829163,"首, 个, 号","-0.8660, -2.5606, -2.7440"
1676,"都 射 了 6 [MASK] 了 , 这个 女 的 还 要 http t cn z0DNZ5v 命运 万 有 引力 画壁 单身 女王 恋人 国王 与 我 风月 大刀 钟楼 怪人 爱情 公寓 2 夜 店 告密者 雪之女王 泡沫 之 夏 电影 唐山 大 地震 李春天 的 春天  的 女人 衣冠 禽兽 恋爱 通告 海洋 天堂 铁面 歌女",次,次,-0.17964382469654083,"次, 个, 点","-0.1796, -2.8707, -3.9324"
1677,"天目湖 旅游 度假区 位 于 江苏省 常州市 溧阳 城南 8 公里 处 , 被 誉为 江南 明珠 绿色 仙景 , 是 首 [MASK]  AAAA 级 景区 点 之一 , 是 江苏省 省级 旅游 度假区 。",批,批,-0.02016972377896309,"批, 个, 家","-0.0202, -4.2343, -5.5788"
1678,你 以后 最好 只 对 我 一 [MASK]  心 软 。,个,点,-1.0779247283935547,"点, 个, 样","-1.0779, -1.2733, -2.7071"
1679,"咳咳参 北斗 哇 , 越来越 多 没 [MASK]  说 走咱 就 走 啊 , 你 走 他 走 我 也 走 啊 。",个,头,-1.479287028312683,"头, 路, 处","-1.4793, -1.7194, -2.6098"
1680,今年 春晚 是 不 是 很 那 [MASK]  呢 ?,个,样,-0.4644049406051636,"样, 个, 般","-0.4644, -2.4646, -2.7109"
1681,"昨儿 剥 牛 赢 了 115 , 今天 就 输 了 60 , 只 赚 了 [MASK]  的 饭钱",个,点,-1.7996222972869873,"点, 家, 分","-1.7996, -2.5066, -2.8349"
1682,"岁月 流逝 , 一 晃 就 是 五 年 , 我 终于 怀着 一 [MASK]  的 心情 和 一个 令 我 一直 耿耿于怀 的 悬念 , 带 着 我 的 丈夫 还有 孩子 , 回到 家乡 探亲 。",种,样,-0.37497586011886597,"样, 颗, 种","-0.3750, -2.3372, -3.1507"
1683,"现在 的 孟聚 也 是 一样 , 看 了 50 [MASK] 的  , 突然 发现 , 咦 , 这 Y 是 高手 。",章,页,-1.548481822013855,"页, 级, 分","-1.5485, -2.3871, -2.7516"
1684,"这 [MASK]  这 两 天 问 的 人 满 多 古玩城 铜 钱 钱币 大 钱 开光 纯 铜 五 帝 钱 , 价格 800 元 , 见",件,个,-0.42212140560150146,"个, 样, 家","-0.4221, -1.6724, -3.4470"
1685,"今年 我 就 要 立 得 拍 吧 , 过 完 年 就 去 富士 挑 很 快 我 就 会 有 一 [MASK] 相片  了 o",面,些,-1.1464450359344482,"些, 张, 组","-1.1464, -1.3022, -2.1423"
1686,"给 女友 庆生 , 儿子 趁 母亲 外出 时 溜进 她 的 房间 企图 偷 走 母亲 最后 一 [MASK]  。",笔,刀,-1.8041532039642334,"刀, 手, 次","-1.8042, -1.9163, -2.8445"
1687,"我 蜷沙发 玩 平板 , 胖子 继续 啃书 , 旁边 好几 [MASK]  扑克 的 。",桌,个,-0.12920060753822327,"个, 桌, 张","-0.1292, -4.0595, -4.3622"
1688,一 [MASK] 忍 不 住 的 心烦  出汗 想 砸烂 所有 的 东西 。,阵,种,-1.6006903648376465,"种, 个, 次","-1.6007, -1.6482, -1.8413"
1689,这 一 [MASK]  太 好 了 啊 !,阵,次,-1.0215013027191162,"次, 点, 下","-1.0215, -1.9091, -2.6243"
1690,"后来 分开 的 时候 , 我 剪 了 一 [MASK]  。",头,下,-1.4858074188232422,"下, 个, 条","-1.4858, -2.3700, -2.4904"
1691,"传统 那 一 [MASK] 已经 不 行 了 , 我们 上 小学 时 所 接受 的  , 今天 大家 已经 不 信 了 , 怎么 办 ?",套,套,-0.30604785680770874,"套, 点, 代","-0.3060, -2.3327, -3.7173"
1692,"一 [MASK] M  , 小豆 嗨皮 了 。",桶,个,-1.6559443473815918,"个, 起, 路","-1.6559, -2.0188, -2.2024"
1693,"张绍刚 再 曝毒舌 视频 我 觉得 张绍刚 很 2 呀 , 2 的 不得了 , 之前 那 [MASK] 经典 的  完全 适用 于 他",个,些,-0.5453765988349915,"些, 个, 种","-0.5454, -1.6552, -2.2694"
1694,"重 看 了 一 [MASK] 五 年 前 的 十兄弟  , 還是 很 喜歡 老四 , 要 不 要 這麼萌 呀 , 還穿 我 Like 的 史迪奇 的 衣服",遍,下,-0.6059736013412476,"下, 眼, 遍","-0.6060, -1.6534, -2.3546"
1695,"晚上 , 猪头 给 我 狂 买 了 五十多 [MASK] 的  , 我们 在 得克士 摆开 场子 边 吃 边 聊天儿 , 感觉 真 爽快 。",块,块,-0.5679404139518738,"块, 个, 份","-0.5679, -2.3739, -3.1391"
1696,"Love 也 是 有 两 [MASK]  的 , 也 不 是 靠 单纯 的 刷数据",把,点,-1.288488507270813,"点, 面, 个","-1.2885, -1.3985, -2.1094"
1697,健康 年夜饭 一 [MASK]  红原 创 营养 信息,例,路,-1.3624495267868042,"路, 把, 点","-1.3624, -1.9255, -2.3663"
1698,"立下 大志 以后 再 穷 也 得 赚 钱 盖 书房 , 还 要 有 窗 有 阳光 四 [MASK]  !",季,季,-0.7685562968254089,"季, 面, 处","-0.7686, -1.7087, -2.2860"
1699,"最近 天天 这些 , 真的 牙齿 受 不 了 了 , 这 [MASK] 准备  , 客厅 那 边 是 牛肉 火锅 , 任君 选择 !",桌,样,-0.8747965693473816,"样, 个, 些","-0.8748, -1.0484, -2.9190"
1700,"要 把 学生 到 农村 实习 参加 医疗 预防 工作 实践 , 作为 对 毕业生 考核 的 一 [MASK] 重要  。",项,项,-0.5694509744644165,"项, 个, 种","-0.5695, -0.9636, -3.7482"
1701,"再见 了 骚年 , 再见 了 那 [MASK] 充满 幻想 的 ",个,个,-0.4803958535194397,"个, 些, 位","-0.4804, -1.1958, -4.0132"
1702,"今天 感觉 , 应该 看中 的 不 是 做 与 不 做 的 事儿 , 而 是 如何 去 做 , 怎么 做 方 能 做 的 更 好 , 不然 , 做 了 就 是 不 彻底 , 虽然 与 不 做 是 两 [MASK]  , 但是 效率 就 被 打上 了 折扣 啊",码,样,-0.9228200912475586,"样, 面, 个","-0.9228, -1.3591, -3.0657"
1703,李玉刚 新 贵妃 醉 酒 金美儿 冬天 里 的 一 [MASK]  费翔 故乡 的 云唱 的 都 不错 。,把,幕,-2.1623919010162354,"幕, 些, 个","-2.1624, -2.4122, -2.4254"
1704,把 那 [MASK]  从 阳台 扛 厨房 去 。,袋,个,-0.9508000016212463,"个, 些, 包","-0.9508, -1.8679, -3.0010"
1705,"觉得 自己 越来越 像 霍金 了 , 每 天 窝 在 椅子 或 床上 , 歪 着 脖子 , 呆滞 的 望 着 前面 , 然后 偶尔 用 几 [MASK]  指 。",下,个,-0.24466392397880554,"个, 手, 根","-0.2447, -2.4465, -2.6875"
1706,出 [MASK]  至于 吗 ?,个,发,-1.630002498626709,"发, 路, 口","-1.6300, -2.0102, -2.0327"
1707,我 发现 我 真的 是 [MASK] 巨 纠结 无比 的 人 ,个,个,-0.02212587371468544,"个, 双, 对","-0.0221, -5.7291, -6.2483"
1708,等等 一 [MASK] ,等,家,-2.0437381267547607,"家, 名, 族","-2.0437, -2.8806, -3.0599"
1709,"士 看见 骑 着 脚踏车 的 信差 将 一 [MASK]  进 花园 门口 的 信箱 , 他 顺着 思路 怜悯 起 这个 信差 来 。",封,包,-1.2796975374221802,"包, 封, 个","-1.2797, -1.7154, -1.9992"
1710,"一 不 留神 又 两 点 多 了 , 这 几 天 的 生物钟 各 [MASK]  , 就 没 调整 过来 , 要 是 过 几 天 开学 可 就 死定 了 !",种,种,-0.3645247220993042,"种, 位, 项","-0.3645, -2.5295, -2.7579"
1711,德州市 首 [MASK] 网络  分享自,届,家,-0.9958992600440979,"家, 个, 批","-0.9959, -1.0541, -2.7931"
1712,"笑话 幽默 吃客 为什么 这 [MASK]  里 都 是 泥? 侍者 这 是 最 新鲜 不过 的 菜 , 刚 从 泥里拔 出来 呢 。",碗,锅,-0.5944275856018066,"锅, 碗, 盆","-0.5944, -1.5303, -3.1168"
1713,原来 邓小平 说 那 [MASK]  是 错 的 先 让 一部分 人 富 起来 我们 怎么 办 啊 穷穷穷,句,些,-0.3586716651916504,"些, 个, 样","-0.3587, -1.6519, -3.0476"
1714,"亲亲 我 的 小 张杰 , 下 [MASK]  就 要 走 了 , 恭喜 你 哈 !",个,次,-0.3325270414352417,"次, 班, 面","-0.3325, -1.6381, -3.1672"
1715,"哈哈 转发 微博 , 有 [MASK]  过 年 不 给 我 红包 。",个,些,-0.49611589312553406,"些, 点, 种","-0.4961, -2.4879, -2.6035"
1716,"btw , 有 没有 哪位 借 我 一 [MASK]  , 我 需要 接人 !",辆,下,-1.8782304525375366,"下, 个, 张","-1.8782, -2.0665, -2.2080"
1717,"广德 真人 为 要 使 一般 人 都 信仰 他 、 爱护 他 , 所以 有 施 水 治 疫 的 那 [MASK]  。",番,种,-0.5131579637527466,"种, 套, 样","-0.5132, -2.4711, -2.6899"
1718,"就 现在 坐 在 屋头 , 我 胃 还 是 一 [MASK]  的 感脚 啊 老子 不 喝 酒 了 !",阵,样,-0.36023449897766113,"样, 般, 阵","-0.3602, -2.6662, -3.0005"
1719,纠结 看 [MASK]  怎么 突然 觉得 跟 若曦 一样 很 纠结 呢 ?,步,下,-1.5534183979034424,"下, 脸, 面","-1.5534, -2.6218, -2.7306"
1720,"Lina Medina 是 首 [MASK] 被 发现 的 早熟  , 她 的 儿子 起初 一直 认为 她 是 他 的 姐姐 , 直 到 10 岁 才 得知 事实 。",例,个,-0.6191638112068176,"个, 次, 位","-0.6192, -1.2573, -2.0818"
1721,"亲 , 龙蛋 里面 有 料 哦 , 饱 含 温馨 与 如意 , 见 了 快乐 又 健康 , 用 了 [MASK]  哦 !",步,对,-0.6419934034347534,"对, 棒, 点","-0.6420, -2.0044, -3.1245"
1722,"尽管 去 了 [MASK]  , 但是 今天 该 干得 事 也 没 耽误 。",趟,趟,-1.8883998394012451,"趟, 家, 世","-1.8884, -1.9970, -2.2074"
1723,"最近 发现 我 只 要 一 大 [MASK]  她 , 她 就 马上 低头 嘟嘴 , 还 扁扁 嘴 , 样子 很 是 可 怜 。",声,声,-0.9961521625518799,"声, 眼, 起","-0.9962, -2.6837, -2.7468"
1724,"四 皇 里面 的 一 [MASK]  都 悬赏 金 3 亿 3 千万 , 真 想 知道 红发 的 那些 主力 的 悬赏 金 啊 。",头,个,-0.3035198748111725,"个, 位, 些","-0.3035, -2.2959, -3.7701"
1725,"宋城 景区 19 [MASK] 线上  2012 不 是 世界 末日 , 许心愿 赢取 宋城 景区 免费 门票",楼,号,-1.200150728225708,"号, 点, 路","-1.2002, -2.0446, -2.2189"
1726,因为 她 知道 珍惜 知道 不 放弃 一 [MASK] 的  需要 多 大 信心 和 坚持 你 有 没 有 看到 她 的 心里 去 你 能 帮帮 她 嘛 ?,层,次,-0.778320848941803,"次, 个, 点","-0.7783, -1.9842, -2.1611"
1727,本来 上 一 [MASK] 的 事  不 到 我们 小 的 插嘴 但是 我 实在 看 不 过 眼 心肝 不 好 的 人 就 是 低 不 得 人家 过 得 好 !,辈,辈,-1.2220107316970825,"辈, 次, 代","-1.2220, -1.6265, -1.8328"
1728,倒 [MASK] 熄火 加  的 居然 合格 。,桩,头,-1.5533130168914795,"头, 锅, 面","-1.5533, -1.7690, -2.4568"
1729,达 人 秀 [MASK]  退出 没 来 看 的 有点 无趣 啊 所以 我 还 有空 看些 有的 没 的,波,版,-2.3948166370391846,"版, 点, 号","-2.3948, -2.7657, -2.9385"
1730,迫于 种种 压力 关闭 了 企鹅 空间 伴随 了 我 七 年 多 的 一 [MASK]  关上 了,扇,起,-1.4613856077194214,"起, 次, 个","-1.4614, -1.7523, -2.0671"
1731,"尼玛 , 第一 [MASK]  这么 早 今年 是 外面 还 有 鸡叫 呢",次,次,-0.06976660341024399,"次, 个, 回","-0.0698, -3.2149, -4.9308"
1732,今年 的 全 明星赛 是 哪 [MASK]  呢,个,个,-0.3064453899860382,"个, 些, 场","-0.3064, -2.7632, -3.1419"
1733,"火车 上 , 一 [MASK]  拿 着 手机 发微 博 , 他 在 微博 上 写 着 在 火车 上 , 我 对 她 一见 钟情 。",位,个,-0.7143085598945618,"个, 位, 起","-0.7143, -1.6725, -2.9550"
1734,我 坐 呢 [MASK]  过 海咖 !,艘,个,-0.776348888874054,"个, 位, 等","-0.7763, -2.1188, -2.9536"
1735,"我 参与 了 发起 的 投票 2012 , 你 最 想 去 的 中国 地 城市 篇 , 我 投给 了 桂林 寄情 山水 不 醉 不 归 这 2 [MASK]  。",个,篇,-1.117380976676941,"篇, 个, 项","-1.1174, -1.4915, -2.2933"
1736,"大红 灯笼 高高 挂 , 传统 节日 有时候 还是 需要 这 [MASK] 小  才 热闹 。",种,样,-0.33797889947891235,"样, 个, 些","-0.3380, -1.7574, -3.1504"
1737,"离开 西安 就 不 再 回来 , 那些 幻想 过 的 , 努力 过 的 , 爱 过 的 , 伤 过 的 , 错过 的 , 就 随风而逝 吧 一 [MASK]  的 路 上 , 我 也 可以 走 的 很 精彩 !",个,起,-0.4952399730682373,"起, 路, 样","-0.4952, -1.2086, -3.7462"
1738,发表 了 一 [MASK] 转载 博文 转载 疯狂 渣土 车 莽撞 的 社会 ,篇,篇,-0.05887362360954285,"篇, 些, 条","-0.0589, -4.1342, -4.6455"
1739,"我 在 这里 杭州市 西湖区 西湖 边 , Pizza Inn 大餐 , 晚上 吃 第二 [MASK] ,  阿 !",顿,顿,-1.0780267715454102,"顿, 餐, 次","-1.0780, -1.8137, -2.0668"
1740,"为什么 那 [MASK]  煮 了 那么 久 , 小麦 还 那么 硬 ?",锅,个,-0.6671308875083923,"个, 锅, 些","-0.6671, -2.2028, -2.2116"
1741,"早安 , 索尼 的 两 [MASK]  还 是 值得 期待 的 , 不过 还 是 定制机 啊 , Xperia Arco hd 的 三 防 功能 和 高清屏 是 亮点",款,款,-1.460338830947876,"款, 台, 代","-1.4603, -1.5571, -1.6634"
1742,"对 说 您 好 , 我 有 问题 咨询 , 去 哪儿 网 上 的 超值 自由 飞 我 买 了 你们 那 [MASK]  。",个,个,-0.44753801822662354,"个, 款, 种","-0.4475, -2.2305, -2.5932"
1743,"在 已 代表 萨斯菲尔德 出战 两 [MASK] 阿甲 春季  的 情况 下 加盟 紫 百合 佛罗伦萨 , 但 半 年 来 仅 一 球 入账 。",场,次,-1.0605398416519165,"次, 个, 场","-1.0605, -1.3362, -1.4221"
1744,看见 那 [MASK]  就 觉得 恶心 。,个,个,-0.805718719959259,"个, 些, 样","-0.8057, -1.5790, -2.9706"
1745,限制级 为 4 [MASK] 的 大  万 有 引力 野鸭子 恶夜 惊魂 欲望号 列车 刀尖 上 行走 衣冠 禽兽 情迷 大话 王野 鸭子 妹妹 恋人 魔鬼 屠夫 写真 倩女幽魂 断 喉弩 衣冠 禽兽 万 有 引力 美女 欲望号 列车 男儿 本色 喋血 孤城 断 刺画 壁 金枝玉叶 迷幻 公园 倩女 幽魂 魔鬼 屠夫 倩女 幽魂,级,级,-0.2567789554595947,"级, 点, 次","-0.2568, -3.0778, -3.6245"
1746,"我 华丽丽 的 失眠 袅珊 同学 , 姐很 愧疚 的 告诉 你 , 你 开导 了 那么 多 , 貌似 作 无 用功 了 明早 还 有 四 [MASK]  四 节课 , 孩子们 看 电影 的 时候 我 估计 可以 补眠 zZ",节,个,-1.1169565916061401,"个, 章, 季","-1.1170, -1.6378, -1.9405"
1747,"新年 期间 , 玩 狮子 , 舞龙 , 演戏 , 说书 , 高跷 , 旱船 等 各 [MASK] 娱乐  五彩缤纷 , 绚丽 夺目 。",种,种,-0.43150681257247925,"种, 项, 类","-0.4315, -1.4734, -2.1259"
1748,"打 了 第一 [MASK]  说 赶 不 过来 , 打 了 湖南 某 新闻 电台 说 记者 睡觉 派 不 出来 , 打 了 省 政府 公安厅 的 无 人 接听 , 无语 !",线,台,-0.3613613247871399,"台, 线, 部","-0.3614, -2.7341, -3.4408"
1749,一 [MASK] 单  !,双,个,-1.2257661819458008,"个, 张, 下","-1.2258, -1.8952, -2.7382"
1750,"老师 听 了 一 [MASK]  给 小 刚 打去抄 的 什么 作业 , 拿 出来 。",个,眼,-0.9526757597923279,"眼, 下, 把","-0.9527, -1.3708, -2.3640"
1751,麻烦 大家 给 支 [MASK]  。,个,点,-0.6576576232910156,"点, 支, 下","-0.6577, -2.2958, -2.9859"
1752,"昨晚 到达 羽田 机场 , 向 机场 服务 人员 打探 酒店 位置 , 是 一 [MASK]  着 笔挺 制服 , 头发 花白 的 老者 , 态度 相当 和蔼 , 怕 我们 搞 不 明白 , 直接 和 酒店 通 了 电话 , 然后 又 陪 我们 到 乘车 点 , 嘱咐 了 半天 , 才 回去 。",位,身,-0.015688898041844368,"身, 位, 个","-0.0157, -4.6438, -5.6309"
1753,"过 自己 追求 的 生活 , 并不 是 每 [MASK]  都 能 做到 。",个,个,-0.22183948755264282,"个, 次, 位","-0.2218, -3.0431, -3.0465"
1754,"今天 都 在 市中心 办事 , 而 alin 今天 不 忙 且 订 明天 走 , 而 我 明天室 里 团年 白天 都 空 , 我 可以 和 她 再 吃 三 [MASK]  。",顿,餐,-0.3276587426662445,"餐, 次, 顿","-0.3277, -2.4440, -2.5016"
1755,喝完 那么 多 酒 只 是 更 清醒 我 根本 不 会 让 自己 喝 醉 的 只 是 听说 这 [MASK]  后劲 很 凶 只 是 反而 愈发 的 思念 你 。,种,样,-0.9578649997711182,"样, 次, 个","-0.9579, -1.3541, -1.7821"
1756,第一 [MASK] 带  见 家长 想不到 对 你 的 印象 几 好 喔 今天 我 很 开心 呢 谢谢 你 老公 我 爱 你,次,次,-0.015364478342235088,"次, 个, 眼","-0.0154, -4.6529, -6.1112"
1757,吃 了 好几 [MASK]  !,盘,次,-1.5581787824630737,"次, 个, 碗","-1.5582, -1.6162, -2.0847"
1758,"她 身上 有 多 [MASK]  , 永远 朋克会 驾驶 飞机 。",处,层,-1.898315191268921,"层, 棒, 个","-1.8983, -2.4089, -2.6495"
1759,就 像 是 一 [MASK] 纤细 的  。,根,个,-1.6360480785369873,"个, 样, 条","-1.6360, -2.0124, -2.0848"
1760,你 不 知道 的 事 每 [MASK]  都 很 感动,次,次,-0.34560757875442505,"次, 个, 件","-0.3456, -1.8334, -3.5971"
1761,"杜氏 家族 今年 添 了 几 [MASK]  , 全体 姑娘 翻来 煮禄堆 。",枚,个,-1.2515380382537842,"个, 把, 位","-1.2515, -2.4825, -2.6858"
1762,"终于 跑 完 最后 一 [MASK]  , 年 也 就 过 完 了 , 明天 开工 上班",家,步,-1.1911128759384155,"步, 圈, 段","-1.1911, -2.0578, -2.8414"
1763,"这 将 从 多 [MASK]  带来 创新 , 并 减轻 美国 学生 书包 的 重量 。",个,处,-0.2763737738132477,"处, 面, 个","-0.2764, -2.1243, -3.6843"
1764,"总爱 睡 了 几 [MASK]  后 , 就 开始 睡 不 着 , 又 是 这 钟 数 慢慢 地 我 开始 厌倦 这 钟 无休止 习惯 的 习惯 生活",个,次,-1.3939554691314697,"次, 点, 分","-1.3940, -1.6418, -1.9496"
1765,"人 就 是 应该 有 梦想 , 然后 用 一生 努力 把 梦想 变成 现实 , 很多 事 需要 一 [MASK]  , 只 盼 在 稳固 中 拔得头筹 。",次,步,-1.5880837440490723,"步, 次, 起","-1.5881, -2.1730, -2.2755"
1766,我 在 中影 国际 影城 签到 20 [MASK]  大闹,次,分,-1.343029499053955,"分, 个, 张","-1.3430, -1.8518, -2.2834"
1767,还 得 一 [MASK]  收拾 这 破 公司 。,个,手,-0.4915634095668793,"手, 起, 个","-0.4916, -1.5317, -3.6184"
1768,"在职场 中 就 应该 像 柯 南 那样 , 有 一 [MASK] 走到 哪 就 让 别人 死到 哪 的  。",种,种,-0.392259806394577,"种, 个, 点","-0.3923, -1.7222, -3.2413"
1769,"想 我 长 得 这么 帅 , 改卷 老师 绝对 不 会 给 我 低分 的 , 因为 我 是 孤独 的 风 中 一 [MASK]  。",匹,个,-1.4430965185165405,"个, 员, 枚","-1.4431, -1.6194, -2.3029"
1770,"老 朋友 见面 , 狠狠 的 亲切 , 记得 当年 一 [MASK] 的  , 嘿嘿 。",起,下,-1.722721815109253,"下, 把, 个","-1.7227, -2.1406, -2.2026"
1771,"在 游戏 梦想 商业街 中 获得 了 成就 社会 活动家 , 成为 微博 第 31 [MASK] 获得 该 成就 的  , 你 想 和 TA 比 试 一下 吗",位,位,-0.5095444917678833,"位, 个, 名","-0.5095, -1.1265, -2.8329"
1772,"污染 指数 12 月 的 时候 买 了 口罩 , 出门 3 天 , 平均 下来 每 天 户外 活动 约 1 [MASK]  , 口罩 如下",个,次,-0.052884697914123535,"次, 圈, 个","-0.0529, -4.0389, -4.7948"
1773,"电影 里 , 只 需 镜头 切换 , 字幕 上 出现 几 [MASK]  二十 年 后 , 然后 红颜 白发 , 一切 都 有 了 结局 , 而 现实 的 人生 , 三 年 五 载 , 其中 哪 一 秒钟 不 需要 生生 地捱",行,个,-0.09305744618177414,"个, 次, 位","-0.0931, -4.0780, -4.5270"
1774,"男 女 朋友 睡 一 [MASK]  , 女 的 划 了 条线 过线 的 是 禽兽 。",个,起,-0.2810863256454468,"起, 楼, 间","-0.2811, -3.1638, -3.3460"
1775,我 在 香港 永祥烧腊 餐厅 虹口 店 没 [MASK] 吃 只 能 外卖 了 麻痹 皇  又 输 了 窝色 吃 回来,堂,点,-1.671720027923584,"点, 面, 处","-1.6717, -2.3765, -2.5493"
1776,重 器 精品 海南 黄花油 梨红色 油梨 竹节型 把 [MASK]  2012129 分享自,件,把,-0.414255291223526,"把, 手, 具","-0.4143, -1.4299, -3.6794"
1777,"我们 一 [MASK]  的 作业 , 5 分钟 很 简单 的 问题 , 帮忙 做做 不 ?",门,起,-1.4875187873840332,"起, 组, 次","-1.4875, -1.8221, -2.0537"
1778,我 要 把 自己 裹 得 暖暖 的 管 他 臃肿 与否 帽子 围巾 靴子 大衣 各 [MASK]  我 要 暖暖 暖暖 暖暖,种,位,-0.5954145193099976,"位, 种, 类","-0.5954, -0.9478, -3.9031"
1779,这 [MASK]  就 跟 屎 一样 我 的 感性 细胞 又 要 泛滥 的 扩散 了 我 要 疯 了,种,样,-0.8619458675384521,"样, 下, 个","-0.8619, -1.7662, -1.8625"
1780,"好不容易 为 我们 争取 到 的 座位 还 要 被 你 嫌弃 , 本 以为 告诉 你 会 是 [MASK]  , 算 了 , 我 不 重要 , 不 重要 。",个,对,-0.7448044419288635,"对, 样, 个","-0.7448, -1.8841, -2.9484"
1781,向 提问 提问 周董 我 是 内蒙古 的 歌迷 什么 时候 是 下 一 [MASK]  ?,次,个,-1.1961429119110107,"个, 位, 代","-1.1961, -1.2556, -2.1674"
1782,"据 俄罗斯 媒体 报道 , 在 日本 政府 推进 的 俄罗斯 东 西伯利亚 到 太平洋 沿岸 的 石油 管道 建设 计划 中 , 日本 保证 “ 将 向 俄方 以 每天 100万 [MASK] 的  进口 原油 ” 。",桶,桶,-0.034104399383068085,"桶, 口, 份","-0.0341, -5.8535, -6.1532"
1783,看完 这个 视频 我 把 F [MASK]  移动 硬盘 都 清空 了 。,盘,个,-0.3583819568157196,"个, 家, 把","-0.3584, -2.9771, -3.1114"
1784,"某 个人 的 电话 害 的 我 失眠 , 在 床 上翻 了 几百 [MASK]  还 是么 睡 着 。",个,遍,-0.6744447946548462,"遍, 页, 次","-0.6744, -0.7931, -3.6770"
1785,"京东 商城 网购 晒 单 我 买 了 [MASK] 飞科  电吹风 系列 FH 6218 感觉 不错 哦 优点 价格 便宜 , 够用 缺点 暂时 还 没 发现 缺点 哦 !",个,波,-1.6389455795288086,"波, 款, 点","-1.6389, -1.8278, -2.8237"
1786,"人生 就 像 一 [MASK]  , 教会 你 最初 舞步 的 人 , 却 未必 能 陪 你 走到 散场 !",场,场,-0.2712322771549225,"场, 路, 个","-0.2712, -2.9140, -3.1174"
1787,下雪咯 2012 第一 [MASK] ,场,集,-2.22133469581604,"集, 家, 行","-2.2213, -2.3484, -2.4963"
1788,MAC 魅可 圣诞 限量 英伦 皇家 底妆 6 [MASK] 套刷  包 格子 的 拼接 好 别致 喜欢 点 这,件,款,-1.359940528869629,"款, 件, 层","-1.3599, -1.4371, -2.9536"
1789,"这 [MASK] 小  皮肤 颜色 红 黑 相间 , 微小 螨虫 为 食 。",种,种,-1.151955008506775,"种, 些, 块","-1.1520, -1.3099, -1.6125"
1790,果果 自己 和 乒乓球 疯 了 一 [MASK]  后 终于 累咯,个,圈,-1.2103397846221924,"圈, 场, 阵","-1.2103, -2.1900, -2.1941"
1791,我 怀念 高中 大家 每 天 一起 吃 饭 每 [MASK]  每 天 泡 一起 双 扣 的 日子 。,个,班,-1.5899096727371216,"班, 个, 间","-1.5899, -2.6497, -2.8175"
1792,一 [MASK]  乾福会 改善 伙食,家,般,-0.4712236523628235,"般, 些, 个","-0.4712, -2.4733, -3.1249"
1793,你 期待 一 [MASK] 怎样 的  ?,个,个,-0.5548332929611206,"个, 次, 场","-0.5548, -2.8705, -2.9489"
1794,"在 扇形 的 大礼堂 内 , 一 [MASK]  象 背书 一样 , 把 本来 生动 迷人 的 历史 讲 得 枯燥 无味 。",位,个,-1.7352724075317383,"个, 家, 副","-1.7353, -1.9571, -2.5111"
1795,"爱情 固然 是 每 [MASK]  所 渴求 的 , 但 没有 绝对 顺利 的 爱情 。",个,个,-0.168107807636261,"个, 代, 位","-0.1681, -3.5951, -3.7044"
1796,"祝福 朋友 , 天天 快乐 春节 快乐 表情 看到 雪 又 一 [MASK]  的 博 文明 天 我 将 去 远行 有感而发 的 评论 。",轮,次,-0.5023157000541687,"次, 样, 般","-0.5023, -1.9033, -3.5756"
1797,支持 你 谢天华 现在 正在 看 你 的 洪武 32 千 [MASK]  也 很 棒 !,户,篇,-2.4293015003204346,"篇, 卷, 刀","-2.4293, -2.5072, -2.6149"
1798,"郭德纲 痛揍卓伟 , 大 快 , 各位 可否 还 记得 当年 窦唯怒 烧 报馆 , 当时 无 良 记者 就 叫 卓伟 , 求证 是 不 是 一 [MASK]  。",个,样,-0.2135794460773468,"样, 例, 般","-0.2136, -3.3285, -3.5310"
1799,我 于是 也 会 在 心 中 盼望 着 生命 里 会 出现 那 [MASK]  像 李大仁 那样 的 人 会 在 我 最 寂寞 最 难受 最 憋屈 想 找 人 聊 一 聊 的 时候 就 会 随时 出现 的 人,个,个,-0.7811161279678345,"个, 种, 些","-0.7811, -1.1688, -1.6594"
1800,"听 刘欢 的 歌词 , 我 的 第一 [MASK]  是 大叔 , 你 是 淘宝 请来 的 救兵 吗 ?",个,名,-1.191257119178772,"名, 句, 个","-1.1913, -1.3433, -1.6101"
1801,我 吃 了 一 [MASK] 周 黑鸭翅 啦 没 水 喝 呀  。,盒,只,-1.722987413406372,"只, 个, 口","-1.7230, -2.0248, -2.2186"
1802,"法国 《 回声 报 》 11月 20日 写道 , 这次 欧安会 首脑 会议 首先 是 两 [MASK] 大国  时期 结束 的 象征 , 一方面 , 莫斯科 在 请求 财政 援助 , 另 方面 , 华盛顿 在 要求 为 其 海湾 远征 提供 支持 。",个,个,-0.024652328342199326,"个, 次, 位","-0.0247, -4.5563, -4.9068"
1803,达 人 福利恩 我 想要 好看 的 袜子 凑 [MASK] ,个,家,-2.6894187927246094,"家, 发, 下","-2.6894, -2.7488, -3.3533"
1804,又 陪 家裡 的 小 朋友 看 了 一 [MASK] 三個  。,遍,下,-0.6299974918365479,"下, 次, 趟","-0.6300, -1.7372, -3.5763"
1805,"跟 着 一 [MASK] 小  一起 收 红包 , 我 这个 大 朋友 也 有 红 包收",群,个,-0.7429460883140564,"个, 家, 群","-0.7429, -1.9293, -2.1071"
1806,极度 讨厌 自己 喝 [MASK]  就 跟 白痴 一样 再 改 不 了 坏 习惯 就 戒酒 !,点,下,-1.2440989017486572,"下, 杯, 点","-1.2441, -2.0161, -2.2866"
1807,"树叶 , 树枝 , 草茎 上 , 已经 结上 了 薄冰 , 残留 的 几 [MASK]  , 也 披上 了 晶莹 的 外衣 。",朵,分,-1.123512625694275,"分, 滴, 片","-1.1235, -1.6114, -2.8323"
1808,"我 总 觉得 , 你 的 生活 会 很 美好 , 下 [MASK]  一定 不 远 。",个,次,-0.5005635023117065,"次, 场, 班","-0.5006, -1.1977, -3.9237"
1809,"测试 最 适合 你 的 爱情  当 爱情 指数 一直 在 低谷 徘徊 , 许久 不 见 起色 , 你 应该 吃上 一 [MASK] 什么 急救丸 , 让 你们 的 爱 重新 容光焕发 呢 ?",颗,些,-0.30948060750961304,"些, 点, 顿","-0.3095, -1.7242, -3.7223"
1810,"这 [MASK]  的 共同 特点 就 是 血液 中 活性 凝血酶 的 生成 出现 功能 障碍 , 进而 使得 血液 凝固 时间长 , 在 生命 过程 中 遇到 轻 微创",类,样,-0.8185442090034485,"样, 些, 种","-0.8185, -0.9943, -2.3067"
1811,"作为 普通 一 警 , 能够 登上 春晚 的 舞台 , 虽然 只有 短暂 几 [MASK]  , 我 已 很 满足 , 我 会 以 此 为 动力 , 前行 的 路 上 更加 努力 , 不 辜负 大家 的 关心 。",个,次,-0.7364239692687988,"次, 步, 个","-0.7364, -1.1596, -2.6942"
1812,睡 了 十四 [MASK] ,个,分,-1.4588197469711304,"分, 家, 点","-1.4588, -2.5008, -2.7334"
1813,"连夜 赶 了 五 [MASK]  的 路 , 到 了 客户 的 工厂 已经 是 凌晨 三点 了",个,趟,-0.5124567151069641,"趟, 次, 点","-0.5125, -2.3038, -2.3250"
1814,真心 喜欢 兰芝 Lanige 的 这 两 [MASK]  。,款,款,-0.5161267518997192,"款, 种, 道","-0.5161, -3.0068, -3.1824"
1815,好 想 再 淋 一 [MASK] 灰  的 雨 !,场,次,-0.6109709739685059,"次, 场, 下","-0.6110, -1.4991, -2.4539"
1816,怎么 了 我 半夜 穿 着 睡衣 起床 上 [MASK]  后 老 打喷嚏 我 不 要 感冒 啊 !,个,班,-0.019697392359375954,"班, 楼, 身","-0.0197, -5.5441, -5.9230"
1817,"所以 努力 做 领导 , 统治 屁民们 是 每 [MASK]  的 崇高 理想 。",个,个,-0.9128634333610535,"个, 代, 家","-0.9129, -1.5188, -2.5421"
1818,终于 给 2 [MASK] 在 德国 工作 的  搞定 Garmin 了 。,个,个,-0.22167164087295532,"个, 位, 名","-0.2217, -2.0718, -3.4357"
1819,这 [MASK]  赚 再 多 钱 也 没命 去 花 。,种,样,-0.08754189312458038,"样, 个, 种","-0.0875, -3.9224, -4.3079"
1820,家里人 都 说 我 是 一 [MASK] 做事 从来 不 经 大脑 的  。,个,个,-0.026199281215667725,"个, 位, 名","-0.0262, -4.6938, -5.2474"
1821,"陈亚 也 有 了 , 每 [MASK] 执行  任务 你 俩 都 一起 , 生 一 男 一 女 , 还 可以 成 亲家 呢",次,次,-0.05402611568570137,"次, 个, 项","-0.0540, -3.6030, -4.9664"
1822,其实 就 是 两 [MASK] ,只,个,-0.826255202293396,"个, 家, 种","-0.8263, -2.4371, -3.2519"
1823,"早上 飘起 了 小雪 , 每 [MASK] 下雪  都 非常 好",次,次,-0.008098283782601357,"次, 个, 场","-0.0081, -5.5056, -7.0982"
1824,刚刚 有 [MASK]  打 电话 来 问 我 是 不 是 在 他 先生 那里 无奈 了,个,个,-0.7379958629608154,"个, 点, 次","-0.7380, -2.0005, -2.0135"
1825,"叙利亚 政府 从 俄罗斯 购买 36 [MASK]  俄罗斯 支持 赚 钱 两 不 误 , 高",架,架,-1.6169400215148926,"架, 辆, 个","-1.6169, -1.8433, -2.2265"
1826,翻来 Kimsha 各 [MASK] 不  。,种,种,-0.946812629699707,"种, 个, 所","-0.9468, -1.6360, -2.6118"
1827,"5 , 上街 卖花 , 见 情侣 就 说 给 你 妈 买 [MASK]  吧 !",束,个,-0.5594149827957153,"个, 点, 下","-0.5594, -1.9669, -2.9520"
1828,"天 才 是 各 [MASK]  都 有的 可是 , 除非 待 有 非常 的 事变 发生 , 激动 群众 , 是 有 天才 的 人 出现 , 否则 赋有 天才 的 人 就 会 僵化",个,种,-1.5210031270980835,"种, 家, 族","-1.5210, -1.5570, -1.8152"
1829,"妹子 , 你 怎么 才 到 五 [MASK]  啊 ?",通,点,-1.1984471082687378,"点, 级, 楼","-1.1984, -2.0984, -2.1881"
1830,"20120125 伊 达时 12 [MASK]  处理 了 1000 元 详情 , 。",位,点,-1.2942360639572144,"点, 号, 分","-1.2942, -1.5900, -1.9942"
1831,"婚姻 是 责任 , 每 一 [MASK] 步入 婚姻 殿堂 的  , 你们 真的 准备 好 了 吗 ?",对,个,-0.645514726638794,"个, 位, 对","-0.6455, -0.8922, -3.6061"
1832,2011 年 公司 实现 原油 产量 322 亿 [MASK]  下降 187 实现 原油 加工量 217 亿 吨 同比 上涨 296 。,桶,桶,-0.31553399562835693,"桶, 份, 件","-0.3155, -3.4325, -3.7387"
1833,"如果 欺负 我 , 你 想 我 会 不 会 用 那 两 [MASK]  鄙视 死 你 。",根,句,-0.4059792160987854,"句, 个, 眼","-0.4060, -2.0457, -2.8622"
1834,"一 [MASK]  的 迷人 , 一半 来自于 她 的 幻想 。",个,般,-1.6885632276535034,"般, 样, 次","-1.6886, -2.1079, -2.6882"
1835,留下 一 [MASK] 女  在 那里 恨铁不成钢 。,帮,个,-0.13657216727733612,"个, 处, 家","-0.1366, -3.5683, -4.1044"
1836,"穆雷 , 这 [MASK] 真 ",次,个,-0.7847275733947754,"个, 样, 次","-0.7847, -1.2720, -2.0681"
1837,"看 了 千山 慕雪 , 结局 真 悲伤 , 居然 看 的 时候 会 流 眼泪 , 那 [MASK]  悲伤 , 想来 我 老 了 。",个,种,-1.0388771295547485,"种, 个, 样","-1.0389, -1.3824, -1.4067"
1838,"陆家嘴 的 清晨 , 好久 没有 起 这么 早 了 , 这么 多 年 在 酒店 还 是 睡 不 好 , 昏天 暗地 中 感觉 自己 还 在 北京 , 今天 去 谈 海上 项目 , 谈成 了 就 可以 干 深圳 香港 这 [MASK]  了 , 到时候 就 可以 见到 啦 , 嘿嘿 。",条,块,-0.6977950930595398,"块, 个, 些","-0.6978, -1.8198, -2.8239"
1839,外面 有 [MASK]  一大早 在 放歌 而且 还 是 超俗 带感 的 一 听 就 知道 昰些 外省仔 。,个,个,-0.9461247324943542,"个, 位, 些","-0.9461, -1.9688, -2.0951"
1840,"我 男朋友 一准儿 是 [MASK]  痴 , 丫现在 还 没 找到 我 。",个,路,-0.08921188861131668,"路, 脸, 道","-0.0892, -4.4032, -4.4759"
1841,"叶儿粑 拇指粽 煎 饺煎包 还 有 蛋烘糕 , 实话 说 蛋烘糕 就 是 一 [MASK] 夹 了 酸 豆角 末末 的 ",枚,个,-0.49834805727005005,"个, 种, 道","-0.4983, -1.9845, -2.9904"
1842,"十分 好运 沾 春雨 , 百般 成功 遂 你 意 , 万 [MASK]  由 你 享 !",种,分,-1.08195960521698,"分, 家, 份","-1.0820, -1.8280, -2.1659"
1843,"据说 , 端 今天 上午 出去 玩 , 跟 每 一 [MASK]  的 人大 声 介绍 我 妈妈 在 睡觉 你 妈 就 那么 点 小 癖好 , 至于 广而告之么 。",个,桌,-1.3870095014572144,"桌, 排, 组","-1.3870, -1.4146, -1.8476"
1844,突然 有 [MASK] 想 旷工 的 强烈  !,种,种,-0.032637178897857666,"种, 点, 股","-0.0326, -4.3189, -4.8457"
1845,"回 了 一 [MASK]  , 甚 是 觉得 无聊 , 我 还 在 想 后天 回去 以后 我 岂 不 是 要 在 家 无聊 死 吗 ?",趟,趟,-0.7480736374855042,"趟, 家, 次","-0.7481, -1.9693, -2.4507"
1846,"百 [MASK] 尚 牛  , 四 塞 已 千戈 。",户,步,-1.0708515644073486,"步, 家, 世","-1.0709, -1.8089, -2.0756"
1847,"叫 了 [MASK] 永和 豆浆 的 蛋  , 十 元 钱 , 有点 不 可 思议 的 感觉 。",份,个,-0.6304097771644592,"个, 碗, 份","-0.6304, -1.5291, -2.0398"
1848,还 有福 到 啦 一 [MASK]  辛苦 啦 新年 快乐 大家 都 顺顺利 利噢福 到 啦,个,起,-0.46539419889450073,"起, 家, 样","-0.4654, -1.4238, -3.0933"
1849,跟 发烧 了 一样 这 屋里 大概 20 度 左右 哈哈 我 却 冷 得 快 要僵 了 浑身 一 [MASK] ,阵,样,-1.6126046180725098,"样, 下, 般","-1.6126, -2.2626, -2.4642"
1850,在 此 也 希望 这 [MASK]  坚强 的 活 过来,位,样,-0.6028490662574768,"样, 些, 位","-0.6028, -1.7958, -2.3984"
1851,"当天 过 了 不久 , 这 [MASK]  遇到 住 在 另 一 边 隔壁 的 男士 。",位,次,-0.4818218946456909,"次, 样, 位","-0.4818, -2.5599, -2.7042"
1852,我 看到 你们 背影 不 知道 为什么 心里 一 [MASK]  我 暗暗 发誓 一定 要 让 你们 过 上 无忧无虑 安定 的 生活 坚持 不 下去 松懈 的 时候 反复 告诉 自己 你 不 努力 你 还 在 指望 什么 是 的 真的 努力,阵,阵,-1.9530935287475586,"阵, 下, 种","-1.9531, -2.0739, -2.1066"
1853,"今年 这 [MASK] 小  , 最 特别 , 最 有 爱 。",批,个,-0.8784074187278748,"个, 样, 些","-0.8784, -1.4789, -1.6446"
1854,看到 运河 雄鹰 的 博文 转载 中国 散文 精选 300 [MASK] 初选  智勇 选 有感而发 的 评论 。,篇,首,-0.7226808071136475,"首, 篇, 句","-0.7227, -1.0295, -2.7728"
1855,"我 参与 了 发起 的 投票人 气大 调查 罗志祥炎亚纶 韩庚 钟汉良 张杰 , 我 投给 了 罗志祥 这 1 [MASK]  。",个,位,-1.0278384685516357,"位, 个, 名","-1.0278, -1.6075, -1.8680"
1856,"每 日 都 5 可以 有 一 [MASK] 安静 的  , 我 每 日 都 要 比 爸 妈 话 过 我 距 地 先 会 安乐 。",个,个,-0.8412609696388245,"个, 点, 份","-0.8413, -1.6362, -2.2944"
1857,像 我 这 [MASK]  又 不 行理 又 不 会 本来 就 差 还 要 退步 的 人 唉 该 怎么办,种,种,-0.6012242436408997,"种, 样, 个","-0.6012, -0.8315, -4.8575"
1858,"经 心理 鉴定 本人 软件 年龄 21 岁 , 比 全 国 70 的  要 年轻 , 是 一 [MASK] 偏 传统 居安思危 冷静 内心 坚强 的 人 !",个,个,-0.24031348526477814,"个, 种, 位","-0.2403, -2.8946, -3.1391"
1859,人生 第一 [MASK]  露水 。,瓶,滴,-0.40814971923828125,"滴, 次, 杯","-0.4081, -2.4784, -2.5695"
1860,"头 先 拆利 是 , 竟然 有 一 [MASK]  是 空 的 。",封,个,-1.430875301361084,"个, 些, 块","-1.4309, -2.6826, -2.9828"
1861,"明天 就 要 回 学校 了 , 今晚 在 家 跟 姑父 和 弟妹们 好好 来 了 几 [MASK] 双 扣斗 ",局,个,-0.9563353657722473,"个, 双, 次","-0.9563, -2.3403, -2.3656"
1862,"十 [MASK]  , 大家 都 挺 嗨 !",班,点,-0.8249855041503906,"点, 分, 个","-0.8250, -1.3805, -2.9859"
1863,"一 日 , 小 侄女 对 她 妈 说 我 要 嫁给 邻 班 的 那 [MASK]  妈妈 漫不经心 的 回答 他 有 固定 工作 吗 ?",个,个,-0.5427951216697693,"个, 位, 名","-0.5428, -0.8914, -5.4252"
1864,"我 在 测测 你 最 拒绝 不 了 哪 一 [MASK]  的 诱惑 中 的 测试 结果 是 你 最 无法 抵抗 用 甜言蜜语 打动 你 的 多情种 , 你 也 来 测测 吧",类,种,-0.37793242931365967,"种, 类, 样","-0.3779, -2.0519, -2.4549"
1865,上传 了 7 [MASK]  到 相册 我 叫 苏沐 。,张,张,-0.09758646786212921,"张, 页, 次","-0.0976, -3.3267, -4.5060"
1866,"其实 那么 多 话 , 只有 不 愿意 三 [MASK]  说 得 最 快 最 大 声 最 坚定 听 得 最 清晰 。",个,个,-1.0573093891143799,"个, 句, 次","-1.0573, -1.8771, -2.2442"
1867,"直 到 转身 , 我 才 发现 , 原来 那 [MASK]  , 其实 , 也 是 我 自己 的 。",声,些,-0.701141893863678,"些, 个, 份","-0.7011, -1.4369, -3.3622"
1868,"虽然 我 知道 自己 不 该 有 这 [MASK]  的 情绪 , 但 还是 没 忍住 红 了 眼圈 。",种,样,-0.004974857904016972,"样, 种, 般","-0.0050, -5.6387, -7.4228"
1869,小 侄女 这 卷发 这 自 来 卷 像 不 像 巴黎 宝贝 里面 那 [MASK]  啊,个,个,-1.2198543548583984,"个, 款, 种","-1.2199, -1.4947, -1.5039"
1870,"我 好 想 有 一 天 抱 着 我们 的 小孩 , 告诉 他 , 你 爸爸 以前 多 浪漫 , 自己 偷偷 开 了 [MASK]  , 里面 全 是 妈妈 的 名字 。",个,封,-1.1966654062271118,"封, 瓶, 箱","-1.1967, -1.2730, -1.7853"
1871,今晚 我们 三 [MASK]  都 心情 吾 好 !,个,个,-0.11459120362997055,"个, 位, 家","-0.1146, -3.1779, -3.4056"
1872,"保持 周围 环境 安静 和 精神 集中 你 将 经历 一 [MASK] 坐 在 理发店 中 的 虚拟  太太 太 神奇 了 , 尤其是 来自",个,个,-0.5014712810516357,"个, 次, 位","-0.5015, -1.7821, -2.4897"
1873,聆听 心灵 深处 的 那 [MASK]  。,个,些,-0.7775470018386841,"些, 个, 份","-0.7775, -1.9140, -2.1925"
1874,"他 先 自爆 因為 很多 人 追問 他 葉問 第三 [MASK]  拍 , 問到 會否",集,次,-0.27285605669021606,"次, 部, 集","-0.2729, -2.2805, -2.9795"
1875,当时 匆忙 新 编成 的 两 [MASK]  的 实际 情况 怎样 呢 ?,个,部,-1.8700814247131348,"部, 个, 集","-1.8701, -2.4122, -2.6452"
1876,"真 险吖 , 第一 [MASK]  Oooo 踩 你 死 中 时间 点 上班 , 比 部长 早到 1 分钟 , 不然 就 迟到 啦 , 琴晚吖 妈子 又 出事 , 不得已 又 去 左 医院 睇急诊",次,次,-0.12658578157424927,"次, 个, 班","-0.1266, -3.0433, -3.3451"
1877,送 人 之后 拿 出来 留 [MASK]  。,个,下,-1.3273974657058716,"下, 名, 记","-1.3274, -1.6136, -1.9053"
1878,"昨天 去 市区 比赛 , 赢 了 一 [MASK] 一千多 的  。",个,个,-0.5440247058868408,"个, 块, 张","-0.5440, -3.1216, -3.1584"
1879,"碎 不 着 , 翻翻 老 照片 , 想起 一 [MASK]  , 决定 把 它 办 了 , 言而有信 !",桩,些,-0.9471876621246338,"些, 点, 下","-0.9472, -1.4212, -1.7405"
1880,"这个 社会 暴力 已经 够多 了 , 打人 终究 是 不 对 的 , 但是 看看 这个 嚣张 的 简介 , 真的 是 一 [MASK]  的 打扮 那 !",副,样,-0.7921872138977051,"样, 般, 脸","-0.7922, -0.9793, -3.0307"
1881,运势 处女座 今日 运势 爱情 健康 财运 工作 速 配 水瓶座 幸运 色 卡其色 哟西五 [MASK]  的 上升 趋势 让 我 情 何以 堪 哈哈 祝 自己 一路 顺风,颗,号,-1.7128552198410034,"号, 行, 点","-1.7129, -1.7515, -2.0686"
1882,老虎 抓到 一 [MASK]  后 要 把 它 吃掉 !,头,只,-0.24591317772865295,"只, 条, 个","-0.2459, -2.8054, -3.3753"
1883,每 [MASK] 听 一些 初中 的  就 会 自然 的 想起 一些 画面 和 感觉 爱 听 鱼 喜欢 陈绮贞 纯净 的 声音 喜欢 它 的 歌词 喜欢 它 的 旋律 喜欢 它 的 感觉 会 想起 初一 的 时候 的 单纯 什么 都 不 想 的 自己,次,次,-0.022890878841280937,"次, 回, 下","-0.0229, -4.2432, -6.7024"
1884,还是 没有 少 了 一 [MASK]  。,顿,点,-0.30087941884994507,"点, 些, 个","-0.3009, -2.2038, -3.6520"
1885,"1 月 9 日 , 北星路 喜气洋洋 , 北海市 民生 路网 三 期 工程 第二 [MASK] 道路 通车  仪式 在 此 举行 。",批,段,-1.0118629932403564,"段, 条, 次","-1.0119, -1.2890, -1.9314"
1886,"外公 我 来 了 , 今天 要 吃 十 [MASK] 你 做 的 霹雳  黯然 销魂 狮子头 。",个,个,-1.2167136669158936,"个, 块, 顿","-1.2167, -2.0503, -2.6671"
1887,英国 医生 进行 了 世界 上 第一 [MASK] 宫内 胎儿 心脏  。,例,例,-1.0071985721588135,"例, 次, 个","-1.0072, -1.0830, -1.6265"
1888,"淡蓝 的 色彩 有 [MASK]  , 简单 雅致",种,点,-1.3626172542572021,"点, 线, 些","-1.3626, -1.7065, -1.7483"
1889,韩系 风派 韩版 休闲 旅行包 男女 帆布 包 正品 电脑 双肩背 包潮 真皮 书包 价格 16800 元 最近 销售 243 [MASK]  更 多,件,件,-1.2070372104644775,"件, 页, 号","-1.2070, -2.3282, -2.7718"
1890,"开始 以为 是 [MASK]  , 越 往后 过 越 觉得 此 话 不 虚 。",个,道,-2.127169370651245,"道, 对, 路","-2.1272, -2.2377, -2.5325"
1891,"用 于 死刑 名称 , 则 是 指 处死 人时 将 人身 上 的 肉 一 [MASK]  割 去 , 使 受刑人 痛苦 地 慢慢 死去",刀,刀,-0.22466886043548584,"刀, 次, 笔","-0.2247, -3.6290, -3.7217"
1892,喜欢 一 [MASK]  。,句,个,-1.2511236667633057,"个, 点, 起","-1.2511, -1.6245, -2.3522"
1893,"这 [MASK]  , 不 就 摆明 着 自己 在 炒 楼 嘛 。",种,样,-0.08190441876649857,"样, 些, 个","-0.0819, -3.7705, -3.8835"
1894,"一点 睡觉 , 梦 中去 了 [MASK]  国 , 七点半 爬 起来 继续 学习 。",趟,回,-0.2532893121242523,"回, 家, 下","-0.2533, -2.7739, -4.1034"
1895,能 想象 一 [MASK] 箱  的 娃娃 头 娃娃 身 吗 太 惊悚 了 !,箱,箱,-0.00405740225687623,"箱, 封, 个","-0.0041, -7.0182, -7.0605"
1896,分享 一 [MASK]  给 大家 微 女郎 龍耀 2012 !,个,下,-0.11987868696451187,"下, 张, 些","-0.1199, -3.5568, -3.7825"
1897,"男人 , 就 要 做 [MASK] 像 男人 的  !",点,些,-0.3006385862827301,"些, 个, 件","-0.3006, -2.1453, -3.1107"
1898,"连续 下雨 , 呢 [MASK] 年成  !",个,个,-1.4873403310775757,"个, 样, 等","-1.4873, -2.3804, -2.6582"
1899,"初步 了解 到 , 根据 南京 案件 的 特性 , 这 [MASK]  中 有 犯罪 心理学 , 犯罪 踪迹学 等 领域 的 顶级 行家 , 都 有 办 过 大 案 要 案 的 经历 。",批,群,-0.6327999234199524,"群, 些, 个","-0.6328, -1.6344, -2.7263"
1900,人体 初 [MASK]  结核 杆菌 感染 后 通常 绝大多数 人 没有 任何 症状 也 不 发生 结核病 少数 感染 结核 杆菌 的 人 抵抗力 降低 时 可能 发生 结核病 。,次,次,-0.6854230165481567,"次, 遭, 对","-0.6854, -1.7991, -2.0943"
1901,孤单 的 呼吸 电视剧 另 一 [MASK] 灿烂 生活  正式 完整版 影视 原声 高清 MV 音悦 台 分享 自,种,种,-0.28531697392463684,"种, 个, 份","-0.2853, -2.6944, -3.4863"
1902,"不 知道 能否 睡 [MASK]  , 哎 , 想 你 , 猪",个,下,-0.5776609182357788,"下, 个, 起","-0.5777, -1.6567, -2.2963"
1903,那天 我们 去 香江 汇 那里 吃 的 那 [MASK]  什么 来 着 ?,个,个,-0.4587400555610657,"个, 些, 碗","-0.4587, -1.7080, -2.7324"
1904,"接近 岁末 , 终于 可以 看到 形式性 的 工作 的 尾巴 了 , 偷偷 地 喘 [MASK]  吧",口,口,-0.5297066569328308,"口, 声, 道","-0.5297, -1.9221, -2.6838"
1905,"夜深 了 , 也 不 敢 去 睡觉 了 , 怕 做 那些 噩梦 , 是 那些 事情 记得 太 牢 还 是 一 [MASK]  在 陌生 的 地方 太 容易 勾起 回忆 呢 , 天天 做 噩梦 实在 太 累 了 , 心思 犹如 我 掌 纹般 凌乱 。",个,些,-0.935102105140686,"些, 个, 起","-0.9351, -1.0001, -2.8747"
1906,"酒醉 , 夜半 昏 醒 , 偶看 一 [MASK] 初恋  小 事 。",片,些,-1.167614459991455,"些, 段, 个","-1.1676, -1.5098, -2.6629"
1907,"即便 如此 , 却 依然 喜欢 这样 一 [MASK] 浑身  的 他 。",个,个,-0.25420793890953064,"个, 张, 副","-0.2542, -3.0972, -3.2506"
1908,"食 完饭 亲爱 的 来 车 我 出去 , 哈哈 , 爱 死 了 , 不过 天气 很 冷 , 记得 着 多 [MASK]  噢",件,点,-1.0062161684036255,"点, 些, 下","-1.0062, -2.0304, -2.7179"
1909,"看 过 唯美 浪漫 的 , 来 [MASK]  恶心 的 怎样 , 人 皮 客栈 3 走 起 !",些,个,-0.46826010942459106,"个, 点, 回","-0.4683, -2.1393, -3.5426"
1910,"在 南开 最后 一 [MASK]  , 被 你 偷 了 !",个,餐,-1.9413142204284668,"餐, 间, 步","-1.9413, -2.4939, -2.4959"
1911,"事后 反思 , 既然 催促 多 [MASK] 都  就 说明 这个 方法 不 合适 , 我 得 另 辟 蹊径 , 而 不 是 恶语 相向 , 在 此 向 孩子 真诚 地道 歉 。",次,次,-0.002750540152192116,"次, 遍, 个","-0.0028, -7.3319, -8.1691"
1912,"也 不 知道 是 不 是 老 总 都 有 在 的 才 这样子 表现 一下 的 , 呵呵呵 三 [MASK]  菲利浦 音箱",等,代,-1.8838064670562744,"代, 个, 层","-1.8838, -1.9218, -2.0136"
1913,"西 甲第 19 [MASK] 巴萨 42 皇家  上 半场 哈 维和 梅西 相继 为 巴萨 建功 , 贝蒂斯 由 卡斯特罗 打进 1 球 。",轮,轮,-0.16457098722457886,"轮, 名, 场","-0.1646, -3.1932, -3.3436"
1914,"兴奋 啊 兴奋 , 是 不 是 快 过年 了 , 给 了 这么 一 [MASK] 让 人 舒适 的  , 中国 的 春节 也",个,个,-0.06747786700725555,"个, 份, 些","-0.0675, -3.9847, -4.5346"
1915,因为 只有 这 [MASK]  能 了解 你 。,种,个,-0.9155948162078857,"个, 样, 些","-0.9156, -1.2315, -2.2563"
1916,"在 正墙 里面 上 有 4 [MASK] 巨大 的  手持 钥匙 和 宝剑 的 圣徒 彼得 和 保罗 , 手持 盐瓶 和 教堂 模型 的 州 守护神 圣徒 鲁佩特 和 维吉尔 。",座,个,-0.47211015224456787,"个, 位, 尊","-0.4721, -1.7642, -2.9330"
1917,怎么 看 着 看 着 就 起 了 一 [MASK] 鸡皮  呢 ?,身,身,-1.2027088403701782,"身, 层, 个","-1.2027, -1.7585, -2.0931"
1918,吃 [MASK] 甘蔗  还 吃 出血 了 嘴 吃 破 了 奶奶 的,个,下,-0.6949304342269897,"下, 个, 起","-0.6949, -1.9300, -2.6340"
1919,"沾 了 一 [MASK] 臭  回来 , 洗刷 去 !",身,点,-0.6392397284507751,"点, 身, 股","-0.6392, -2.1267, -2.5581"
1920,"突然间 悠悠 就 会 走路 了 , 因 有 一 [MASK]  东西 搬到 摔 了 后脑勺 , 现在 都 是 把 胳膊 伸到 身子 前面 保持 平衡 , 实在 不 成就 趴下 , 用 胳膊 撑 一下 , 不至于 摔 着脸 , 这么 小 的 人 自我 保护 意识 倒 挺 强 。",次,些,-1.162237524986267,"些, 样, 块","-1.1622, -1.3412, -1.5945"
1921,"说 起来 今天 是 13 [MASK]  , 也 就 是 俗称 的 黑色 星期五 呢",号,号,-0.3691684901714325,"号, 点, 分","-0.3692, -1.3050, -4.9899"
1922,"大半夜 的 我 悄悄 的 又 打破 一 [MASK] 人类 的  , 次 产量 470Ml",项,个,-0.583580732345581,"个, 次, 下","-0.5836, -2.0151, -2.3757"
1923,荔枝 台 的 春晚 比 芒果 台 高 的 不止 一 [MASK]  啊 !,个,层,-1.2388945817947388,"层, 次, 点","-1.2389, -1.4262, -2.1704"
1924,"回家 太 闲 , 老妈 总 抓 着 我 大搞 卫生 , 其实 也 没 必要 吧 被子 之类 的 大件 物品 , 一 整 年 加 起来 盖 的 次数 绝对 不 超过 十 [MASK]  还好 明天 开始 下雨 变冷 , 不然 我 的 苦工 期限 真 不 知道啥 时候 才 能 结束 呢 !",根,次,-0.037998635321855545,"次, 遍, 个","-0.0380, -4.5615, -4.8481"
1925,我 提醒 他 还 有 呢 老师 又 说 对 了 还 有 桂伦 镁 天啊 老师 啊 难道 你 忘 了 那 [MASK] 最 最 重要 的  了 吗,个,些,-0.46731939911842346,"些, 个, 件","-0.4673, -1.2052, -4.3118"
1926,"大过 年 的 , 出去 拜年 手 里 还 拿 着 一 [MASK]  。",杯,个,-0.9226802587509155,"个, 把, 些","-0.9227, -2.5715, -2.8099"
1927,未来 各 [MASK]  的 精英们 。,个,位,-0.8547544479370117,"位, 路, 行","-0.8548, -2.0763, -2.9013"
1928,"年初一 , 斋饭 , 大成街 , 拉拉队 , 晚会 , 终于 回到 家 了 泡 [MASK]  准备 睡觉 啦 不 洗澡 的 年初一",个,个,-1.140645146369934,"个, 面, 头","-1.1406, -1.6011, -2.4742"
1929,我 在 等 发  了 会计 说 礼拜天 会 把 工资 打 在 我 的 卡上 我 等 啊 等 啊 心急 的 第一 [MASK] 工资,笔,次,-0.9951575994491577,"次, 个, 张","-0.9952, -1.5849, -2.7682"
1930,"我 爸 的 外甥女 和 我 在 一 [MASK]  , 但 我们 不熟 , 别人 以为 我们 不 认识 。",家,起,-0.004430138505995274,"起, 块, 样","-0.0044, -5.5550, -9.4416"
1931,"最 搞笑 的 事 , 有 人 大年 初 一 [MASK]  !",通,发,-2.0028228759765625,"发, 班, 节","-2.0028, -2.7781, -2.9316"
1932,"看 了 一 天 纪录片 , 最 喜欢 一 [MASK]  罗伯特 肯尼迪 遗孀 Ethel 的 , 导演 就 是 她 女儿 。",部,部,-1.0241023302078247,"部, 个, 下","-1.0241, -1.0386, -3.3037"
1933,"我 刚刚 在 爱 问 共 享 资料 上 传 了 资料 , 欢迎 大家 下载 分享 高 一 英语 完形 填空 练习 一 [MASK] 已  doc 更 多",份,下,-1.6215384006500244,"下, 篇, 册","-1.6215, -1.7696, -3.0259"
1934,"住 进去 一 天 楼 歪 了 花 了 大 价钱 , 买 [MASK] 所谓 的 台州 地区 最 大 纯 海景 住宅 小  的 高层 住宅 , 新 房子 搬进 去 不到 一 天 , 楼 歪 了 , 你 是 什么 心情 ?",套,个,-0.8460874557495117,"个, 下, 套","-0.8461, -1.0989, -2.9548"
1935,"英语 考试 结束 了 , 辛苦 一 凡 同学 了 , 又 一 [MASK]  了 大家 明天 的 物化 考试 , 但愿 我们 的 座位 一如既往 的 好 !",次,次,-0.7052261233329773,"次, 起, 波","-0.7052, -2.3129, -2.4569"
1936,"每 天 都 这 时候 才 有 一 [MASK]  , 唉 !",丝,次,-0.8976874947547913,"次, 点, 个","-0.8977, -2.2310, -2.4424"
1937,"吸引力 法则 果然 厉害 , 我 真的 买到 20 [MASK] 的  了 , 今天 我 继续 吸引 能 换 张 不 那么 慢 的 。",号,张,-0.4789575934410095,"张, 块, 点","-0.4790, -2.7733, -2.8150"
