original_sentence,processed_sentence,target,top1_prediction,top3_predictions
"无意 间 转到 一 <CL> 摩托车 <h>网站</h> , 看 着 这些 曾经 情迷 到 疯狂 的 机器 。","无意 间 转到 一 [MASK] 摩托车 网站 , 看 着 这些 曾经 情迷 到 疯狂 的 机器 。",个,个,"个, 家, 些"
上传 了 1 <CL> <h>照片</h> 到 相册 真实 的 自己,上传 了 1 [MASK] 照片 到 相册 真实 的 自己,张,张,"张, 个, 幅"
上传 了 1 <CL> <h>照片</h> 到 相册 2012 新 气象,上传 了 1 [MASK] 照片 到 相册 2012 新 气象,张,张,"张, 个, 幅"
"数 <CL> <h>盘石</h> 上 , 几 叶 落 云 中 。","数 [MASK] 盘石 上 , 几 叶 落 云 中 。",枝,枝,"枝, 根, 株"
"哎 , 把 一 <CL> <h>电脑</h> 修 的 加电 无 显 了 , 悲催 的 新年 开始 。","哎 , 把 一 [MASK] 电脑 修 的 加电 无 显 了 , 悲催 的 新年 开始 。",台,台,"台, 个, 般"
"集团 职能 片 年会 , 多 喝 了 两 <CL> 绿 <h>茶</h> , 结果 到 现在 还 很 有精神 , 悲催 啊 。","集团 职能 片 年会 , 多 喝 了 两 [MASK] 绿 茶 , 结果 到 现在 还 很 有精神 , 悲催 啊 。",杯,杯,"杯, 瓶, 碗"
"分享 了 顺和 牛肉 火锅 , 在 华阳 , 关于 牛 肉类 的 都 不错 , 建议 点牛肝 , 特色 牛肉 图 中 码满 辣椒面 的 那 <CL> 怕 辣 的 , 肠胃 不 好 的 , 友情 <h>建议</h> 最好 不 要 尝试 哈 。","分享 了 顺和 牛肉 火锅 , 在 华阳 , 关于 牛 肉类 的 都 不错 , 建议 点牛肝 , 特色 牛肉 图 中 码满 辣椒面 的 那 [MASK] 怕 辣 的 , 肠胃 不 好 的 , 友情 建议 最好 不 要 尝试 哈 。",盘,种,"种, 个, 些"
"昨晚 女儿 从 九点半 一觉 <h>睡</h> 到今 早 的 七点 , 是 她 出生 到 现在 第一 <CL> 睡 整夜 觉 没 起来 喝奶 , 心想 是 不过 年 长大 了 今晚 快 九点 睡 了 , 不 知 晚上 还 会 不 会 要 喝奶 希望 不 要","昨晚 女儿 从 九点半 一觉 睡 到今 早 的 七点 , 是 她 出生 到 现在 第一 [MASK] 睡 整夜 觉 没 起来 喝奶 , 心想 是 不过 年 长大 了 今晚 快 九点 睡 了 , 不 知 晚上 还 会 不 会 要 喝奶 希望 不 要",次,家,"家, 点, 起"
"预祝 满分 , 少 一 <CL> <h>回去</h> 请 我 喝 一 瓶 。","预祝 满分 , 少 一 [MASK] 回去 请 我 喝 一 瓶 。",分,点,"点, 个, 瓶"
贴 一 <CL> 个人 最 心 水 的 <h>海报</h> 。,贴 一 [MASK] 个人 最 心 水 的 海报 。,张,些,"些, 张, 下"
"思念 , 猶如 一 <CL> <h>鋒利</h> 的 刻刀 , 刺入 心窩 , 再 也 拔 不 出來 了 。","思念 , 猶如 一 [MASK] 鋒利 的 刻刀 , 刺入 心窩 , 再 也 拔 不 出來 了 。",把,把,"把, 支, 面"
可 乐 鸡翅 炖 排骨 美味 的 一 <CL> <h>WeicoLomo</h>,可 乐 鸡翅 炖 排骨 美味 的 一 [MASK] WeicoLomo,餐,餐,"餐, 道, 顿"
不过 提前 快 一 <CL> 钟 交卷 的 <h>感觉</h> 真 不错 !,不过 提前 快 一 [MASK] 钟 交卷 的 感觉 真 不错 !,个,分,"分, 点, 个"
"于是 , 我 就 喝 了 一 <CL> <h>黑芝麻糊</h> 是 不 是 很 冷 ?","于是 , 我 就 喝 了 一 [MASK] 黑芝麻糊 是 不 是 很 冷 ?",碗,杯,"杯, 口, 下"
"坐 在 舱 内 , 我 又 抬 起 头 , 透过 一 <CL> 大大 的 <h>防</h> 激光 玻璃 , 我 又 看到 了 星空 , 依旧 是 那么 的 灿烂 。","坐 在 舱 内 , 我 又 抬 起 头 , 透过 一 [MASK] 大大 的 防 激光 玻璃 , 我 又 看到 了 星空 , 依旧 是 那么 的 灿烂 。",扇,块,"块, 片, 个"
今天 拍 全 <CL> <h>福咯</h> !,今天 拍 全 [MASK] 福咯 !,家,家,"家, 场, 身"
"在 武汉 的 <h>时候</h> 我 总是 问 你 我 爱 你 你 爱 我 吗 , 每 <CL> 听到 你 说 我 爱 你 的 时候 我 真 想 大 声 地 告诉 大家 你 是 我 的 , 这 就 是 我 表达 我 心 中 喜悦 的 方式 , 呵呵 , 很 蠢 !","在 武汉 的 时候 我 总是 问 你 我 爱 你 你 爱 我 吗 , 每 [MASK] 听到 你 说 我 爱 你 的 时候 我 真 想 大 声 地 告诉 大家 你 是 我 的 , 这 就 是 我 表达 我 心 中 喜悦 的 方式 , 呵呵 , 很 蠢 !",次,个,"个, 些, 间"
一 <CL> <h>红豆</h> 奶茶 。,一 [MASK] 红豆 奶茶 。,杯,杯,"杯, 碗, 个"
"意大利 杏仁 红 茶 配 焦糖 布丁 , 绝赞 又 找到 一 <CL> 搞 贵宾 活动 的 好 <h>地方</h>","意大利 杏仁 红 茶 配 焦糖 布丁 , 绝赞 又 找到 一 [MASK] 搞 贵宾 活动 的 好 地方",个,个,"个, 家, 处"
这 <CL> <h>药物</h> 将 能 对抗 痴呆症 对人 的 影响 。,这 [MASK] 药物 将 能 对抗 痴呆症 对人 的 影响 。,种,种,"种, 些, 类"
"难得 双方 家长 都 甘 开明 , 呢 <CL> <h>拖</h> 拍 得 真系 好 愉快 。","难得 双方 家长 都 甘 开明 , 呢 [MASK] 拖 拍 得 真系 好 愉快 。",个,次,"次, 个, 架"
"射手座 常 把 爱情 当成 一 <CL> <h>游戏</h> , 喜欢 的 是 不 去 约束 他 的 人 。","射手座 常 把 爱情 当成 一 [MASK] 游戏 , 喜欢 的 是 不 去 约束 他 的 人 。",场,场,"场, 种, 个"
"两 <CL> <h>月</h> 来 状态 一直 不 好 , 辞旧迎新 , 状态 得以 恢复 。","两 [MASK] 月 来 状态 一直 不 好 , 辞旧迎新 , 状态 得以 恢复 。",个,个,"个, 本, 块"
我 在 这里 徐汇区 一 <CL> <h>人</h> 在 上海 好 无聊哦,我 在 这里 徐汇区 一 [MASK] 人 在 上海 好 无聊哦,个,个,"个, 家, 群"
"夏茗悠 8 记忆 中 的 阳光 总是 明亮 耀眼 , 使 人影 无处 藏身 , 哪怕 是 最 屈辱 最 悲伤 的 日子 , 湛蓝 如洗 的 天空 也 不 带 一 <CL> <h>云彩</h> 。","夏茗悠 8 记忆 中 的 阳光 总是 明亮 耀眼 , 使 人影 无处 藏身 , 哪怕 是 最 屈辱 最 悲伤 的 日子 , 湛蓝 如洗 的 天空 也 不 带 一 [MASK] 云彩 。",丝,丝,"丝, 片, 点"
"一 <CL> <h>人</h> 上班 , 下班 , 吃饭 , 睡觉 , 周末 回家 , 时间 仿佛 回到 了 一 年 前 , 却 又 似 不 一样 。","一 [MASK] 人 上班 , 下班 , 吃饭 , 睡觉 , 周末 回家 , 时间 仿佛 回到 了 一 年 前 , 却 又 似 不 一样 。",个,个,"个, 群, 家"
"哎 , 有点 想 我 的 室友 了 同 床 共 枕 过 的 张青 , 对床 的 晓青 , 还 有 早起 的 晓珍 , 高 二一 <CL> 吃 饭 的 <h>白杨</h>","哎 , 有点 想 我 的 室友 了 同 床 共 枕 过 的 张青 , 对床 的 晓青 , 还 有 早起 的 晓珍 , 高 二一 [MASK] 吃 饭 的 白杨",起,起,"起, 班, 次"
20111124 <CL> <h>DuaDua</h> 风舞 誓死 改掉 拖延 症亲 。,20111124 [MASK] DuaDua 风舞 誓死 改掉 拖延 症亲 。,盒,张,"张, 季, 波"
"省 政协 委员 刘立平 昨天 向 记者 介绍 他 的 一 <CL> <h>提案</h> , 建议 http t cn z0gjQlw 分享 自 这 不 能 搞 山寨","省 政协 委员 刘立平 昨天 向 记者 介绍 他 的 一 [MASK] 提案 , 建议 http t cn z0gjQlw 分享 自 这 不 能 搞 山寨",份,份,"份, 项, 些"
"用 热 脸 去 贴 别 <CL> <h>冷屁股</h> , 只 能 说 自己 个人 犯贱 !","用 热 脸 去 贴 别 [MASK] 冷屁股 , 只 能 说 自己 个人 犯贱 !",个,家,"家, 个, 处"
虽 说 鸥翼 真的 是 <CL> 大 <h>美人</h> !,虽 说 鸥翼 真的 是 [MASK] 大 美人 !,个,个,"个, 位, 张"
"我 的 人生 , 就 像 眼影 一樣 的 弧度 , 画成 一 <CL> 不 怕 枯萎 的 <h>葉子</h> , 無論颳風 暴雨 , 衹要 還剩 一口氣 , 我還 是 堅持 走 自己 的 路 , 微笑 地 面對 所有人 的 目光 与 論語 , 讓別 人 說去 。","我 的 人生 , 就 像 眼影 一樣 的 弧度 , 画成 一 [MASK] 不 怕 枯萎 的 葉子 , 無論颳風 暴雨 , 衹要 還剩 一口氣 , 我還 是 堅持 走 自己 的 路 , 微笑 地 面對 所有人 的 目光 与 論語 , 讓別 人 說去 。",片,片,"片, 棵, 朵"
好在 有 俄 的 小 3 <CL> <h>帮</h> 拖 不然 真的 死 了 不过 还 是 差,好在 有 俄 的 小 3 [MASK] 帮 拖 不然 真的 死 了 不过 还 是 差,门,帮,"帮, 号, 手"
"努力 了 整个 下午 , 加上 老屋 , 一共 贴 了 四 <CL> <h>对联</h> 。","努力 了 整个 下午 , 加上 老屋 , 一共 贴 了 四 [MASK] 对联 。",副,副,"副, 幅, 个"
我 想 换 <CL> 微博 <h>名字</h> 。,我 想 换 [MASK] 微博 名字 。,个,个,"个, 下, 回"
"小 七 祝 大家 好 事 接 2 连 3 , 心情 4 <CL> <h>如春</h> , 生活 5 颜 6 色 , 7 彩 缤纷 , 偶尔 8 点 小 财 , 烦恼 抛 到 9 霄 云外 !","小 七 祝 大家 好 事 接 2 连 3 , 心情 4 [MASK] 如春 , 生活 5 颜 6 色 , 7 彩 缤纷 , 偶尔 8 点 小 财 , 烦恼 抛 到 9 霄 云外 !",季,面,"面, 季, 味"
我 那 天 突然 翻到 于江 给 我们 写 得 信 有 <CL> <h>笑话</h> 是 恁哎 的 有 一 天 1 看到 j 问 食堂 排队 的 人 长 不 长 然后 j 就 说 不 长 但是 好 粗 喔 哈哈 她 那个 时候 好 可爱喔,我 那 天 突然 翻到 于江 给 我们 写 得 信 有 [MASK] 笑话 是 恁哎 的 有 一 天 1 看到 j 问 食堂 排队 的 人 长 不 长 然后 j 就 说 不 长 但是 好 粗 喔 哈哈 她 那个 时候 好 可爱喔,个,个,"个, 些, 句"
第一 <CL> 3 点 <h>痛醒</h> 何 其 悲惨,第一 [MASK] 3 点 痛醒 何 其 悲惨,次,集,"集, 章, 次"
被迫 参加 一口气 喝掉 一 <CL> 可乐 <h>比赛</h> 的 可怜 小 朋友 。,被迫 参加 一口气 喝掉 一 [MASK] 可乐 比赛 的 可怜 小 朋友 。,罐,瓶,"瓶, 杯, 罐"
"一 <CL> 爱笑 的 <h>女孩</h> , Aom 不 笑 的 时候 都 那么 漂亮 , 笑 起来 简直 美死 了 !","一 [MASK] 爱笑 的 女孩 , Aom 不 笑 的 时候 都 那么 漂亮 , 笑 起来 简直 美死 了 !",个,个,"个, 位, 颗"
"剪 左 <CL> 好 难 看 的 <h>头发</h> , 快快 长 啊 , 怎么 办 , 我 输 了 一 票 , , ,","剪 左 [MASK] 好 难 看 的 头发 , 快快 长 啊 , 怎么 办 , 我 输 了 一 票 , , ,",个,手,"手, 眼, 下"
"在 10 岁 时 , 沃兹尼克 就 自己 设计 并 组装 了 一 <CL> 晶体管 <h>收音机</h> 。","在 10 岁 时 , 沃兹尼克 就 自己 设计 并 组装 了 一 [MASK] 晶体管 收音机 。",台,台,"台, 个, 部"
"半 <CL> <h>小时</h> 了 , 还是 打 不 到 车 !","半 [MASK] 小时 了 , 还是 打 不 到 车 !",个,个,"个, 点, 把"
"如果 有 这样 一 <CL> <h>人</h> , 我 会 爱 他 !","如果 有 这样 一 [MASK] 人 , 我 会 爱 他 !",个,个,"个, 种, 位"
"武警 部队 已 列装 四 <CL> 野战 宣传 文化 装备 新华网 消息 金秋 <h>时节</h> , 当 文化 一 词 成为 国人 关注 焦点 之际 , 记者 来到 威名 远播 的 英雄 皮旅 武警 驻 无锡 某师 , 探寻 和 感受 当今 中国 警营 基层 官兵 的 文化 生活 。","武警 部队 已 列装 四 [MASK] 野战 宣传 文化 装备 新华网 消息 金秋 时节 , 当 文化 一 词 成为 国人 关注 焦点 之际 , 记者 来到 威名 远播 的 英雄 皮旅 武警 驻 无锡 某师 , 探寻 和 感受 当今 中国 警营 基层 官兵 的 文化 生活 。",级,种,"种, 批, 类"
"分享 一 <CL> <h>投票</h> 韩国 各 大 组合 队长 人气 比拼 第六 期 9 进 8 给 大家 , 欢迎 大家 来 投票 !","分享 一 [MASK] 投票 韩国 各 大 组合 队长 人气 比拼 第六 期 9 进 8 给 大家 , 欢迎 大家 来 投票 !",个,下,"下, 次, 起"
"以前 信奉 的 是 不 在 一 <CL> <h>树</h> 上 吊死 , 走 了 很久 后 发现 却 在 树林 里 迷失 了","以前 信奉 的 是 不 在 一 [MASK] 树 上 吊死 , 走 了 很久 后 发现 却 在 树林 里 迷失 了",棵,棵,"棵, 颗, 个"
大年初三 冷 雨夜 两 <CL> <h>傻婆行</h> 系 路 中间 求撞 。,大年初三 冷 雨夜 两 [MASK] 傻婆行 系 路 中间 求撞 。,个,个,"个, 位, 只"
"这个 年 过 得 真 忙碌 家 里 的 空调 二十四 小时 开 室温 也 只有 十五 度 , 于是 我 又 开始 埋怨 装修 时候 的 这 的 那 的 真 想 买 <CL> 小 <h>太阳</h> 对 着 烤 !","这个 年 过 得 真 忙碌 家 里 的 空调 二十四 小时 开 室温 也 只有 十五 度 , 于是 我 又 开始 埋怨 装修 时候 的 这 的 那 的 真 想 买 [MASK] 小 太阳 对 着 烤 !",个,个,"个, 只, 块"
收到 让 有 <CL> 减肥 的 <h>胖子</h> 骑 着 卡拉车 送来 的 衣服 啦 真心 性感 啊 !,收到 让 有 [MASK] 减肥 的 胖子 骑 着 卡拉车 送来 的 衣服 啦 真心 性感 啊 !,个,点,"点, 些, 所"
"今年 七月 , 当 我 打开 我 国内 的 号码 , 我 希望 会 是 上 百 <CL> <h>短信</h>","今年 七月 , 当 我 打开 我 国内 的 号码 , 我 希望 会 是 上 百 [MASK] 短信",条,条,"条, 个, 封"
"本来 以为 看 两 <CL> <h>格蕾</h> , 再 喝 杯水 就 到 了 , 结果 看 完 格蕾 喝完 水 我 就 不 行 了 继 晕车晕 火车 后 , 我 竟然 晕机 !","本来 以为 看 两 [MASK] 格蕾 , 再 喝 杯水 就 到 了 , 结果 看 完 格蕾 喝完 水 我 就 不 行 了 继 晕车晕 火车 后 , 我 竟然 晕机 !",集,次,"次, 个, 场"
"家庭 是 孩子 成长 的 摇篮 , 父母 是 孩子 的 第一 <CL> <h>教师</h> 。","家庭 是 孩子 成长 的 摇篮 , 父母 是 孩子 的 第一 [MASK] 教师 。",任,任,"任, 位, 个"
其实 两 <CL> <h>人</h> 在一起 彼此 之间 一定 要 互相 信任 。,其实 两 [MASK] 人 在一起 彼此 之间 一定 要 互相 信任 。,个,个,"个, 种, 群"
"book 到位 , 下 <CL> <h>放假</h> 先 去 啦 。","book 到位 , 下 [MASK] 放假 先 去 啦 。",次,次,"次, 班, 个"
"瘦 腿 零 负担 每 天 晚上 , 放 一 <CL> <h>热水</h> , 水温 不 宜 过 高 , 将 腿 浸泡 1015 分钟 。","瘦 腿 零 负担 每 天 晚上 , 放 一 [MASK] 热水 , 水温 不 宜 过 高 , 将 腿 浸泡 1015 分钟 。",盆,盆,"盆, 杯, 碗"
"这些 天 宝宝 白天 总是 很 难 哄 , 不 爱 自己 玩 不 爱笑 不 爱 说话 , 今天 是 姥姥 抱 着 睡 的 , 上午 就 开始 睡 , 一 觉 就 是 四 <CL> <h>小时</h> , 醒来 之后 又 笑 又 玩 , 真好 !","这些 天 宝宝 白天 总是 很 难 哄 , 不 爱 自己 玩 不 爱笑 不 爱 说话 , 今天 是 姥姥 抱 着 睡 的 , 上午 就 开始 睡 , 一 觉 就 是 四 [MASK] 小时 , 醒来 之后 又 笑 又 玩 , 真好 !",个,个,"个, 本, 点"
"让 我们 来 猜测 这 <CL> <h>牲口</h> 级别 的 牛人 最后 的 策略 他 能否 攻破 第十 道题 , 他 怎么 冲刺 !","让 我们 来 猜测 这 [MASK] 牲口 级别 的 牛人 最后 的 策略 他 能否 攻破 第十 道题 , 他 怎么 冲刺 !",位,个,"个, 位, 些"
"北方 每 年 都 要 给 老 祖宗 烧 <CL> <h>钱</h> , 放放炮","北方 每 年 都 要 给 老 祖宗 烧 [MASK] 钱 , 放放炮",点,点,"点, 些, 个"
没 多久 就 要 去 <CL> <h>厕所</h> !,没 多久 就 要 去 [MASK] 厕所 !,趟,下,"下, 趟, 个"
"绵绵 细雨 晨 , 漫漫 人生路 <CL> <h>情谊</h> 深 , 淡淡 品味 真 。","绵绵 细雨 晨 , 漫漫 人生路 [MASK] 情谊 深 , 淡淡 品味 真 。",丝,间,"间, 等, 道"
"快 看 最新 一 集火影 漫画 , 九 <CL> 正式 <h>认可</h> 鸣 人 了 !","快 看 最新 一 集火影 漫画 , 九 [MASK] 正式 认可 鸣 人 了 !",尾,尾,"尾, 段, 族"
还 有 这 一 <CL> <h>一如既往</h> 让 我 听 不 真切 的 英语,还 有 这 一 [MASK] 一如既往 让 我 听 不 真切 的 英语,口,段,"段, 个, 些"
赵薇 还 算 一 <CL> <h>演员</h> 吗 ?,赵薇 还 算 一 [MASK] 演员 吗 ?,线,个,"个, 名, 位"
睡 到 现在 好 强大 阿熬夜 通宵 的 人 伤 不 起 伤 不 起 今晚 又 不 用 睡 了妹 了 <CL> <h>夫</h> 的,睡 到 现在 好 强大 阿熬夜 通宵 的 人 伤 不 起 伤 不 起 今晚 又 不 用 睡 了妹 了 [MASK] 夫 的,个,匹,"匹, 帮, 等"
"这里 一 <CL> <h>人好</h> 混乱 的 , 胜迪 你 快点 来 !","这里 一 [MASK] 人好 混乱 的 , 胜迪 你 快点 来 !",堆,个,"个, 行, 群"
"到 是 虚伪 自私 的 动物 , 没有 一 <CL> <h>人</h> 可以 爱 别人 多 嘎爱 自己 , 那 满口 的 谎言 , 又 或许 让 人 觉得 幸福 , 一旦 谎言 被 拆穿 , 那些 到 变得 虚伪 , 虚 伪 得 让 我 觉得 恶心","到 是 虚伪 自私 的 动物 , 没有 一 [MASK] 人 可以 爱 别人 多 嘎爱 自己 , 那 满口 的 谎言 , 又 或许 让 人 觉得 幸福 , 一旦 谎言 被 拆穿 , 那些 到 变得 虚伪 , 虚 伪 得 让 我 觉得 恶心",个,个,"个, 种, 件"
搞 半 天 九 <CL> <h>叫</h> 九 喇嘛 。,搞 半 天 九 [MASK] 叫 九 喇嘛 。,尾,点,"点, 个, 号"
"朋友 趾高气昂 的 拍拍 肚子 说 , 就 当 里面 多 了 <CL> <h>蛋黄儿</h> 。","朋友 趾高气昂 的 拍拍 肚子 说 , 就 当 里面 多 了 [MASK] 蛋黄儿 。",个,点,"点, 些, 个"
"我 刚刚 在 爱 问 共 享 资料 上 传 了 资料 , 欢迎 大家 下载 分享 C0204 傅立叶 选集 第二 <CL> <h>pdf</h> 更 多","我 刚刚 在 爱 问 共 享 资料 上 传 了 资料 , 欢迎 大家 下载 分享 C0204 傅立叶 选集 第二 [MASK] pdf 更 多",卷,卷,"卷, 版, 章"
哎 又 是 一 <CL> <h>通天亮</h>,哎 又 是 一 [MASK] 通天亮,个,个,"个, 声, 片"
"最近 流行 盼望 明君 能 臣 , 寄望 人品 运气 改变 中国 , 昨友人 举例 张居正 一 <CL> <h>鞭法</h> 让 明朝 进步 。","最近 流行 盼望 明君 能 臣 , 寄望 人品 运气 改变 中国 , 昨友人 举例 张居正 一 [MASK] 鞭法 让 明朝 进步 。",条,个,"个, 套, 种"
"汕头 , 姐肥 来 了 , 坐上 第一 <CL> <h>公车</h> , 不得不 说 , 汕头 的 公车 真 破 。","汕头 , 姐肥 来 了 , 坐上 第一 [MASK] 公车 , 不得不 说 , 汕头 的 公车 真 破 。",班,班,"班, 辆, 趟"
"三亚 免税店 , 人山人海 , 这 <CL> <h>排</h> 的 真 长 。","三亚 免税店 , 人山人海 , 这 [MASK] 排 的 真 长 。",队,队,"队, 排, 个"
"这 是 一 <CL> 新 的 微博 <h>朋友</h> , 电商 的 , 求 大家 关注 !","这 是 一 [MASK] 新 的 微博 朋友 , 电商 的 , 求 大家 关注 !",个,个,"个, 条, 篇"
加 了 三 <CL> <h>车厢</h>,加 了 三 [MASK] 车厢,节,节,"节, 个, 组"
"好 惨 啊 , 5 <CL> 一 <h>机会</h> 都 中 捂到 奖 , 得 份 朱古力 安慰 奖 。","好 惨 啊 , 5 [MASK] 一 机会 都 中 捂到 奖 , 得 份 朱古力 安慰 奖 。",分,次,"次, 任, 点"
你 <CL> 扑街仔 <h>黄绿</h> 医生 吓 到 我 喊 左 。,你 [MASK] 扑街仔 黄绿 医生 吓 到 我 喊 左 。,个,个,"个, 家, 等"
"所以 不 好意思 要 先 借用 一下妳 的 照片 写 <CL> <h>预告</h> 了 哦 , 敬请 期待 !","所以 不 好意思 要 先 借用 一下妳 的 照片 写 [MASK] 预告 了 哦 , 敬请 期待 !",个,个,"个, 篇, 下"
若 你 想 哭 停顿 一下 请 把 我 的 这 <CL> <h>话</h> 在 脑子 里 反复 读 下去 今时 不同 往日 读到 你 的 泪水 干 了 你 就 懂 了 。,若 你 想 哭 停顿 一下 请 把 我 的 这 [MASK] 话 在 脑子 里 反复 读 下去 今时 不同 往日 读到 你 的 泪水 干 了 你 就 懂 了 。,句,句,"句, 段, 些"
"对 我 来说 做饭 一直 就 跟 吃饭 一样 简单 , 但是 因为 懒 得 做 , 直接 导致 在 美国 一年半 没有 好好 做 过 一 <CL> 中国 <h>菜</h> 。","对 我 来说 做饭 一直 就 跟 吃饭 一样 简单 , 但是 因为 懒 得 做 , 直接 导致 在 美国 一年半 没有 好好 做 过 一 [MASK] 中国 菜 。",顿,道,"道, 次, 顿"
"群号 208176478 , 只要 是 玩 摇滚 爱 摇滚 的 高中生 , 都 速速 加入 吧 大家 帮忙 转起 , 扩散 给 身边 每 一 <CL> 玩 摇滚 的 <h>朋友</h> !","群号 208176478 , 只要 是 玩 摇滚 爱 摇滚 的 高中生 , 都 速速 加入 吧 大家 帮忙 转起 , 扩散 给 身边 每 一 [MASK] 玩 摇滚 的 朋友 !",个,个,"个, 位, 群"
"大年初二 , 训咗 几 <CL> <h>钟</h> 又 爬 起身 返 老爷 屋 企 , 系咯 , 唔系 返 外 家吖","大年初二 , 训咗 几 [MASK] 钟 又 爬 起身 返 老爷 屋 企 , 系咯 , 唔系 返 外 家吖",个,分,"分, 个, 点"
某 <CL> <h>瞬间</h> 青春 戛然而止,某 [MASK] 瞬间 青春 戛然而止,个,个,"个, 些, 种"
"不管 了 , 爱咋 地 咋地 , 一 <CL> <h>人</h> 过 的 最 好看 动漫 去 看 动漫 去 作业 神马 的 一会儿 再 说 !","不管 了 , 爱咋 地 咋地 , 一 [MASK] 人 过 的 最 好看 动漫 去 看 动漫 去 作业 神马 的 一会儿 再 说 !",个,个,"个, 家, 辈"
真的 好 累 一 <CL> <h>床</h> 就 要 出去 WeicoLomo,真的 好 累 一 [MASK] 床 就 要 出去 WeicoLomo,起,起,"起, 下, 回"
这 几 天 一直 在 吃 这 两 <CL> <h>东西</h>,这 几 天 一直 在 吃 这 两 [MASK] 东西,样,种,"种, 样, 个"
新 一 <CL> 的 <h>吃</h> 欲 貌似 又 挑头 了 !,新 一 [MASK] 的 吃 欲 貌似 又 挑头 了 !,轮,轮,"轮, 季, 次"
那 <CL> <h>人</h> 会 出现 的 !,那 [MASK] 人 会 出现 的 !,个,个,"个, 些, 种"
"哇塞 今天 打 斯诺克 , 做 了 一 <CL> 我 自己 都 无法 想象 的 <h>球</h> , 对面 崩溃 , 只 能 把 白 球 捅 进洞 , 哎 QQ 这个 应该 管管","哇塞 今天 打 斯诺克 , 做 了 一 [MASK] 我 自己 都 无法 想象 的 球 , 对面 崩溃 , 只 能 把 白 球 捅 进洞 , 哎 QQ 这个 应该 管管",杆,个,"个, 些, 场"
"刚刚 发现 的 , 在 页面 右上方 有 一 <CL> <h>梅花树</h> 呢 , 上面 点缀 着 红红 的 梅花 , 看上去 很 漂亮 , 心情 也 会 变好 呢","刚刚 发现 的 , 在 页面 右上方 有 一 [MASK] 梅花树 呢 , 上面 点缀 着 红红 的 梅花 , 看上去 很 漂亮 , 心情 也 会 变好 呢",棵,棵,"棵, 株, 颗"
"好 想好 想稳人 陪 我 去 吃拧 <CL> 日式 蛋 <h>包饭</h> 啊 , 好 想 吃 啊 。","好 想好 想稳人 陪 我 去 吃拧 [MASK] 日式 蛋 包饭 啊 , 好 想 吃 啊 。",个,个,"个, 家, 种"
上传 了 7 <CL> <h>照片</h> 到 相册 纯纯 的 爱恋,上传 了 7 [MASK] 照片 到 相册 纯纯 的 爱恋,张,张,"张, 幅, 个"
"这 两 天 遇到 第三 <CL> 交通 <h>事故</h> 了 , 大过 年 的 , 希望 人 没事 , 大 车 烧 空 了 好像","这 两 天 遇到 第三 [MASK] 交通 事故 了 , 大过 年 的 , 希望 人 没事 , 大 车 烧 空 了 好像",个,次,"次, 起, 个"
开 了 <CL> <h>酒版</h> 喝 了 。,开 了 [MASK] 酒版 喝 了 。,支,点,"点, 个, 瓶"
"2012116 , 彻夜 难眠 , 一 林 到 买 左 手机 , 一 <CL> <h>钱</h> 都 无 , 生活 受到 威胁 , 就 觉得 后 悔 啦 !","2012116 , 彻夜 难眠 , 一 林 到 买 左 手机 , 一 [MASK] 钱 都 无 , 生活 受到 威胁 , 就 觉得 后 悔 啦 !",分,分,"分, 点, 块"
"手机 掉 了 , 里面 哪怕 有 再 重要 的 资料 , 报案 不 说 是 被 偷 的 , 人民 警察 死活 都 不 肯 帮忙 哪怕 只 要 一 <CL> <h>电话</h> 就 能 找回 。","手机 掉 了 , 里面 哪怕 有 再 重要 的 资料 , 报案 不 说 是 被 偷 的 , 人民 警察 死活 都 不 肯 帮忙 哪怕 只 要 一 [MASK] 电话 就 能 找回 。",个,个,"个, 通, 声"
至今 我 还 后怕 的 那 <CL> <h>橙汁</h> !,至今 我 还 后怕 的 那 [MASK] 橙汁 !,个,个,"个, 杯, 瓶"
"2 你 可以 是 一 <CL> <h>风景</h> , 没 必要 总是 仰视 别人 而 叹息 自己 。","2 你 可以 是 一 [MASK] 风景 , 没 必要 总是 仰视 别人 而 叹息 自己 。",道,种,"种, 幅, 道"
忙碌 了 一 天 多么 辛苦 呀 追 了 四 <CL> <h>心情</h> 有点 沉重 了 笑点 只 是 插曲 主 旋律 还是 令 人 发指 的 现实 猛 啊 猛 你 咋变 成 这样,忙碌 了 一 天 多么 辛苦 呀 追 了 四 [MASK] 心情 有点 沉重 了 笑点 只 是 插曲 主 旋律 还是 令 人 发指 的 现实 猛 啊 猛 你 咋变 成 这样,集,集,"集, 个, 遍"
"啊啊 啊 , 第一 <CL> 这么 <h>早</h>","啊啊 啊 , 第一 [MASK] 这么 早",次,次,"次, 个, 章"
"珠海 天气 20120122 早 今天 星期日 , 珠海 白天 到 夜间 小 <h>雨</h> , 气温 148 , 北风 34 <CL> 明天 小 雨 , 气温 118 。","珠海 天气 20120122 早 今天 星期日 , 珠海 白天 到 夜间 小 雨 , 气温 148 , 北风 34 [MASK] 明天 小 雨 , 气温 118 。",级,级,"级, 下, 点"
"一 <CL> <h>月</h> 后 , 我们 依然 什么 都 不 是 。","一 [MASK] 月 后 , 我们 依然 什么 都 不 是 。",个,个,"个, 些, 分"
"还是 做 人 值得 被 信任 总 有 被 咨询 的 需要 , 无奈 有时 自身 能力 不足 , 无法 给予 答案 , 到 这 <CL> <h>感觉</h> 很 幸福 。","还是 做 人 值得 被 信任 总 有 被 咨询 的 需要 , 无奈 有时 自身 能力 不足 , 无法 给予 答案 , 到 这 [MASK] 感觉 很 幸福 。",种,样,"样, 点, 家"
"仅 半天 没 照理 手机 , 竟 一下 收到 二百多 <CL> 祝愿 和 <h>拜年</h> , 很 感动 呀 。","仅 半天 没 照理 手机 , 竟 一下 收到 二百多 [MASK] 祝愿 和 拜年 , 很 感动 呀 。",条,条,"条, 个, 封"
"候车室 的 书店 看到 一 <CL> 感 兴趣 的 <h>书</h> , 准备 寒假 拿 回去 实践 一下","候车室 的 书店 看到 一 [MASK] 感 兴趣 的 书 , 准备 寒假 拿 回去 实践 一下",本,本,"本, 些, 堆"
"闹钟 七 点 就 响 了 , 我 还 在 被窝 里 下 决心 , 我 就 是 <CL> <h>意志</h> 薄弱 的 人 , 一 想到 又 是 一 天 的 大会 , 更 不 想 起床 了","闹钟 七 点 就 响 了 , 我 还 在 被窝 里 下 决心 , 我 就 是 [MASK] 意志 薄弱 的 人 , 一 想到 又 是 一 天 的 大会 , 更 不 想 起床 了",个,个,"个, 种, 位"
过 了 二十 年 浑浑 噩噩 一 事 无成 的 日子 之后 我 希望 可以 改善 下 这 <CL> 糟糕 <h>情况</h> 不 要 再 这么 混账 下去 了 !,过 了 二十 年 浑浑 噩噩 一 事 无成 的 日子 之后 我 希望 可以 改善 下 这 [MASK] 糟糕 情况 不 要 再 这么 混账 下去 了 !,种,种,"种, 个, 些"
很 奇怪 当 听到 那 <CL> <h>话</h> 的 时候 我 为什么 会 笑 那么 久,很 奇怪 当 听到 那 [MASK] 话 的 时候 我 为什么 会 笑 那么 久,句,句,"句, 些, 段"
我 在 这 拜 <CL> 早年 <h>mk</h> 拜年 mk 拜 年,我 在 这 拜 [MASK] 早年 mk 拜年 mk 拜 年,个,个,"个, 场, 家"
视频 打工仔 建 15 <CL> <h>别墅</h> 赠送 村民 入住 过 新年 分享 自,视频 打工仔 建 15 [MASK] 别墅 赠送 村民 入住 过 新年 分享 自,栋,套,"套, 栋, 层"
帮 爸爸 买 的 彩票 二 <CL> <h>奖</h> 不过 阿爸 说 那 是 我 下下 学期 的 学费,帮 爸爸 买 的 彩票 二 [MASK] 奖 不过 阿爸 说 那 是 我 下下 学期 的 学费,等,等,"等, 级, 头"
明天 还 有 一 大 <CL> <h>旅途</h> 呢 。,明天 还 有 一 大 [MASK] 旅途 呢 。,段,段,"段, 波, 片"
吃 了 一 <CL> 泰诺 <h>晕乎乎</h> 的 困醒 去 这 该 是 多 幸福 的 事情吖,吃 了 一 [MASK] 泰诺 晕乎乎 的 困醒 去 这 该 是 多 幸福 的 事情吖,粒,口,"口, 个, 碗"
哈哈哈 笑死 了姐 今天 也 切 了 一 <CL> 愤怒 的 甜椒 好 愤怒 的 <h>样子</h> 。,哈哈哈 笑死 了姐 今天 也 切 了 一 [MASK] 愤怒 的 甜椒 好 愤怒 的 样子 。,个,个,"个, 些, 颗"
这样 好吗 一 <CL> 方便面 加 <h>茶蛋</h> 给 我 吃 撑 了,这样 好吗 一 [MASK] 方便面 加 茶蛋 给 我 吃 撑 了,袋,碗,"碗, 个, 盒"
"世界 最 有名 的 四 <CL> 塔类 <h>建筑物</h> 埃菲尔 铁塔 台北 101 东京 铁塔 迪拜塔 , 你 想去 哪里 ?","世界 最 有名 的 四 [MASK] 塔类 建筑物 埃菲尔 铁塔 台北 101 东京 铁塔 迪拜塔 , 你 想去 哪里 ?",幢,座,"座, 个, 层"
后面 那 <CL> <h>戴</h> 黄 围脖 的 祝 她 快乐 吧,后面 那 [MASK] 戴 黄 围脖 的 祝 她 快乐 吧,个,个,"个, 位, 些"
读 问好 灌水 表情 灌水 表情 灌水 表情 看到 yanzj 的 博文 一 <CL> 飘 走 的 彩云 有感而发 的 <h>评论</h> 。,读 问好 灌水 表情 灌水 表情 灌水 表情 看到 yanzj 的 博文 一 [MASK] 飘 走 的 彩云 有感而发 的 评论 。,朵,片,"片, 路, 朵"
"兔年 的 最后 一 天 , 持续 感冒 中 , 我 已经 失去 嗅觉 , 估计 要 吃 一 <CL> 食之无味 的 <h>年夜饭</h> 了","兔年 的 最后 一 天 , 持续 感冒 中 , 我 已经 失去 嗅觉 , 估计 要 吃 一 [MASK] 食之无味 的 年夜饭 了",顿,顿,"顿, 个, 次"
发狼们 太 拽 了 寻遍木 有 开业 了 的 刚刚 全部 吹干 一 <CL> <h>辣</h> 毛 累死 老娘 我 了 手臂 都 举 不 起来 了,发狼们 太 拽 了 寻遍木 有 开业 了 的 刚刚 全部 吹干 一 [MASK] 辣 毛 累死 老娘 我 了 手臂 都 举 不 起来 了,头,个,"个, 张, 把"
"千 <CL> <h>激情片</h> 可惜 了 , 美女 老师 被 OOXX 男人 帮 恶夜 惊魂 天堂 口 大情人 疯狂 的 石头 我 的 娜塔莎 Hello 小姐 拿 什么 拯救 你 , 我 的 爱人 刀尖 上 行走 今夜 有 戏 欲望号 列车 写真 毒刺 疯狂 的 石头 青 木瓜 之 味 魔鬼 屠夫 香奈儿 的 秘密 情史","千 [MASK] 激情片 可惜 了 , 美女 老师 被 OOXX 男人 帮 恶夜 惊魂 天堂 口 大情人 疯狂 的 石头 我 的 娜塔莎 Hello 小姐 拿 什么 拯救 你 , 我 的 爱人 刀尖 上 行走 今夜 有 戏 欲望号 列车 写真 毒刺 疯狂 的 石头 青 木瓜 之 味 魔鬼 屠夫 香奈儿 的 秘密 情史",部,部,"部, 套, 页"
各位 过 <CL> 好 <h>年</h> 啊 。,各位 过 [MASK] 好 年 啊 。,个,个,"个, 些, 点"
"父亲 给 小 米 买 了 双 皮鞋 , 一 <CL> <h>星期</h> 之后 爸爸 问 小米 新 鞋 买 了 , 怎么 不 见 你 穿 呀 ?","父亲 给 小 米 买 了 双 皮鞋 , 一 [MASK] 星期 之后 爸爸 问 小米 新 鞋 买 了 , 怎么 不 见 你 穿 呀 ?",个,个,"个, 颗, 把"
"身 未 动 , 心 已 远 , 在 风景 展区 发布 20 <CL> <h>作品</h>","身 未 动 , 心 已 远 , 在 风景 展区 发布 20 [MASK] 作品",组,幅,"幅, 件, 组"
"酒 搞 多 了 , 现在 醒 了 , 口干 舌躁 , 两 <CL> <h>果汁</h> , 真 TM 爽 !","酒 搞 多 了 , 现在 醒 了 , 口干 舌躁 , 两 [MASK] 果汁 , 真 TM 爽 !",杯,杯,"杯, 瓶, 碗"
"六味 地黄丸 , 你丸 我 也丸 , 一 天 六十 <CL> , <h>发发</h> 有 冲劲儿 不 来 一 发么 ?","六味 地黄丸 , 你丸 我 也丸 , 一 天 六十 [MASK] , 发发 有 冲劲儿 不 来 一 发么 ?",粒,粒,"粒, 片, 次"
"爹娘 给 我 上 了 堂课 , 主题 是 我 要 嫁 <CL> 什么样 的 <h>人</h> 。","爹娘 给 我 上 了 堂课 , 主题 是 我 要 嫁 [MASK] 什么样 的 人 。",个,个,"个, 对, 位"
"但是 两 <CL> 之间 <h>拖</h> 了 六 年 , 结构 已经 荡然无存 。","但是 两 [MASK] 之间 拖 了 六 年 , 结构 已经 荡然无存 。",卷,个,"个, 家, 项"
激动 到 我 TV 第三 <CL> <h>到来</h> !,激动 到 我 TV 第三 [MASK] 到来 !,季,次,"次, 季, 波"
"刚刚 在 德克萨斯 扑克 游戏 中 与 同桌 PK , 以 一 <CL> 葫芦 <h>牌型</h> 赢取 了 2080 筹码 !","刚刚 在 德克萨斯 扑克 游戏 中 与 同桌 PK , 以 一 [MASK] 葫芦 牌型 赢取 了 2080 筹码 !",手,个,"个, 张, 套"
刚才 出门 走 一 <CL> 去 邮局 的 <h>决定</h> 是 对 的 人家 今天 最后 一 天 班 我 不仅 买到 了 邮票 还 把 信 和 明信片 放 在 了 邮局 那 没有 风吹雨淋 的 邮箱 里 不过 估计 人家 年 后 才 会 寄 得 出去 了 。,刚才 出门 走 一 [MASK] 去 邮局 的 决定 是 对 的 人家 今天 最后 一 天 班 我 不仅 买到 了 邮票 还 把 信 和 明信片 放 在 了 邮局 那 没有 风吹雨淋 的 邮箱 里 不过 估计 人家 年 后 才 会 寄 得 出去 了 。,遭,趟,"趟, 圈, 步"
见 着 <CL> 学 的 好 不 如 嫁 的 好 的 活 例 咳 太 负面 太 负面 <h>阿弥陀佛</h>,见 着 [MASK] 学 的 好 不 如 嫁 的 好 的 活 例 咳 太 负面 太 负面 阿弥陀佛,个,个,"个, 面, 些"
"要 把 它 过得 尽量 像 自己 想要 的 那 <CL> <h>样子</h> , 才 对","要 把 它 过得 尽量 像 自己 想要 的 那 [MASK] 样子 , 才 对",个,个,"个, 种, 样"
"一 <CL> <h>气</h> 拖完 , 累","一 [MASK] 气 拖完 , 累",口,口,"口, 个, 下"
总结 一 <CL> <h>字</h> 正 !,总结 一 [MASK] 字 正 !,个,个,"个, 行, 下"
一 <CL> <h>人</h> 那 木 早 回家 好 冷呐,一 [MASK] 人 那 木 早 回家 好 冷呐,个,个,"个, 家, 堆"
"冷 到 发抖 , 但是 打开 衣柜 又 不 想 穿 那件 羽绒服 , 于是 下 一 <CL> <h>吃</h> 汤圆 , 结果 一 吃 , 顿时 整个 人 火 起来 热 !","冷 到 发抖 , 但是 打开 衣柜 又 不 想 穿 那件 羽绒服 , 于是 下 一 [MASK] 吃 汤圆 , 结果 一 吃 , 顿时 整个 人 火 起来 热 !",楼,次,"次, 步, 顿"
地球 上 两 <CL> <h>人</h> 能 相遇 不 容易 作 不 成 你 的 情人 我 仍 感激,地球 上 两 [MASK] 人 能 相遇 不 容易 作 不 成 你 的 情人 我 仍 感激,个,个,"个, 种, 颗"
"两 <CL> 寂寞 <h>嘅男人</h> 系 度 饮野 , 倾 到 无野 倾 开始 倾 魔兽 世界 为了 部落","两 [MASK] 寂寞 嘅男人 系 度 饮野 , 倾 到 无野 倾 开始 倾 魔兽 世界 为了 部落",个,个,"个, 位, 名"
我 参与 了 想 khuntoria 或 其中 一 <CL> <h>亲临</h> 快乐 大 本营 ?,我 参与 了 想 khuntoria 或 其中 一 [MASK] 亲临 快乐 大 本营 ?,员,个,"个, 位, 员"
"2 常州市 武进区 6 <CL> <h>地块</h> 新年 打头阵 , 土地 出让 向 乡镇 蔓延 。","2 常州市 武进区 6 [MASK] 地块 新年 打头阵 , 土地 出让 向 乡镇 蔓延 。",宗,宗,"宗, 个, 号"
新手 司机 的 72 <CL> <h>错误</h> 留 着 等 自己 买车 的 时候 能 用 的 上 。,新手 司机 的 72 [MASK] 错误 留 着 等 自己 买车 的 时候 能 用 的 上 。,个,个,"个, 条, 种"
"亲爱 的 们来 听 首 歌 吧 , 一 开始 我 还 以为 是 胡 歌唱 的 确实 挺 好听 的 TVT 但是 带 不 回宫 1 的 那 <CL> <h>感觉</h> 了 听 哭 了 我 也 不 知道 为何 何晟铭佛 说","亲爱 的 们来 听 首 歌 吧 , 一 开始 我 还 以为 是 胡 歌唱 的 确实 挺 好听 的 TVT 但是 带 不 回宫 1 的 那 [MASK] 感觉 了 听 哭 了 我 也 不 知道 为何 何晟铭佛 说",种,种,"种, 个, 份"
那 人 说 我 七 年 后 会 有 一 <CL> 大 <h>作为</h> 会 吗,那 人 说 我 七 年 后 会 有 一 [MASK] 大 作为 会 吗,番,个,"个, 次, 场"
海鸟 跟 鱼 相爱 只 是 一 <CL> <h>意外</h>,海鸟 跟 鱼 相爱 只 是 一 [MASK] 意外,场,场,"场, 次, 个"
"如果 没有 强大 的 有 公民 意识 的 中产 阶级 的话 , 导致 的 结果 很 可能 不 是 积极 的 <h>治理</h> 而 是 一 <CL> 暴民 治理 。","如果 没有 强大 的 有 公民 意识 的 中产 阶级 的话 , 导致 的 结果 很 可能 不 是 积极 的 治理 而 是 一 [MASK] 暴民 治理 。",个,个,"个, 种, 场"
这 几 天 来 家 里 拜年 送礼 的 较 多 刚才 发现 一 <CL> <h>蒙</h> 牛 纯 牛奶 我 勒个去,这 几 天 来 家 里 拜年 送礼 的 较 多 刚才 发现 一 [MASK] 蒙 牛 纯 牛奶 我 勒个去,箱,瓶,"瓶, 杯, 罐"
今年 照 的 第一 <CL> <h>照片</h> !,今年 照 的 第一 [MASK] 照片 !,张,张,"张, 个, 组"
据说 现在 三 <CL> 之 <h>家</h> 到手 月 收入 在 1W 到 1W5 的 家庭 幸福 指数 最高 。,据说 现在 三 [MASK] 之 家 到手 月 收入 在 1W 到 1W5 的 家庭 幸福 指数 最高 。,口,口,"口, 分, 餐"
"小 明 怎么 都 想 不 出来 , 一 看 答案 只 见 上面 写 的 是 一 <CL> 害羞 的 <h>斑马</h> !","小 明 怎么 都 想 不 出来 , 一 看 答案 只 见 上面 写 的 是 一 [MASK] 害羞 的 斑马 !",匹,匹,"匹, 只, 条"
"连 他 都 这样 说 我 真的 很 伤心 , 我 不 是 没有 反省 我 也 知道 我 说话 不 经过 大脑 , 但是 竟然 没有 一 <CL> <h>人</h> 理解 我 , 真的 很 伤心","连 他 都 这样 说 我 真的 很 伤心 , 我 不 是 没有 反省 我 也 知道 我 说话 不 经过 大脑 , 但是 竟然 没有 一 [MASK] 人 理解 我 , 真的 很 伤心",个,个,"个, 种, 些"
"喝 了 一 <CL> <h>红酒</h> 就 有 点晕 , 我 没有 这么 水货 吧 ?","喝 了 一 [MASK] 红酒 就 有 点晕 , 我 没有 这么 水货 吧 ?",杯,杯,"杯, 口, 下"
20120124 第一 <CL> 这 <h>大半夜</h> 地 。,20120124 第一 [MASK] 这 大半夜 地 。,记,次,"次, 个, 张"
"这个 问题 隔天 被 愤怒 的 斑竹 删掉 了 , 于是 有 人 建议 发贴者 如果 你 觉得 有 气 的话 , 给 斑竹 发 <CL> AIDS <h>病毒</h> 把 他 毒死","这个 问题 隔天 被 愤怒 的 斑竹 删掉 了 , 于是 有 人 建议 发贴者 如果 你 觉得 有 气 的话 , 给 斑竹 发 [MASK] AIDS 病毒 把 他 毒死",个,个,"个, 条, 点"
它 歸類 在 反 物質 Anti Matter 的 那組 照片 中從 第四 <CL> <h>左</h> 二 進去 。,它 歸類 在 反 物質 Anti Matter 的 那組 照片 中從 第四 [MASK] 左 二 進去 。,排,排,"排, 行, 位"
我 各 <CL> <h>圆满</h> 了,我 各 [MASK] 圆满 了,种,位,"位, 个, 种"
我 在 这里 浦东 国际 机场 1 <CL> <h>航站楼</h> 出发 相当 的 奢华,我 在 这里 浦东 国际 机场 1 [MASK] 航站楼 出发 相当 的 奢华,号,号,"号, 楼, 个"
中间 要 行驶 14 <CL> <h>小时</h> 才 能 到 北京,中间 要 行驶 14 [MASK] 小时 才 能 到 北京,个,个,"个, 点, 分"
"男人 , 永远 不 懂得 好好 守护 那 <CL> 跟 自己 同 甘 共苦 的 <h>女人</h> 。","男人 , 永远 不 懂得 好好 守护 那 [MASK] 跟 自己 同 甘 共苦 的 女人 。",个,个,"个, 些, 位"
"好久 没 晒 太阳 了 , 伸 <CL> 懒 <h>腰</h> 晒晒 太阳 , 好 舒服 !","好久 没 晒 太阳 了 , 伸 [MASK] 懒 腰 晒晒 太阳 , 好 舒服 !",个,个,"个, 点, 起"
"家 里 感觉 真 好 , 哈哈 给 大家 拜 <CL> <h>早年</h> ,","家 里 感觉 真 好 , 哈哈 给 大家 拜 [MASK] 早年 ,",个,个,"个, 些, 声"
一 <CL> 没有 爱 过 的 <h>人</h> 是 没有 资格 谈论 爱 的 。,一 [MASK] 没有 爱 过 的 人 是 没有 资格 谈论 爱 的 。,个,个,"个, 位, 群"
有些 人 不 用 付出 就 可以 得到 想要 的 又 有些 人 就算 付出 多 大 也 未 必 能 得到 半個小時 的 淚水 足以 我 訴出 多 年 的 委屈 謝謝媽媽 開學 一 個月 我會 做好 自己 給你 看 算是 爲了 某些 東西去 努力 爭取 一 <CL> <h>嗎</h>,有些 人 不 用 付出 就 可以 得到 想要 的 又 有些 人 就算 付出 多 大 也 未 必 能 得到 半個小時 的 淚水 足以 我 訴出 多 年 的 委屈 謝謝媽媽 開學 一 個月 我會 做好 自己 給你 看 算是 爲了 某些 東西去 努力 爭取 一 [MASK] 嗎,次,下,"下, 番, 些"
IP 地址 的 表示 方法 有 两 <CL> 二进制 和 点 分 十 <h>进制</h> 。,IP 地址 的 表示 方法 有 两 [MASK] 二进制 和 点 分 十 进制 。,种,分,"分, 位, 个"
"只要 衣服 没有 线头 没有 开裂 没有 破损 , 那么 当 男人 看到 一 <CL> 好 身材 <h>贴身</h> 穿 着 它 时 , 他 永远 不 会 去 想 它 是 啥材料 啥品牌 多少 钱 做工 怎样 。","只要 衣服 没有 线头 没有 开裂 没有 破损 , 那么 当 男人 看到 一 [MASK] 好 身材 贴身 穿 着 它 时 , 他 永远 不 会 去 想 它 是 啥材料 啥品牌 多少 钱 做工 怎样 。",幅,个,"个, 件, 副"
分 不 开心 的 一 <CL> <h>晚上</h>,分 不 开心 的 一 [MASK] 晚上,个,个,"个, 位, 件"
今日 细佬 穿 了 <CL> 李民浩 在 城市 猎人 里面 的 类似 风衣 的 <h>衣服</h> 。,今日 细佬 穿 了 [MASK] 李民浩 在 城市 猎人 里面 的 类似 风衣 的 衣服 。,件,件,"件, 套, 个"
"左侧 从下 数 第一 和 二 <CL> <h>肋骨</h> 前面 的 肌肉 一 抽 一 抽 的 疼 , 是 为啥 呢 ?","左侧 从下 数 第一 和 二 [MASK] 肋骨 前面 的 肌肉 一 抽 一 抽 的 疼 , 是 为啥 呢 ?",根,根,"根, 个, 节"
讨厌 一 <CL> <h>人</h> 也许 只 需要 一 瞬间,讨厌 一 [MASK] 人 也许 只 需要 一 瞬间,个,个,"个, 些, 种"
"身价 计算 报告 , 你 现在 的 身价 是 39 万 , 身价 状态 每 年 210 <CL> 的 <h>速度</h> 上涨 快来 算算 你 的 身价 吧 !","身价 计算 报告 , 你 现在 的 身价 是 39 万 , 身价 状态 每 年 210 [MASK] 的 速度 上涨 快来 算算 你 的 身价 吧 !",分,点,"点, 次, 个"
"外面 已经 亮起 灯 , 十月 的 夜晚 , 你 在 归家 路 上 听 着 张楚 的 城市 之 光 穿 过 你 的 城市 , 对面 有 一 <CL> <h>火车</h> 驶过 。","外面 已经 亮起 灯 , 十月 的 夜晚 , 你 在 归家 路 上 听 着 张楚 的 城市 之 光 穿 过 你 的 城市 , 对面 有 一 [MASK] 火车 驶过 。",列,辆,"辆, 列, 班"
就 上面 一 <CL> <h>球</h> 三十五,就 上面 一 [MASK] 球 三十五,个,个,"个, 粒, 圈"
"另外 , 每 月 还 将 有 300 <CL> 自己 微博 的 <h>短信</h> 提醒 , 包括 新 粉丝 新 评论 新 私信 的 通知 。","另外 , 每 月 还 将 有 300 [MASK] 自己 微博 的 短信 提醒 , 包括 新 粉丝 新 评论 新 私信 的 通知 。",条,条,"条, 个, 次"
欢乐 马戏团 之 三 <CL> <h>小丑</h>,欢乐 马戏团 之 三 [MASK] 小丑,个,个,"个, 位, 号"
吃完 这 <CL> <h>开始</h> 减肥 !,吃完 这 [MASK] 开始 减肥 !,碗,些,"些, 个, 样"
"顶 看错 了 , 买 了 <CL> <h>草莓</h> 的 !","顶 看错 了 , 买 了 [MASK] 草莓 的 !",个,个,"个, 些, 点"
"这 <CL> <h>路况</h> 不管 你 伤 得 起 不 , 反正 我 伤 不 起 !","这 [MASK] 路况 不管 你 伤 得 起 不 , 反正 我 伤 不 起 !",种,种,"种, 些, 个"
"昨晚 做 夢夢 到 一 <CL> <h>話沒</h> 有 你 , 地球 會運轉 得 更 快 高士喬 。","昨晚 做 夢夢 到 一 [MASK] 話沒 有 你 , 地球 會運轉 得 更 快 高士喬 。",句,句,"句, 段, 通"
"三十 晚 小 墩竟然 画 了 一 <CL> 完整 的 <h>画</h> , 我 当时 就 泪 奔 了 。","三十 晚 小 墩竟然 画 了 一 [MASK] 完整 的 画 , 我 当时 就 泪 奔 了 。",副,幅,"幅, 张, 副"
小心 6 <CL> 乌龙 <h>搭配</h> 易 引起 疾病 1 海鲜 与 啤酒 搭配 食用 容易 诱发 痛风 。,小心 6 [MASK] 乌龙 搭配 易 引起 疾病 1 海鲜 与 啤酒 搭配 食用 容易 诱发 痛风 。,种,种,"种, 个, 款"
"妈咪 说 抹 <CL> <h>灰</h> 还 喊 累 , 以后 嫁人 怎么 办 。","妈咪 说 抹 [MASK] 灰 还 喊 累 , 以后 嫁人 怎么 办 。",个,口,"口, 面, 手"
没有 一 <CL> <h>阳光</h> 的 天气 真 讨厌,没有 一 [MASK] 阳光 的 天气 真 讨厌,丝,点,"点, 丝, 线"
可能 毁掉 我们 的 十 <CL> <h>东西</h> 一 没有 责任感 的 享乐 二 不 劳 而 获 的 财富 三 没有 是非 观念 的 知识 四 不 道德 的 生意 五 没有 人性 的 科学 六 没有 牺牲 的 崇拜 七随性 而 出 的 暴躁 八 没有 理性 的 盲从九 没有 克制 的 喜欢 十 恣意 付出 的 恋爱 。,可能 毁掉 我们 的 十 [MASK] 东西 一 没有 责任感 的 享乐 二 不 劳 而 获 的 财富 三 没有 是非 观念 的 知识 四 不 道德 的 生意 五 没有 人性 的 科学 六 没有 牺牲 的 崇拜 七随性 而 出 的 暴躁 八 没有 理性 的 盲从九 没有 克制 的 喜欢 十 恣意 付出 的 恋爱 。,样,个,"个, 种, 件"
拜年 了 祝 龙年 顺顺 畅畅 一 <CL> <h>龙</h> !,拜年 了 祝 龙年 顺顺 畅畅 一 [MASK] 龙 !,条,条,"条, 个, 路"
"小 超市 里 前前后后 几 <CL> <h>排队</h> 结账 的 人 , 手 里 都 拿 着 泡面 , 当然 也 包括 我 。","小 超市 里 前前后后 几 [MASK] 排队 结账 的 人 , 手 里 都 拿 着 泡面 , 当然 也 包括 我 。",个,个,"个, 处, 排"
"我 一 <CL> <h>人</h> 跳舞 , 从 清晨 到 日暮 。","我 一 [MASK] 人 跳舞 , 从 清晨 到 日暮 。",个,个,"个, 家, 群"
"试问 有 边 日 会 五 <CL> <h>黑黑</h> , 叫 都 五 应 啊 。","试问 有 边 日 会 五 [MASK] 黑黑 , 叫 都 五 应 啊 。",面,个,"个, 声, 样"
"我 说 喝 了 一 <CL> <h>稀饭</h> , 护士 说 你 这 是 饿 的 胃痛 。","我 说 喝 了 一 [MASK] 稀饭 , 护士 说 你 这 是 饿 的 胃痛 。",碗,口,"口, 碗, 点"
可 见 团结 的 重要 如果 几 <CL> <h>舅</h> 能够 团结 一心 白 家 早 都 兴盛 起来 了 !,可 见 团结 的 重要 如果 几 [MASK] 舅 能够 团结 一心 白 家 早 都 兴盛 起来 了 !,个,个,"个, 位, 家"
"哥俩 好 类 , 来 一 <CL> 类 <h>干杯</h> bofu 拜年","哥俩 好 类 , 来 一 [MASK] 类 干杯 bofu 拜年",口,个,"个, 杯, 张"
55555 介是 肿么 一 <CL> <h>事</h> 嘛 !,55555 介是 肿么 一 [MASK] 事 嘛 !,回,回,"回, 件, 个"
"领到 这么 大 一 <CL> <h>红包</h> , 太 给力 了 !","领到 这么 大 一 [MASK] 红包 , 太 给力 了 !",个,个,"个, 笔, 张"
"就 情爱 而 言 , 最 悲惨 的 不 是 目光 相遇 一 人 停留 一 人 做 着 穿越 而 是 两 <CL> 孤独 脆弱 的 灵魂 电光 <h>火石</h> 相互 催眠 , 而 瞬间 即 醒 。","就 情爱 而 言 , 最 悲惨 的 不 是 目光 相遇 一 人 停留 一 人 做 着 穿越 而 是 两 [MASK] 孤独 脆弱 的 灵魂 电光 火石 相互 催眠 , 而 瞬间 即 醒 。",个,个,"个, 颗, 位"
哈哈 原来 我们 家 的 家谱 编制 成 一 <CL> <h>书</h> 了 不错 哈哈,哈哈 原来 我们 家 的 家谱 编制 成 一 [MASK] 书 了 不错 哈哈,本,本,"本, 套, 册"
"错 , 是 我们 领导 的 嘴 , 尼玛 , 一 <CL> <h>话</h> 把 我们 的 年终 奖 扣掉 一半","错 , 是 我们 领导 的 嘴 , 尼玛 , 一 [MASK] 话 把 我们 的 年终 奖 扣掉 一半",句,句,"句, 席, 个"
好久 没 见 你 了 长大 了 不少 噢 三 <CL> 多 <h>月</h> 了,好久 没 见 你 了 长大 了 不少 噢 三 [MASK] 多 月 了,个,个,"个, 颗, 点"
同事 赵 <h>老师</h> 的 父亲 今晨 去世 周三 要 去 参加 葬礼 赵 老师 是 <CL> 非常 好 的 老师 !,同事 赵 老师 的 父亲 今晨 去世 周三 要 去 参加 葬礼 赵 老师 是 [MASK] 非常 好 的 老师 !,个,发,"发, 身, 家"
"大海 里 生活 着 一 <CL> 快乐 的 <h>鲸鱼</h> , 它 很 爱 干净 , 天天 自己 喷水 洗淋浴 , 大家 纷纷 赞叹 它 多 讲 卫生 啊 !","大海 里 生活 着 一 [MASK] 快乐 的 鲸鱼 , 它 很 爱 干净 , 天天 自己 喷水 洗淋浴 , 大家 纷纷 赞叹 它 多 讲 卫生 啊 !",条,只,"只, 条, 个"
"吃 太 饱 睡 不 着 , 带 着 耳机 却 听到 心跳 , 每 一 <CL> 都 好像 巨人 走 过 <h>颤动</h> 着 身体 。","吃 太 饱 睡 不 着 , 带 着 耳机 却 听到 心跳 , 每 一 [MASK] 都 好像 巨人 走 过 颤动 着 身体 。",声,步,"步, 次, 幕"
我 崩溃 中 我 见到 了 一 <CL> <h>集志玲</h> 和 大 话 精于 一身 的 姑娘 妈妈咪 呀 谁 也 无法 阻挡 这 姑娘 了,我 崩溃 中 我 见到 了 一 [MASK] 集志玲 和 大 话 精于 一身 的 姑娘 妈妈咪 呀 谁 也 无法 阻挡 这 姑娘 了,个,个,"个, 位, 群"
"刚才 梳头 , 不 留神 发现 一 <CL> 不 属于 黑色 的 <h>头发</h> 。","刚才 梳头 , 不 留神 发现 一 [MASK] 不 属于 黑色 的 头发 。",根,头,"头, 根, 条"
"同事 都 说 我 是 超人 , 各 <CL> <h>疯狂</h> 加班 , 我 总是 开玩笑 说 老子 要 加班 还债 , 可 谁 又 能 懂 , 我 是 在 用 工作 填补 自己 心 中 的 孤寂 。","同事 都 说 我 是 超人 , 各 [MASK] 疯狂 加班 , 我 总是 开玩笑 说 老子 要 加班 还债 , 可 谁 又 能 懂 , 我 是 在 用 工作 填补 自己 心 中 的 孤寂 。",种,种,"种, 个, 位"
第 84 <CL> 奥斯卡 提名 <h>名单</h> 揭晓 雨果 艺术家 领跑,第 84 [MASK] 奥斯卡 提名 名单 揭晓 雨果 艺术家 领跑,届,届,"届, 次, 季"
这 是 我 今天 说 的 第一 <CL> <h>话</h> 。,这 是 我 今天 说 的 第一 [MASK] 话 。,句,句,"句, 段, 个"
"必胜客 我 等 你 的 电话 等 得 好 苦 啊 , 要 我 还是 不 要 我 , 给 <CL> 痛 快点 的 <h>答案</h> 啊 行 啊 ?","必胜客 我 等 你 的 电话 等 得 好 苦 啊 , 要 我 还是 不 要 我 , 给 [MASK] 痛 快点 的 答案 啊 行 啊 ?",个,个,"个, 点, 些"
节奏 超快 这 <CL> <h>足球</h> 超 好看 但是 好 累 啊,节奏 超快 这 [MASK] 足球 超 好看 但是 好 累 啊,种,个,"个, 场, 支"
"你妹 的 , 该 死 的 公司 , 老子 年 后 妥妥 不 伺候 你 了 , 过 春节 连 <CL> <h>假</h> 都 不 给 批 , 去 死 吧 你 , 疯子 老总","你妹 的 , 该 死 的 公司 , 老子 年 后 妥妥 不 伺候 你 了 , 过 春节 连 [MASK] 假 都 不 给 批 , 去 死 吧 你 , 疯子 老总",个,个,"个, 例, 节"
"一个 <CL> <h>孩子</h> 结婚 , 有限 的 住房 已 被 分割 得 不能 再 分 , 老人 自己 在 家中 已 无 一块 清静 的 安身之地 , 又 怎 能 再 筑 起 一个 新 巢 呢 ?","一个 [MASK] 孩子 结婚 , 有限 的 住房 已 被 分割 得 不能 再 分 , 老人 自己 在 家中 已 无 一块 清静 的 安身之地 , 又 怎 能 再 筑 起 一个 新 巢 呢 ?",个,个,"个, 双, 家"
总算 做掉 一 <CL> <h>事情</h> 了 光速 爬 去 碎 觉 起床 还 得 去 看 牙医,总算 做掉 一 [MASK] 事情 了 光速 爬 去 碎 觉 起床 还 得 去 看 牙医,件,些,"些, 件, 点"
分享 了 满 88 <CL> <h>申通</h> 黑 巫女 蕾丝 手链 戒指 套装 女 腕饰 手绳 复古 饰品 2800,分享 了 满 88 [MASK] 申通 黑 巫女 蕾丝 手链 戒指 套装 女 腕饰 手绳 复古 饰品 2800,包,件,"件, 个, 条"
"新年 第一 天 , 一 <CL> <h>朋友</h> 窝 在 我 家 看 电影 , 感觉 还 不错 。","新年 第一 天 , 一 [MASK] 朋友 窝 在 我 家 看 电影 , 感觉 还 不错 。",群,个,"个, 群, 位"
"美国 的 一 <CL> 新 <h>研究</h> 发现 , 吃 苹果 可以 促进 神经 细胞 相互 传递 信息 , 降低 老年 痴呆症 的 发病率 。","美国 的 一 [MASK] 新 研究 发现 , 吃 苹果 可以 促进 神经 细胞 相互 传递 信息 , 降低 老年 痴呆症 的 发病率 。",项,项,"项, 个, 份"
自己 家里人 吃饭 都 能 喝 多 不 就 是 斗鸡眼 么敷 <CL> <h>泥巴</h> 的 时间 也 不 能 浪费 乡村 小姐妹 感情 深,自己 家里人 吃饭 都 能 喝 多 不 就 是 斗鸡眼 么敷 [MASK] 泥巴 的 时间 也 不 能 浪费 乡村 小姐妹 感情 深,个,个,"个, 面, 脸"
"我 就 开 10 <CL> <h>树洞</h> , 说 的 也 还 是 这些 事儿 。","我 就 开 10 [MASK] 树洞 , 说 的 也 还 是 这些 事儿 。",个,个,"个, 号, 座"
"反 嘴 之 什麼什 麼沒聽清 , 然後 看到 一 <CL> <h>事問</h> , 那 女 的 想幹嗎 , 結果 那 女人 跑 的 比 兔子 還快 我 看 她 是 不 想 在 東泰 混 了 。","反 嘴 之 什麼什 麼沒聽清 , 然後 看到 一 [MASK] 事問 , 那 女 的 想幹嗎 , 結果 那 女人 跑 的 比 兔子 還快 我 看 她 是 不 想 在 東泰 混 了 。",管,件,"件, 些, 本"
每 一 <CL> 的 <h>煎熬</h> !,每 一 [MASK] 的 煎熬 !,次,次,"次, 步, 分"
"猴哥 的 同学 说 她 哥哥 以前 跟 我 同班 , 她 说 她 哥哥 说 我 超 有 气质 , 心 里 五 <CL> <h>杂陈</h> , 记得 也 这样 说 过 , 好 想 问 一下 我 现在 是 不 是 毁 了","猴哥 的 同学 说 她 哥哥 以前 跟 我 同班 , 她 说 她 哥哥 说 我 超 有 气质 , 心 里 五 [MASK] 杂陈 , 记得 也 这样 说 过 , 好 想 问 一下 我 现在 是 不 是 毁 了",味,味,"味, 种, 类"
2011 快乐 女声 长沙 唱区 预选赛 第二 <CL> 0092 <h>刘忻</h> 2011 快乐 女声 可 选 原 画 清晰度 分享自,2011 快乐 女声 长沙 唱区 预选赛 第二 [MASK] 0092 刘忻 2011 快乐 女声 可 选 原 画 清晰度 分享自,场,季,"季, 轮, 名"
"赖声川 透露 , 谢娜 将 在 今年 回归 暗恋 桃花源 的 舞台 , 同时 还 将 出演 他 的 另外 一 <CL> <h>喜剧</h>","赖声川 透露 , 谢娜 将 在 今年 回归 暗恋 桃花源 的 舞台 , 同时 还 将 出演 他 的 另外 一 [MASK] 喜剧",部,部,"部, 个, 套"
"肿得 像 猪蹄 , 还 裹 了 一 <CL> 像 粪便 的 <h>药</h> 。","肿得 像 猪蹄 , 还 裹 了 一 [MASK] 像 粪便 的 药 。",层,层,"层, 些, 个"
iphone 不 只 是 一 <CL> <h>手机</h> !,iphone 不 只 是 一 [MASK] 手机 !,台,部,"部, 个, 款"
"2011 的 最后 一 天 , 这里 的 天气 还 跟 往年 一 <CL> <h>恶劣</h> !","2011 的 最后 一 天 , 这里 的 天气 还 跟 往年 一 [MASK] 恶劣 !",样,样,"样, 般, 个"
银行 被 疑 泄露 个人 <h>信息</h> 客户 资料 在 内部 几乎 透明 你 有 没 有 被 各 <CL> 垃圾 信息 推销 电话 轰炸 的 经历 ?,银行 被 疑 泄露 个人 信息 客户 资料 在 内部 几乎 透明 你 有 没 有 被 各 [MASK] 垃圾 信息 推销 电话 轰炸 的 经历 ?,类,等,"等, 对, 处"
"雨 中 散步 , 一 <CL> 多么 陌生 而 又 熟悉 的 <h>记忆</h> 。","雨 中 散步 , 一 [MASK] 多么 陌生 而 又 熟悉 的 记忆 。",种,段,"段, 个, 份"
兔泽 又 多 了 <CL> <h>功能</h> set up 无线 打印机 呢 。,兔泽 又 多 了 [MASK] 功能 set up 无线 打印机 呢 。,个,个,"个, 些, 点"
"熬 了 一 <CL> <h>通宵</h> 白天 上班 , 还 说 回来 试试 昨天 捣腾 来 的 小 红 裙 就 碎 叫 结果 一 打开 衣柜 , 衣柜 崩溃 啊 !","熬 了 一 [MASK] 通宵 白天 上班 , 还 说 回来 试试 昨天 捣腾 来 的 小 红 裙 就 碎 叫 结果 一 打开 衣柜 , 衣柜 崩溃 啊 !",个,个,"个, 段, 轮"
明天 起床 希望 我 的 手机 就 变 出来 了 亲 你 生日 许愿 的 时候 分 我 一 <CL> <h>愿望</h> 保佑 我 新 手机 早日 到手 亲 记得 喔亲,明天 起床 希望 我 的 手机 就 变 出来 了 亲 你 生日 许愿 的 时候 分 我 一 [MASK] 愿望 保佑 我 新 手机 早日 到手 亲 记得 喔亲,个,个,"个, 些, 点"
在 首尔 迎来 2012 D3 路口 的 食店 貌似 不少 韩剧 中 的 男 二 会 经营 一 <CL> 这样 的 小资 <h>餐馆</h>,在 首尔 迎来 2012 D3 路口 的 食店 貌似 不少 韩剧 中 的 男 二 会 经营 一 [MASK] 这样 的 小资 餐馆,家,家,"家, 间, 些"
Home sweet home 上 <CL> <h>回来</h> 是 什么 时候 ?,Home sweet home 上 [MASK] 回来 是 什么 时候 ?,次,次,"次, 班, 回"
今天 开 了 一 天 的 三 <CL> <h>车手</h> 都 被 抖麻 了,今天 开 了 一 天 的 三 [MASK] 车手 都 被 抖麻 了,缸,个,"个, 轮, 位"
"始建 于 1958年 的 鞍钢 冷轧 板 厂 , 是 我国 第一 <CL> 冷轧 <h>薄板</h> 生产 厂家 。","始建 于 1958年 的 鞍钢 冷轧 板 厂 , 是 我国 第一 [MASK] 冷轧 薄板 生产 厂家 。",个,家,"家, 个, 批"
"感谢 胖虎 一直 欺负 我 小 夫 一直 向 我 炫耀 , 让 我 和 阿梦 患难 见 真 情 对 不 起 静香 , 我 的 心 里 只 能 装下 阿 梦 一 <CL> <h>人</h> 。","感谢 胖虎 一直 欺负 我 小 夫 一直 向 我 炫耀 , 让 我 和 阿梦 患难 见 真 情 对 不 起 静香 , 我 的 心 里 只 能 装下 阿 梦 一 [MASK] 人 。",个,个,"个, 家, 种"
重温 了 一 <CL> 寂静岭 <h>经典</h> 还 是 经典 啊,重温 了 一 [MASK] 寂静岭 经典 还 是 经典 啊,遍,下,"下, 次, 遍"
啊 哈哈哈哈 哪 <CL> <h>好看</h> ?,啊 哈哈哈哈 哪 [MASK] 好看 ?,个,个,"个, 家, 种"
"也 对 , 那 <CL> 知名 <h>人士</h> 会 天天 刷微博来 责骂 其他 艺人 及 粉丝 包括 自己 的","也 对 , 那 [MASK] 知名 人士 会 天天 刷微博来 责骂 其他 艺人 及 粉丝 包括 自己 的",个,些,"些, 个, 种"
贱贱 的 过 完 年 了 我 的 小 脸 圆润 了 一 <CL> b <h>是喜</h> 还 是 悲好,贱贱 的 过 完 年 了 我 的 小 脸 圆润 了 一 [MASK] b 是喜 还 是 悲好,圈,些,"些, 点, 圈"
"恶心 的 东西 我 见 多 了 , 你们 算 <CL> <h>毛啊</h>","恶心 的 东西 我 见 多 了 , 你们 算 [MASK] 毛啊",个,个,"个, 些, 包"
"作为 一 <CL> <h>公民</h> , 有 权 对 法官 审判 的 公正 作 一下 质疑 , 有 权 对 本 案 中 司法 的 独立性 作出 更 大 的 质疑 。","作为 一 [MASK] 公民 , 有 权 对 法官 审判 的 公正 作 一下 质疑 , 有 权 对 本 案 中 司法 的 独立性 作出 更 大 的 质疑 。",个,个,"个, 名, 位"
记得 这 <CL> <h>照片</h> 吗 ?,记得 这 [MASK] 照片 吗 ?,张,张,"张, 些, 个"
家乐福 停车 已经 停到 上去 的 那 <CL> <h>坡</h> 啦 !,家乐福 停车 已经 停到 上去 的 那 [MASK] 坡 啦 !,个,个,"个, 条, 段"
我 是 <CL> 不 好 的 <h>人</h> 啊 鄙视,我 是 [MASK] 不 好 的 人 啊 鄙视,个,个,"个, 点, 些"
我 前 两 <CL> <h>微博</h> 纯 属 屁憋 的 。,我 前 两 [MASK] 微博 纯 属 屁憋 的 。,条,条,"条, 篇, 个"
"传说 如果 找到 四 <CL> <h>小叶</h> 的 幸运 草 , 就 能 许愿 , 使 愿望 成真 。","传说 如果 找到 四 [MASK] 小叶 的 幸运 草 , 就 能 许愿 , 使 愿望 成真 。",片,个,"个, 根, 只"
"赶 在 生日 前 , 希望 能 用心 的 做出 <CL> <h>像样</h> 的 成品 。","赶 在 生日 前 , 希望 能 用心 的 做出 [MASK] 像样 的 成品 。",个,个,"个, 些, 点"
"你 是 记忆 中 最 美 的 一 天 , 遗忘 的 或许 会 是 一 <CL> 漫长 <h>等待</h> 的 未来 岁月 。","你 是 记忆 中 最 美 的 一 天 , 遗忘 的 或许 会 是 一 [MASK] 漫长 等待 的 未来 岁月 。",个,段,"段, 个, 些"
对付 一 <CL> <h>人</h> 最 好 的 办法 就 是 置之不理 。,对付 一 [MASK] 人 最 好 的 办法 就 是 置之不理 。,个,个,"个, 些, 群"
"沃嘉 旅游 厦门 的 悠闲 与 懒散 最 合 小资 胃口 , 鼓浪屿 尤其 是 <CL> <h>世外</h> 桃源 。","沃嘉 旅游 厦门 的 悠闲 与 懒散 最 合 小资 胃口 , 鼓浪屿 尤其 是 [MASK] 世外 桃源 。",个,个,"个, 座, 些"
"洛 卡 松 了 口 气 , 这 <CL> <h>话</h> 他 一直 藏 在 心中 , 现在 说 出来 了 , 他 觉得 自己 死 也 没有 什么 遣 憾 了 。","洛 卡 松 了 口 气 , 这 [MASK] 话 他 一直 藏 在 心中 , 现在 说 出来 了 , 他 觉得 自己 死 也 没有 什么 遣 憾 了 。",句,句,"句, 些, 番"
"明天 5 点 那 <CL> 西班牙 国王 <h>杯</h> 的 14 决赛 , 哪 有 转播 吗 ?","明天 5 点 那 [MASK] 西班牙 国王 杯 的 14 决赛 , 哪 有 转播 吗 ?",场,个,"个, 场, 段"
厦门 也 挺 冷 的 中午 的 当归 米 酒 两 <CL> <h>下去</h> 这 会 好 头疼,厦门 也 挺 冷 的 中午 的 当归 米 酒 两 [MASK] 下去 这 会 好 头疼,口,杯,"杯, 瓶, 个"
"一 <CL> <h>怒火</h> 熊熊 燃烧 , 幸好 有 人 及时 帮 我 浇灭 , tmd 的 已 到 家","一 [MASK] 怒火 熊熊 燃烧 , 幸好 有 人 及时 帮 我 浇灭 , tmd 的 已 到 家",团,股,"股, 团, 片"
各 <CL> <h>打架</h> 梦 。,各 [MASK] 打架 梦 。,种,种,"种, 个, 类"
过 年 啦 这 <CL> <h>双子</h> 的 宝贝 很 幽默 弄 得 我们 大家 都 笑哈哈,过 年 啦 这 [MASK] 双子 的 宝贝 很 幽默 弄 得 我们 大家 都 笑哈哈,位,个,"个, 位, 对"
我 刚 在 MOKO 美空网 发布 了 一 <CL> 新 <h>展示</h> 服装 片杜 达 女装,我 刚 在 MOKO 美空网 发布 了 一 [MASK] 新 展示 服装 片杜 达 女装,组,个,"个, 款, 组"
上传 了 12 <CL> <h>照片</h> 到 相册 SNSD,上传 了 12 [MASK] 照片 到 相册 SNSD,张,张,"张, 幅, 个"
祭 天公 的 祭桌 四 <CL> <h>桌脚</h> 都 要 垫金 纸 !,祭 天公 的 祭桌 四 [MASK] 桌脚 都 要 垫金 纸 !,条,面,"面, 个, 张"
"觉得 自己 能 生 在 这样 的 一 <CL> <h>家庭</h> , 好 满足 !","觉得 自己 能 生 在 这样 的 一 [MASK] 家庭 , 好 满足 !",个,个,"个, 组, 种"
这 <CL> <h>对</h> 了 吧 ?,这 [MASK] 对 了 吧 ?,回,样,"样, 下, 个"
"回到 学校 , 本 想 吃 <CL> 开心 的 <h>早餐</h> , 谁 知道 还是 剩菜剩饭 , 心情 都 没 了","回到 学校 , 本 想 吃 [MASK] 开心 的 早餐 , 谁 知道 还是 剩菜剩饭 , 心情 都 没 了",个,顿,"顿, 个, 点"
一 <CL> <h>情缘</h> 一 世 爱 天涯 遥寄 只 为 你 。,一 [MASK] 情缘 一 世 爱 天涯 遥寄 只 为 你 。,世,世,"世, 段, 场"
"亚亚 说 : “ 妈妈 , 你 看 , 爸爸 要 我 一定 要 把 这 <CL> <h>照片</h> 放在 身上 , 千万 不能 弄 丢 , 而且 一定 要 把 你 的 样子 记 清楚 , 这样 , 如果 在 街上 看到 你 , 就 能 认 出来 了 , 不能 会 再 错 过 了 。","亚亚 说 : “ 妈妈 , 你 看 , 爸爸 要 我 一定 要 把 这 [MASK] 照片 放在 身上 , 千万 不能 弄 丢 , 而且 一定 要 把 你 的 样子 记 清楚 , 这样 , 如果 在 街上 看到 你 , 就 能 认 出来 了 , 不能 会 再 错 过 了 。",张,张,"张, 些, 个"
"无知 加 无耻 , 真 tmd 一 <CL> <h>奇葩</h> 了 !","无知 加 无耻 , 真 tmd 一 [MASK] 奇葩 了 !",朵,个,"个, 朵, 代"
"如果 你 用 它 来 盛 天 上 的 净水 , 你 就 是 一 <CL> <h>圣徒</h> 。","如果 你 用 它 来 盛 天 上 的 净水 , 你 就 是 一 [MASK] 圣徒 。",个,个,"个, 名, 位"
"今天 , 生理 两 <CL> 妇重点 <h>技能</h> 看完","今天 , 生理 两 [MASK] 妇重点 技能 看完",章,个,"个, 族, 位"
我 在 西 二 <CL> <h>菜户</h> 营桥 到 西直门 桥 。,我 在 西 二 [MASK] 菜户 营桥 到 西直门 桥 。,环,环,"环, 路, 门"
"2011 年 9 月 中旬 以来 , 香港 离岸 市场 人民币 CNH 一 改 之前 单向 升值 趋势 , 开始 出现 了 一 <CL> 贬值 <h>走势</h> 。","2011 年 9 月 中旬 以来 , 香港 离岸 市场 人民币 CNH 一 改 之前 单向 升值 趋势 , 开始 出现 了 一 [MASK] 贬值 走势 。",轮,波,"波, 轮, 种"
"他们 纷纷 涌 向 大桥 , 争 睹 这 <CL> 跨度 423 米 , 名列 世界 第二 的 <h>斜拉桥</h> 的 英姿 风采 。","他们 纷纷 涌 向 大桥 , 争 睹 这 [MASK] 跨度 423 米 , 名列 世界 第二 的 斜拉桥 的 英姿 风采 。",座,座,"座, 条, 个"
"初 一 圆 明讲 <CL> <h>参拜</h> , 遇 世博 一样 的 排队 长龙 , 香火 真 是 旺啊","初 一 圆 明讲 [MASK] 参拜 , 遇 世博 一样 的 排队 长龙 , 香火 真 是 旺啊",堂,堂,"堂, 台, 道"
"第一 <CL> <h>吃</h> 年饭 系 上 冷饭 的 , 碟饭 如果 用 来 炒饭 简直 一流 。","第一 [MASK] 吃 年饭 系 上 冷饭 的 , 碟饭 如果 用 来 炒饭 简直 一流 。",次,次,"次, 个, 回"
我 兴高采烈 地 把 红包 一 <CL> <h>封地</h> 拆开 然后 再 失望 地 把 钱 重新 放 进去,我 兴高采烈 地 把 红包 一 [MASK] 封地 拆开 然后 再 失望 地 把 钱 重新 放 进去,封,封,"封, 个, 张"
"昨晚 看 着 你 做 家务 的 背影 , 觉得 你 是 <CL> 有担当 的 , 有 肩膀 的 <h>男人</h> , 被 你 照顾 着 很 幸福 。","昨晚 看 着 你 做 家务 的 背影 , 觉得 你 是 [MASK] 有担当 的 , 有 肩膀 的 男人 , 被 你 照顾 着 很 幸福 。",个,个,"个, 位, 具"
不 漂亮 的 女生 都 会 一 <CL> <h>手艺</h> 那 就 是 十字绣 谁 敢 出来 承认 啊 老婆 我 知道 你 会 的 你 太 久 没 露面 了,不 漂亮 的 女生 都 会 一 [MASK] 手艺 那 就 是 十字绣 谁 敢 出来 承认 啊 老婆 我 知道 你 会 的 你 太 久 没 露面 了,门,门,"门, 个, 种"
各 <CL> <h>咸</h> 。,各 [MASK] 咸 。,种,分,"分, 名, 行"
你 会 给 儿子 找 一 <CL> 新 <h>爸爸</h> 吗 ?,你 会 给 儿子 找 一 [MASK] 新 爸爸 吗 ?,个,个,"个, 位, 名"
但 遗憾 的 是 没有 看到 uk vogue 上 他 受 麦姐 那 <CL> <h>启发</h> 做 的 新款 连身 和 内衣,但 遗憾 的 是 没有 看到 uk vogue 上 他 受 麦姐 那 [MASK] 启发 做 的 新款 连身 和 内衣,款,个,"个, 位, 些"
"需要 提醒 的 是 , 银行卡 和 身份证 尽量 不 要 放 在一起 , 如果 不法 分子 同时 获取 这 两 <CL> <h>东西</h> , 就 有 可能 成功 办理 提前 取款 手续 。","需要 提醒 的 是 , 银行卡 和 身份证 尽量 不 要 放 在一起 , 如果 不法 分子 同时 获取 这 两 [MASK] 东西 , 就 有 可能 成功 办理 提前 取款 手续 。",件,种,"种, 样, 个"
巢湖 工商 查获 一 <CL> 假冒 解百 纳 注册 商标 <h>葡萄酒</h>,巢湖 工商 查获 一 [MASK] 假冒 解百 纳 注册 商标 葡萄酒,批,瓶,"瓶, 批, 件"
"这个 破 天气 就 没 见 好 过 , 今天 还 是 除夕加 老爸 的 生日 , 要 不 是 为了 交话费 , 我 才 不 愿意 出 这 <CL> <h>门</h> !","这个 破 天气 就 没 见 好 过 , 今天 还 是 除夕加 老爸 的 生日 , 要 不 是 为了 交话费 , 我 才 不 愿意 出 这 [MASK] 门 !",趟,趟,"趟, 个, 扇"
"爆笑 风格 喜剧 撒旦 女王 二 <CL> <h>演出</h> 即将 登场 , 2012 年 2 月 7 日 到 2 月 19 日 在 D6 哦 !","爆笑 风格 喜剧 撒旦 女王 二 [MASK] 演出 即将 登场 , 2012 年 2 月 7 日 到 2 月 19 日 在 D6 哦 !",轮,次,"次, 季, 部"
"办公室 的 几 <CL> <h>女人</h> 叽叽 喳喳 的 讨论 甄环传 , 论调 特别 幼稚 雷 人 程度 令 人 发指 有点 忍 不 住 想 打断 她们 , 不过 还 是 使劲 憋住 了 。","办公室 的 几 [MASK] 女人 叽叽 喳喳 的 讨论 甄环传 , 论调 特别 幼稚 雷 人 程度 令 人 发指 有点 忍 不 住 想 打断 她们 , 不过 还 是 使劲 憋住 了 。",个,个,"个, 位, 名"
"最 讲 卫生 的 家庭 主夫 每 天 洗碗 后 都 要 擦洗 一 <CL> <h>操作台</h> , 所以 我 家 的 厨房 特 干净 !","最 讲 卫生 的 家庭 主夫 每 天 洗碗 后 都 要 擦洗 一 [MASK] 操作台 , 所以 我 家 的 厨房 特 干净 !",遍,下,"下, 遍, 次"
"从 另 一 <CL> <h>角度</h> 拍摄 的 日出 , 你 有 多久 没 看 过 日出 ?","从 另 一 [MASK] 角度 拍摄 的 日出 , 你 有 多久 没 看 过 日出 ?",个,个,"个, 种, 面"
"为 哪样 要 喊阿泰 <CL> 世界 <h>和平</h> , 笑死 我 了 。","为 哪样 要 喊阿泰 [MASK] 世界 和平 , 笑死 我 了 。",个,回,"回, 声, 号"
晕无拉拉通 左 <CL> <h>宵好</h> 无 准备,晕无拉拉通 左 [MASK] 宵好 无 准备,个,眼,"眼, 通, 路"
"发表 了 博文 2012 年 01 月 21 日 祝福 每 一 <CL> <h>人</h> 龙年 龙马精神 , 全 家 幸福 , 身体 健康 , 万事如意 , 阿弥陀佛","发表 了 博文 2012 年 01 月 21 日 祝福 每 一 [MASK] 人 龙年 龙马精神 , 全 家 幸福 , 身体 健康 , 万事如意 , 阿弥陀佛",个,个,"个, 家, 位"
"他 亲情 盈盈 , 不 见 挚爱 , 找 <CL> <h>小妾</h> 只 挠痒 。","他 亲情 盈盈 , 不 见 挚爱 , 找 [MASK] 小妾 只 挠痒 。",个,个,"个, 回, 对"
这 或许 就 是 两 <CL> <h>人</h> 的 分歧 。,这 或许 就 是 两 [MASK] 人 的 分歧 。,辈,个,"个, 种, 代"
"璇 天才 waitingHee 默默 之中 居然 已经 积累 了 如此 的 人脉 关系 , 2012 <CL> <h>TA</h> 注定 会 是 不 平凡 的 一 年 。","璇 天才 waitingHee 默默 之中 居然 已经 积累 了 如此 的 人脉 关系 , 2012 [MASK] TA 注定 会 是 不 平凡 的 一 年 。",对,届,"届, 次, 世"
", 我 投给 了 韩爸 的 百 倍 影响力 , 粉丝 估计 在 3000 万 这 1 <CL> <h>选项</h> 。",", 我 投给 了 韩爸 的 百 倍 影响力 , 粉丝 估计 在 3000 万 这 1 [MASK] 选项 。",个,个,"个, 项, 种"
番薯 君 回来 了 遥远 时空 传来 一 <CL> 二 <h>货</h> 的 呼唤,番薯 君 回来 了 遥远 时空 传来 一 [MASK] 二 货 的 呼唤,声,声,"声, 个, 位"
16 <CL> <h>小时</h> 前 到达 威尼斯 。,16 [MASK] 小时 前 到达 威尼斯 。,个,个,"个, 点, 块"
"南宋 晚期 , 咸淳 四年 1268 年 浙江 德清 吴奥墓 出土 的 一 <CL> 龙泉 <h>鬲式炉</h> 和 此 器 类似 。","南宋 晚期 , 咸淳 四年 1268 年 浙江 德清 吴奥墓 出土 的 一 [MASK] 龙泉 鬲式炉 和 此 器 类似 。",件,件,"件, 具, 个"
"切 香肠 是 <CL> <h>技术活</h> , 切 得 好看 就 好吃 , 切 得 狗 啃 似 的 就 难吃 。","切 香肠 是 [MASK] 技术活 , 切 得 好看 就 好吃 , 切 得 狗 啃 似 的 就 难吃 。",个,个,"个, 门, 项"
"死神涅 队长 摘掉 面具 后 , 也 是 一 <CL> <h>大帅</h> 但是 女 下属 , 还是 女 实验品","死神涅 队长 摘掉 面具 后 , 也 是 一 [MASK] 大帅 但是 女 下属 , 还是 女 实验品",个,个,"个, 位, 名"
对 说 不 解释 一 天刷 了 那么 多 <CL> <h>微博</h>,对 说 不 解释 一 天刷 了 那么 多 [MASK] 微博,条,条,"条, 个, 次"
"祝福 2012 年 我 和 我 的 全 <CL> <h>人</h> 还 有 所有 亲人 和 朋友 一生 身体 健康 合家欢乐 , 万事 顺利 天天 向上 龙年 吉祥 龙年 恭喜 发大财 。","祝福 2012 年 我 和 我 的 全 [MASK] 人 还 有 所有 亲人 和 朋友 一生 身体 健康 合家欢乐 , 万事 顺利 天天 向上 龙年 吉祥 龙年 恭喜 发大财 。",家,家,"家, 部, 个"
"怪 五 得 <CL> <h>天</h> 开始 光 啦 , 原来 已经 接近 7 点 。","怪 五 得 [MASK] 天 开始 光 啦 , 原来 已经 接近 7 点 。",个,下,"下, 头, 等"
欢迎 下 <CL> <h>惠顾</h> 淘金 币智 立方 小熊 一 天 趣味 木 书 智力 拼图 玩具 儿童 益智 玩具 1400,欢迎 下 [MASK] 惠顾 淘金 币智 立方 小熊 一 天 趣味 木 书 智力 拼图 玩具 儿童 益智 玩具 1400,次,次,"次, 手, 线"
回家 路 上 遇到 什么 事 今天 本來 做好 事 給閨蜜 介紹 去 <h>朋友</h> 的 中華 料理店 打工沒 想到 碰到 朋友 的 一 <CL> 日本 朋友 被 調侃 的 我 也 稀裡 糊塗進 去 打工 了 我 只 是 一個 陪衬 的 人 呀 !,回家 路 上 遇到 什么 事 今天 本來 做好 事 給閨蜜 介紹 去 朋友 的 中華 料理店 打工沒 想到 碰到 朋友 的 一 [MASK] 日本 朋友 被 調侃 的 我 也 稀裡 糊塗進 去 打工 了 我 只 是 一個 陪衬 的 人 呀 !,群,家,"家, 下, 面"
"21 <CL> 的 <h>任务书</h> 基本 完成 , 花 了 2 天 半 功夫 , 要 吐血 了 。","21 [MASK] 的 任务书 基本 完成 , 花 了 2 天 半 功夫 , 要 吐血 了 。",页,号,"号, 页, 点"
"汤本味 仅 售 1 元 价值 826 元 瓦罐 汤汤 在 江西 食 在 北京 一 汤 一格百 <CL> <h>其中</h> 另 有 售价 108 元 4 人 套餐 可选 关注 , 让 我们 团 在一起","汤本味 仅 售 1 元 价值 826 元 瓦罐 汤汤 在 江西 食 在 北京 一 汤 一格百 [MASK] 其中 另 有 售价 108 元 4 人 套餐 可选 关注 , 让 我们 团 在一起",味,家,"家, 套, 餐"
20120120 直 排 轮 商品 推荐 动感 黑金 三 <CL> <h>VIP</h> 成人 直排轮 轮滑 鞋 溜冰鞋 旱冰鞋 成人 滑冰鞋 20000 元 详情 。,20120120 直 排 轮 商品 推荐 动感 黑金 三 [MASK] VIP 成人 直排轮 轮滑 鞋 溜冰鞋 旱冰鞋 成人 滑冰鞋 20000 元 详情 。,代,轮,"轮, 条, 层"
ChezShea 那 <CL> 鳕鱼 <h>味道</h> 真 不错 练习 慢 节奏 的 好 去处 喜欢 它 的 半圆形 大 窗 外面 是 pike market 有 大风 的 冬日 黄昏室 内 暖和 也 不 嘈杂 象 安全 避风港,ChezShea 那 [MASK] 鳕鱼 味道 真 不错 练习 慢 节奏 的 好 去处 喜欢 它 的 半圆形 大 窗 外面 是 pike market 有 大风 的 冬日 黄昏室 内 暖和 也 不 嘈杂 象 安全 避风港,道,个,"个, 道, 条"
这 <CL> <h>图片</h> 我 喜欢,这 [MASK] 图片 我 喜欢,幅,张,"张, 些, 个"
"发表 了 博客 美 的 销售 瘦身 扩至 大 家电 部分 地区 公司 裁员 三成 市场 转冷 人海 战术 葡坎辉 偈视 美 的 这 <CL> 高速 <h>行驶</h> 的 火车 正在 减速 , 以 确保 平稳 穿越 这个 冬天 。","发表 了 博客 美 的 销售 瘦身 扩至 大 家电 部分 地区 公司 裁员 三成 市场 转冷 人海 战术 葡坎辉 偈视 美 的 这 [MASK] 高速 行驶 的 火车 正在 减速 , 以 确保 平稳 穿越 这个 冬天 。",辆,辆,"辆, 列, 班"
"今晚 幼稚 了 一 <CL> 那些 人 , 我们 一起 追过 的 <h>女孩</h> , 感觉 还 好 啦","今晚 幼稚 了 一 [MASK] 那些 人 , 我们 一起 追过 的 女孩 , 感觉 还 好 啦",回,下,"下, 些, 点"
"走 万 里 路 胜过 读 万 <CL> <h>书</h> , 出门 旅行 是 增长 知识 的 好 时机 , 这 是 很多 出门 旅行者 的 初衷 和 目的 。","走 万 里 路 胜过 读 万 [MASK] 书 , 出门 旅行 是 增长 知识 的 好 时机 , 这 是 很多 出门 旅行者 的 初衷 和 目的 。",卷,卷,"卷, 本, 页"
"执 着 梦想 追求 , 用 自身 的 努力 感染 和 激发 着 每 <CL> 喜欢 她 的 <h>人</h> !","执 着 梦想 追求 , 用 自身 的 努力 感染 和 激发 着 每 [MASK] 喜欢 她 的 人 !",个,个,"个, 位, 些"
他 妈 的 一 晚 吃 两 <CL> 顺德 <h>粥城</h>,他 妈 的 一 晚 吃 两 [MASK] 顺德 粥城,次,碗,"碗, 次, 个"
看到 三 <CL> <h>人</h> 吵架 。,看到 三 [MASK] 人 吵架 。,组,个,"个, 家, 代"
"我擦 , 体坛 快讯 就 等 着 看 <CL> 电视 <h>转播</h> 。","我擦 , 体坛 快讯 就 等 着 看 [MASK] 电视 转播 。",个,个,"个, 下, 等"
临睡 前 文艺 一下 但 愿 来生 做 一 <CL> <h>树</h> 。,临睡 前 文艺 一下 但 愿 来生 做 一 [MASK] 树 。,棵,棵,"棵, 颗, 株"
今年 最后 一 <CL> 重要 <h>决定</h> 我 要 去 纹身 !,今年 最后 一 [MASK] 重要 决定 我 要 去 纹身 !,项,个,"个, 项, 次"
"两 小 无猜 一直 爱到 两 <CL> <h>斑白</h> , 面朝 大海 一直 爱到 春暖 花 开 你 依赖 让 你 依赖 , 你 无赖 给 你 耍赖","两 小 无猜 一直 爱到 两 [MASK] 斑白 , 面朝 大海 一直 爱到 春暖 花 开 你 依赖 让 你 依赖 , 你 无赖 给 你 耍赖",发,面,"面, 头, 脸"
"昨天 的邰 先生 凤翔 木板 年画 沙龙 , 孩子们 感受 传统 的 手工 木板 年画 , 亲手 参与 制作 的 过程 , 是 一 <CL> 非常 有 意义 的 <h>事情</h> 。","昨天 的邰 先生 凤翔 木板 年画 沙龙 , 孩子们 感受 传统 的 手工 木板 年画 , 亲手 参与 制作 的 过程 , 是 一 [MASK] 非常 有 意义 的 事情 。",件,件,"件, 个, 项"
买 <CL> <h>年货</h> 不 容易 。,买 [MASK] 年货 不 容易 。,个,个,"个, 点, 些"
"如果 , 所有 的 伤痕 都 能够 痊愈 如果 , 所有 的 真心 都 能够 换来 真意 如果 , 所有 的 相信 都 能够 坚持 如果 , 所有 的 情感 都 能够 完美 如果 , 依然 能 相遇 在 某 <CL> <h>城</h> 。","如果 , 所有 的 伤痕 都 能够 痊愈 如果 , 所有 的 真心 都 能够 换来 真意 如果 , 所有 的 相信 都 能够 坚持 如果 , 所有 的 情感 都 能够 完美 如果 , 依然 能 相遇 在 某 [MASK] 城 。",座,座,"座, 个, 颗"
"特别是 十一 <CL> 三 中 <h>全会</h> 以来 , 我国 民航 事业 在 诸多 方面 都 持续 快速 发展 , 取得 了 举世瞩目 的 成就 。","特别是 十一 [MASK] 三 中 全会 以来 , 我国 民航 事业 在 诸多 方面 都 持续 快速 发展 , 取得 了 举世瞩目 的 成就 。",届,届,"届, 次, 个"
而 这 两 <CL> <h>节目</h> 都 是 我 最爱,而 这 两 [MASK] 节目 都 是 我 最爱,个,个,"个, 套, 部"
有 一 <CL> 大 <h>闸蟹</h> !,有 一 [MASK] 大 闸蟹 !,串,只,"只, 条, 个"
"香港 万宁 创意 广告 猫咪 故事 香港 万宁 创意 广告 猫咪 故事 http t cn Sa9Y9L 主人 患病 , 猫咪 千辛万苦 寻找 高 山 雪莲 , 上演 一 <CL> 猫咪 <h>救主人</h>","香港 万宁 创意 广告 猫咪 故事 香港 万宁 创意 广告 猫咪 故事 http t cn Sa9Y9L 主人 患病 , 猫咪 千辛万苦 寻找 高 山 雪莲 , 上演 一 [MASK] 猫咪 救主人",幕,场,"场, 幕, 段"
多多 小 <CL> <h>友</h>,多多 小 [MASK] 友,盆,盆,"盆, 伙, 队"
我 刚 试 着 找 几 <CL> 有趣 的 <h>人儿</h> 来 关注 但 实在 是 不 好找 大爷 的 老娘 我 不 干 了 。,我 刚 试 着 找 几 [MASK] 有趣 的 人儿 来 关注 但 实在 是 不 好找 大爷 的 老娘 我 不 干 了 。,个,个,"个, 位, 种"
"夜晚 的 星空 繁星 点缀 , 总 有 一 <CL> <h>星辰</h> 为 你 指引 方向 。","夜晚 的 星空 繁星 点缀 , 总 有 一 [MASK] 星辰 为 你 指引 方向 。",颗,颗,"颗, 个, 道"
"推销员 因为 工作 忙 一 <CL> <h>星期</h> 有 五 天 不 在 家 , 自然 对 太太 有所 歉意 , 想 利用 整个 周末 补偿 她 !","推销员 因为 工作 忙 一 [MASK] 星期 有 五 天 不 在 家 , 自然 对 太太 有所 歉意 , 想 利用 整个 周末 补偿 她 !",个,个,"个, 次, 般"
"昨天 A 君 带 了 一 <CL> 红 <h>酒</h> 欺骗 我 幼 小 的 心灵 , 说好 带拉菲 , 结果 提上 来 变成 了 国产 的 长城 。","昨天 A 君 带 了 一 [MASK] 红 酒 欺骗 我 幼 小 的 心灵 , 说好 带拉菲 , 结果 提上 来 变成 了 国产 的 长城 。",支,瓶,"瓶, 杯, 壶"
乌克兰 团里 又 来 了 怎 一 <CL> <h>骚字</h> 了 得比 的 上 Dance And Change Kazaky 分享 自,乌克兰 团里 又 来 了 怎 一 [MASK] 骚字 了 得比 的 上 Dance And Change Kazaky 分享 自,个,个,"个, 种, 面"
"我 已 下载 了 Q <CL> <h>史记</h> 很 好看 , 和 好 朋友 一下 分享 下","我 已 下载 了 Q [MASK] 史记 很 好看 , 和 好 朋友 一下 分享 下",版,通,"通, 家, 本"
"东亚 娱乐 没有 圈 汤唯 身 着 裸色 裙 释放 小 清新 流露 东方 美 2011 年 11 月 11 日 , 上海 , 光棍节 , 汤唯 与 一 <CL> <h>明星</h> 来到 时尚 秀场 参加 珠宝秀 。","东亚 娱乐 没有 圈 汤唯 身 着 裸色 裙 释放 小 清新 流露 东方 美 2011 年 11 月 11 日 , 上海 , 光棍节 , 汤唯 与 一 [MASK] 明星 来到 时尚 秀场 参加 珠宝秀 。",袭,些,"些, 群, 批"
最后 一 <CL> <h>年夜饭</h>,最后 一 [MASK] 年夜饭,顿,顿,"顿, 道, 次"
怜儿 好 聪明 <CL> <h>香好</h> 狡猾,怜儿 好 聪明 [MASK] 香好 狡猾,袭,眼,"眼, 手, 滴"
"虽然 被 两 <CL> <h>魂淡打</h> 的 好 惨 , 但 小忌 你 一定 会 吐 便当 的 对吧 ?","虽然 被 两 [MASK] 魂淡打 的 好 惨 , 但 小忌 你 一定 会 吐 便当 的 对吧 ?",个,道,"道, 个, 条"
"痛经 女性 应该 禁食 哪 三 <CL> <h>食物</h> 痛经 会 给 女性 朋友 的 工作 生活 造成 很 大 的 影响 , 女性 朋友 在 痛经 时 应 注意 做好 一些 保健 工作 , 比如 注意 一些 饮食 上 的 禁忌 。","痛经 女性 应该 禁食 哪 三 [MASK] 食物 痛经 会 给 女性 朋友 的 工作 生活 造成 很 大 的 影响 , 女性 朋友 在 痛经 时 应 注意 做好 一些 保健 工作 , 比如 注意 一些 饮食 上 的 禁忌 。",类,种,"种, 类, 个"
去年 现在 我 还 在 法国 一 <CL> <h>人</h> 看 着 腾讯 的 过年 广告 流马尿 。,去年 现在 我 还 在 法国 一 [MASK] 人 看 着 腾讯 的 过年 广告 流马尿 。,个,个,"个, 家, 群"
"这 <CL> <h>宝贝</h> 这 两 天 问 的 人 满 多 独家 美国 专柜 正品 ED HARDY 风格 彩色 纹身 鲤鱼 花纹 打底 连 裤袜 丝 袜子 , 价格 18800 元 , 见","这 [MASK] 宝贝 这 两 天 问 的 人 满 多 独家 美国 专柜 正品 ED HARDY 风格 彩色 纹身 鲤鱼 花纹 打底 连 裤袜 丝 袜子 , 价格 18800 元 , 见",件,个,"个, 位, 些"
为什么 每 <CL> 我 对 自己 许下 的 <h>诺言</h> 都 没有 毅力 去 实现 除了 有关 你 的 现在 还 有 超多 作业 没 做 啊,为什么 每 [MASK] 我 对 自己 许下 的 诺言 都 没有 毅力 去 实现 除了 有关 你 的 现在 还 有 超多 作业 没 做 啊,次,次,"次, 个, 位"
话 说 今年 第一 <CL> 桃 <h>花</h> 我 不 喜欢,话 说 今年 第一 [MASK] 桃 花 我 不 喜欢,朵,朵,"朵, 个, 颗"
"这 是 一 <CL> 转运 <h>菩萨</h> , 龙年 可 踢走 霉运 , 好运 相伴 !","这 是 一 [MASK] 转运 菩萨 , 龙年 可 踢走 霉运 , 好运 相伴 !",尊,尊,"尊, 位, 个"
"听 着 李林妲 和 李宛妲 两 小 姐妹 的 歌声 , 看 着 两 <CL> 小精灵 美丽 迷人 的 <h>笑容</h> , 那 清澈 纯洁 的 歌声 穿透 心灵 , 鼻子 突然 酸酸 的 , 眼泪 在 眼眶 中 打转 !","听 着 李林妲 和 李宛妲 两 小 姐妹 的 歌声 , 看 着 两 [MASK] 小精灵 美丽 迷人 的 笑容 , 那 清澈 纯洁 的 歌声 穿透 心灵 , 鼻子 突然 酸酸 的 , 眼泪 在 眼眶 中 打转 !",个,个,"个, 位, 只"
我 参与 了 发起 的 投票 哪 <CL> <h>穿</h> 越剧 最 合 你 的 胃口 ?,我 参与 了 发起 的 投票 哪 [MASK] 穿 越剧 最 合 你 的 胃口 ?,个,部,"部, 些, 个"
发觉 琴晚 自己 又 做 左 <CL> <h>贼</h> 了 !,发觉 琴晚 自己 又 做 左 [MASK] 贼 了 !,个,手,"手, 眼, 口"
"中午 , 办公室 , 工作餐 , 一 <CL> 蜿蜒 盘亘 的 <h>秀发</h> 穿梭 在 米饭 中 。","中午 , 办公室 , 工作餐 , 一 [MASK] 蜿蜒 盘亘 的 秀发 穿梭 在 米饭 中 。",根,头,"头, 条, 缕"
你 是 一 <CL> <h>笨驴</h> !,你 是 一 [MASK] 笨驴 !,头,匹,"匹, 只, 头"
"在 这 一个 过程 中 , 许多 人 的 个性 被 磨损 、 特色 被 掩盖 , 最后 只 开 了 一 <CL> 平凡 无 奇 的 <h>店面</h> 。","在 这 一个 过程 中 , 许多 人 的 个性 被 磨损 、 特色 被 掩盖 , 最后 只 开 了 一 [MASK] 平凡 无 奇 的 店面 。",间,家,"家, 个, 间"
"他 算 <CL> 什么 <h>东西</h> , 值得 您 这样 跟 我 大小声 !","他 算 [MASK] 什么 东西 , 值得 您 这样 跟 我 大小声 !",个,个,"个, 些, 点"
", 你 在 晒 许愿瓶 的 100 <CL> <h>用法</h> , 赢 ThinkPad 笔记本 电脑 !",", 你 在 晒 许愿瓶 的 100 [MASK] 用法 , 赢 ThinkPad 笔记本 电脑 !",种,种,"种, 个, 条"
"红 派壹号 处 女座 的 人 超 讨厌 没有 信用 的 人 , 就算 是 鸡毛 蒜皮 的 事 , 别 看 平时 处 女座们 都 一 根筋 , 其实 细心 的 很 , 只要 在乎 的 事 , 就 连 <CL> 标点 <h>符号</h> 都 会 记住 。","红 派壹号 处 女座 的 人 超 讨厌 没有 信用 的 人 , 就算 是 鸡毛 蒜皮 的 事 , 别 看 平时 处 女座们 都 一 根筋 , 其实 细心 的 很 , 只要 在乎 的 事 , 就 连 [MASK] 标点 符号 都 会 记住 。",个,个,"个, 些, 点"
各 <CL> <h>绕</h> !,各 [MASK] 绕 !,种,种,"种, 位, 处"
捧 <CL> <h>场</h> 吧,捧 [MASK] 场 吧,个,个,"个, 场, 下"
林 夏 相亲 这 <CL> 太 <h>逗</h> 了,林 夏 相亲 这 [MASK] 太 逗 了,段,次,"次, 个, 样"
去 领取 就 <CL> <h>勋章</h> 就 可以 点亮 头像 下面 的 小 房子 。,去 领取 就 [MASK] 勋章 就 可以 点亮 头像 下面 的 小 房子 。,个,点,"点, 发, 员"
没有 了 一 <CL> <h>晚安</h> 是 谁 说 这个 习惯 一定 不 会 少,没有 了 一 [MASK] 晚安 是 谁 说 这个 习惯 一定 不 会 少,句,个,"个, 声, 句"
做 了 <CL> <h>噩梦</h> 吓 得 我 半死 上网 查 了解 梦 才 知道 是 好 事 万 岁 万 岁 啊,做 了 [MASK] 噩梦 吓 得 我 半死 上网 查 了解 梦 才 知道 是 好 事 万 岁 万 岁 啊,个,个,"个, 次, 场"
"我 参与 了 2012 年 首 <CL> CCTV 网络 <h>春晚</h> 最 想 看到 的 内地 明星 , 投给 了 唐嫣 这个 选项 。","我 参与 了 2012 年 首 [MASK] CCTV 网络 春晚 最 想 看到 的 内地 明星 , 投给 了 唐嫣 这个 选项 。",届,届,"届, 次, 个"
"人生 就 像 一 <CL> <h>火车</h> , 途径 许多 驿站 。","人生 就 像 一 [MASK] 火车 , 途径 许多 驿站 。",列,列,"列, 趟, 辆"
解放 了 下 <CL> <h>星期</h> 就 能 回 武汉 了,解放 了 下 [MASK] 星期 就 能 回 武汉 了,个,个,"个, 次, 班"
"昨晚 才 去 的 长安街 龙 凤 海鲜 酒楼 , 今天 B <CL> 就 <h>发来</h> 说 被 烧掉 了 ?","昨晚 才 去 的 长安街 龙 凤 海鲜 酒楼 , 今天 B [MASK] 就 发来 说 被 烧掉 了 ?",栋,楼,"楼, 发, 门"
"朝着 那 <CL> <h>目标</h> , 前进 !","朝着 那 [MASK] 目标 , 前进 !",个,个,"个, 些, 种"
起来 第一 <CL> <h>事情</h> 都 是 这样 的 嘛 !,起来 第一 [MASK] 事情 都 是 这样 的 嘛 !,件,件,"件, 次, 个"
疯狂 的 一 <CL> 半 <h>小时</h> 美图秀秀 Android 版,疯狂 的 一 [MASK] 半 小时 美图秀秀 Android 版,个,个,"个, 点, 张"
人肉 搜索 是 一 <CL> 很 深 的 <h>学问</h> 到 现在 我 也 不 能 说 我 掌握 得 有 多好 倒 是 希望 以后 我 都 不 会 再 用到 了 最 起码 不 要 再 为 自己 所 用 了,人肉 搜索 是 一 [MASK] 很 深 的 学问 到 现在 我 也 不 能 说 我 掌握 得 有 多好 倒 是 希望 以后 我 都 不 会 再 用到 了 最 起码 不 要 再 为 自己 所 用 了,门,门,"门, 个, 项"
"我 在 快乐 购 , 过年 各 <CL> 红 <h>灯笼</h> 挂起","我 在 快乐 购 , 过年 各 [MASK] 红 灯笼 挂起",种,种,"种, 家, 个"
也 是 最后 一 <CL> <h>歌</h> !,也 是 最后 一 [MASK] 歌 !,首,首,"首, 句, 支"
"这么 重要 的 时刻 , 发 <CL> <h>微博</h> 提醒 一下 各位 我 也 很 高调 !","这么 重要 的 时刻 , 发 [MASK] 微博 提醒 一下 各位 我 也 很 高调 !",个,个,"个, 条, 篇"
"弱智 <h>儿童</h> 欢乐 多 , 做 <CL> 快乐 的 弱智 儿童 吧 !","弱智 儿童 欢乐 多 , 做 [MASK] 快乐 的 弱智 儿童 吧 !",个,个,"个, 起, 家"
"做 一 <CL> 淡淡 的 <h>女子</h> , 不浮不躁 , 不争 不 抢 , 不 去 计较 浮华 之 事 , 不 是 不 追求 , 只是 不 去 强求 。","做 一 [MASK] 淡淡 的 女子 , 不浮不躁 , 不争 不 抢 , 不 去 计较 浮华 之 事 , 不 是 不 追求 , 只是 不 去 强求 。",个,个,"个, 位, 名"
"买 了 三 <CL> <h>杯子</h> , 花 了 50 !","买 了 三 [MASK] 杯子 , 花 了 50 !",个,个,"个, 只, 件"
后面 还 跟 着 <CL> <h>警车</h> 。,后面 还 跟 着 [MASK] 警车 。,辆,个,"个, 辆, 些"
从 多 <CL> <h>纬度</h> 对 新浪 微博 和 Twitter 进行 了 比较 。,从 多 [MASK] 纬度 对 新浪 微博 和 Twitter 进行 了 比较 。,个,个,"个, 种, 条"
"第一 <CL> 看 了 爱 的 <h>现场</h> , 完全 被 KAME 征服 了 。","第一 [MASK] 看 了 爱 的 现场 , 完全 被 KAME 征服 了 。",次,次,"次, 眼, 个"
"一 <CL> <h>人</h> 孤苦 伶仃 的 , 被 抛弃 的 感觉 很 不 爽啊 !","一 [MASK] 人 孤苦 伶仃 的 , 被 抛弃 的 感觉 很 不 爽啊 !",个,个,"个, 些, 家"
第一 <CL> <h>和谐号</h> 。,第一 [MASK] 和谐号 。,班,个,"个, 次, 节"
不 要 让 别人 影响 你 对 <CL> <h>画</h> 的 独特 看法 。,不 要 让 别人 影响 你 对 [MASK] 画 的 独特 看法 。,幅,名,"名, 版, 笔"
"今天 我 做 了 一 <CL> 艰难 的 <h>决定</h> , 决定 进入 故宫 做 导游 工作 。","今天 我 做 了 一 [MASK] 艰难 的 决定 , 决定 进入 故宫 做 导游 工作 。",个,个,"个, 项, 件"
"大家 新年 快乐 , 我 临 睡 前 抽 <CL> <h>风</h> !","大家 新年 快乐 , 我 临 睡 前 抽 [MASK] 风 !",个,口,"口, 台, 起"
今天 第一 <CL> <h>香薰</h> 可是 熏 死 我 了 薰衣草 的 威力 不 可 忽视 啊,今天 第一 [MASK] 香薰 可是 熏 死 我 了 薰衣草 的 威力 不 可 忽视 啊,次,次,"次, 个, 道"
"难得 的 一 <CL> 小 <h>聚会</h> , 还 搞 起来 腼腆","难得 的 一 [MASK] 小 聚会 , 还 搞 起来 腼腆",次,次,"次, 个, 场"
"所以 , 不 要 小看 任何 一 <CL> <h>人</h> , 哪怕 是 看上去 天真无邪 的 孩童 , 他们 也 有 自己 的 思想 。","所以 , 不 要 小看 任何 一 [MASK] 人 , 哪怕 是 看上去 天真无邪 的 孩童 , 他们 也 有 自己 的 思想 。",个,些,"些, 群, 个"
也 对 得 起 我 龙年 的 第一 天 就 熬 了 <CL> <h>通宵</h> 看 球 !,也 对 得 起 我 龙年 的 第一 天 就 熬 了 [MASK] 通宵 看 球 !,个,个,"个, 点, 些"
Lightroom 一 <CL> 比 photoshop 更 好用 的 图片 处理 软件 学院 频道 <h>蜂鸟网</h>,Lightroom 一 [MASK] 比 photoshop 更 好用 的 图片 处理 软件 学院 频道 蜂鸟网,款,款,"款, 个, 些"
"好像 那 <CL> <h>兄弟们</h> , 没有 牵挂 的 聚 在一起 , 挥霍 青春 。","好像 那 [MASK] 兄弟们 , 没有 牵挂 的 聚 在一起 , 挥霍 青春 。",班,些,"些, 个, 群"
15 <CL> 的 孩子 <h>聚会</h> 改期 了 聚会 是 有 的 也许 过 年 后,15 [MASK] 的 孩子 聚会 改期 了 聚会 是 有 的 也许 过 年 后,班,班,"班, 级, 号"
农行 陷入 拒付 门 储户 2 千 存款 20 年 变 9 万 <CL> 拒付 <h>分享自</h> ZAKER,农行 陷入 拒付 门 储户 2 千 存款 20 年 变 9 万 [MASK] 拒付 分享自 ZAKER,遭,次,"次, 遭, 起"
所以 像 不 需要 那 <CL> <h>钱</h> 一样 地 工作 吧 像 从 没 被 伤害 过 地 勇敢 去 爱 吧 像 旁若无人 般 地,所以 像 不 需要 那 [MASK] 钱 一样 地 工作 吧 像 从 没 被 伤害 过 地 勇敢 去 爱 吧 像 旁若无人 般 地,笔,些,"些, 个, 点"
"6 <CL> <h>生活</h> 当 乐趣 , 你 就 会 满怀信心 。","6 [MASK] 生活 当 乐趣 , 你 就 会 满怀信心 。",把,把,"把, 个, 种"
世 怎么 会 有 这样 不 要 脸 我 明明 做 的 是 长久 的 没到 一 <CL> <h>星期</h> 就 回复 了 原样 他们 还 说 你 自己 头发 不 好 真 不 要 脸,世 怎么 会 有 这样 不 要 脸 我 明明 做 的 是 长久 的 没到 一 [MASK] 星期 就 回复 了 原样 他们 还 说 你 自己 头发 不 好 真 不 要 脸,个,个,"个, 下, 颗"
有 时候 不 是 不 信任 只 是 因为 比 别人 更 在乎 更 怕 失去 我们 总 在 寻找 一 <CL> <h>感动</h> 的 瞬间 以及 那 瞬间 后面 的 人 再 累 再 苦 再 疼 也 只 是 为了 你 能 喜欢 我 而已 现在 我 不 再 爱 你 你 不 值得,有 时候 不 是 不 信任 只 是 因为 比 别人 更 在乎 更 怕 失去 我们 总 在 寻找 一 [MASK] 感动 的 瞬间 以及 那 瞬间 后面 的 人 再 累 再 苦 再 疼 也 只 是 为了 你 能 喜欢 我 而已 现在 我 不 再 爱 你 你 不 值得,个,个,"个, 些, 段"
微博 给 我 安全感 啦啦 啦啦 第一 <CL> <h>晒</h> 成绩单,微博 给 我 安全感 啦啦 啦啦 第一 [MASK] 晒 成绩单,次,次,"次, 张, 个"
雨势 今起 渐 掹申城 气温 周五 速 跌 年初一 将 达 0 <CL> 前 <h>申城</h> 出租车 一 车 难 求 叫 车难 可能 持续 至 小 年夜 上海普,雨势 今起 渐 掹申城 气温 周五 速 跌 年初一 将 达 0 [MASK] 前 申城 出租车 一 车 难 求 叫 车难 可能 持续 至 小 年夜 上海普,节,点,"点, 节, 号"
吸血鬼 第三 <CL> <h>结局</h> 好 恐怖 啊 呼呼,吸血鬼 第三 [MASK] 结局 好 恐怖 啊 呼呼,季,季,"季, 集, 部"
用 手机 看 了 一早 上 电影 才 用完 500 M 流量 还 有 1G 要 加油 于是 说 这 <CL> 在 月结 前 不 用完 流量 就 会 觉得 亏 了 的 <h>微妙感</h> 是 怎么回事,用 手机 看 了 一早 上 电影 才 用完 500 M 流量 还 有 1G 要 加油 于是 说 这 [MASK] 在 月结 前 不 用完 流量 就 会 觉得 亏 了 的 微妙感 是 怎么回事,种,种,"种, 个, 样"
", 我 把 最 好 的 一 <CL> <h>朋友</h> 惹 生气 了 我 错 了 我 真的 错 了 。",", 我 把 最 好 的 一 [MASK] 朋友 惹 生气 了 我 错 了 我 真的 错 了 。",个,个,"个, 位, 些"
最后 我 买 了 两 <CL> 丑 <h>粮液</h> !,最后 我 买 了 两 [MASK] 丑 粮液 !,瓶,瓶,"瓶, 罐, 支"
"你 知道 自己 从来 不 幼稚 , 只是 有 那么 点 不 理智 , 豁然 后 看到 原来 的 自己 , 还 是 比较 喜欢 那 <CL> <h>样子</h> 。","你 知道 自己 从来 不 幼稚 , 只是 有 那么 点 不 理智 , 豁然 后 看到 原来 的 自己 , 还 是 比较 喜欢 那 [MASK] 样子 。",个,个,"个, 种, 副"
"八点半 吃 的 早餐 , 现在 九点半 就 肚子 饿 了 , 还 有 两 <CL> <h>半钟</h> 怎么 过 ?","八点半 吃 的 早餐 , 现在 九点半 就 肚子 饿 了 , 还 有 两 [MASK] 半钟 怎么 过 ?",个,点,"点, 分, 个"
"人生 真 他妈 是 一 <CL> 华美 的 <h>袍</h> , 里面 爬满 了 虱子 。","人生 真 他妈 是 一 [MASK] 华美 的 袍 , 里面 爬满 了 虱子 。",袭,件,"件, 条, 个"
"泥马 啊 , 窝 一 <CL> <h>火</h> 睡觉 , 睡 死得 了 蛋疼 的 一 比 , 既然 都 说 老娘 是 废物 了 还 干 毛 絮絮叨叨 的 !","泥马 啊 , 窝 一 [MASK] 火 睡觉 , 睡 死得 了 蛋疼 的 一 比 , 既然 都 说 老娘 是 废物 了 还 干 毛 絮絮叨叨 的 !",肚子,个,"个, 股, 点"
我 在 這裡万 科 运河东 1 <CL> 一 期 <h>醒</h> 了 。,我 在 這裡万 科 运河东 1 [MASK] 一 期 醒 了 。,号,号,"号, 栋, 路"
照 <CL> 像 还 这么 小 <h>傲娇</h> !,照 [MASK] 像 还 这么 小 傲娇 !,个,头,"头, 片, 个"
你 是 第二 <CL> 在 我 面前 掉 眼泪 的 <h>男人</h>,你 是 第二 [MASK] 在 我 面前 掉 眼泪 的 男人,个,个,"个, 位, 次"
要 不 要 去 看 <CL> <h>电影</h> 呢 。,要 不 要 去 看 [MASK] 电影 呢 。,个,个,"个, 部, 场"
"一 大 <CL> 的 短信 <h>问候</h> , 电话 一大早 被 打爆 !","一 大 [MASK] 的 短信 问候 , 电话 一大早 被 打爆 !",堆,堆,"堆, 波, 班"
送给 一 <CL> <h>母女</h>,送给 一 [MASK] 母女,对,对,"对, 位, 个"
我 家 三 <CL> <h>花</h>,我 家 三 [MASK] 花,朵,朵,"朵, 枝, 号"
有 <CL> <h>寂寞</h> 空虚 的 美眉 介绍 给 你,有 [MASK] 寂寞 空虚 的 美眉 介绍 给 你,个,些,"些, 个, 位"
"一 <CL> <h>女孩</h> 和 男孩 相亲 , 女孩 见 男孩 高高大大 , 心 中 大喜 , 就 问 男孩 你 有 几 米 高 啊 ?","一 [MASK] 女孩 和 男孩 相亲 , 女孩 见 男孩 高高大大 , 心 中 大喜 , 就 问 男孩 你 有 几 米 高 啊 ?",个,个,"个, 次, 位"
下 <CL> 再 也 不 <h>来</h> 了 。,下 [MASK] 再 也 不 来 了 。,次,次,"次, 回, 面"
刚刚 所 发生 的 就 当是 生命 老人 给 我 开 的 一 <CL> 小小 的 <h>玩笑</h> 。,刚刚 所 发生 的 就 当是 生命 老人 给 我 开 的 一 [MASK] 小小 的 玩笑 。,个,个,"个, 场, 次"
想 找到 一 <CL> 愿意 陪 我 戴上 属于 我们 的 爱 的 <h>戒指</h> 。,想 找到 一 [MASK] 愿意 陪 我 戴上 属于 我们 的 爱 的 戒指 。,个,枚,"枚, 个, 只"
"58 <CL> <h>温馨久久</h> , 满意 久久 !","58 [MASK] 温馨久久 , 满意 久久 !",团,分,"分, 号, 家"
"铁甲 钢 拳 感觉 很 棒 啊 , 不过 让 我 最 在意 的 还 是 那 萌萌 的 小 男 猪脚 , 各 <CL> <h>激爆萌</h> 让 身为 正太控 的 我 彻底 喷鼻血","铁甲 钢 拳 感觉 很 棒 啊 , 不过 让 我 最 在意 的 还 是 那 萌萌 的 小 男 猪脚 , 各 [MASK] 激爆萌 让 身为 正太控 的 我 彻底 喷鼻血",种,种,"种, 个, 款"
嗯 找 <CL> 罗 <h>书</h> 全 这样 的 也 就 算是 天赐 良缘 啦 !,嗯 找 [MASK] 罗 书 全 这样 的 也 就 算是 天赐 良缘 啦 !,个,个,"个, 些, 点"
"杭州 试 推 <h>小学</h> 期末 免考制 , 游园会 代替 期末考 今年 , 杭州市 10 多 <CL> 小学 推出 期末 免考制 , 代之以 游园会 。","杭州 试 推 小学 期末 免考制 , 游园会 代替 期末考 今年 , 杭州市 10 多 [MASK] 小学 推出 期末 免考制 , 代之以 游园会 。",所,记,"记, 行, 团"
"老家 凌晨 5 点 起床 去 挨家挨户 给 长辈 拜年 的 习俗 真 受 不 了 , 我 2 点 多 才 睡 啊 , 才 睡 2 <CL> <h>小时</h> 啊 。","老家 凌晨 5 点 起床 去 挨家挨户 给 长辈 拜年 的 习俗 真 受 不 了 , 我 2 点 多 才 睡 啊 , 才 睡 2 [MASK] 小时 啊 。",个,个,"个, 点, 把"
"过年 了 , 领导 送一 <CL> <h>炮弹</h> , 说 放 在 办公室 里 避邪 的","过年 了 , 领导 送一 [MASK] 炮弹 , 说 放 在 办公室 里 避邪 的",颗,枚,"枚, 个, 颗"
谁 给 我 <CL> <h>网址</h>,谁 给 我 [MASK] 网址,个,个,"个, 发, 下"
"每 晚 你 会 通过 手机 给 几 <CL> <h>人</h> 说 晚安 , 清晨 醒来 你 希望 看到 谁 又 或者 说 希望 谁 正 温柔 地 充满 爱意 地 看 着 你","每 晚 你 会 通过 手机 给 几 [MASK] 人 说 晚安 , 清晨 醒来 你 希望 看到 谁 又 或者 说 希望 谁 正 温柔 地 充满 爱意 地 看 着 你",个,个,"个, 号, 家"
找到 了 可以 学 一 <CL> 的 新歌 <h>水手</h> 怕 水,找到 了 可以 学 一 [MASK] 的 新歌 水手 怕 水,下,下,"下, 点, 些"
收藏 了 读心 人 第 2 <CL> 视频 <h>快手</h> 分享,收藏 了 读心 人 第 2 [MASK] 视频 快手 分享,季,集,"集, 个, 季"
中午 和 同事 吃 饭时 照例 海阔天空 一 <CL> <h>海聊</h> 。,中午 和 同事 吃 饭时 照例 海阔天空 一 [MASK] 海聊 。,番,起,"起, 个, 块"
"我 的 朋友 通过 我 跟 我 的 朋友 认识 了 , 然后 现在 两 <CL> <h>人</h> 关系 比 跟 我 还 好 。","我 的 朋友 通过 我 跟 我 的 朋友 认识 了 , 然后 现在 两 [MASK] 人 关系 比 跟 我 还 好 。",个,个,"个, 家, 种"
"下午 跟 姐姐 视频 之后 姐姐们 就 禁 不 住 思乡 情切 马上 开车 回来 , 杭州 回来 1 <CL> <h>小时</h> 40 分钟 就 到 了 。","下午 跟 姐姐 视频 之后 姐姐们 就 禁 不 住 思乡 情切 马上 开车 回来 , 杭州 回来 1 [MASK] 小时 40 分钟 就 到 了 。",个,个,"个, 把, 号"
瞳孔 深红色 于是 世界 沉入 黄昏 头发 银白色 接着 天地 升起 黎明 无数 <CL> <h>飞鸟</h> 离开 无尽 的 大雪 回来 我 知道 你 站 在 我 背 后 安静 的 站 在 背后 点燃 了 一 整个 重 楼 。,瞳孔 深红色 于是 世界 沉入 黄昏 头发 银白色 接着 天地 升起 黎明 无数 [MASK] 飞鸟 离开 无尽 的 大雪 回来 我 知道 你 站 在 我 背 后 安静 的 站 在 背后 点燃 了 一 整个 重 楼 。,只,只,"只, 个, 次"
而且 一 <CL> 把 的 <h>掉</h> 。,而且 一 [MASK] 把 的 掉 。,把,把,"把, 个, 刀"
"Travel toolkit 里 的 耳塞 派上 用场 了 , 头一 <CL> <h>除夕夜</h> 睡 得 安稳 , 新年 新 气象 !","Travel toolkit 里 的 耳塞 派上 用场 了 , 头一 [MASK] 除夕夜 睡 得 安稳 , 新年 新 气象 !",遭,次,"次, 个, 眼"
苹果 书店 三 天 卖 了 35 万 <CL> 电子 <h>课本</h> 啦 !,苹果 书店 三 天 卖 了 35 万 [MASK] 电子 课本 啦 !,册,本,"本, 册, 份"
"有 人 说 有 话 直 说 , 不 要 憋着 , 才 是 兄弟 太 幼稚 了 无话不说 的 兄弟 是 小时候 所谓 兄弟 殊 不 知 一 <CL> 成熟 的 <h>男人</h> 对 朋友 该 拿捏 的 是 什么","有 人 说 有 话 直 说 , 不 要 憋着 , 才 是 兄弟 太 幼稚 了 无话不说 的 兄弟 是 小时候 所谓 兄弟 殊 不 知 一 [MASK] 成熟 的 男人 对 朋友 该 拿捏 的 是 什么",个,个,"个, 名, 位"
昨晚 睡觉 冷得 半死 某 人 11 点 多 下班 回来 往 被窝 里 伸进 一 <CL> <h>热水袋</h> 然后 我 就 暖乎乎 地 一 觉 睡 到 天亮 谢 啦 !,昨晚 睡觉 冷得 半死 某 人 11 点 多 下班 回来 往 被窝 里 伸进 一 [MASK] 热水袋 然后 我 就 暖乎乎 地 一 觉 睡 到 天亮 谢 啦 !,个,个,"个, 只, 把"
"要 找 一 <CL> 自己 喜欢 又 喜欢 自己 的 <h>人</h> 在一起 , 又 有 美好 结局 , 实在 太 难 , 叫人 不 敢 期待 。","要 找 一 [MASK] 自己 喜欢 又 喜欢 自己 的 人 在一起 , 又 有 美好 结局 , 实在 太 难 , 叫人 不 敢 期待 。",个,个,"个, 群, 些"
我 应该 感到 很 幸福 才 对 有 <CL> <h>人</h> 知道 我 没 车 回去 二话不说 就 来 接 我,我 应该 感到 很 幸福 才 对 有 [MASK] 人 知道 我 没 车 回去 二话不说 就 来 接 我,个,些,"些, 个, 路"
"大年初四 , 财神 兵 分 五 <CL> 正向 你 家 进发东路 <h>招财</h> , 西路 聚财 , 南路 敛财 , 西路 纳 财 , 中路 发财 。","大年初四 , 财神 兵 分 五 [MASK] 正向 你 家 进发东路 招财 , 西路 聚财 , 南路 敛财 , 西路 纳 财 , 中路 发财 。",路,路,"路, 道, 行"
"孤单 只 表示 身边 没有 别人 , 但 寂寞 是 一 <CL> 你 无法 将 感受 跟 别人 沟通 或 分享 的 心理 <h>状态</h> 。","孤单 只 表示 身边 没有 别人 , 但 寂寞 是 一 [MASK] 你 无法 将 感受 跟 别人 沟通 或 分享 的 心理 状态 。",种,种,"种, 个, 些"
"刚才 一 <CL> <h>qq</h> 停 在 拐角 角落 , 问题 是 它 对面 也 停 了 车 。","刚才 一 [MASK] qq 停 在 拐角 角落 , 问题 是 它 对面 也 停 了 车 。",辆,个,"个, 条, 张"
唉哟 的 那 <CL> <h>马</h> 呀 1327649022477,唉哟 的 那 [MASK] 马 呀 1327649022477,个,匹,"匹, 条, 只"
发 了 两 <CL> <h>菜</h> 居然 有 这个 介货 不 是 种 在 路边 美化 环境 的么 谁 能 告诉 我 这 到底 怎么 吃 啊,发 了 两 [MASK] 菜 居然 有 这个 介货 不 是 种 在 路边 美化 环境 的么 谁 能 告诉 我 这 到底 怎么 吃 啊,箱,个,"个, 次, 张"
你 看 你 那 <CL> <h>贱样</h>,你 看 你 那 [MASK] 贱样,个,个,"个, 点, 些"
"Hardpack 情 義兩 難全 之 玩爆 你 個腎 第 8 <CL> 台灣 <h>下篇</h> KB 東區 兜個圈 撻嘢 嚇親 范曉萱 萬眾 期待 台灣篇 , 爆 范曉萱 真 係堅 , KB 撻完嘢 走先 , 留 低 萱萱 一 頭煙 , 究竟 KB 去 咗邊 大家 一齊去 睇片 !","Hardpack 情 義兩 難全 之 玩爆 你 個腎 第 8 [MASK] 台灣 下篇 KB 東區 兜個圈 撻嘢 嚇親 范曉萱 萬眾 期待 台灣篇 , 爆 范曉萱 真 係堅 , KB 撻完嘢 走先 , 留 低 萱萱 一 頭煙 , 究竟 KB 去 咗邊 大家 一齊去 睇片 !",回,章,"章, 集, 回"
现在 都 不 演 这 <CL> <h>类型</h> 的 角色 了 !,现在 都 不 演 这 [MASK] 类型 的 角色 了 !,种,种,"种, 个, 些"
"亲爱 勒雪 , 虽然 你 清早 八 晨 一 <CL> <h>电话</h> 打扰 了 我 美 梦 , 但是 我 和婷 还是 最 爱 你勒 !","亲爱 勒雪 , 虽然 你 清早 八 晨 一 [MASK] 电话 打扰 了 我 美 梦 , 但是 我 和婷 还是 最 爱 你勒 !",通,个,"个, 通, 次"
"祝贺 祝贺 马大帅 同学 顺利 通过 第一 关 , 撒 花 撒 花 zeng <CL> <h>zeng</h> 棒 也 预祝 接 下来 得 两 关 顺利 通过 噢 。","祝贺 祝贺 马大帅 同学 顺利 通过 第一 关 , 撒 花 撒 花 zeng [MASK] zeng 棒 也 预祝 接 下来 得 两 关 顺利 通过 噢 。",棒,棒,"棒, 对, 手"
佩佩 就 是 TM <CL> <h>人渣</h> 。,佩佩 就 是 TM [MASK] 人渣 。,个,个,"个, 种, 族"
再 和 大家 分享 一 <CL> 外国 <h>给力</h> 的 cos 道具 服装 和 强大 的 后期 想 知道 更 多 外国 cos 推荐 关注 的 微博 喜欢 的 就 转 走 吧 原文 地址,再 和 大家 分享 一 [MASK] 外国 给力 的 cos 道具 服装 和 强大 的 后期 想 知道 更 多 外国 cos 推荐 关注 的 微博 喜欢 的 就 转 走 吧 原文 地址,组,下,"下, 些, 个"
每 <CL> <h>深夜</h> 都 不 忘 让 噩梦 吓醒 记 我 记得 那么 清,每 [MASK] 深夜 都 不 忘 让 噩梦 吓醒 记 我 记得 那么 清,个,个,"个, 次, 回"
"初三 今天 出发 顺德 早起 , 泡 <CL> <h>热水澡</h> 再 更 衣 !","初三 今天 出发 顺德 早起 , 泡 [MASK] 热水澡 再 更 衣 !",个,个,"个, 点, 下"
"给 自己 <CL> <h>教训</h> , 明天 午饭 晚饭 不 准 吃 了 , 哪儿 也 不 去 了 , 回家 反省 去 大家 找找 我 在 哪 ?","给 自己 [MASK] 教训 , 明天 午饭 晚饭 不 准 吃 了 , 哪儿 也 不 去 了 , 回家 反省 去 大家 找找 我 在 哪 ?",个,点,"点, 个, 下"
"何必 呢 , 总 会 有 那么 一 <CL> <h>人</h> 出现 的 不 是 吗 ?","何必 呢 , 总 会 有 那么 一 [MASK] 人 出现 的 不 是 吗 ?",个,个,"个, 些, 群"
后来 才 知道 后者 是 前者 旗下 的 另 一 <CL> <h>牌子</h> 。,后来 才 知道 后者 是 前者 旗下 的 另 一 [MASK] 牌子 。,个,个,"个, 块, 种"
"在 桂平 西山 龙华寺 看到 的 <h>灵芝</h> , 师父 说 这 是 第四 <CL> 灵芝","在 桂平 西山 龙华寺 看到 的 灵芝 , 师父 说 这 是 第四 [MASK] 灵芝",株,次,"次, 个, 种"
"做 一 <CL> 坚强 的 <h>女子</h> , 坦然 面对 , 勇敢 体会 。","做 一 [MASK] 坚强 的 女子 , 坦然 面对 , 勇敢 体会 。",个,个,"个, 名, 位"
还是 那 <CL> <h>树</h> 雪后,还是 那 [MASK] 树 雪后,棵,棵,"棵, 片, 些"
"原来 感 叫 抓字虱 , 原来 感叫扮 可怜 , 原来 我 已经 学识 每 打 完 一 <CL> <h>电话</h> 都 爆 粗","原来 感 叫 抓字虱 , 原来 感叫扮 可怜 , 原来 我 已经 学识 每 打 完 一 [MASK] 电话 都 爆 粗",次,个,"个, 次, 通"
"等 遇上 盗猎者 的 时候 , 仅 有 队长 和 记者 , 面对 盗猎 者 数十 <CL> <h>枪</h> 盗猎者 利诱 的 , 日 泰 队长 依然 毫 不 畏惧 , 最终 命丧 枪口 。","等 遇上 盗猎者 的 时候 , 仅 有 队长 和 记者 , 面对 盗猎 者 数十 [MASK] 枪 盗猎者 利诱 的 , 日 泰 队长 依然 毫 不 畏惧 , 最终 命丧 枪口 。",杆,把,"把, 个, 只"
"在 游戏 大树 中 获得 了 成就 紫色 闪电 , 成为 微博 第 18 <CL> 获得 该 成就 的 <h>人</h> , 你 想 和 TA 比 试 一下 吗","在 游戏 大树 中 获得 了 成就 紫色 闪电 , 成为 微博 第 18 [MASK] 获得 该 成就 的 人 , 你 想 和 TA 比 试 一下 吗",位,位,"位, 个, 名"
"虽然 由于 种种 原因 不 能 回家 过年 , 但 大年 初一 在 和 最 好 的 朋友 一起 游 公园 中 度过 , 原有 的 郁卒 也 渐渐 淡化 , 感觉 也 别 有 一 <CL> <h>滋味</h> !","虽然 由于 种种 原因 不 能 回家 过年 , 但 大年 初一 在 和 最 好 的 朋友 一起 游 公园 中 度过 , 原有 的 郁卒 也 渐渐 淡化 , 感觉 也 别 有 一 [MASK] 滋味 !",番,番,"番, 种, 份"
"下午 , 年 前 的 最后 一 <CL> <h>上课</h> , 结束 以后 就 迎来 真正 的 假期 了 , 加油","下午 , 年 前 的 最后 一 [MASK] 上课 , 结束 以后 就 迎来 真正 的 假期 了 , 加油",次,次,"次, 节, 个"
皇 马 什么 时候 能 赢 一 <CL> <h>吖</h>,皇 马 什么 时候 能 赢 一 [MASK] 吖,次,场,"场, 点, 次"
看看 远处 不 一定 爱 你 的 那 <CL> <h>人</h> 早 就 等 在 那里 。,看看 远处 不 一定 爱 你 的 那 [MASK] 人 早 就 等 在 那里 。,个,个,"个, 些, 种"
最近 人 都 跑到 哪去 了 连 <CL> <h>鬼</h> 影都 看 不 到 今天 真 是 差到 了 极点 了,最近 人 都 跑到 哪去 了 连 [MASK] 鬼 影都 看 不 到 今天 真 是 差到 了 极点 了,个,个,"个, 点, 条"
"这 <CL> <h>宝贝</h> 这 两 天 问 的 人 满 多 好客 茶具 大号 孟宗竹 乌金 石 茶盘 茶 具 茶 海特价 67 x 345 x8 , 价格 29800 元 , 见","这 [MASK] 宝贝 这 两 天 问 的 人 满 多 好客 茶具 大号 孟宗竹 乌金 石 茶盘 茶 具 茶 海特价 67 x 345 x8 , 价格 29800 元 , 见",件,个,"个, 位, 些"
我 很 喜欢 这 <CL> <h>氛围</h> 。,我 很 喜欢 这 [MASK] 氛围 。,种,种,"种, 个, 些"
台上 的 十八 <CL> <h>武艺</h> 是 台下 挤出 空闲 时间 辛苦 排练 的 成果 呀 !,台上 的 十八 [MASK] 武艺 是 台下 挤出 空闲 时间 辛苦 排练 的 成果 呀 !,般,般,"般, 种, 套"
"下午 困死 了 , 于是 五点多 开始 睡 , 又 是 乱七八糟 一 <CL> <h>梦</h> 。","下午 困死 了 , 于是 五点多 开始 睡 , 又 是 乱七八糟 一 [MASK] 梦 。",队,个,"个, 场, 团"
上传 了 6 <CL> <h>照片</h> 到 相册 向日葵怂,上传 了 6 [MASK] 照片 到 相册 向日葵怂,张,张,"张, 个, 幅"
"推荐 给 大家 一 <CL> 不错 的 小 <h>工具</h> 红烧 肉 的 做法 , 实用 又 方便 , 真的 很 赞 哦 !","推荐 给 大家 一 [MASK] 不错 的 小 工具 红烧 肉 的 做法 , 实用 又 方便 , 真的 很 赞 哦 !",个,个,"个, 些, 款"
旁边 坐 着 一 <CL> 神神 叨叨 不 讲 卫生 的 极品 <h>恶男</h>,旁边 坐 着 一 [MASK] 神神 叨叨 不 讲 卫生 的 极品 恶男,个,个,"个, 位, 群"
"熬夜 , 各 种痘 , 各 <CL> <h>肿好累</h> , 我 真的 受 不 了 夜生活 了 青瓜 面膜 我 爱 你 , 快点 让 我 的 皮肤 恢复 水嫩 细 滑","熬夜 , 各 种痘 , 各 [MASK] 肿好累 , 我 真的 受 不 了 夜生活 了 青瓜 面膜 我 爱 你 , 快点 让 我 的 皮肤 恢复 水嫩 细 滑",种,种,"种, 个, 处"
"我 一直 非常 非常 非常 想要 说 一 <CL> 非常 帅气 的 <h>对白</h> , 那 就 是 , 这 辈子 我 买 过 房子 , 也 买 过 车子 , 但是 我 买 过 最 贵 的 , 是 梦想 !","我 一直 非常 非常 非常 想要 说 一 [MASK] 非常 帅气 的 对白 , 那 就 是 , 这 辈子 我 买 过 房子 , 也 买 过 车子 , 但是 我 买 过 最 贵 的 , 是 梦想 !",句,个,"个, 句, 段"
上传 了 1 <CL> <h>照片</h> 到 相册 迦南,上传 了 1 [MASK] 照片 到 相册 迦南,张,张,"张, 个, 幅"
一 <CL> <h>人</h> 开 在 空无一人 的 路 上 。,一 [MASK] 人 开 在 空无一人 的 路 上 。,个,个,"个, 行, 群"
原来 每 <CL> <h>情歌</h> 都 可以 对号 入座 。,原来 每 [MASK] 情歌 都 可以 对号 入座 。,首,首,"首, 句, 曲"
上传 了 8 <CL> <h>照片</h> 到 相册 最 臭美 的 人 !,上传 了 8 [MASK] 照片 到 相册 最 臭美 的 人 !,张,张,"张, 个, 幅"
既然 如此 那么 好 吧 让 我 好好 睡 一 觉 吧 睡 掉 心 中 的 疑惑 睡去 那 <CL> 力求 真相 的 <h>冲劲</h> 也 睡去 我 那 日渐 加深 的 黑眼圈 吧 。,既然 如此 那么 好 吧 让 我 好好 睡 一 觉 吧 睡 掉 心 中 的 疑惑 睡去 那 [MASK] 力求 真相 的 冲劲 也 睡去 我 那 日渐 加深 的 黑眼圈 吧 。,份,种,"种, 股, 些"
"做 了 梦 如下 带 着 我 去 完成 一 <CL> 艰巨 的 <h>使命</h> , 每 人 身 上 都 背 有 功率 强大 的 电源 。","做 了 梦 如下 带 着 我 去 完成 一 [MASK] 艰巨 的 使命 , 每 人 身 上 都 背 有 功率 强大 的 电源 。",项,个,"个, 项, 份"
一 <CL> <h>迎</h> 春花,一 [MASK] 迎 春花,组,朵,"朵, 枝, 等"
又 要 备战 新 一 <CL> <h>考试</h> 。,又 要 备战 新 一 [MASK] 考试 。,轮,轮,"轮, 次, 届"
"这 <CL> <h>尺子</h> 只要 你 走 过 就 会 自动 伸长 , 然后 到 直 到 承受 不 住 自身 重量 倒下 。","这 [MASK] 尺子 只要 你 走 过 就 会 自动 伸长 , 然后 到 直 到 承受 不 住 自身 重量 倒下 。",排,个,"个, 把, 根"
"一 <CL> <h>菜</h> 半 小时 杀光 , 闲 得 无聊 , 咱就 来 炫炫 富 吧 !","一 [MASK] 菜 半 小时 杀光 , 闲 得 无聊 , 咱就 来 炫炫 富 吧 !",桌,道,"道, 盘, 个"
"8 <CL> <h>钟</h> , 完成 !","8 [MASK] 钟 , 完成 !",个,分,"分, 点, 个"
调 三 <CL> <h>闹钟</h> 就 不 信 明天 起 不 来,调 三 [MASK] 闹钟 就 不 信 明天 起 不 来,个,个,"个, 次, 分"
"到 最后 就 我 一 <CL> <h>清醒</h> 的 , 搞 毛 啊","到 最后 就 我 一 [MASK] 清醒 的 , 搞 毛 啊",个,个,"个, 脸, 样"
"我 的 飞车 成就 完成 <h>剧情</h> 任务 飞跃 地平线 英雄 难度 第 8 关 , 又 要 等待 下 一 <CL> 剧情 了 。","我 的 飞车 成就 完成 剧情 任务 飞跃 地平线 英雄 难度 第 8 关 , 又 要 等待 下 一 [MASK] 剧情 了 。",个,点,"点, 个, 行"
一 <CL> 野 f 等 <h>住</h> 我 整 。,一 [MASK] 野 f 等 住 我 整 。,堆,个,"个, 群, 堆"
"发 一 <CL> 今天 败 得 水仙 的 <h>照</h> , 看看 明天 会 开 了 多少","发 一 [MASK] 今天 败 得 水仙 的 照 , 看看 明天 会 开 了 多少",张,张,"张, 下, 些"
"看见 陈大可 她 我 就 想起 了 我 前 <CL> 准 <h>老婆婆</h> , 我 还 不 能 像 李小璐 那么 面 , 打 起来 就 不 好 了 啦 , 我 这 也 是 为 和谐 社会 做 贡献 , 祝你 早日 找到 大面 瓜 媳妇儿 。","看见 陈大可 她 我 就 想起 了 我 前 [MASK] 准 老婆婆 , 我 还 不 能 像 李小璐 那么 面 , 打 起来 就 不 好 了 啦 , 我 这 也 是 为 和谐 社会 做 贡献 , 祝你 早日 找到 大面 瓜 媳妇儿 。",任,任,"任, 世, 辈"
"这 是 游人 曾 为 龙庆峡 拟 的 一 <CL> <h>对联</h> , 或许 , 它 道出 了 这 片奇山 丽水 的 底蕴 。","这 是 游人 曾 为 龙庆峡 拟 的 一 [MASK] 对联 , 或许 , 它 道出 了 这 片奇山 丽水 的 底蕴 。",副,副,"副, 幅, 对"
"扇面 墙 背面 塑 有 玲珑 别致 的 须弥山 , 山间 塑有 罗汉 狮象 等 , 中部 有 一 <CL> 明代 彩塑 观音 <h>坐像</h> , 头 戴 宝冠 , 肩 披 璎珞 飘带 , 胸 臂 裸露 圆润 , 一 足踏莲 , 一 足 踞起 , 双 手 抚膝 。","扇面 墙 背面 塑 有 玲珑 别致 的 须弥山 , 山间 塑有 罗汉 狮象 等 , 中部 有 一 [MASK] 明代 彩塑 观音 坐像 , 头 戴 宝冠 , 肩 披 璎珞 飘带 , 胸 臂 裸露 圆润 , 一 足踏莲 , 一 足 踞起 , 双 手 抚膝 。",尊,尊,"尊, 座, 个"
四 期 不 看 城画然 後 好像 不 認識 了 翻 兩三頁 就 是 篇 想 假裝 不 是 廣告 的 廣告 大膽 的 配圖 一 大 <CL> <h>密密麻麻</h> 的 文字 原來 的 小 清新 大 希望 去 哪 兒了,四 期 不 看 城画然 後 好像 不 認識 了 翻 兩三頁 就 是 篇 想 假裝 不 是 廣告 的 廣告 大膽 的 配圖 一 大 [MASK] 密密麻麻 的 文字 原來 的 小 清新 大 希望 去 哪 兒了,片,堆,"堆, 段, 篇"
很 久 没有 坐 过 家 里 的 公车 了 去 问 朋友 结果 朋友 一 <CL> 看 外星人 的 <h>样子</h> 说道 你 还是 不 是 梅州 人好 郁闷 啊,很 久 没有 坐 过 家 里 的 公车 了 去 问 朋友 结果 朋友 一 [MASK] 看 外星人 的 样子 说道 你 还是 不 是 梅州 人好 郁闷 啊,副,脸,"脸, 副, 个"
"刚刚 在 德克萨斯 扑克 游戏 中 与 同桌 PK , 以 一 <CL> 葫芦 <h>牌型</h> 赢取 了 198 筹码 !","刚刚 在 德克萨斯 扑克 游戏 中 与 同桌 PK , 以 一 [MASK] 葫芦 牌型 赢取 了 198 筹码 !",手,个,"个, 张, 种"
到头来 我 两 <CL> <h>妹妹</h> 才 是 最 懂 我 的,到头来 我 两 [MASK] 妹妹 才 是 最 懂 我 的,个,个,"个, 位, 家"
珊记 话 俄 发 左 呢 <CL> <h>微博</h> 就 有 好 多 好多 人 关注 俄 噶啦 大家 多 D 支持 啊啊 啊啊 啊啊 。,珊记 话 俄 发 左 呢 [MASK] 微博 就 有 好 多 好多 人 关注 俄 噶啦 大家 多 D 支持 啊啊 啊啊 啊啊 。,条,个,"个, 条, 张"
这 是 一 <CL> 大大 的 <h>赌注</h> 我 想 知道 答案,这 是 一 [MASK] 大大 的 赌注 我 想 知道 答案,个,场,"场, 个, 次"
"六点 准时 <h>走</h> , 很 亢奋 , 沿海 南 下 , 第一 <CL> 走 。","六点 准时 走 , 很 亢奋 , 沿海 南 下 , 第一 [MASK] 走 。",次,路,"路, 下, 行"
鹏哥 畅姐 喜乐 会 男生 女生 冬季 巨制 鹏哥 畅姐 喜乐 会 新 一 <CL> 活力 星 <h>主播</h> 今晚 继续 为 你 带来 我 是 K 歌王 !,鹏哥 畅姐 喜乐 会 男生 女生 冬季 巨制 鹏哥 畅姐 喜乐 会 新 一 [MASK] 活力 星 主播 今晚 继续 为 你 带来 我 是 K 歌王 !,波,代,"代, 届, 季"
"一 <CL> 面下 <h>肚</h> , 今天 消耗 比较 大 , 比较 饿 。","一 [MASK] 面下 肚 , 今天 消耗 比较 大 , 比较 饿 。",碗,碗,"碗, 个, 口"
灌水 表情 灌水 表情 看到 瘦 白鸽 的 博文 一 <CL> <h>创业者</h> 的 创业 半 年 总结 有感而发 的 评论 。,灌水 表情 灌水 表情 看到 瘦 白鸽 的 博文 一 [MASK] 创业者 的 创业 半 年 总结 有感而发 的 评论 。,位,个,"个, 位, 名"
"一 <CL> <h>撕心裂肺</h> 的 声音 在 屋内 回荡 , 走出 房门 依然 萦绕 耳边 。","一 [MASK] 撕心裂肺 的 声音 在 屋内 回荡 , 走出 房门 依然 萦绕 耳边 。",种,个,"个, 阵, 种"
"人生 第一 <CL> <h>手机</h> 是 长虹 A366 , 现在 用 索尼 爱立信 U100i 雅锐 Yari 。","人生 第一 [MASK] 手机 是 长虹 A366 , 现在 用 索尼 爱立信 U100i 雅锐 Yari 。",部,部,"部, 台, 支"
"如果 你 系 广州 甘 我 年三十 晚 都 唔使 一 <CL> 人 系 屋 <h>企</h> 过 , 特然 觉得 好 Lonely 今晚 好 想 同 你 去 party 啊 。","如果 你 系 广州 甘 我 年三十 晚 都 唔使 一 [MASK] 人 系 屋 企 过 , 特然 觉得 好 Lonely 今晚 好 想 同 你 去 party 啊 。",个,个,"个, 家, 班"
"一 睡 高 枕头 就 落枕 , 一 <CL> <h>痛</h> 啊 白痴妹","一 睡 高 枕头 就 落枕 , 一 [MASK] 痛 啊 白痴妹",个,个,"个, 声, 阵"
"过年 第一 <CL> <h>利是</h> , 期待 老豆 封","过年 第一 [MASK] 利是 , 期待 老豆 封",封,个,"个, 块, 份"
对说 四 <CL> 新年 快乐 新 的 一 年 <h>比赛</h> 继续 加油,对说 四 [MASK] 新年 快乐 新 的 一 年 比赛 继续 加油,锅,句,"句, 声, 个"
我 第一 <CL> 自己 挑 的 <h>nike</h> 曾 记得 在 王府井 买 的,我 第一 [MASK] 自己 挑 的 nike 曾 记得 在 王府井 买 的,双,次,"次, 件, 个"
"亲 , 很 棒 的 宝贝 噢 满 468 <CL> 邮丸 美 <h>化妆品</h> 专卖 正品 白金 至 10500","亲 , 很 棒 的 宝贝 噢 满 468 [MASK] 邮丸 美 化妆品 专卖 正品 白金 至 10500",包,包,"包, 双, 匹"
爱 欧迪 J3 比较 适合 哪 <CL> <h>类型</h> 的 音乐 呢 ?,爱 欧迪 J3 比较 适合 哪 [MASK] 类型 的 音乐 呢 ?,种,种,"种, 个, 些"
"还 记得 去年 也 是 下 着 小 <h>雪</h> , 地上 积 了 薄薄 的 一 <CL> 雪 。","还 记得 去年 也 是 下 着 小 雪 , 地上 积 了 薄薄 的 一 [MASK] 雪 。",层,滴,"滴, 层, 点"
不 要 等 十几 <CL> <h>人</h> 把 事情 闹 大 再 去 解决 。,不 要 等 十几 [MASK] 人 把 事情 闹 大 再 去 解决 。,家,个,"个, 代, 条"
"最 难 消化 的 4 <CL> <h>食物</h> 1 冰激凌 会 影响 肠胃 功能 的 正常 运转 , 造成 食物 很 难 消化 , 容易 损伤 脾胃 。","最 难 消化 的 4 [MASK] 食物 1 冰激凌 会 影响 肠胃 功能 的 正常 运转 , 造成 食物 很 难 消化 , 容易 损伤 脾胃 。",类,种,"种, 类, 个"
"100 多 <CL> 小 <h>短篇</h> , 文字 很 美 , 很 柔软 , 淡淡 的 疼惜 和 敏感 的 心 我 所 读到 的 最 温暖 最 孤独 最 伤感 的 书 。","100 多 [MASK] 小 短篇 , 文字 很 美 , 很 柔软 , 淡淡 的 疼惜 和 敏感 的 心 我 所 读到 的 最 温暖 最 孤独 最 伤感 的 书 。",个,个,"个, 篇, 页"
系 2 <CL> <h>主席</h> 。,系 2 [MASK] 主席 。,个,届,"届, 班, 副"
"你 设定 的 目标 越 是 高远 , 由于 <h>压力</h> 所 产生 的 动力 也 就 越 大 , 如果 你 能 承受 住 这 <CL> 压力 , 将 激发 出 你 体内 蕴藏 的 极 大 潜能 。","你 设定 的 目标 越 是 高远 , 由于 压力 所 产生 的 动力 也 就 越 大 , 如果 你 能 承受 住 这 [MASK] 压力 , 将 激发 出 你 体内 蕴藏 的 极 大 潜能 。",种,对,"对, 则, 所"
"总 有 一 <CL> 明天 就 休假 的 <h>感觉</h> , 呵呵","总 有 一 [MASK] 明天 就 休假 的 感觉 , 呵呵",种,种,"种, 个, 些"
"不管 哪 阵子 , 别 忘 了 , 总 会 有 一 <CL> 不 嫌弃 你 的 <h>人</h> , 陪 着 你 , 不 是 一 阵子 , 而 是 一 辈子 。","不管 哪 阵子 , 别 忘 了 , 总 会 有 一 [MASK] 不 嫌弃 你 的 人 , 陪 着 你 , 不 是 一 阵子 , 而 是 一 辈子 。",个,个,"个, 些, 群"
"什么 言语 都 没有 , 只有 晚安 两 <CL> <h>字</h> , 意味 深长 。","什么 言语 都 没有 , 只有 晚安 两 [MASK] 字 , 意味 深长 。",个,个,"个, 行, 句"
昨晚 居然 遇到 一 <CL> 这 <h>高傲</h> 的 乞丐 买 吃 的 给 他 居然 不 要 强滴,昨晚 居然 遇到 一 [MASK] 这 高傲 的 乞丐 买 吃 的 给 他 居然 不 要 强滴,个,个,"个, 位, 群"
一 农妇 初 <CL> <h>进城</h> !,一 农妇 初 [MASK] 进城 !,次,次,"次, 步, 点"
"经过 一 天 的 折腾 终于 回到 家 吃 了 两 大 <CL> <h>鸡汤</h> 外加 米饭 , 我 的 大肚腩 好像 又 略微 的 鼓 起来 了 哦 。","经过 一 天 的 折腾 终于 回到 家 吃 了 两 大 [MASK] 鸡汤 外加 米饭 , 我 的 大肚腩 好像 又 略微 的 鼓 起来 了 哦 。",碗,碗,"碗, 锅, 包"
上传 了 2 <CL> <h>照片</h> 到 相册 LOVE,上传 了 2 [MASK] 照片 到 相册 LOVE,张,张,"张, 组, 个"
居然 还 混 了 <CL> 座儿 <h>嘻嘻</h>,居然 还 混 了 [MASK] 座儿 嘻嘻,个,个,"个, 名, 把"
"每 <CL> <h>抬头</h> 看 夜空 , 终于 发现 , 最美 还是 从前 。","每 [MASK] 抬头 看 夜空 , 终于 发现 , 最美 还是 从前 。",次,次,"次, 个, 回"
"主持 一 <CL> <h>家</h> , 劳心 劳力 胼手胝足 , 讲 的 是 毅力 非 手腕 。","主持 一 [MASK] 家 , 劳心 劳力 胼手胝足 , 讲 的 是 毅力 非 手腕 。",个,个,"个, 家, 回"
山珍 海味 比 不 起 家裏 的 一 <CL> <h>簡餐</h> 啊 。,山珍 海味 比 不 起 家裏 的 一 [MASK] 簡餐 啊 。,席,般,"般, 份, 些"
"又 在 抽屉 里 发现 了 这个 , 还 有 一 <CL> 民国 时期 的 <h>铜币</h> 。","又 在 抽屉 里 发现 了 这个 , 还 有 一 [MASK] 民国 时期 的 铜币 。",枚,枚,"枚, 个, 些"
准备 年货 过 年 招待 亲友 四 <CL> <h>坚果</h> 千万 别 买 霉变 坚果 有 致癌 危险 炒焦 的 坚果 可 致癌 美容 的 坚果损 健康 口味 太重 的 坚果 易 变质 。,准备 年货 过 年 招待 亲友 四 [MASK] 坚果 千万 别 买 霉变 坚果 有 致癌 危险 炒焦 的 坚果 可 致癌 美容 的 坚果损 健康 口味 太重 的 坚果 易 变质 。,种,种,"种, 款, 类"
"不 是 我 心眼 小 , 只是 我 心 太 小 , 只 能 装下 一 <CL> <h>人</h> 。","不 是 我 心眼 小 , 只是 我 心 太 小 , 只 能 装下 一 [MASK] 人 。",个,个,"个, 群, 些"
能 置 办好 一 <CL> <h>酒菜</h> 是 种 本事 !,能 置 办好 一 [MASK] 酒菜 是 种 本事 !,桌,桌,"桌, 盘, 顿"
若曦 对 十 爷挺 残忍 <CL> <h>惊心</h> 还行 看 着 嘲笑偶 吧 。,若曦 对 十 爷挺 残忍 [MASK] 惊心 还行 看 着 嘲笑偶 吧 。,步,点,"点, 对, 个"
姓 胡 的 你 <CL> <h>混蛋</h> 你 他 妈 的 居然 有 外遇 !,姓 胡 的 你 [MASK] 混蛋 你 他 妈 的 居然 有 外遇 !,个,个,"个, 家, 群"
", 我 投给 了 佟丽娅 这 1 <CL> <h>选项</h> 。",", 我 投给 了 佟丽娅 这 1 [MASK] 选项 。",个,个,"个, 号, 项"
"国内 的 摇滚圈 , 画面 感 很 强 的 , 中国 <h>摇滚</h> 这么 多 年 , 需要 一 <CL> 本质 摇滚 的 人 来 关注 。","国内 的 摇滚圈 , 画面 感 很 强 的 , 中国 摇滚 这么 多 年 , 需要 一 [MASK] 本质 摇滚 的 人 来 关注 。",个,把,"把, 对, 点"
不 能 承受 生命 之 轻 我们 身边 有 三 <CL> <h>人</h> 朋友 敌人 非 敌 非 友 的 人 。,不 能 承受 生命 之 轻 我们 身边 有 三 [MASK] 人 朋友 敌人 非 敌 非 友 的 人 。,种,种,"种, 个, 类"
"现 已 有 5 <CL> <h>工人</h> , 连 我 才 凑 够 满额 。","现 已 有 5 [MASK] 工人 , 连 我 才 凑 够 满额 。",名,名,"名, 个, 位"
"我 在 龙年 送 大礼 , Ipad 送 你 大 转盘 活动 中 抽 中 二 <CL> <h>奖</h> 镭拓 腕托 鼠标垫 地址","我 在 龙年 送 大礼 , Ipad 送 你 大 转盘 活动 中 抽 中 二 [MASK] 奖 镭拓 腕托 鼠标垫 地址",等,等,"等, 次, 件"
嘿嘿 寒假 要 狂 体 电影 今 <CL> <h>稳人</h> 陪 我 挑战 恐怖片,嘿嘿 寒假 要 狂 体 电影 今 [MASK] 稳人 陪 我 挑战 恐怖片,次,个,"个, 世, 只"
"一 <CL> <h>同学</h> 非要 给 我 介绍 男朋友 , 我 说 必须 符合 我 的 要求 才 能 去 见面 , 不 能 随随便便 就 去 见 !","一 [MASK] 同学 非要 给 我 介绍 男朋友 , 我 说 必须 符合 我 的 要求 才 能 去 见面 , 不 能 随随便便 就 去 见 !",个,个,"个, 位, 名"
"现在 的 利物浦 一 <CL> 牛逼 <h>人物</h> , 神锋卡罗尔 大师 亨德森 飞翼 马克西 铁 卫 约翰逊","现在 的 利物浦 一 [MASK] 牛逼 人物 , 神锋卡罗尔 大师 亨德森 飞翼 马克西 铁 卫 约翰逊",堆,个,"个, 些, 代"
"我 参与 了 发起 的 投票 每 年 春节 前 你 都 会 做 什么 准备 , 我 投给 了 打扫 房间 , 清 杂物 这 5 <CL> <h>选项</h> 。","我 参与 了 发起 的 投票 每 年 春节 前 你 都 会 做 什么 准备 , 我 投给 了 打扫 房间 , 清 杂物 这 5 [MASK] 选项 。",个,个,"个, 种, 项"
第三 <CL> <h>越狱</h> 。,第三 [MASK] 越狱 。,次,次,"次, 步, 个"
"这 <CL> <h>冷冷</h> 的 天气 真 不 想 出去 啊 刚 考完 试 也 不 急着 看书 无聊 地 在 床 上 打滚 , 余光 刚好 扫 过 的 3 DS 不 不 行 不 行 不 行 !","这 [MASK] 冷冷 的 天气 真 不 想 出去 啊 刚 考完 试 也 不 急着 看书 无聊 地 在 床 上 打滚 , 余光 刚好 扫 过 的 3 DS 不 不 行 不 行 不 行 !",种,样,"样, 种, 个"
"脑子 真 疼 初 七 <CL> 小 <h>人</h> , 回家 歹饺子 哈哈","脑子 真 疼 初 七 [MASK] 小 人 , 回家 歹饺子 哈哈",管,发,"发, 个, 下"
"打扮 得 如此 粉嫩 斯文 , 却 在 如厕 后 展示 了 你 颠覆性 的 一 <CL> <h>临门一脚</h> 冲厕 所 !","打扮 得 如此 粉嫩 斯文 , 却 在 如厕 后 展示 了 你 颠覆性 的 一 [MASK] 临门一脚 冲厕 所 !",面,次,"次, 个, 种"
"工作 动态 在 新春 佳节 合家 团聚 之际 , 华山 东路 派出所 也 以 传统 方式 欢度 佳节 全 <CL> <h>民警</h> 自 除夕 至 年初一 , 全天候 坚守 在 辖区 圆通 寺 圆通山 , 为 群众 平安 进香 快乐 出游 排忧 解难 保驾 护航 。","工作 动态 在 新春 佳节 合家 团聚 之际 , 华山 东路 派出所 也 以 传统 方式 欢度 佳节 全 [MASK] 民警 自 除夕 至 年初一 , 全天候 坚守 在 辖区 圆通 寺 圆通山 , 为 群众 平安 进香 快乐 出游 排忧 解难 保驾 护航 。",所,局,"局, 队, 部"
"好不容易 睡 <CL> <h>懒觉</h> , 还是 自己 逼 自己 的 , 本来 六点半 就 醒了","好不容易 睡 [MASK] 懒觉 , 还是 自己 逼 自己 的 , 本来 六点半 就 醒了",个,个,"个, 回, 起"
"她 嫌 男友 当 着 朋友 没有 给 留 面子 , 便 拿起 一 <CL> <h>汽油</h> , 用 打火机 点燃 。","她 嫌 男友 当 着 朋友 没有 给 留 面子 , 便 拿起 一 [MASK] 汽油 , 用 打火机 点燃 。",瓶,瓶,"瓶, 桶, 罐"
那 一 <CL> 会 笑 的 <h>女孩</h> 她 是 不 是 死 了 。,那 一 [MASK] 会 笑 的 女孩 她 是 不 是 死 了 。,个,个,"个, 位, 只"
在 存完 压岁 钱 回家 之后 我 偷偷 的 喝 了 一 <CL> <h>红酒</h> 感觉 头 有 点晕 啊啊 啊 不 会 吧 我 不 会 这么 弱 吧,在 存完 压岁 钱 回家 之后 我 偷偷 的 喝 了 一 [MASK] 红酒 感觉 头 有 点晕 啊啊 啊 不 会 吧 我 不 会 这么 弱 吧,杯,杯,"杯, 瓶, 口"
发表 了 一 <CL> 转载 <h>博文</h> 转载 单车 万 里 藏 地 行摄 抵达 拉萨,发表 了 一 [MASK] 转载 博文 转载 单车 万 里 藏 地 行摄 抵达 拉萨,篇,篇,"篇, 些, 条"
"龙年 第一 <CL> <h>愿望</h> , 希望 今天 高速 堵车 !","龙年 第一 [MASK] 愿望 , 希望 今天 高速 堵车 !",个,个,"个, 件, 条"
"第一 站 是 <h>民族</h> 博物馆 , 广西 有 12 <CL> 少数 民族 , 这里 展出 了 各 少数 民族 的 衣 食 住行 文化 。","第一 站 是 民族 博物馆 , 广西 有 12 [MASK] 少数 民族 , 这里 展出 了 各 少数 民族 的 衣 食 住行 文化 。",个,个,"个, 名, 家"
我们 这 <CL> 玩 了 10 几 年 的 <h>老友</h> 都 渐渐 迈入 三十 的 队伍 了 。,我们 这 [MASK] 玩 了 10 几 年 的 老友 都 渐渐 迈入 三十 的 队伍 了 。,波,些,"些, 个, 位"
可以 睡 到 现在 真 是 一 <CL> <h>享受</h>,可以 睡 到 现在 真 是 一 [MASK] 享受,种,种,"种, 个, 件"
但 几十 <CL> <h>电杆</h> 经过 努力 还是 全部 运 到位 。,但 几十 [MASK] 电杆 经过 努力 还是 全部 运 到位 。,根,根,"根, 个, 支"
"有些 事 只 能 自己 去 度过 , 这 世界 上 根本 没有 一 <CL> <h>东西</h> 叫 感同身受 。","有些 事 只 能 自己 去 度过 , 这 世界 上 根本 没有 一 [MASK] 东西 叫 感同身受 。",种,种,"种, 样, 个"
"都 他丫 的 这个 时间 段 了 , 还 TMD 的 放 十万 响 的 那 <CL> <h>挂鞭</h> 。","都 他丫 的 这个 时间 段 了 , 还 TMD 的 放 十万 响 的 那 [MASK] 挂鞭 。",种,个,"个, 种, 些"
无奈 被 <CL> 小 <h>女孩</h> 给 喝 倒 了,无奈 被 [MASK] 小 女孩 给 喝 倒 了,个,个,"个, 位, 家"
只 想 问 一 <CL> <h>故人</h> 可 安好 ?,只 想 问 一 [MASK] 故人 可 安好 ?,句,句,"句, 声, 下"
"年终 奖 什么 时候 才 能 到手 啊 , 缺 钱 , 缺 钱 , 银行 里 还 有 一 大 <CL> <h>债</h> 等 着 还 那","年终 奖 什么 时候 才 能 到手 啊 , 缺 钱 , 缺 钱 , 银行 里 还 有 一 大 [MASK] 债 等 着 还 那",堆,堆,"堆, 笔, 把"
"于是 我 接着 说 : “ 我们 本来 的 地球 是 在 一个 宇宙 里 , ‘ 克丽丝汀 号 ’ 到 达 了 那个 宇宙 的 边缘 , 也 就 是 那 <CL> 黑色 的 带状 <h>物</h> 。","于是 我 接着 说 : “ 我们 本来 的 地球 是 在 一个 宇宙 里 , ‘ 克丽丝汀 号 ’ 到 达 了 那个 宇宙 的 边缘 , 也 就 是 那 [MASK] 黑色 的 带状 物 。",条,个,"个, 些, 种"
印度 要求 5 <CL> 外国 <h>记者</h> 离开 克什米尔,印度 要求 5 [MASK] 外国 记者 离开 克什米尔,名,名,"名, 位, 个"
"上 周 925 播放 了 品冠 的 后来 的 我们 , 今天 是 起床 , 这 <CL> <h>概率</h> 很 小 , 而 对 我 有 特殊 意义 的 起床 很少 有 人 知道 。","上 周 925 播放 了 品冠 的 后来 的 我们 , 今天 是 起床 , 这 [MASK] 概率 很 小 , 而 对 我 有 特殊 意义 的 起床 很少 有 人 知道 。",种,个,"个, 种, 次"
"记录 一下 , 第一 <CL> 工作 <h>电话</h> , 颜 。","记录 一下 , 第一 [MASK] 工作 电话 , 颜 。",个,个,"个, 次, 条"
斗 <CL> <h>地主</h> 我 容易 吗 ?,斗 [MASK] 地主 我 容易 吗 ?,个,级,"级, 个, 名"
"看到 董卿 报幕 说 , 接下来 为 大家 带来 一 <CL> 充满 激情 的 <h>表演</h> 。","看到 董卿 报幕 说 , 接下来 为 大家 带来 一 [MASK] 充满 激情 的 表演 。",段,场,"场, 个, 次"
"失眠 了 , 昨天 的 一 <CL> <h>谈话</h> , 让 我 倍感 压力 之 大 。","失眠 了 , 昨天 的 一 [MASK] 谈话 , 让 我 倍感 压力 之 大 。",席,次,"次, 个, 段"
"新 中国 成立 , 1949 年 9 月 27 日 , 在 中国 人民 政治 协商 <h>会议</h> 第一 <CL> 全体 会议 上 , 通过 使用 世界 上 通用 的 公历 纪元 , 把 公历 的 元月 一日 定为 元旦 , 俗称 阳历年 。","新 中国 成立 , 1949 年 9 月 27 日 , 在 中国 人民 政治 协商 会议 第一 [MASK] 全体 会议 上 , 通过 使用 世界 上 通用 的 公历 纪元 , 把 公历 的 元月 一日 定为 元旦 , 俗称 阳历年 。",届,届,"届, 次, 回"
董卿 第三 <CL> <h>衣服</h> 了,董卿 第三 [MASK] 衣服 了,套,件,"件, 套, 身"
再 推荐 一 <CL> 独立 乐队 <h>Cults</h> 。,再 推荐 一 [MASK] 独立 乐队 Cults 。,个,个,"个, 些, 下"
皇冠 信誉 健维士 水 夫人 润年 大豆 异 黄酮 同时 补钙 送 30 <CL> <h>羊</h> 胎素 6000,皇冠 信誉 健维士 水 夫人 润年 大豆 异 黄酮 同时 补钙 送 30 [MASK] 羊 胎素 6000,粒,粒,"粒, 颗, 片"
"有 好些 同学 , 真的 要 想 一 <CL> 才 <h>能</h> 对 上号 , 惭愧 啊 。","有 好些 同学 , 真的 要 想 一 [MASK] 才 能 对 上号 , 惭愧 啊 。",阵,下,"下, 点, 些"
"跟 我 说 这 <CL> <h>话</h> 的 人 , 你 还 记得 吗 ?","跟 我 说 这 [MASK] 话 的 人 , 你 还 记得 吗 ?",句,些,"些, 句, 种"
"坐 班车 时 碰见 一 <CL> <h>学生</h> , 结果 更 一 衣 时 边上 一 人 问 我 你 是 倪老师 吗 我 是 向东 的 学生 。","坐 班车 时 碰见 一 [MASK] 学生 , 结果 更 一 衣 时 边上 一 人 问 我 你 是 倪老师 吗 我 是 向东 的 学生 。",批,个,"个, 位, 群"
"下午 加 了 点 奶粉 , 夜 里 睡 半 小时 就 醒 , 还 常 放屁 , 哭闹 要 竖 抱 , 应该 是 消化不良 , 刚 喂 了 半 <CL> 妈咪 <h>爱</h> 。","下午 加 了 点 奶粉 , 夜 里 睡 半 小时 就 醒 , 还 常 放屁 , 哭闹 要 竖 抱 , 应该 是 消化不良 , 刚 喂 了 半 [MASK] 妈咪 爱 。",包,瓶,"瓶, 个, 杯"
"传闻 梁洛施 对 李泽楷 下降 头 , 两 <CL> <h>尸油</h> 分别 擦在 嘴唇 和 舌头 上 。","传闻 梁洛施 对 李泽楷 下降 头 , 两 [MASK] 尸油 分别 擦在 嘴唇 和 舌头 上 。",瓶,瓶,"瓶, 滴, 种"
粉藍色 Powder blue Vaaleansinisi auml Ljusbl aring 粉藍色 是 一 種淡淡 的 素淨 的 顔色給人 一 種憂郁 的 清新 的 感覺 粉藍讓人 感到 心平氣 和 粉藍讓 人 想到 幾近 透明 的 天空 有 一 <CL> <h>純潔</h> 的 雲遮擋,粉藍色 Powder blue Vaaleansinisi auml Ljusbl aring 粉藍色 是 一 種淡淡 的 素淨 的 顔色給人 一 種憂郁 的 清新 的 感覺 粉藍讓人 感到 心平氣 和 粉藍讓 人 想到 幾近 透明 的 天空 有 一 [MASK] 純潔 的 雲遮擋,片,朵,"朵, 片, 些"
"今日 虽然 被 M P 喷 了 一 <CL> <h>口水</h> , 但 也 算是 有所 突破 了 , 虽然 只 是 一 小 步 。","今日 虽然 被 M P 喷 了 一 [MASK] 口水 , 但 也 算是 有所 突破 了 , 虽然 只 是 一 小 步 。",脸,些,"些, 口, 点"
"没有 吃 晚饭 , 喝 了 两 <CL> <h>奶</h> 。","没有 吃 晚饭 , 喝 了 两 [MASK] 奶 。",次,杯,"杯, 瓶, 口"
一 <CL> <h>人</h> 放 在 心 里 琢磨 。,一 [MASK] 人 放 在 心 里 琢磨 。,个,个,"个, 般, 些"
"我删 了 那 <CL> <h>微薄</h> , 不 代表 事情 不 存在 了 !","我删 了 那 [MASK] 微薄 , 不 代表 事情 不 存在 了 !",条,些,"些, 个, 篇"
"看 两 <CL> <h>GA</h> , 我 立刻 觉得 我 又 活 过来 了 。","看 两 [MASK] GA , 我 立刻 觉得 我 又 活 过来 了 。",集,眼,"眼, 张, 次"
姨妈 家 里 的 几 <CL> 呆 <h>鱼</h> 。,姨妈 家 里 的 几 [MASK] 呆 鱼 。,条,条,"条, 只, 个"
你 我 只有 一 <CL> 联络 的 <h>方式</h> !,你 我 只有 一 [MASK] 联络 的 方式 !,种,个,"个, 种, 次"
"早安 面对 阳光 , 忽 的 一 <CL> , <h>飞奔</h> 公司 , 想 着 不 要 迟到 啊 结果 真 没 迟到 !","早安 面对 阳光 , 忽 的 一 [MASK] , 飞奔 公司 , 想 着 不 要 迟到 啊 结果 真 没 迟到 !",声,声,"声, 个, 下"
"当 你 想起 这 <CL> <h>事</h> 不 再 烦恼 或 有 太 多 想法 时 你 就 真的 放下 了 , 开心 开心","当 你 想起 这 [MASK] 事 不 再 烦恼 或 有 太 多 想法 时 你 就 真的 放下 了 , 开心 开心",件,件,"件, 些, 个"
回来 记得 来 <CL> 信息 电话 <h>微博</h> !,回来 记得 来 [MASK] 信息 电话 微博 !,个,个,"个, 发, 回"
"好听 又 好看 的 曲儿 清早 一 听 , 嗨 皮 一 天 自然 卷 坐 在 巷口 的 那 <CL> <h>男女</h>","好听 又 好看 的 曲儿 清早 一 听 , 嗨 皮 一 天 自然 卷 坐 在 巷口 的 那 [MASK] 男女",对,对,"对, 些, 个"
"要 回家 了 , 静静 说 一起 吃 <CL> <h>饭</h> , 是 不 是 要 给 她 说 彭 和 露露 的 事情 , 我 在 纠结 , 是 不 是 该 有 自己 的 小 秘密 ?","要 回家 了 , 静静 说 一起 吃 [MASK] 饭 , 是 不 是 要 给 她 说 彭 和 露露 的 事情 , 我 在 纠结 , 是 不 是 该 有 自己 的 小 秘密 ?",个,个,"个, 顿, 盒"
曩谟 三 满 哆母驮喃阿钵啰 底贺 多 舍娑 曩喃怛侄 他 唵佉佉佉呬 佉呬吽吽 入 嚩啰 入 嚩啰钵 啰入 嚩啰钵 啰入 嚩啰 底瑟姹底瑟姹瑟 致哩 瑟致哩 娑癹吒 娑癹吒 <CL> <h>底迦室</h> 哩曳娑 嚩诃,曩谟 三 满 哆母驮喃阿钵啰 底贺 多 舍娑 曩喃怛侄 他 唵佉佉佉呬 佉呬吽吽 入 嚩啰 入 嚩啰钵 啰入 嚩啰钵 啰入 嚩啰 底瑟姹底瑟姹瑟 致哩 瑟致哩 娑癹吒 娑癹吒 [MASK] 底迦室 哩曳娑 嚩诃,扇,波,"波, 顶, 首"
给 大家 介绍 <CL> 新 <h>护肤品</h> LA MER 海蓝 之 谜,给 大家 介绍 [MASK] 新 护肤品 LA MER 海蓝 之 谜,个,些,"些, 个, 下"
饭店 门囗 发现 一 <CL> <h>鸡</h>,饭店 门囗 发现 一 [MASK] 鸡,只,只,"只, 条, 群"
"看 <CL> <h>视频</h> 都 要 复制 , 搜索 , 找 youku 的 链接 , 打开 。","看 [MASK] 视频 都 要 复制 , 搜索 , 找 youku 的 链接 , 打开 。",个,个,"个, 片, 点"
这么 大 <CL> <h>骨头</h> !,这么 大 [MASK] 骨头 !,个,块,"块, 个, 条"
岁末 了 还 窝 了 一 <CL> <h>火</h>,岁末 了 还 窝 了 一 [MASK] 火,肚子,把,"把, 个, 锅"
"新 一 年 开始 啦 , 我 不 希望 自己 明年 还 是 这个 样子 , 我 会 努力 抓住 每 <CL> <h>机会</h> , 争取 早日 实现 自己 的 短期 目标 !","新 一 年 开始 啦 , 我 不 希望 自己 明年 还 是 这个 样子 , 我 会 努力 抓住 每 [MASK] 机会 , 争取 早日 实现 自己 的 短期 目标 !",次,个,"个, 次, 种"
"在 花园 发现 到 一 <CL> 走动 的 <h>物体</h> 在 草地 上 兜圈圈 , 传说 中 的 晨 运","在 花园 发现 到 一 [MASK] 走动 的 物体 在 草地 上 兜圈圈 , 传说 中 的 晨 运",个,个,"个, 只, 些"
仲要 一 <CL> 假 <h>话话</h> 为 你 好 !,仲要 一 [MASK] 假 话话 为 你 好 !,口,句,"句, 个, 点"
再 丑 也 是 一 <CL> 青春 无敌 的 <h>样子</h> !,再 丑 也 是 一 [MASK] 青春 无敌 的 样子 !,副,副,"副, 个, 种"
"我 竟然 做 了 生命套 , 而且 还 弄 了 <CL> 骑士 <h>护手</h> 。","我 竟然 做 了 生命套 , 而且 还 弄 了 [MASK] 骑士 护手 。",个,个,"个, 只, 条"
真 系 太 多 謝超哥 送 我 噶 12 <CL> <h>粟</h> 一 燒宜家 食剩 4 包咯 哈哈 !,真 系 太 多 謝超哥 送 我 噶 12 [MASK] 粟 一 燒宜家 食剩 4 包咯 哈哈 !,包,包,"包, 味, 粒"
"初一 凌晨 一 <CL> <h>人</h> 不 回家 , 聚众 打麻 将 要 通宵 啊 , 好 尴尬","初一 凌晨 一 [MASK] 人 不 回家 , 聚众 打麻 将 要 通宵 啊 , 好 尴尬",伙,个,"个, 家, 些"
大 清早 的 一 出 小 区 门口 就 看到 一 <CL> <h>尸体</h> 这 算 RP 嘛,大 清早 的 一 出 小 区 门口 就 看到 一 [MASK] 尸体 这 算 RP 嘛,具,具,"具, 堆, 个"
"我 只 能 像 <CL> <h>老人家</h> 一样 瑟瑟 度过 冬天 , 盼望 春天 的 到来 , 春天 来 不 了 , 就 只 能 盼望 尽早 回 广州 了 。","我 只 能 像 [MASK] 老人家 一样 瑟瑟 度过 冬天 , 盼望 春天 的 到来 , 春天 来 不 了 , 就 只 能 盼望 尽早 回 广州 了 。",个,个,"个, 位, 对"
boss 30 哪 <CL> <h>国家</h> 脱口而出 百度 一下 。,boss 30 哪 [MASK] 国家 脱口而出 百度 一下 。,个,个,"个, 些, 种"
"今天 老公 陪我 逛 了 整天 , 结果 买 的 都 是 他 的 东西 我 只 收获 了 一 <CL> <h>美食</h> , 大过 年 的 , 减肥 的 事 回 苏州 再 说 吧","今天 老公 陪我 逛 了 整天 , 结果 买 的 都 是 他 的 东西 我 只 收获 了 一 [MASK] 美食 , 大过 年 的 , 减肥 的 事 回 苏州 再 说 吧",餐,些,"些, 堆, 个"
春卷 吃 <CL> <h>睡觉觉</h>,春卷 吃 [MASK] 睡觉觉,点,餐,"餐, 包, 面"
"距 食 <CL> <h>软糖</h> 食 得 好 狰狞 , 其实 系 米 距 食 太 多 零食 搞 到 无 胃口 食饭 , 但 家姐话 应该 五 关 事 , 系 距 失恋 , 无 胃口 了 。","距 食 [MASK] 软糖 食 得 好 狰狞 , 其实 系 米 距 食 太 多 零食 搞 到 无 胃口 食饭 , 但 家姐话 应该 五 关 事 , 系 距 失恋 , 无 胃口 了 。",粒,粒,"粒, 双, 个"
"好 喜欢 这 <CL> <h>皮肤</h> , 都 来 下载 吧 我 刚 通过 分享 了 搜狗 皮肤 Light year 维尼 夫妇 巧克力 爱 下载 地址","好 喜欢 这 [MASK] 皮肤 , 都 来 下载 吧 我 刚 通过 分享 了 搜狗 皮肤 Light year 维尼 夫妇 巧克力 爱 下载 地址",款,个,"个, 款, 种"
"听 妈妈 电话 听 的 我 真 要 崩溃 了 , 我 心 里 真 快 承受 不 了 了 , 这 <CL> <h>关爱</h> , 我 快 窒息 了","听 妈妈 电话 听 的 我 真 要 崩溃 了 , 我 心 里 真 快 承受 不 了 了 , 这 [MASK] 关爱 , 我 快 窒息 了",种,种,"种, 份, 个"
"面對 強國 的 大 <CL> <h>大款</h> , 狗 與豬 終於 認衰 !","面對 強國 的 大 [MASK] 大款 , 狗 與豬 終於 認衰 !",批,款,"款, 批, 名"
"亲们 , 我 家 最近 人气 关注 度 最高 宝贝 新西兰 品牌 原装 进口 Heitiki 婴幼儿 宝宝 奶粉 二 <CL> 金装包邮 <h>分亨</h> 给 大家 , 有 图 有 真相","亲们 , 我 家 最近 人气 关注 度 最高 宝贝 新西兰 品牌 原装 进口 Heitiki 婴幼儿 宝宝 奶粉 二 [MASK] 金装包邮 分亨 给 大家 , 有 图 有 真相",段,个,"个, 只, 代"
"早上 的 的士 摸样 了 , 拦 了 半 <CL> <h>小时</h> 拦 不 到 , 好不容易 拦 到 , 快要 上 三环 , 手机 又 忘 拿 了 , 又 回去 拿 !","早上 的 的士 摸样 了 , 拦 了 半 [MASK] 小时 拦 不 到 , 好不容易 拦 到 , 快要 上 三环 , 手机 又 忘 拿 了 , 又 回去 拿 !",个,个,"个, 把, 点"
我 爱 丁 先生 156 想 你 的 第三 天 那 <CL> <h>年</h>,我 爱 丁 先生 156 想 你 的 第三 天 那 [MASK] 年,些,个,"个, 些, 样"
"范冰冰 这 <CL> 经典 黑色 <h>组合</h> 凸显 腰身 , 强调 了 S 形 曲线 , 值得 向 大家 推荐 。","范冰冰 这 [MASK] 经典 黑色 组合 凸显 腰身 , 强调 了 S 形 曲线 , 值得 向 大家 推荐 。",身,个,"个, 款, 套"
"剑侠 世界 我 在 电信 吉祥区 葬花吟 武夷山 , 这里 是 五千万 人 的 江湖 , 萝莉御姐 任 你 挑选 , 抱 <CL> <h>妞儿</h> 回家 过冬咯 !","剑侠 世界 我 在 电信 吉祥区 葬花吟 武夷山 , 这里 是 五千万 人 的 江湖 , 萝莉御姐 任 你 挑选 , 抱 [MASK] 妞儿 回家 过冬咯 !",个,个,"个, 起, 点"
这 两 天 粉丝 每 天 一 <CL> <h>人</h>,这 两 天 粉丝 每 天 一 [MASK] 人,个,个,"个, 堆, 班"
"每 <CL> <h>人</h> 身体 棒棒 , 感情 也 顺风 顺水 !","每 [MASK] 人 身体 棒棒 , 感情 也 顺风 顺水 !",个,个,"个, 家, 位"
"可以 说 : 现在 农村 市场 的 现状 一方面 是 疲软 , 另一方面 是 有效 供给 不足 , 形成 这样 一 <CL> <h>局面</h> 的 原因 何在 ?","可以 说 : 现在 农村 市场 的 现状 一方面 是 疲软 , 另一方面 是 有效 供给 不足 , 形成 这样 一 [MASK] 局面 的 原因 何在 ?",种,个,"个, 种, 些"
签阿签阿签阿 可以 噶话 果断 签阿之前 阿里纳斯 就 话 区 想来 LA 啦 老 将 底薪区 都 话 受 如果 真 系 签佐班尼斯 慈世平 阿里纳斯 想象 下 尼 三 <CL> <h>搞</h> 屎棍 系 埋 一齐 会 发生 咩事 分享 图片,签阿签阿签阿 可以 噶话 果断 签阿之前 阿里纳斯 就 话 区 想来 LA 啦 老 将 底薪区 都 话 受 如果 真 系 签佐班尼斯 慈世平 阿里纳斯 想象 下 尼 三 [MASK] 搞 屎棍 系 埋 一齐 会 发生 咩事 分享 图片,件,个,"个, 位, 名"
"咿咿 是 最 下面 的 那 <CL> 大 <h>鸭子</h> , 呀呀 是 上面 的 小 鸭子 。","咿咿 是 最 下面 的 那 [MASK] 大 鸭子 , 呀呀 是 上面 的 小 鸭子 。",个,只,"只, 个, 些"
想起 昨晚 有 人 说 的 关于 光棍 的 一 <CL> <h>话</h> 顿时 觉得 无限 贴切 。,想起 昨晚 有 人 说 的 关于 光棍 的 一 [MASK] 话 顿时 觉得 无限 贴切 。,席,句,"句, 段, 些"
"还 有 妮妮 , 还 有 那 <CL> <h>贤慧</h> 的 男朋友 , 还 想 你们 呀 。","还 有 妮妮 , 还 有 那 [MASK] 贤慧 的 男朋友 , 还 想 你们 呀 。",个,些,"些, 个, 位"
漂亮 女 老师 惨遭 凌辱 www 517 sese info 疯狂 的 石头 走着瞧 追捕 枪王 之 王 万历 首 辅 张居正 黄炎培 追踪 窃听 风云 丑 女 无敌 第二 <CL> 狗 和 <h>狼</h> 的 时间 贝多芬 病毒 民国 往事 小兵 张嘎 Hello 树 先生 岁月 神偷 牛郎 织女 善德女王 红楼 梦 风声 爱情 公寓,漂亮 女 老师 惨遭 凌辱 www 517 sese info 疯狂 的 石头 走着瞧 追捕 枪王 之 王 万历 首 辅 张居正 黄炎培 追踪 窃听 风云 丑 女 无敌 第二 [MASK] 狗 和 狼 的 时间 贝多芬 病毒 民国 往事 小兵 张嘎 Hello 树 先生 岁月 神偷 牛郎 织女 善德女王 红楼 梦 风声 爱情 公寓,季,章,"章, 季, 集"
"需要 一 <CL> 跟 我 一起 奋斗 的 <h>人</h> , 一起 体验 爱情 里 的 酸甜苦辣","需要 一 [MASK] 跟 我 一起 奋斗 的 人 , 一起 体验 爱情 里 的 酸甜苦辣",个,群,"群, 个, 些"
今晚 清网 行动 的 战利品 当时 那 <CL> <h>激动</h> 恐惧 紧张 刺激 啊 想 起来 都 炭炭 zhun,今晚 清网 行动 的 战利品 当时 那 [MASK] 激动 恐惧 紧张 刺激 啊 想 起来 都 炭炭 zhun,个,个,"个, 种, 样"
"万 诗 言 小 妹妹 , 虽然 不 算 倾国 倾城 , 但 别有 一 <CL> <h>风味</h> 。","万 诗 言 小 妹妹 , 虽然 不 算 倾国 倾城 , 但 别有 一 [MASK] 风味 。",番,番,"番, 种, 份"
"微 阅读 周六 下午 , 他 都 会 来 茶楼 点 一 <CL> <h>龙井</h> , 坐 在 二 楼 靠 窗 位子 。","微 阅读 周六 下午 , 他 都 会 来 茶楼 点 一 [MASK] 龙井 , 坐 在 二 楼 靠 窗 位子 。",壶,碗,"碗, 杯, 口"
我 真 想 一 <CL> <h>手机</h> 砸晕 你 !,我 真 想 一 [MASK] 手机 砸晕 你 !,台,个,"个, 部, 台"
"大夫山 山地车 亚运 比赛 路径 够 刺激 , 下 <CL> <h>要</h> 继续 来 挑战 。","大夫山 山地车 亚运 比赛 路径 够 刺激 , 下 [MASK] 要 继续 来 挑战 。",次,次,"次, 回, 面"
"想 创业 容易 , 注册 一 <CL> <h>公司</h> 也 很 简单 , 但 要 活 下去 就 难 了 , 要 做 大 做 强 更 是 难上加难 !","想 创业 容易 , 注册 一 [MASK] 公司 也 很 简单 , 但 要 活 下去 就 难 了 , 要 做 大 做 强 更 是 难上加难 !",个,家,"家, 个, 间"
我 才 买 了 一 <CL> 多 <h>月</h> 的 新 车子 啊 !,我 才 买 了 一 [MASK] 多 月 的 新 车子 啊 !,个,个,"个, 把, 块"
"中 二 <CL> <h>奖</h> , 希望 转运 , 2012 加油 。","中 二 [MASK] 奖 , 希望 转运 , 2012 加油 。",等,等,"等, 头, 码"
若 是 可以 不 想 念 若 是 可以 在 有 那么 一 <CL> 新 的 <h>他</h>,若 是 可以 不 想 念 若 是 可以 在 有 那么 一 [MASK] 新 的 他,个,个,"个, 些, 种"
真 想来 一 <CL> <h>真真正</h> 正 的 旅游 啊 。,真 想来 一 [MASK] 真真正 正 的 旅游 啊 。,次,次,"次, 趟, 场"
我 感觉 我丫 的 离 中风 这 <CL> <h>事</h> 越来越 靠边 了 。,我 感觉 我丫 的 离 中风 这 [MASK] 事 越来越 靠边 了 。,档子,件,"件, 个, 回"
"你 送 祝福 我 送礼 新 的 1 年 开始 , 祝 好 事 接 2 连 3 , 心情 4 <CL> <h>如春</h> , 生活 5 颜 6 色 7 彩 缤纷 , 偶尔 8 点 小 财 , 烦恼 9 霄 云外 , 请 接受 我 10 心 10 意 的 祝福 !","你 送 祝福 我 送礼 新 的 1 年 开始 , 祝 好 事 接 2 连 3 , 心情 4 [MASK] 如春 , 生活 5 颜 6 色 7 彩 缤纷 , 偶尔 8 点 小 财 , 烦恼 9 霄 云外 , 请 接受 我 10 心 10 意 的 祝福 !",季,面,"面, 季, 眼"
而 这 两 <CL> <h>东西</h> 绝 不 允许 他 在 十几 岁 的 年纪 选择 爱情 。,而 这 两 [MASK] 东西 绝 不 允许 他 在 十几 岁 的 年纪 选择 爱情 。,样,样,"样, 个, 种"
感 薄熙 来说 廉洁 是 一 <CL> <h>幸福转</h>,感 薄熙 来说 廉洁 是 一 [MASK] 幸福转,种,种,"种, 份, 个"
分享 圖片 这 <CL> 猫 <h>牛</h> 了 它 看见 什么 啦 两 眼 发 清光 了 南瓜,分享 圖片 这 [MASK] 猫 牛 了 它 看见 什么 啦 两 眼 发 清光 了 南瓜,只,只,"只, 个, 条"
你 的 心 是 一 <CL> <h>墙</h> 。,你 的 心 是 一 [MASK] 墙 。,面,堵,"堵, 面, 道"
各 <CL> <h>吃喝</h> 多 了 !,各 [MASK] 吃喝 多 了 !,种,位,"位, 种, 家"
长 这么 大 还 是 第一 <CL> 小 <h>年夜</h> 没有 和 家人 在一起 过 。,长 这么 大 还 是 第一 [MASK] 小 年夜 没有 和 家人 在一起 过 。,次,次,"次, 个, 届"
第一 <CL> 上 <h>微博</h> 很 高兴,第一 [MASK] 上 微博 很 高兴,次,次,"次, 个, 张"
这 <CL> <h>耗儿</h> 鱼 确实 好 吃 惨,这 [MASK] 耗儿 鱼 确实 好 吃 惨,家,个,"个, 道, 种"
"这 <CL> 国际 <h>礼拜堂</h> 的 圣诞树 , 是 我 今年 见 过 最 美 的 可惜 照片 拍 不 出 它 的 美感 , 只 能 将 就 着 看看","这 [MASK] 国际 礼拜堂 的 圣诞树 , 是 我 今年 见 过 最 美 的 可惜 照片 拍 不 出 它 的 美感 , 只 能 将 就 着 看看",棵,个,"个, 座, 家"
爸爸 妈妈 今年 你 给 了 我 一 <CL> 特别 的 <h>惊喜</h> !,爸爸 妈妈 今年 你 给 了 我 一 [MASK] 特别 的 惊喜 !,个,个,"个, 份, 次"
"三 <CL> <h>同堂</h> 在 微博 , 应该 是 破 纪录 的 了 !","三 [MASK] 同堂 在 微博 , 应该 是 破 纪录 的 了 !",代,代,"代, 世, 位"
"这 <CL> <h>过</h> 的 很 无聊 啊 , 再 也 没有 儿时 对 过 年 的 期盼","这 [MASK] 过 的 很 无聊 啊 , 再 也 没有 儿时 对 过 年 的 期盼",节,样,"样, 次, 个"
第二 <CL> <h>乐</h> !,第二 [MASK] 乐 !,波,章,"章, 部, 声"
"第一 <CL> <h>坐到</h> 这个 样子 的 , 看来 还是 南航 比 东航 硬件 给 力阿 !","第一 [MASK] 坐到 这个 样子 的 , 看来 还是 南航 比 东航 硬件 给 力阿 !",次,次,"次, 个, 位"
"第一 <CL> 在 异地 而且 是 实在 不 乍地 的 酒店 <h>倒头</h> 便 睡 , 看来 我 实在 累得 不 轻 啊 !","第一 [MASK] 在 异地 而且 是 实在 不 乍地 的 酒店 倒头 便 睡 , 看来 我 实在 累得 不 轻 啊 !",次,次,"次, 个, 间"
"结果 还 是 只有 自己 承受 , , 原来 只 是 一 <CL> <h>梦</h> 。","结果 还 是 只有 自己 承受 , , 原来 只 是 一 [MASK] 梦 。",个,场,"场, 个, 次"
今晚 各 <CL> <h>无奈</h> 啦 !,今晚 各 [MASK] 无奈 啦 !,种,位,"位, 种, 个"
"一 <CL> 感人 的 <h>漫画</h> 谨 以 此 画 祝愿 所有 博友 父母 龙年 身体 安康 , 祝愿 天下 老 人 都 能 感受 后辈 的 关爱 , 如果 有 爱 , 就 让 爱心 表达 传递 !","一 [MASK] 感人 的 漫画 谨 以 此 画 祝愿 所有 博友 父母 龙年 身体 安康 , 祝愿 天下 老 人 都 能 感受 后辈 的 关爱 , 如果 有 爱 , 就 让 爱心 表达 传递 !",幅,幅,"幅, 部, 个"
"坐 火车 真 累 , 还 有 十几 <CL> <h>小时</h> , 我 一定 要 完成 我 的 理想 , 然后","坐 火车 真 累 , 还 有 十几 [MASK] 小时 , 我 一定 要 完成 我 的 理想 , 然后",个,个,"个, 分, 块"
"不 对 称 的 美 另 <CL> 又 特别 , 亮色 的 圆点 <h>生命力</h> 十足 , 轻松 跳进 视线 。","不 对 称 的 美 另 [MASK] 又 特别 , 亮色 的 圆点 生命力 十足 , 轻松 跳进 视线 。",类,类,"类, 级, 味"
小毛 这 <CL> <h>帽子</h> 真 好看,小毛 这 [MASK] 帽子 真 好看,顶,顶,"顶, 个, 种"
只有 上 十二 <CL> <h>小时</h> 夜班 的 人 才 知道 漫漫长夜 有 多 长,只有 上 十二 [MASK] 小时 夜班 的 人 才 知道 漫漫长夜 有 多 长,个,个,"个, 点, 位"
"今年 过年 影响 最 深刻 的 画面 央视 花上 千万 元 租 了 一 <CL> <h>直升机</h> , 跟 拍 广东 农民工 为了 省 钱 骑 摩托车 返乡 的 画面 !","今年 过年 影响 最 深刻 的 画面 央视 花上 千万 元 租 了 一 [MASK] 直升机 , 跟 拍 广东 农民工 为了 省 钱 骑 摩托车 返乡 的 画面 !",架,架,"架, 台, 辆"
"我 如果 真的 爱 一 <CL> <h>人</h> , 就 会 让 她 幸福 快乐 。","我 如果 真的 爱 一 [MASK] 人 , 就 会 让 她 幸福 快乐 。",个,个,"个, 些, 家"
顶 你 大年 初一 卑 人 一 野 灌 半 <CL> 红酒咩 <h>状况</h> 已经 好坚 了 隔离 果 d 全部 训低,顶 你 大年 初一 卑 人 一 野 灌 半 [MASK] 红酒咩 状况 已经 好坚 了 隔离 果 d 全部 训低,瓶,瓶,"瓶, 杯, 桶"
2011 年 全 年 CPI 的 平均 在 562010 年 全 年 在 33 也 就 是 增长 了 23 举 例 2010 年 买 一 <CL> <h>裤子</h> 要 100 元 2011 年 底 买 要 1001231023 真 不 知道 这样 算 对 不 对 了,2011 年 全 年 CPI 的 平均 在 562010 年 全 年 在 33 也 就 是 增长 了 23 举 例 2010 年 买 一 [MASK] 裤子 要 100 元 2011 年 底 买 要 1001231023 真 不 知道 这样 算 对 不 对 了,个,条,"条, 件, 双"
"12 最近 身边 发生 的 人 和 事 , 不得不 让 我 重新 审视 爱情 和 婚姻 , 我 不 明白 一 <CL> 眼 里 只有 孩子 却 把 老公 打入 冷宫 的 <h>女人</h> , 是 怎样 维持 她 的 爱情 ?","12 最近 身边 发生 的 人 和 事 , 不得不 让 我 重新 审视 爱情 和 婚姻 , 我 不 明白 一 [MASK] 眼 里 只有 孩子 却 把 老公 打入 冷宫 的 女人 , 是 怎样 维持 她 的 爱情 ?",个,个,"个, 位, 些"
"让 trouble 都来 的 更 猛烈 些 吧 , 让 我 一 <CL> <h>人</h> 静静 的 戴上 耳机 , 让 我 继续 活 在 那些 幻想 中 吧 。","让 trouble 都来 的 更 猛烈 些 吧 , 让 我 一 [MASK] 人 静静 的 戴上 耳机 , 让 我 继续 活 在 那些 幻想 中 吧 。",个,个,"个, 家, 行"
国安 海南 训练 过 小 年 吃 饺子 确定 无缘 签 葡超锋霸 尽管 远 在 海南 进行 冬训 国安 也 没 耽误 按 着 老礼儿 过年 专程 随队 过去 的 厨师 就 给 全队 做 了 一 <CL> 饺子 和 <h>炸酱面</h> 让 全 队 也 好好 解 了 解馋 。,国安 海南 训练 过 小 年 吃 饺子 确定 无缘 签 葡超锋霸 尽管 远 在 海南 进行 冬训 国安 也 没 耽误 按 着 老礼儿 过年 专程 随队 过去 的 厨师 就 给 全队 做 了 一 [MASK] 饺子 和 炸酱面 让 全 队 也 好好 解 了 解馋 。,顿,个,"个, 道, 盘"
那些 年 我们 一起 追 的 女孩 mv 电影 完整版 1 <CL> 惊心 <h>吴奇隆</h> 四爷 绝密 档案 康熙 来 了 的 丝 全集 2012 分享 自,那些 年 我们 一起 追 的 女孩 mv 电影 完整版 1 [MASK] 惊心 吴奇隆 四爷 绝密 档案 康熙 来 了 的 丝 全集 2012 分享 自,步,步,"步, 分, 部"
好 有 基情 的 一 <CL> <h>浪漫</h> 死 了 !,好 有 基情 的 一 [MASK] 浪漫 死 了 !,幕,张,"张, 段, 场"
"帮 非非理 <CL> <h>发</h> 要 170 , 够大 熊理 一 年 的 发 了 。","帮 非非理 [MASK] 发 要 170 , 够大 熊理 一 年 的 发 了 。",个,头,"头, 发, 批"
"从 小 到 大 , 我 最后 悔 得 3 <CL> <h>事</h> 就 是 1 没有 听 父母 话 好好 学习 天天 向上 。","从 小 到 大 , 我 最后 悔 得 3 [MASK] 事 就 是 1 没有 听 父母 话 好好 学习 天天 向上 。",件,件,"件, 个, 点"
还 有 十五 <CL> <h>小时</h>,还 有 十五 [MASK] 小时,个,个,"个, 分, 点"
"时间 真 是 一 <CL> 好 <h>药</h> , 比 什么 都 管用","时间 真 是 一 [MASK] 好 药 , 比 什么 都 管用",副,剂,"剂, 种, 把"
"妹妹 吃 饺子 发现 是 肉馅 , 吃 了 一半 给 他 老公 了 , 结果 <h>钱</h> 就 在 剩下 的 一半 里 每 年 都 为了 吃 那 <CL> 钱 撑 的 要 死 , 却 每 年 都 吃 不 到 悲催","妹妹 吃 饺子 发现 是 肉馅 , 吃 了 一半 给 他 老公 了 , 结果 钱 就 在 剩下 的 一半 里 每 年 都 为了 吃 那 [MASK] 钱 撑 的 要 死 , 却 每 年 都 吃 不 到 悲催",个,把,"把, 只, 下"
"岁月 不饶人 , 细 英 不 等 我 真的 舍 不 得 徽州 , 对于 宿舍 的 两 <CL> 徽州 <h>女人</h> , 实在 无 以 言 谢","岁月 不饶人 , 细 英 不 等 我 真的 舍 不 得 徽州 , 对于 宿舍 的 两 [MASK] 徽州 女人 , 实在 无 以 言 谢",个,个,"个, 位, 名"
"没 预料 到 这 <CL> <h>出差</h> 需要 这么 长 时间 , 好 想 写 书法 哈哈 , 好酸 的 假 文化人 。","没 预料 到 这 [MASK] 出差 需要 这么 长 时间 , 好 想 写 书法 哈哈 , 好酸 的 假 文化人 。",回,次,"次, 趟, 样"
"我 参与 了 发起 的 投票 继威幂恋 后 , 你 希望 哪 对 荧屏 情侣 公开 恋情 , 我 投给 了 这 1 <CL> <h>选项</h> 。","我 参与 了 发起 的 投票 继威幂恋 后 , 你 希望 哪 对 荧屏 情侣 公开 恋情 , 我 投给 了 这 1 [MASK] 选项 。",个,个,"个, 项, 条"
"为了 那 <CL> 十分 可观 的 <h>工资</h> , 也 得 坚持 住 。","为了 那 [MASK] 十分 可观 的 工资 , 也 得 坚持 住 。",笔,笔,"笔, 份, 个"
从 我 出生 一 <CL> <h>月</h> 整整 带 到 我 三 岁 !,从 我 出生 一 [MASK] 月 整整 带 到 我 三 岁 !,个,个,"个, 点, 次"
决定 再 养 <CL> 袖珍 <h>椰子树</h>,决定 再 养 [MASK] 袖珍 椰子树,盆,棵,"棵, 株, 个"
"火车 订票 网站 各 <CL> <h>登</h> 不 上 , 好不容易 登上 了 吧 , 订单 又 提交 不 上 , 是 想 怎样 啊 , 抓 狂暴 走 中","火车 订票 网站 各 [MASK] 登 不 上 , 好不容易 登上 了 吧 , 订单 又 提交 不 上 , 是 想 怎样 啊 , 抓 狂暴 走 中",种,种,"种, 处, 个"
"她 一直 希望 我 幸福 , 不管 我 行走 在 那 <CL> <h>世界</h> !","她 一直 希望 我 幸福 , 不管 我 行走 在 那 [MASK] 世界 !",个,个,"个, 些, 种"
", 我 投给 了 快要 上课 了 这 1 <CL> <h>选项</h> 。",", 我 投给 了 快要 上课 了 这 1 [MASK] 选项 。",个,个,"个, 号, 种"
来 新加坡 之后 真心 的 笑 就 少 了 还 记得 小时候 总是 说 我 一 笑 眼睛 就 成 眯咪 眼 了 好 怀念 一 <CL> 度 过 的 <h>日子</h> 什么 都 不 用 想 现在 是 不 是 什么 都 不 一样 了 没 长 醒 的 男人 都 滚 一边 去 我们 不 要 !,来 新加坡 之后 真心 的 笑 就 少 了 还 记得 小时候 总是 说 我 一 笑 眼睛 就 成 眯咪 眼 了 好 怀念 一 [MASK] 度 过 的 日子 什么 都 不 用 想 现在 是 不 是 什么 都 不 一样 了 没 长 醒 的 男人 都 滚 一边 去 我们 不 要 !,起,起,"起, 路, 样"
"好评 , 这 <CL> <h>宝贝</h> 最 受 好评 , 快来 看下 原装 OKI 彩粉 OKI 310033003400510096009800 化学粉 100g , 价格 4800 元 , 购买 链接 , 更 多 宝贝 请 看","好评 , 这 [MASK] 宝贝 最 受 好评 , 快来 看下 原装 OKI 彩粉 OKI 310033003400510096009800 化学粉 100g , 价格 4800 元 , 购买 链接 , 更 多 宝贝 请 看",款,款,"款, 个, 件"
原来 只有 我 自己 一 <CL> <h>人</h> 的 时候 会 被 人 欺负,原来 只有 我 自己 一 [MASK] 人 的 时候 会 被 人 欺负,个,个,"个, 些, 群"
"三 <CL> <h>猪</h> 真 能 睡 , , ,","三 [MASK] 猪 真 能 睡 , , ,",只,只,"只, 头, 条"
"又 想到 一 <CL> <h>问题</h> , 年后 还 招 不 到 , 就 快 可以 招 应 届 了 , 应届 , 90 后么 。","又 想到 一 [MASK] 问题 , 年后 还 招 不 到 , 就 快 可以 招 应 届 了 , 应届 , 90 后么 。",个,个,"个, 些, 种"
一 <CL> <h>诺言</h> 占据 了 所有 信任 。,一 [MASK] 诺言 占据 了 所有 信任 。,个,句,"句, 个, 条"
"这 是 一 <CL> 新年 招财 <h>猫</h> , 1 分钟 内 转发 此 猫 图 , 新 的 一 年 里 将 好运 连连 , 福气 冲天 原文 地址 y2 Yfi6twU 原文 地址","这 是 一 [MASK] 新年 招财 猫 , 1 分钟 内 转发 此 猫 图 , 新 的 一 年 里 将 好运 连连 , 福气 冲天 原文 地址 y2 Yfi6twU 原文 地址",只,只,"只, 条, 对"
"收拾 东西 , 发现 很多 小时候 穿 过 的 很 可爱 的 衣服 啊 嘻嘻 , 与其 说 是 收拾 东西 , 不如 说 是 疯狂 试 衣服 哈哈 , 新 的 旧 的 , 我 的 妈妈 的 , 有 杀错 没 放 过 啊 不 知道 变换 了 几 <CL> <h>风格</h> 呢","收拾 东西 , 发现 很多 小时候 穿 过 的 很 可爱 的 衣服 啊 嘻嘻 , 与其 说 是 收拾 东西 , 不如 说 是 疯狂 试 衣服 哈哈 , 新 的 旧 的 , 我 的 妈妈 的 , 有 杀错 没 放 过 啊 不 知道 变换 了 几 [MASK] 风格 呢",种,种,"种, 个, 次"
"真的 很 感动 , 地理 老师 今年 最后 一 <CL> 地理 <h>课</h> 跟 我们 玩 游戏 了 , 而且 还 发糖 好 开心","真的 很 感动 , 地理 老师 今年 最后 一 [MASK] 地理 课 跟 我们 玩 游戏 了 , 而且 还 发糖 好 开心",节,节,"节, 次, 堂"
"一 <CL> <h>晚上</h> , 买 了 年货 , 收拾 了 行李 , 整理 了 房间 , 但 还是 少 了 东西 没 买 , 明早 继续 。","一 [MASK] 晚上 , 买 了 年货 , 收拾 了 行李 , 整理 了 房间 , 但 还是 少 了 东西 没 买 , 明早 继续 。",个,个,"个, 位, 家"
"我 想 知道 哪天 我 喝 醉 了 酒 , 一 <CL> <h>人</h> 又 在 大街 上 , 会 歇 撕 底 里 喊出 谁 的 名字","我 想 知道 哪天 我 喝 醉 了 酒 , 一 [MASK] 人 又 在 大街 上 , 会 歇 撕 底 里 喊出 谁 的 名字",个,个,"个, 家, 群"
那 <CL> <h>土黄色</h> 我 真 不 DJ 。,那 [MASK] 土黄色 我 真 不 DJ 。,个,种,"种, 个, 些"
"让 别人 讨厌 自己 , 也 是 一 <CL> <h>艺术</h> !","让 别人 讨厌 自己 , 也 是 一 [MASK] 艺术 !",门,种,"种, 门, 项"
"说话 的 声音 又 变 了 , 像 <CL> <h>男人</h>","说话 的 声音 又 变 了 , 像 [MASK] 男人",个,个,"个, 位, 些"
做 <CL> 鸡蛋 <h>饼</h>,做 [MASK] 鸡蛋 饼,个,面,"面, 起, 家"
本来 想 通宵 的 突然 好困 睡觉 去 做 <CL> 好 <h>梦</h> 吧 dx 拜年 nono 拜年,本来 想 通宵 的 突然 好困 睡觉 去 做 [MASK] 好 梦 吧 dx 拜年 nono 拜年,个,个,"个, 点, 些"
"但 愿 每 <CL> <h>人</h> 都 可以 到 自己 想 去 的 地方 好好 感受 , 开心 游玩 。","但 愿 每 [MASK] 人 都 可以 到 自己 想 去 的 地方 好好 感受 , 开心 游玩 。",个,个,"个, 家, 位"
谢 了 哥 几 <CL> 等 哥们 可以 喝 的 <h>时候</h> 一定 不 醉 不 归,谢 了 哥 几 [MASK] 等 哥们 可以 喝 的 时候 一定 不 醉 不 归,个,个,"个, 句, 杯"
"我 不 敢 AT 你们 , 这些 话 , 就 这样 湮没 吧 , 看见 也 好 , 看 不 到 也 罢 , 这样 的 心境 , 本 就 不 该 让 你们 感觉 到 呢 我 还 会 以 各 <CL> 笑 的 <h>样子</h> 履行 我 的 承诺 我 一直 会 在 。","我 不 敢 AT 你们 , 这些 话 , 就 这样 湮没 吧 , 看见 也 好 , 看 不 到 也 罢 , 这样 的 心境 , 本 就 不 该 让 你们 感觉 到 呢 我 还 会 以 各 [MASK] 笑 的 样子 履行 我 的 承诺 我 一直 会 在 。",种,种,"种, 样, 类"
总理 的 一 <CL> <h>话</h> 胜过 任何 利好 因素,总理 的 一 [MASK] 话 胜过 任何 利好 因素,句,句,"句, 席, 番"
表姐们 这 <CL> <h>赌徒</h>,表姐们 这 [MASK] 赌徒,群,个,"个, 些, 群"
祝福 我 的 宝贝们 学习 更 上 一 <CL> <h>楼</h> !,祝福 我 的 宝贝们 学习 更 上 一 [MASK] 楼 !,层,层,"层, 个, 段"
一 <CL> <h>人</h> 在 我 家 牛牛 !,一 [MASK] 人 在 我 家 牛牛 !,群,个,"个, 家, 群"
雨 会 的 台北 故宫 那些 宝物 都 是 俺们 家 的 多 好 台湾 服务业 真心 赞野柳旁 711 相 中 你 好 凯蒂吊饰 被 告知 需 集点 后方 能 换 购 怏怏 走开 又 被 店员 唤回 从 口袋 掏出 一 <CL> 慷慨 赠送 很 感动 遂 晚餐 金门 高梁 <h>助兴</h> 也,雨 会 的 台北 故宫 那些 宝物 都 是 俺们 家 的 多 好 台湾 服务业 真心 赞野柳旁 711 相 中 你 好 凯蒂吊饰 被 告知 需 集点 后方 能 换 购 怏怏 走开 又 被 店员 唤回 从 口袋 掏出 一 [MASK] 慷慨 赠送 很 感动 遂 晚餐 金门 高梁 助兴 也,枚,份,"份, 个, 张"
记忆 是 <CL> 奇怪 的 <h>东西</h> 。,记忆 是 [MASK] 奇怪 的 东西 。,个,个,"个, 种, 件"
所以 如果 你 发现 一 <CL> <h>人</h> 很 怕 失去 你 !,所以 如果 你 发现 一 [MASK] 人 很 怕 失去 你 !,个,个,"个, 些, 种"
"补上 甜 食 苦 手 , 6 寸 都 觉得 头疼 不过 买 来 画 30 的 那 <CL> <h>蓝莓</h> 酱 好 好吃","补上 甜 食 苦 手 , 6 寸 都 觉得 头疼 不过 买 来 画 30 的 那 [MASK] 蓝莓 酱 好 好吃",瓶,个,"个, 种, 款"
赶 不 上 第一 <CL> <h>人</h> 只好 等 第二 拨人 了 !,赶 不 上 第一 [MASK] 人 只好 等 第二 拨人 了 !,拨,拨,"拨, 批, 个"
这 一 <CL> <h>吸血鬼</h> 日记 看 的 我 崩坏 了 编剧 你 还 能 再 扯 点么 老 K 你 怎么 就 这样 爱上 C 了 ?,这 一 [MASK] 吸血鬼 日记 看 的 我 崩坏 了 编剧 你 还 能 再 扯 点么 老 K 你 怎么 就 这样 爱上 C 了 ?,集,篇,"篇, 本, 个"
"发表 了 博文 从 情苦 中 了 悟 无常 四十二 <CL> 经 云 爱 欲 之 <h>人</h> , 犹如 执炬 , 逆风 而 行 , 必 有 烧火 之 患 。","发表 了 博文 从 情苦 中 了 悟 无常 四十二 [MASK] 经 云 爱 欲 之 人 , 犹如 执炬 , 逆风 而 行 , 必 有 烧火 之 患 。",章,章,"章, 行, 句"
"市场 上 的 爆款 , 淘宝网 上 热卖 的 2011 新 款 女装 冬装 3926 可爱 围巾 帽 可 脱卸 抽绳 面包 加厚 长 款 棉 价格 20000 元 , 本 店 第一 <CL> <h>货源</h> , 降低 中间 环节 成本 , 直接 让利 给 消费者 , 非常 值得 关注 , 分享 给 大家 ,","市场 上 的 爆款 , 淘宝网 上 热卖 的 2011 新 款 女装 冬装 3926 可爱 围巾 帽 可 脱卸 抽绳 面包 加厚 长 款 棉 价格 20000 元 , 本 店 第一 [MASK] 货源 , 降低 中间 环节 成本 , 直接 让利 给 消费者 , 非常 值得 关注 , 分享 给 大家 ,",手,手,"手, 批, 款"
我 想 画 一 <CL> <h>圈</h> 把 自己 关 在 里面 。,我 想 画 一 [MASK] 圈 把 自己 关 在 里面 。,个,个,"个, 圈, 条"
一 <CL> <h>月</h> 后 还 得 离开 还 得 离开 还 得 离开 。,一 [MASK] 月 后 还 得 离开 还 得 离开 还 得 离开 。,个,个,"个, 些, 点"
"不过 我 可 有 点 好奇 , 他 是 不 是 真的 能 过来 , 这 一 人 多 深 的 水 可不 是 闹着玩 的 , 就 一 <CL> <h>答应</h> 了 , 不过 却 警告 他 : “ 可 别 给 我 玩花样 , 我 不 会 救人 , 更 不 会 人工呼吸 ” 。","不过 我 可 有 点 好奇 , 他 是 不 是 真的 能 过来 , 这 一 人 多 深 的 水 可不 是 闹着玩 的 , 就 一 [MASK] 答应 了 , 不过 却 警告 他 : “ 可 别 给 我 玩花样 , 我 不 会 救人 , 更 不 会 人工呼吸 ” 。",口,口,"口, 次, 个"
"看见 一 <CL> <h>大佛</h> , 没 拍 到 。","看见 一 [MASK] 大佛 , 没 拍 到 。",尊,尊,"尊, 个, 座"
头发 很 长 还 没 剪 我 爱 剪 头发 随便 找 一 <CL> 没 人 的 稍微 修 一下 <h>行不</h>,头发 很 长 还 没 剪 我 爱 剪 头发 随便 找 一 [MASK] 没 人 的 稍微 修 一下 行不,间,个,"个, 家, 处"
"寻 交通 <h>事故</h> 知情人 1 月 10 日 9 时 20 分许 , 东兴 中路 凯旋门 酒店 对 开 路段 发生 一 <CL> 交通 事故 , 造成 摩托车 驾驶人 当场 死亡 。","寻 交通 事故 知情人 1 月 10 日 9 时 20 分许 , 东兴 中路 凯旋门 酒店 对 开 路段 发生 一 [MASK] 交通 事故 , 造成 摩托车 驾驶人 当场 死亡 。",宗,发,"发, 通, 对"
"你 知 不 知道 难 做 的 <h>事</h> 和 应该 做 的 事 , 往往 是 同 一 <CL> 事 ?","你 知 不 知道 难 做 的 事 和 应该 做 的 事 , 往往 是 同 一 [MASK] 事 ?",件,所,"所, 只, 对"
啊啊 啊 第一 瓶 要 不 要 那么 大 啊 打 了 一 <CL> 多 <h>钟</h> 才 打 了 一半 啊 肿么 办,啊啊 啊 第一 瓶 要 不 要 那么 大 啊 打 了 一 [MASK] 多 钟 才 打 了 一半 啊 肿么 办,个,个,"个, 分, 点"
"给 朋友们 发 了 这样 一 <CL> 祝福 <h>信息</h> , 收到 好多 压岁 钱 了 !","给 朋友们 发 了 这样 一 [MASK] 祝福 信息 , 收到 好多 压岁 钱 了 !",条,条,"条, 个, 段"
站 在 一 <CL> <h>人</h> 在 家里 。,站 在 一 [MASK] 人 在 家里 。,个,个,"个, 群, 些"
怀念 小学 时 900 <CL> <h>人</h> 就 逼 你 睡觉 。,怀念 小学 时 900 [MASK] 人 就 逼 你 睡觉 。,家,个,"个, 家, 路"
"恰巧 有 <CL> 不 知情 的 医生 <h>路过</h> , 看到 这 情况 就 说 这 刀 还 开 的 真 久","恰巧 有 [MASK] 不 知情 的 医生 路过 , 看到 这 情况 就 说 这 刀 还 开 的 真 久",位,个,"个, 位, 些"
4747 啊 同 4 <CL> <h>数</h> 甘 有 缘噶 48484848,4747 啊 同 4 [MASK] 数 甘 有 缘噶 48484848,双,位,"位, 个, 点"
"只 味好 正 , <CL> <h>香水樽</h> 的 design 更正 , 深 得 我心","只 味好 正 , [MASK] 香水樽 的 design 更正 , 深 得 我心",个,味,"味, 把, 只"
"6 点 了 , 一 <CL> 晚上 <h>失眠</h> 。","6 点 了 , 一 [MASK] 晚上 失眠 。",个,个,"个, 起, 次"
好 厚 一 <CL> <h>锅盖</h> 。,好 厚 一 [MASK] 锅盖 。,顶,个,"个, 层, 张"
发表 了 博文 有关 老师 的 几 <CL> <h>笑话</h> 老师 的 点评 太 精辟 了 !,发表 了 博文 有关 老师 的 几 [MASK] 笑话 老师 的 点评 太 精辟 了 !,则,个,"个, 句, 条"
"晚上 才 睡 两 <CL> <h>小时</h> , 回家 不 瘦 都 难 。","晚上 才 睡 两 [MASK] 小时 , 回家 不 瘦 都 难 。",个,个,"个, 点, 把"
"或许 都 是 一 不 小心 , 就 像 我 一 不 小心 的 病 了 , 足足 做 了 一 <CL> <h>月</h> 的 病人 。","或许 都 是 一 不 小心 , 就 像 我 一 不 小心 的 病 了 , 足足 做 了 一 [MASK] 月 的 病人 。",个,个,"个, 些, 把"
不过 增加 <CL> 垃圾 <h>分</h> 。,不过 增加 [MASK] 垃圾 分 。,个,点,"点, 些, 个"
今天 生日 居然 有 <CL> 自 说 是 高中生 的 <h>女女</h> 要 和 我 裸聊 !,今天 生日 居然 有 [MASK] 自 说 是 高中生 的 女女 要 和 我 裸聊 !,个,个,"个, 位, 名"
很 高兴 能 当 一 <CL> <h>宅女</h> 啊哈,很 高兴 能 当 一 [MASK] 宅女 啊哈,个,个,"个, 名, 位"
"跪求 这 <CL> 的 <h>nichkhun</h> 真 人 无 水 印版 啊 , 拜托 拜托 。","跪求 这 [MASK] 的 nichkhun 真 人 无 水 印版 啊 , 拜托 拜托 。",张,个,"个, 样, 家"
"但 永远 要 记着 有 <CL> 前提 <h>语言</h> 是 用来 加强 沟通 的 , 而 不 是 用来 制造 交流 双方 之间 的 障碍 的 。","但 永远 要 记着 有 [MASK] 前提 语言 是 用来 加强 沟通 的 , 而 不 是 用来 制造 交流 双方 之间 的 障碍 的 。",个,个,"个, 些, 条"
"十几 年 来 老爸 的 第一 <CL> <h>下厨</h> , 嗯 , 值得 纪念 。","十几 年 来 老爸 的 第一 [MASK] 下厨 , 嗯 , 值得 纪念 。",次,次,"次, 个, 回"
不 许走 给 我 跳 <CL> <h>舞</h> 。,不 许走 给 我 跳 [MASK] 舞 。,个,场,"场, 个, 起"
"发表 了 博文 加勒比海 盗 , 看完 加勒比海 盗 4 , 总 有 一 <CL> 意犹未尽 的 <h>感觉</h> 。","发表 了 博文 加勒比海 盗 , 看完 加勒比海 盗 4 , 总 有 一 [MASK] 意犹未尽 的 感觉 。",种,种,"种, 股, 些"
办公桌 上 又 多 了 一 <CL> 如意 <h>寓意</h> 着 我 新 的 一 年 称心如意,办公桌 上 又 多 了 一 [MASK] 如意 寓意 着 我 新 的 一 年 称心如意,盆,个,"个, 幅, 份"
"据 英国 每 日 邮报 报道 一 <CL> <h>研究</h> 发现 , 人们 在 睡前 玩 手机 , 频繁 发送 电子 邮件 , 会 影响 睡眠 质量 。","据 英国 每 日 邮报 报道 一 [MASK] 研究 发现 , 人们 在 睡前 玩 手机 , 频繁 发送 电子 邮件 , 会 影响 睡眠 质量 。",项,项,"项, 组, 份"
哦 看到 一 <CL> 萨摩耶 <h>姚明级</h> 的 。,哦 看到 一 [MASK] 萨摩耶 姚明级 的 。,匹,个,"个, 些, 辆"
一 <CL> <h>人</h> 平平安安 一起 过 年 才 是 最 快乐 最 幸福 的 !,一 [MASK] 人 平平安安 一起 过 年 才 是 最 快乐 最 幸福 的 !,家,家,"家, 个, 群"
晚安 啦 各位 希望 大家 发 <CL> 好 <h>梦</h> 啦,晚安 啦 各位 希望 大家 发 [MASK] 好 梦 啦,个,个,"个, 发, 点"
"我 的 小 黄 它 终于 拿到 了 , 还 有 车 内 清新 <CL> <h>羊</h> 同学 穿 拖鞋 出来 给 我 送 真的 雷住 我 了","我 的 小 黄 它 终于 拿到 了 , 还 有 车 内 清新 [MASK] 羊 同学 穿 拖鞋 出来 给 我 送 真的 雷住 我 了",剂,双,"双, 路, 群"
"多少 年 下来 又 有 几 <CL> <h>人</h> 没有 变化 , 当时 的 初衷 又 守住 了 多少 ?","多少 年 下来 又 有 几 [MASK] 人 没有 变化 , 当时 的 初衷 又 守住 了 多少 ?",个,个,"个, 代, 位"
"神探夏 洛克 , 才 看 了 30 分钟 , 就 觉得 很 好看 , 可惜 第一 季 才 三 <CL> , 今天 <h>可以</h> 追 完 了 !","神探夏 洛克 , 才 看 了 30 分钟 , 就 觉得 很 好看 , 可惜 第一 季 才 三 [MASK] , 今天 可以 追 完 了 !",集,集,"集, 季, 遍"
今天 输 了 2000 <CL> <h>钱</h>,今天 输 了 2000 [MASK] 钱,块,块,"块, 个, 点"
"温家宝 历史 是 人民 书写 的 没有 一 <CL> <h>政府</h> 拥有 特权 温家宝 我 之所以 一再 强调 改革 , 不仅 要 进行 经济 体制 改革 , 还 要 进行 政治 体制 改革 , 最 重要 的 就 是 政府 要 密切 联系 群众 , 倾听 群众 的 意见 和 呼声 。","温家宝 历史 是 人民 书写 的 没有 一 [MASK] 政府 拥有 特权 温家宝 我 之所以 一再 强调 改革 , 不仅 要 进行 经济 体制 改革 , 还 要 进行 政治 体制 改革 , 最 重要 的 就 是 政府 要 密切 联系 群众 , 倾听 群众 的 意见 和 呼声 。",个,个,"个, 家, 位"
"剑侠 世界 我 在 白虎堂 三 <CL> <h>黄金</h> , 谁 主 红尘 , 谁 是 英雄 。","剑侠 世界 我 在 白虎堂 三 [MASK] 黄金 , 谁 主 红尘 , 谁 是 英雄 。",层,块,"块, 把, 分"
"朋友 是 <CL> <h>幼师</h> , 人 很 单纯 很 爱 幻想 , 我 一直 觉得 她 工作 很 开心 。","朋友 是 [MASK] 幼师 , 人 很 单纯 很 爱 幻想 , 我 一直 觉得 她 工作 很 开心 。",个,名,"名, 个, 班"
昨 <CL> <h>看</h> 了 场 电影 金陵 十三衩 。,昨 [MASK] 看 了 场 电影 金陵 十三衩 。,个,次,"次, 下, 个"
宫锁 珠帘 只 看 过 <CL> <h>惊心</h> 的 路过,宫锁 珠帘 只 看 过 [MASK] 惊心 的 路过,步,个,"个, 眼, 次"
可 根据 客户 要求 制作 各 <CL> <h>规格</h> 的 羊毛 毡子 !,可 根据 客户 要求 制作 各 [MASK] 规格 的 羊毛 毡子 !,种,种,"种, 类, 个"
这 三 <CL> <h>孩纸</h> 都 感冒 了 同病 相怜 辛苦 都 死伤 不 起 啊 新年 愿望 还 是 身体 健康 啊 有 木 有 你 也 肚子 疼 我 也 是 大过 年 的 吃 太 多 了 干净 不 干净 的 往 嘴 里 塞 你 没事 了 吧,这 三 [MASK] 孩纸 都 感冒 了 同病 相怜 辛苦 都 死伤 不 起 啊 新年 愿望 还 是 身体 健康 啊 有 木 有 你 也 肚子 疼 我 也 是 大过 年 的 吃 太 多 了 干净 不 干净 的 往 嘴 里 塞 你 没事 了 吧,个,个,"个, 位, 名"
一 <CL> 精美 的 动态 <h>图片</h>,一 [MASK] 精美 的 动态 图片,组,张,"张, 组, 个"
"你 在 的 时候 , 总 有 一 <CL> <h>期待</h> !","你 在 的 时候 , 总 有 一 [MASK] 期待 !",种,种,"种, 份, 个"
必胜客 就 是 拿 各 <CL> <h>理由</h> 搪塞 我 人类 已经 无法 阻止 必胜客 续 杯 了,必胜客 就 是 拿 各 [MASK] 理由 搪塞 我 人类 已经 无法 阻止 必胜客 续 杯 了,种,种,"种, 个, 类"
"大 聲公 的 我 的 大 聲公無 與倫 比 聲音 故事 創作 影片 , 感動 了 我 立即 參加 華碩 及 英特 爾無 與倫 比 聲音 故事 影片 分享 活動 , 分享 令 您 感動 的 影片 , 就 有 機會獲 得 配備 第二 <CL> 英特爾 <h>酷睿</h> i5 處理器 N 系列 周傑 倫驚 嘆號 !","大 聲公 的 我 的 大 聲公無 與倫 比 聲音 故事 創作 影片 , 感動 了 我 立即 參加 華碩 及 英特 爾無 與倫 比 聲音 故事 影片 分享 活動 , 分享 令 您 感動 的 影片 , 就 有 機會獲 得 配備 第二 [MASK] 英特爾 酷睿 i5 處理器 N 系列 周傑 倫驚 嘆號 !",代,代,"代, 波, 次"
香港 连 <CL> 放炮 的 <h>都</h> 没有 我 好 闹 心 !,香港 连 [MASK] 放炮 的 都 没有 我 好 闹 心 !,个,个,"个, 些, 群"
"2012 年 注定 有 大 波折 的 星座 第一 <CL> <h>射手座</h> 大 波折 感情 上 会 有些 大 波折 , 如果 处理 不 好 , 很 可能 Game Over 。","2012 年 注定 有 大 波折 的 星座 第一 [MASK] 射手座 大 波折 感情 上 会 有些 大 波折 , 如果 处理 不 好 , 很 可能 Game Over 。",名,名,"名, 位, 个"
它 有 <CL> 美丽 的 <h>名字</h> 叫 紫气东来 WeicoLomo,它 有 [MASK] 美丽 的 名字 叫 紫气东来 WeicoLomo,个,个,"个, 种, 句"
"晚上 取暖 不 小心 把 鞋 底 烧 了 , 今早 就 看见 老爸 在 那儿 纳鞋 底 , 他 那 一 <CL> 的 <h>人</h> 真 是 心灵 手巧 持家 顾家 , 家里 有 他 很 踏实 , 平实 中 有 暖意 , 过 生活 的 。","晚上 取暖 不 小心 把 鞋 底 烧 了 , 今早 就 看见 老爸 在 那儿 纳鞋 底 , 他 那 一 [MASK] 的 人 真 是 心灵 手巧 持家 顾家 , 家里 有 他 很 踏实 , 平实 中 有 暖意 , 过 生活 的 。",辈,代,"代, 家, 辈"
真心 想 吧 这 <CL> <h>坑</h> 爹 的 雪 露 蓝 军装 出出 去 不过 实在 是 不 上 价 啊 留 着 闹 心 不 留 价格 闹心,真心 想 吧 这 [MASK] 坑 爹 的 雪 露 蓝 军装 出出 去 不过 实在 是 不 上 价 啊 留 着 闹 心 不 留 价格 闹心,套,个,"个, 些, 种"
谢谢 谢谢 大半夜 唱歌 给 我 听 的 那 <CL> <h>仁兄</h> 哈哈哈 可以 安心 躺下 了 晚安,谢谢 谢谢 大半夜 唱歌 给 我 听 的 那 [MASK] 仁兄 哈哈哈 可以 安心 躺下 了 晚安,位,位,"位, 个, 些"
"过 年 第三 <CL> <h>看人</h> 在 Jiong 途 发现 我 虽然 不 能 回家 , 但是 也 没 象 他们 一样 惨 。","过 年 第三 [MASK] 看人 在 Jiong 途 发现 我 虽然 不 能 回家 , 但是 也 没 象 他们 一样 惨 。",遍,次,"次, 眼, 回"
"警察 叫 来 了 大楼 的 保安 , 当 他 翻 了 半 天 终于 找到 能 打开 邻居 房门 的 那 <CL> <h>钥匙</h> 时 , 我 注意 到 它们 都 已经 锈迹 斑斑 。","警察 叫 来 了 大楼 的 保安 , 当 他 翻 了 半 天 终于 找到 能 打开 邻居 房门 的 那 [MASK] 钥匙 时 , 我 注意 到 它们 都 已经 锈迹 斑斑 。",串,把,"把, 些, 个"
补上 照片 护士长 的 几 <CL> 这个 <h>笑脸</h> 给 病人 希望,补上 照片 护士长 的 几 [MASK] 这个 笑脸 给 病人 希望,笔,句,"句, 个, 张"
一切 一切 也 都 是 为 你 而 做 你 想 以 呢 <CL> 暧昧 <h>关系</h> 继续 落去 嘛 ?,一切 一切 也 都 是 为 你 而 做 你 想 以 呢 [MASK] 暧昧 关系 继续 落去 嘛 ?,种,个,"个, 些, 等"
"430 起床 , 洗漱 , 早餐 500 出 家门 , 打 的 去长 客站 530 <CL> <h>溪</h> 沈阳 客车 出发 620 到达 沈阳 打 的 去 桃仙 机场 650 到达 机场 领 登机牌 进 候机室 800 登机 准备 起飞","430 起床 , 洗漱 , 早餐 500 出 家门 , 打 的 去长 客站 530 [MASK] 溪 沈阳 客车 出发 620 到达 沈阳 打 的 去 桃仙 机场 650 到达 机场 领 登机牌 进 候机室 800 登机 准备 起飞",本,本,"本, 家, 双"
上传 了 17 <CL> <h>照片</h> 到 相册兮陌 。,上传 了 17 [MASK] 照片 到 相册兮陌 。,张,张,"张, 幅, 个"
蓝色 S 曲线 诱惑 高清 无水印 7 <CL> <h>下载</h>,蓝色 S 曲线 诱惑 高清 无水印 7 [MASK] 下载,张,集,"集, 位, 次"
"每 <CL> <h>人</h> 都 有 他 的 秘密 , 能 告诉 别人 的 秘密 还 算是 秘密 吗 ?","每 [MASK] 人 都 有 他 的 秘密 , 能 告诉 别人 的 秘密 还 算是 秘密 吗 ?",个,个,"个, 位, 家"
这 <CL> <h>上涨</h> 的 主要 原因 和 动力 是 什么 ?,这 [MASK] 上涨 的 主要 原因 和 动力 是 什么 ?,波,种,"种, 次, 样"
原来 中间 少划 了 一 <CL> <h>额</h>,原来 中间 少划 了 一 [MASK] 额,刀,点,"点, 笔, 个"
换 <CL> <h>账号</h> 就 行 !,换 [MASK] 账号 就 行 !,个,个,"个, 下, 回"
每 <CL> <h>人</h> 都 在 勉强 自己 。,每 [MASK] 人 都 在 勉强 自己 。,个,个,"个, 种, 次"
你 妹鱼 后门 跟 战场 一 样样 的 干啥 我们 这儿 一 过 年 跟 打仗 似 的 你妹 各 <CL> <h>妹</h>,你 妹鱼 后门 跟 战场 一 样样 的 干啥 我们 这儿 一 过 年 跟 打仗 似 的 你妹 各 [MASK] 妹,种,位,"位, 种, 个"
"那 <CL> <h>说</h> 不 行 , 你 毛太多嘞 。","那 [MASK] 说 不 行 , 你 毛太多嘞 。",个,个,"个, 位, 些"
两 <CL> 都 到齐 了 真 期待 Moonlight 戴 上去 的 效果 还 有 我 想 说 的 是 水水家 的 <h>客服</h> 真心 好 支持 你 家,两 [MASK] 都 到齐 了 真 期待 Moonlight 戴 上去 的 效果 还 有 我 想 说 的 是 水水家 的 客服 真心 好 支持 你 家,幅,件,"件, 套, 款"
"在 群里聊 舞蹈 , 突然 想到 了 这个 , 第五 <CL> CCTV 舞蹈 大赛 <h>技巧</h> 展示 环节 , 妹子 小哥们 的 技巧 身段 风姿 无 一 不 醉 人 啊 , 只 可惜 没 找到 高清 版本 , BGM 也 很 给力 , 推荐","在 群里聊 舞蹈 , 突然 想到 了 这个 , 第五 [MASK] CCTV 舞蹈 大赛 技巧 展示 环节 , 妹子 小哥们 的 技巧 身段 风姿 无 一 不 醉 人 啊 , 只 可惜 没 找到 高清 版本 , BGM 也 很 给力 , 推荐",届,届,"届, 次, 季"
"转自 , 在 一 <CL> 远房 <h>亲戚</h> 家 住 了 两 天 。","转自 , 在 一 [MASK] 远房 亲戚 家 住 了 两 天 。",个,个,"个, 位, 家"
悲剧 卡 里面 还 剩 2 <CL> 01 <h>毛</h>,悲剧 卡 里面 还 剩 2 [MASK] 01 毛,块,点,"点, 块, 张"
我 正在 参加 宝岛 Eye 上 幸福 圆梦 伦敦 活动 现 正 在 伦敦 嗯 一 <CL> <h>人</h> 好 寂寞 你 快来 陪 我 吧,我 正在 参加 宝岛 Eye 上 幸福 圆梦 伦敦 活动 现 正 在 伦敦 嗯 一 [MASK] 人 好 寂寞 你 快来 陪 我 吧,个,个,"个, 家, 群"
这 是 一 <CL> 艰难 的 <h>博弈</h>,这 是 一 [MASK] 艰难 的 博弈,场,场,"场, 个, 次"
"这 <CL> <h>构图</h> 具有 突出 主体 , 使 画面 趋向 均衡 的 特点 。","这 [MASK] 构图 具有 突出 主体 , 使 画面 趋向 均衡 的 特点 。",种,种,"种, 类, 样"
"开门 , 开灯 , 开窗 , 给 我 的 草换 上 清水 , 给 自己 泡 一 <CL> 暖暖 的 <h>茶</h> 。","开门 , 开灯 , 开窗 , 给 我 的 草换 上 清水 , 给 自己 泡 一 [MASK] 暖暖 的 茶 。",杯,杯,"杯, 壶, 盏"
"126708 目前 西 二 <CL> 官园 <h>桥</h> 上 南 向 北方 向 有 事故 , 请 后 车 注意 避让 。","126708 目前 西 二 [MASK] 官园 桥 上 南 向 北方 向 有 事故 , 请 后 车 注意 避让 。",环,环,"环, 线, 路"
"和 打 了 一 <CL> <h>电话</h> , 聊 了 很多 , 可 现在 的 心情 突然 变得 很 down 。","和 打 了 一 [MASK] 电话 , 聊 了 很多 , 可 现在 的 心情 突然 变得 很 down 。",路,个,"个, 次, 通"
下 <CL> <h>住這</h> 家 試試 。,下 [MASK] 住這 家 試試 。,次,次,"次, 面, 回"
贝宁送 的 <h>烟灰缸</h> 不 敢 用 导致 每 天 一 <CL> 烟灰缸 昨天 纸杯 今天 八宝粥 罐,贝宁送 的 烟灰缸 不 敢 用 导致 每 天 一 [MASK] 烟灰缸 昨天 纸杯 今天 八宝粥 罐,种,只,"只, 把, 发"
"好像 我们 的 手机 要 成 街机 了 , 越来越 多 , 火车 上 我 旁边 一 人 还 用 <CL> <h>白的</h>","好像 我们 的 手机 要 成 街机 了 , 越来越 多 , 火车 上 我 旁边 一 人 还 用 [MASK] 白的",个,对,"对, 个, 点"
亲爱 的 出差 北京 回来 正好 给 我 带回 了 一 <CL> 红 <h>帽子</h> 。,亲爱 的 出差 北京 回来 正好 给 我 带回 了 一 [MASK] 红 帽子 。,顶,顶,"顶, 个, 颗"
"今天 考试 , 我 要 加油 , 你 地伍 信 我 考到 全 级 前 100 , 哼 , 我 就 考 比 你睇 , 话 晒 伊 两 <CL> <h>星期</h> 都 认真 左 , 我 要 加油 , 204 加油","今天 考试 , 我 要 加油 , 你 地伍 信 我 考到 全 级 前 100 , 哼 , 我 就 考 比 你睇 , 话 晒 伊 两 [MASK] 星期 都 认真 左 , 我 要 加油 , 204 加油",个,个,"个, 本, 颗"
"我 擦终于 打完 了 , 这 <CL> <h>决赛</h> 没有 失败者 , 非常 经典 的 比赛 。","我 擦终于 打完 了 , 这 [MASK] 决赛 没有 失败者 , 非常 经典 的 比赛 。",场,场,"场, 个, 次"
"花瓣网 每 日 精选 易知难 , 歌唱 演员 , 80 年代 成都 艺术圈 中 非常 抢眼 的 一 <CL> <h>女子</h> 。","花瓣网 每 日 精选 易知难 , 歌唱 演员 , 80 年代 成都 艺术圈 中 非常 抢眼 的 一 [MASK] 女子 。",个,位,"位, 个, 名"
睡 了 五 <CL> <h>小时</h> 车 上 再 睡 一会,睡 了 五 [MASK] 小时 车 上 再 睡 一会,个,个,"个, 点, 次"
今晚 hcmcc 历 <CL> <h>老板</h> 齐聚 北海,今晚 hcmcc 历 [MASK] 老板 齐聚 北海,届,任,"任, 届, 代"
", 我 投给 了 杨幂 和 谁 在一起 都行 这 1 <CL> <h>选项</h> 。",", 我 投给 了 杨幂 和 谁 在一起 都行 这 1 [MASK] 选项 。",个,个,"个, 号, 种"
"对于 湖人队 今日嘅 表现 , 我 只 能够 用 两 <CL> <h>字嚟</h> 形容 失望","对于 湖人队 今日嘅 表现 , 我 只 能够 用 两 [MASK] 字嚟 形容 失望",个,个,"个, 行, 句"
"继续 讲 回 吃 的 , 档次 上去 了 , 东 西 实在 就 是 贵 字 , 例如 吃 着 一 <CL> 再 普通 不 过 的 卤水 鹅 <h>头</h> , 后 , 哥 报价 是 300 大 元 !","继续 讲 回 吃 的 , 档次 上去 了 , 东 西 实在 就 是 贵 字 , 例如 吃 着 一 [MASK] 再 普通 不 过 的 卤水 鹅 头 , 后 , 哥 报价 是 300 大 元 !",盘,个,"个, 碗, 份"
"我 难得 看 一 <CL> 新闻 <h>联播</h> , 就 是 想 看看 她 肿么 说 马英九 连任 , 结果 它 什么 都 没 说","我 难得 看 一 [MASK] 新闻 联播 , 就 是 想 看看 她 肿么 说 马英九 连任 , 结果 它 什么 都 没 说",次,次,"次, 下, 个"
"今晚 再次 接到 那 <CL> 吓人 的 <h>电话</h> , 尼玛 的 干嘛 泄露 我 的 号码 , 尼玛 的 你们 惨 了","今晚 再次 接到 那 [MASK] 吓人 的 电话 , 尼玛 的 干嘛 泄露 我 的 号码 , 尼玛 的 你们 惨 了",个,个,"个, 种, 些"
2 <CL> <h>苹果</h> 。,2 [MASK] 苹果 。,个,个,"个, 种, 根"
女 童蕾 丝 花边 毛衣 儿童 毛衣 女 8800 元 近期 售出 2 <CL> <h>地址</h>,女 童蕾 丝 花边 毛衣 儿童 毛衣 女 8800 元 近期 售出 2 [MASK] 地址,件,个,"个, 件, 家"
"第一 <CL> <h>见面</h> 你 就 把 我 笔 盒 上 的 樱桃 小 丸子 贴纸 撕掉 在 上面 写 谁 是 你 的 白马王子 , 你 真的 很 讨厌 好 不 好 !","第一 [MASK] 见面 你 就 把 我 笔 盒 上 的 樱桃 小 丸子 贴纸 撕掉 在 上面 写 谁 是 你 的 白马王子 , 你 真的 很 讨厌 好 不 好 !",次,次,"次, 眼, 个"
", , , 猜猜 我 画 的 是 什么 , 提示 3 <CL> <h>字</h> 港 台 演员 。",", , , 猜猜 我 画 的 是 什么 , 提示 3 [MASK] 字 港 台 演员 。",个,个,"个, 名, 位"
我 没有 期待 你 说 什么 没有 没 有 期待 个屁 以后 别 发 短信 给 我 了 我 没 资格 理解 你 别 回 了 这 三 <CL> <h>字</h> 太 刺眼 !,我 没有 期待 你 说 什么 没有 没 有 期待 个屁 以后 别 发 短信 给 我 了 我 没 资格 理解 你 别 回 了 这 三 [MASK] 字 太 刺眼 !,个,个,"个, 行, 串"
"与 其 听 那些 痛彻 心扉 的 悲情 情歌 , 想 着 对方 的 变化 , 转身 , 离开 , 然后 用 委屈 的 泪水 淹没 自己 , 还 不 如 听听 能 给 你 力量 , 让 心 能 长出 另 一 <CL> <h>翅膀</h> 的 旋律 。","与 其 听 那些 痛彻 心扉 的 悲情 情歌 , 想 着 对方 的 变化 , 转身 , 离开 , 然后 用 委屈 的 泪水 淹没 自己 , 还 不 如 听听 能 给 你 力量 , 让 心 能 长出 另 一 [MASK] 翅膀 的 旋律 。",双,双,"双, 个, 只"
啥时 给 搞 <CL> Thinkpad <h>学生机</h> ?,啥时 给 搞 [MASK] Thinkpad 学生机 ?,个,个,"个, 点, 下"
"母亲 为 惨死 女儿 求助 女儿 17 岁 半夜 惨死 在 南北 广场 出租 屋 12 <CL> <h>坠下</h> 不明不白 , 她 双 手 握 拳 死 不 瞑目 。","母亲 为 惨死 女儿 求助 女儿 17 岁 半夜 惨死 在 南北 广场 出租 屋 12 [MASK] 坠下 不明不白 , 她 双 手 握 拳 死 不 瞑目 。",楼,楼,"楼, 层, 号"
"操 了 , 总 有 那么 一 <CL> <h>傻逼</h> 出现 在 老子 的 梦里 , 你 凭 什么 ?","操 了 , 总 有 那么 一 [MASK] 傻逼 出现 在 老子 的 梦里 , 你 凭 什么 ?",个,个,"个, 些, 群"
如今 A <CL> <h>迎来</h> 了 龙年 。,如今 A [MASK] 迎来 了 龙年 。,股,家,"家, 族, 门"
某 <CL> <h>神亲</h> 说 的 原话,某 [MASK] 神亲 说 的 原话,位,位,"位, 个, 些"
"第六 印 是 序幕 , 第七 印 的 前 四 <CL> <h>号筒</h> 才 是 真正 的 試煉 。","第六 印 是 序幕 , 第七 印 的 前 四 [MASK] 号筒 才 是 真正 的 試煉 。",枝,个,"个, 根, 支"
老伴 和 两 <CL> <h>女儿</h> 苦口 婆心 地 督促 我 到 户外 爬爬山 看看 海 打打拳,老伴 和 两 [MASK] 女儿 苦口 婆心 地 督促 我 到 户外 爬爬山 看看 海 打打拳,个,个,"个, 位, 名"
"一 <CL> <h>话</h> 情书 有时 , 我 只 是 想 能 有 个人 , 紧紧 抱 着 我 不 放 , 直 到 我 的 心情 真的 好 起来 。","一 [MASK] 话 情书 有时 , 我 只 是 想 能 有 个人 , 紧紧 抱 着 我 不 放 , 直 到 我 的 心情 真的 好 起来 。",句,句,"句, 段, 封"
要 像 <CL> <h>爷们</h> 一样 的 生活,要 像 [MASK] 爷们 一样 的 生活,个,个,"个, 些, 点"
"一 <CL> <h>人</h> , 还 真 有点 怕 呀","一 [MASK] 人 , 还 真 有点 怕 呀",个,个,"个, 家, 些"
我 爱 你 两 年 零三 <CL> <h>月</h> 822 days 最 好 的 笑 给 你,我 爱 你 两 年 零三 [MASK] 月 822 days 最 好 的 笑 给 你,个,个,"个, 本, 把"
"重 回 儿时 回忆 , 买 <CL> 老虎 <h>衣</h> 过 年 , 哈哈哈哈 , 好 喜欢 的 , 特别是 帽子","重 回 儿时 回忆 , 买 [MASK] 老虎 衣 过 年 , 哈哈哈哈 , 好 喜欢 的 , 特别是 帽子",件,个,"个, 件, 条"
"市内 压车 已经 崩溃 了 , 还是 不 出门 好 啊 , 中山 这 <CL> <h>人</h> 贴 人 车贴 车 了","市内 压车 已经 崩溃 了 , 还是 不 出门 好 啊 , 中山 这 [MASK] 人 贴 人 车贴 车 了",面,个,"个, 种, 样"
人生 就 是 一 <CL> <h>选择题</h> 呀 !,人生 就 是 一 [MASK] 选择题 呀 !,道,道,"道, 个, 场"
"如果 U <CL> <h>坏</h> 了 , 可以 尝试 这样 找到 相应 的 芯片 工具 重新 刷一遍","如果 U [MASK] 坏 了 , 可以 尝试 这样 找到 相应 的 芯片 工具 重新 刷一遍",盘,盘,"盘, 管, 道"
足彩妖 刀 周日 西 甲 重心 推荐 3 <CL> 赫塔菲桑坦德 <h>马拉加</h>,足彩妖 刀 周日 西 甲 重心 推荐 3 [MASK] 赫塔菲桑坦德 马拉加,场,场,"场, 分, 张"
每 <CL> <h>杀</h> 完人 总是 还 要 沉浸 在 对 与 错 里面 很 久 今天 思路 还 不 够 清楚 呀呀呀,每 [MASK] 杀 完人 总是 还 要 沉浸 在 对 与 错 里面 很 久 今天 思路 还 不 够 清楚 呀呀呀,次,次,"次, 回, 个"
"想起 一 <CL> <h>歌词</h> , 最 怕 自己 从今以后 什么 都 不 相信 。","想起 一 [MASK] 歌词 , 最 怕 自己 从今以后 什么 都 不 相信 。",句,句,"句, 首, 段"
上传 了 5 <CL> <h>照片</h> 到 相册 森林 公园,上传 了 5 [MASK] 照片 到 相册 森林 公园,张,张,"张, 组, 幅"
"前年 我 喜欢 小 德 , , , , , 没 想到 真 是 <CL> <h>汉子</h>","前年 我 喜欢 小 德 , , , , , 没 想到 真 是 [MASK] 汉子",条,个,"个, 条, 身"
救命 我 爸 爱上 王力宏 X 李云迪 了 QAQ 现在 每 天 只要 有 重播 的 春晚 都 要 看 那 <CL> <h>节目</h> 然后 特别 嗨 并且 表示 这 是 他 最 喜欢 的 节目 没有 之一,救命 我 爸 爱上 王力宏 X 李云迪 了 QAQ 现在 每 天 只要 有 重播 的 春晚 都 要 看 那 [MASK] 节目 然后 特别 嗨 并且 表示 这 是 他 最 喜欢 的 节目 没有 之一,个,个,"个, 些, 种"
"1 下午 我 娘 电话 , 貌似 过年 走 了 几 <CL> <h>亲戚</h> 被 逼急 了 , 接 其 电话 就 问 我 你 到底 有 没 有 结婚 的 可能 ?","1 下午 我 娘 电话 , 貌似 过年 走 了 几 [MASK] 亲戚 被 逼急 了 , 接 其 电话 就 问 我 你 到底 有 没 有 结婚 的 可能 ?",个,个,"个, 趟, 次"
那 是 第一 <CL> 使用 了 漂亮 印刷 字体 的 <h>电脑</h> 。,那 是 第一 [MASK] 使用 了 漂亮 印刷 字体 的 电脑 。,台,台,"台, 部, 个"
"我们 说 女性 在 她 的 一生 中 会 发生 一 <CL> 不同 于 男性 的 生理 的 <h>变化</h> , 那么 在 这些 生理 变化 的 过程 中 您 也许 注意 不 到 因此 而 带来 视力 上 的 问题 。","我们 说 女性 在 她 的 一生 中 会 发生 一 [MASK] 不同 于 男性 的 生理 的 变化 , 那么 在 这些 生理 变化 的 过程 中 您 也许 注意 不 到 因此 而 带来 视力 上 的 问题 。",系列,些,"些, 种, 个"
"折腾 了 几 天 总算 把姐 嫁 出去 了 , 深刻 的 体会 到 择偶 条件 里 多 <CL> 本 地区 <h>人</h> 是 多么 重要","折腾 了 几 天 总算 把姐 嫁 出去 了 , 深刻 的 体会 到 择偶 条件 里 多 [MASK] 本 地区 人 是 多么 重要",个,个,"个, 些, 点"
"真 好 , 看完 真 想 穿 过去 真 美 , 你 就 是 我 心 中 那 <CL> <h>口</h> 中 念 着 岁月 静 好 的 甄嬛 爱 你","真 好 , 看完 真 想 穿 过去 真 美 , 你 就 是 我 心 中 那 [MASK] 口 中 念 着 岁月 静 好 的 甄嬛 爱 你",个,个,"个, 位, 颗"
空 无 一 人 的 九 <CL> <h>市场部</h>,空 无 一 人 的 九 [MASK] 市场部,层,号,"号, 楼, 间"
"不 怕 不 怕 不 怕 , , , 还 有 一 <CL> 补考 <h>机会</h> 。","不 怕 不 怕 不 怕 , , , 还 有 一 [MASK] 补考 机会 。",次,次,"次, 个, 些"
让 我们 来 看看 2011 年 Billboard 前 十 <CL> <h>单曲</h> 的 详细 排名 吧,让 我们 来 看看 2011 年 Billboard 前 十 [MASK] 单曲 的 详细 排名 吧,位,名,"名, 张, 首"
至少 要 花上 多少 <CL> <h>年头</h> 才 能 学会 爱情 是 什么 东西,至少 要 花上 多少 [MASK] 年头 才 能 学会 爱情 是 什么 东西,个,个,"个, 次, 回"
"复 <CL> <h>习</h> , 容易么 ?","复 [MASK] 习 , 容易么 ?",个,点,"点, 个, 笔"
第一 <CL> <h>收甘多</h> 利市 !,第一 [MASK] 收甘多 利市 !,次,次,"次, 回, 个"
"Norman , 今日 繼續 放送 TV drama 確認 逃亡者 第二 <CL> 青山 <h>倫子</h> 渡辺 大福 本 清 三","Norman , 今日 繼續 放送 TV drama 確認 逃亡者 第二 [MASK] 青山 倫子 渡辺 大福 本 清 三",回,季,"季, 集, 回"
"生命 就 像 一 <CL> <h>火车</h> , 朋友 就 像 车 上 的 旅客 , 不 是 所有 人 都 能 陪 你 到 终点 。","生命 就 像 一 [MASK] 火车 , 朋友 就 像 车 上 的 旅客 , 不 是 所有 人 都 能 陪 你 到 终点 。",列,列,"列, 辆, 班"
连 看 <CL> <h>病</h> 都 不 能 坚持 的 我 还 能 做 什么 !,连 看 [MASK] 病 都 不 能 坚持 的 我 还 能 做 什么 !,个,眼,"眼, 个, 起"
"我 是 <CL> 变态 的 <h>家伙</h> , 别 惹 我","我 是 [MASK] 变态 的 家伙 , 别 惹 我",个,个,"个, 些, 群"
微 博转 了 一 <CL> 看到 很多 纠结 难耐 的 <h>状态</h> 真心 地 感叹 自己 拥有 拿 的 起放 的 下 的 本领 是 有 多 好 啊,微 博转 了 一 [MASK] 看到 很多 纠结 难耐 的 状态 真心 地 感叹 自己 拥有 拿 的 起放 的 下 的 本领 是 有 多 好 啊,圈,圈,"圈, 下, 遍"
哦哟 您 八二年 就 没 当 医生 了 自己 背 完 汤头 还 要 药性 歌括 四百 <CL> <h>点</h> 背 茯苓 ?,哦哟 您 八二年 就 没 当 医生 了 自己 背 完 汤头 还 要 药性 歌括 四百 [MASK] 点 背 茯苓 ?,味,点,"点, 分, 个"
"手机 没 电 了 , 漫长 的 16 <CL> <h>小时</h> 怎么 办 ?","手机 没 电 了 , 漫长 的 16 [MASK] 小时 怎么 办 ?",个,个,"个, 把, 块"
"让 人 幸福 的 三 <CL> <h>事情</h> 有 人爱 , 有 事 做 , 有所 期待 。","让 人 幸福 的 三 [MASK] 事情 有 人爱 , 有 事 做 , 有所 期待 。",件,件,"件, 个, 种"
"父辈 倒 是 自 幼 于 此 地 长大 , 与 此 地 感情 深厚 , 不过 我 就 没啥 感觉 了 , 同辈 之间 年龄 或者 相差 太 大 或者 三 观 差异 过 多 , 总的来说 无 太 多 的 交集 , 不过 本着 都 是 一 族 亲戚 的 出发点 , 一 <CL> <h>总不</h>","父辈 倒 是 自 幼 于 此 地 长大 , 与 此 地 感情 深厚 , 不过 我 就 没啥 感觉 了 , 同辈 之间 年龄 或者 相差 太 大 或者 三 观 差异 过 多 , 总的来说 无 太 多 的 交集 , 不过 本着 都 是 一 族 亲戚 的 出发点 , 一 [MASK] 总不",门,起,"起, 辈, 家"
"我 没 什么 大 的 愿望 , 只 希望 一 <CL> <h>人</h> 能 整整齐齐 健健康康 快快乐乐 地 生活 在一起 。","我 没 什么 大 的 愿望 , 只 希望 一 [MASK] 人 能 整整齐齐 健健康康 快快乐乐 地 生活 在一起 。",家,家,"家, 个, 辈"
北京 抽样 5000 <CL> <h>家庭</h> 算出 去年 城镇 居民 增收 7 新闻 腾讯网,北京 抽样 5000 [MASK] 家庭 算出 去年 城镇 居民 增收 7 新闻 腾讯网,户,户,"户, 个, 名"
"像 横断 山脉 中 所有 的 峡谷 一样 , 位 于 云南 迪庆 藏族 自治州 香格里拉 的 巴拉格 宗 大 峡谷 也 是 南北 走向 , 新 造山 运动 把 岗曲河河 水 深深 地 <CL> <h>压</h> 在 海拔 仅 一千多 米 的 谷底 。","像 横断 山脉 中 所有 的 峡谷 一样 , 位 于 云南 迪庆 藏族 自治州 香格里拉 的 巴拉格 宗 大 峡谷 也 是 南北 走向 , 新 造山 运动 把 岗曲河河 水 深深 地 [MASK] 压 在 海拔 仅 一千多 米 的 谷底 。",剂,封,"封, 下, 盘"
"昨天 是 土牛 他们 一 <CL> 从 小 到 大 的 兄弟 <h>来</h> 家里 作夜 , 喝酒 , 到 了 十二点 以后 , 敲锣 打鼓 挨家挨户 要 酒喝 , 很 是 热闹 。","昨天 是 土牛 他们 一 [MASK] 从 小 到 大 的 兄弟 来 家里 作夜 , 喝酒 , 到 了 十二点 以后 , 敲锣 打鼓 挨家挨户 要 酒喝 , 很 是 热闹 。",拨,群,"群, 对, 个"
"刚 开始 我 觉得 你 是 <CL> <h>拘谨</h> , 不苟言笑 的 男孩子 。","刚 开始 我 觉得 你 是 [MASK] 拘谨 , 不苟言笑 的 男孩子 。",个,个,"个, 位, 种"
自嘲 是 一 <CL> 高 层次 的 <h>幽默</h> 。,自嘲 是 一 [MASK] 高 层次 的 幽默 。,种,种,"种, 个, 场"
"我 在 净慈寺 , 这个 春节 要 跑 多少 <CL> <h>庙</h> 啊","我 在 净慈寺 , 这个 春节 要 跑 多少 [MASK] 庙 啊",个,座,"座, 个, 家"
望到 佢好 饱仲 一 <CL> <h>名牌</h>,望到 佢好 饱仲 一 [MASK] 名牌,身,身,"身, 个, 件"
"一 <CL> <h>绳子</h> 轻松 瘦 腿侧站 踢腿 针对 肌肉 腿大肌 及 外侧肌 动作 借助 椅背 支持 身体 , 侧向 坐椅 站直 , 把 健身 带捆 在 双脚 脚跟 位置 。","一 [MASK] 绳子 轻松 瘦 腿侧站 踢腿 针对 肌肉 腿大肌 及 外侧肌 动作 借助 椅背 支持 身体 , 侧向 坐椅 站直 , 把 健身 带捆 在 双脚 脚跟 位置 。",根,根,"根, 条, 支"
"我 毫 不 掩饰 倾诉 对 你 的 爱 , 千 <CL> <h>柔情似水</h> , 百依百顺 在 你 的 面前 。","我 毫 不 掩饰 倾诉 对 你 的 爱 , 千 [MASK] 柔情似水 , 百依百顺 在 你 的 面前 。",般,般,"般, 种, 次"
"给 大家 推荐 一 <CL> 金星 <h>园</h> 二手房 , 18600 平米 的 3 室 2 厅 2 卫 , 65000 万 。","给 大家 推荐 一 [MASK] 金星 园 二手房 , 18600 平米 的 3 室 2 厅 2 卫 , 65000 万 。",套,套,"套, 下, 个"
看 完 春晚 节目单 各 <CL> 觉得 不 必要 <h>看但</h> 从 节日 角度 考虑 看 春晚 又 是 一 必须 参与 的 项目 好 吧 重 在 参与,看 完 春晚 节目单 各 [MASK] 觉得 不 必要 看但 从 节日 角度 考虑 看 春晚 又 是 一 必须 参与 的 项目 好 吧 重 在 参与,种,位,"位, 种, 个"
企鹅 罐 rar 这 <CL> <h>应该</h> 是 对 的 吧,企鹅 罐 rar 这 [MASK] 应该 是 对 的 吧,次,个,"个, 样, 点"
连续 睡 不 到 五 <CL> <h>小时</h> 哪天 会 猝死 在 地铁 里 吧 这么 辛苦 是 为 哪般 啊,连续 睡 不 到 五 [MASK] 小时 哪天 会 猝死 在 地铁 里 吧 这么 辛苦 是 为 哪般 啊,个,个,"个, 点, 次"
国内 恶 银行 好 气西 了 <CL> 那 火 <h>哈堵</h> !,国内 恶 银行 好 气西 了 [MASK] 那 火 哈堵 !,册,把,"把, 对, 点"
肋膈角 那 <CL> <h>窝窝</h> 疼 的 好 厉害 。,肋膈角 那 [MASK] 窝窝 疼 的 好 厉害 。,个,个,"个, 些, 块"
来 一 <CL> 5 年 内 的 <h>目标</h> !,来 一 [MASK] 5 年 内 的 目标 !,张,个,"个, 下, 次"
"对 省委 的 前 几 <CL> 老 <h>书记</h> , 对 那些 经验 丰富 、 德高望重 的 老同志 , 新 班子 至今 还 经常 向 他们 登门 请教 。","对 省委 的 前 几 [MASK] 老 书记 , 对 那些 经验 丰富 、 德高望重 的 老同志 , 新 班子 至今 还 经常 向 他们 登门 请教 。",任,任,"任, 位, 届"
"临 走时 , 保安室 的 哥们 又 给 了 我 三 <CL> 很 <h>水</h> 我 也 不 墨迹 , 知道 自己 的 情况 , 客气 了 下 就 收下 了 。","临 走时 , 保安室 的 哥们 又 给 了 我 三 [MASK] 很 水 我 也 不 墨迹 , 知道 自己 的 情况 , 客气 了 下 就 收下 了 。",支,杯,"杯, 瓶, 个"
"我 现在 尿布 也 用 花王 了 , 爱 婴室 两 大 <CL> 300 元 <h>怎么样</h> 啊 ?","我 现在 尿布 也 用 花王 了 , 爱 婴室 两 大 [MASK] 300 元 怎么样 啊 ?",包,套,"套, 件, 箱"
"哎呀 哎呀 , 回家 炒 第一 <CL> <h>菜</h> , 手忙脚乱 的 , 额","哎呀 哎呀 , 回家 炒 第一 [MASK] 菜 , 手忙脚乱 的 , 额",顿,道,"道, 盘, 个"
"我 刚刚 在 爱 问 共 享 资料 上 传 了 资料 , 欢迎 大家 下载 分享 20102011 学年度 七 年级 数学 上 <CL> <h>期</h> 中 试题 及 答案 doc 更 多","我 刚刚 在 爱 问 共 享 资料 上 传 了 资料 , 欢迎 大家 下载 分享 20102011 学年度 七 年级 数学 上 [MASK] 期 中 试题 及 答案 doc 更 多",册,册,"册, 卷, 下"
"过期 一 <CL> 多 <h>月</h> 了 , 我 还 吃么 ?","过期 一 [MASK] 多 月 了 , 我 还 吃么 ?",个,个,"个, 把, 颗"
"五 年 了 , 三 <CL> <h>月</h> 的 疯狂 , 走到 最后 , 反而 默默 的 安静 下来 , 难道 真 的 是 因为 大家 的 离别 和 淡忘么 , 还是 自己 所 期望 的 呢 ?","五 年 了 , 三 [MASK] 月 的 疯狂 , 走到 最后 , 反而 默默 的 安静 下来 , 难道 真 的 是 因为 大家 的 离别 和 淡忘么 , 还是 自己 所 期望 的 呢 ?",个,个,"个, 把, 点"
我 做 了 <CL> 不 重要 的 决定 什么 负 责任 的 恋爱 <h>者</h> 滚 你 奶奶 的 吧 我 就 是 一 混蛋 混蛋,我 做 了 [MASK] 不 重要 的 决定 什么 负 责任 的 恋爱 者 滚 你 奶奶 的 吧 我 就 是 一 混蛋 混蛋,个,个,"个, 些, 件"
"只 是 我 也 迟迟 看 不 到 你 让 我 融进 你 的 生活 , 在 你 朋友 那里 , 有 我 这么 一 <CL> <h>人</h> 吗 ?","只 是 我 也 迟迟 看 不 到 你 让 我 融进 你 的 生活 , 在 你 朋友 那里 , 有 我 这么 一 [MASK] 人 吗 ?",号,个,"个, 群, 种"
余文乐 吧 每 日 签到 2012 年 1 月 17 日 可 乐 签到 <CL> http t <h>cn</h> z0ep6 MO 各位 早安 起床 啦 早餐 时间 到,余文乐 吧 每 日 签到 2012 年 1 月 17 日 可 乐 签到 [MASK] http t cn z0ep6 MO 各位 早安 起床 啦 早餐 时间 到,帖,发,"发, 楼, 点"
去年 我国 43 亿 <CL> <h>遭受</h> 自然 灾害 1126 人 死亡,去年 我国 43 亿 [MASK] 遭受 自然 灾害 1126 人 死亡,人次,次,"次, 户, 名"
樱花妹 这 <CL> 福利 <h>真好</h>,樱花妹 这 [MASK] 福利 真好,次,个,"个, 次, 种"
最后 一 <CL> <h>岗</h> 。,最后 一 [MASK] 岗 。,班,个,"个, 座, 排"
被 一 個惡夢 驚醒 了 出 了 一 <CL> <h>汗</h> 真的 不 是 非 一般 真實 看來 今晚 我 是 睡 不 著 的 了,被 一 個惡夢 驚醒 了 出 了 一 [MASK] 汗 真的 不 是 非 一般 真實 看來 今晚 我 是 睡 不 著 的 了,身,身,"身, 把, 口"
"对 文昌 宫 、 文昌 君 不 感 兴趣 , 说 我 木然 , 那 等 你 看到 我 对 七 <CL> <h>山</h> 边 的 那些 古柏 感 兴趣 的 样子 , 你 定然 会 认为 我 的 脑子 有 毛病 。","对 文昌 宫 、 文昌 君 不 感 兴趣 , 说 我 木然 , 那 等 你 看到 我 对 七 [MASK] 山 边 的 那些 古柏 感 兴趣 的 样子 , 你 定然 会 认为 我 的 脑子 有 毛病 。",曲,台,"台, 座, 棵"
总是 那 <CL> <h>脸</h> 。,总是 那 [MASK] 脸 。,张,张,"张, 个, 副"
目的 : 有助于 触 球 时 的 方正 <CL> <h>面</h> 。,目的 : 有助于 触 球 时 的 方正 [MASK] 面 。,杆,手,"手, 路, 场"
"发表 了 博文 回归 好久 没有 玩 新浪 博客 了 , 回来 看看 , 补充 <CL> <h>资料</h> 爱好 , 同步 微博 。","发表 了 博文 回归 好久 没有 玩 新浪 博客 了 , 回来 看看 , 补充 [MASK] 资料 爱好 , 同步 微博 。",些,下,"下, 点, 些"
湖南 卫视 在 放 着 上 一 年 快乐 大 本营 言承旭 我 的 第一 <CL> <h>偶像</h> 。,湖南 卫视 在 放 着 上 一 年 快乐 大 本营 言承旭 我 的 第一 [MASK] 偶像 。,个,个,"个, 位, 任"
"没有 撑到 十二点 , 因为 要 赶早 <CL> <h>飞机</h> 回 上海 对 不 起 哈 祝 乃 一 年 比 一 年 高 富帅 等 我 到 家 送图 给 乃么么哒","没有 撑到 十二点 , 因为 要 赶早 [MASK] 飞机 回 上海 对 不 起 哈 祝 乃 一 年 比 一 年 高 富帅 等 我 到 家 送图 给 乃么么哒",点,班,"班, 下, 点"
"高 一 寒假 全 科 强化班 网校 <h>课程</h> 在 现有 优惠 上 , 再 享受 88 折 优惠 包括 高 一 上 下 学期 语文 数学 英语 物理 化学 生物 地理 等 全部 课程 , 共 11 <CL> 课程","高 一 寒假 全 科 强化班 网校 课程 在 现有 优惠 上 , 再 享受 88 折 优惠 包括 高 一 上 下 学期 语文 数学 英语 物理 化学 生物 地理 等 全部 课程 , 共 11 [MASK] 课程",个,通,"通, 只, 对"
早起 这 <CL> <h>事</h> 是 要 多 痛苦 有 多 痛苦,早起 这 [MASK] 事 是 要 多 痛苦 有 多 痛苦,档子,件,"件, 种, 个"
"金秋 时节 , 层林尽染 , 依山傍水 的 徽派 古 村落 形成 了 一 <CL> 天人合一 的 水墨 <h>山水画</h> , 显得 静谧 悠远 。","金秋 时节 , 层林尽染 , 依山傍水 的 徽派 古 村落 形成 了 一 [MASK] 天人合一 的 水墨 山水画 , 显得 静谧 悠远 。",幅,幅,"幅, 副, 面"
肥 了 两 <CL> 回到 汕头 当站 上 体重 秤 的 那 一 <h>瞬间</h> 尼玛 什么 的 都 阻止 不 了 我 减肥 的 步伐 !,肥 了 两 [MASK] 回到 汕头 当站 上 体重 秤 的 那 一 瞬间 尼玛 什么 的 都 阻止 不 了 我 减肥 的 步伐 !,圈,圈,"圈, 次, 块"
刘俐俐 张绍 刚 场 上 互掐 俩 <CL> <h>人</h> 都 有 错 。,刘俐俐 张绍 刚 场 上 互掐 俩 [MASK] 人 都 有 错 。,个,个,"个, 本, 路"
好 彩有哩 <CL> <h>微博</h> 可以 让 硪对伱 表白 吖吖 好 中意 伱吖吖 !,好 彩有哩 [MASK] 微博 可以 让 硪对伱 表白 吖吖 好 中意 伱吖吖 !,个,个,"个, 条, 段"
"我 希望 永远 不 要 再 听到 希望 工程 这 四 <CL> <h>字</h> , 这 都 应该 是 政府 的 基础 工程 。","我 希望 永远 不 要 再 听到 希望 工程 这 四 [MASK] 字 , 这 都 应该 是 政府 的 基础 工程 。",个,个,"个, 行, 块"
今天 又 是 一 <CL> 大 <h>丰收</h> !,今天 又 是 一 [MASK] 大 丰收 !,个,个,"个, 次, 场"
还 有 <CL> <h>经典</h> 的,还 有 [MASK] 经典 的,个,些,"些, 个, 点"
黑 的 这 几 <CL> 我 还 蛮 喜欢 的 其他 的 <h>个人</h> 觉得 莎拉伯顿 的 设计 太 纯净 了 有点 唯美 不 像 麦昆 一向 的 诡异 和 黑暗 亚历山大 麦昆 海洋 生物 的 艺术 之 作 17,黑 的 这 几 [MASK] 我 还 蛮 喜欢 的 其他 的 个人 觉得 莎拉伯顿 的 设计 太 纯净 了 有点 唯美 不 像 麦昆 一向 的 诡异 和 黑暗 亚历山大 麦昆 海洋 生物 的 艺术 之 作 17,套,款,"款, 个, 张"
"这 <CL> <h>人</h> 会 间歇 的 尝试 与 人 亲近 接触 , 但 却 常常 失败 。","这 [MASK] 人 会 间歇 的 尝试 与 人 亲近 接触 , 但 却 常常 失败 。",类,种,"种, 些, 类"
打 了 <CL> 下午 <h>篮球</h> 。,打 了 [MASK] 下午 篮球 。,个,个,"个, 下, 些"
"我 亲爱 的 妈 有 <CL> 异于 常人 的 <h>本领</h> , 就 是 在 你 心情 灿烂 的 时候 能够 让 你 突然 抑郁 沉沦 , 觉得 昏 天地 暗 的 !","我 亲爱 的 妈 有 [MASK] 异于 常人 的 本领 , 就 是 在 你 心情 灿烂 的 时候 能够 让 你 突然 抑郁 沉沦 , 觉得 昏 天地 暗 的 !",个,个,"个, 种, 些"
"剩余 两 天 课 一 天 早起 , 两 <CL> <h>省考</h>","剩余 两 天 课 一 天 早起 , 两 [MASK] 省考",次,次,"次, 个, 点"
晨 锅 这 <CL> 你 不 是 亮点 亮点 是 你 后面 的 内位 <h>姐姐</h> 哇 表情 帝丫,晨 锅 这 [MASK] 你 不 是 亮点 亮点 是 你 后面 的 内位 姐姐 哇 表情 帝丫,次,个,"个, 位, 样"
"沉睡 在 E <CL> 中 的 <h>苍老师</h> , 阔别 多日 , 你 还 好么 ?","沉睡 在 E [MASK] 中 的 苍老师 , 阔别 多日 , 你 还 好么 ?",盘,声,"声, 曲, 群"
等 采访 一 <CL> <h>代表</h> 。,等 采访 一 [MASK] 代表 。,个,个,"个, 些, 下"
"今天 董事长 在 睡午觉 , 和 他 老爸 行走 在 讨债 的 康庄 大道 上 , 收回 一 <CL> <h>白条</h> !","今天 董事长 在 睡午觉 , 和 他 老爸 行走 在 讨债 的 康庄 大道 上 , 收回 一 [MASK] 白条 !",张,张,"张, 条, 些"
"意大利 倾覆 <h>游轮</h> 乘客 称 场景 如 泰坦尼克 惨剧 1 <CL> 豪华 游轮 在 意大利 近海 触礁 倾覆 , 幸存 乘客 描述 称 , 当时 大部分 乘客 都 在 用 晚餐 , 突来 的 巨响 打断 了 欢乐 气氛 。","意大利 倾覆 游轮 乘客 称 场景 如 泰坦尼克 惨剧 1 [MASK] 豪华 游轮 在 意大利 近海 触礁 倾覆 , 幸存 乘客 描述 称 , 当时 大部分 乘客 都 在 用 晚餐 , 突来 的 巨响 打断 了 欢乐 气氛 。",艘,版,"版, 片, 级"
回家 四 <CL> <h>钟</h> 又 长安 !,回家 四 [MASK] 钟 又 长安 !,个,分,"分, 点, 个"
"看到 微博 有 这么 一 <CL> <h>话</h> 你 总怪 我 , 对 你 过分 依赖 , 很 奇怪 没有 你 我 该 怎么 办 。","看到 微博 有 这么 一 [MASK] 话 你 总怪 我 , 对 你 过分 依赖 , 很 奇怪 没有 你 我 该 怎么 办 。",句,句,"句, 段, 个"
"VICTIM 2012 年 春夏 系列 <h>新品</h> 型录 日本 品牌 Victim 在 今日 揭露 明 年度 春夏 新品 的 型录 , 可以 看到 一 <CL> 轻便 而 有形 的 薄 外套 , 以 皮革 材料 与 帽夹 的 搭配 为主 也 有 轻便 具 机能性 的 风衣 外套 , 可 搭配 出 具有 outdoor 风格 的 穿 搭 。","VICTIM 2012 年 春夏 系列 新品 型录 日本 品牌 Victim 在 今日 揭露 明 年度 春夏 新品 的 型录 , 可以 看到 一 [MASK] 轻便 而 有形 的 薄 外套 , 以 皮革 材料 与 帽夹 的 搭配 为主 也 有 轻便 具 机能性 的 风衣 外套 , 可 搭配 出 具有 outdoor 风格 的 穿 搭 。",系列,包,"包, 面, 列"
炮火连天 啊 过 年 的 气息 就 是 这样 满 天 的 火药味 买 了 几 <CL> 旺旺 <h>大礼包</h> 送 人 你 旺 我 旺 大家 旺,炮火连天 啊 过 年 的 气息 就 是 这样 满 天 的 火药味 买 了 几 [MASK] 旺旺 大礼包 送 人 你 旺 我 旺 大家 旺,包,个,"个, 盒, 张"
准备 第三 <CL> <h>喔耶</h>,准备 第三 [MASK] 喔耶,轮,集,"集, 季, 波"
"新年 第一 天 , 我 做 了 一 <CL> 浪漫 的 <h>梦</h> , 醒 了 。","新年 第一 天 , 我 做 了 一 [MASK] 浪漫 的 梦 , 醒 了 。",个,个,"个, 场, 次"
大年 初一 因为 要 上班 又 是 一 <CL> <h>人</h> 在 家 好 不 开心 啊,大年 初一 因为 要 上班 又 是 一 [MASK] 人 在 家 好 不 开心 啊,个,个,"个, 家, 群"
穿上 一 <CL> 帅气 的 <h>西装</h> 。,穿上 一 [MASK] 帅气 的 西装 。,身,身,"身, 件, 套"
"一 生 最 重要 的 三 <CL> <h>日子</h> 世界 上 有 你 的 那 天 , 世界 上 有 我 的 那 天 , 我 和 你 成为 我们 的 那 一 天 。","一 生 最 重要 的 三 [MASK] 日子 世界 上 有 你 的 那 天 , 世界 上 有 我 的 那 天 , 我 和 你 成为 我们 的 那 一 天 。",个,个,"个, 种, 件"
中国 大人 秀 居然 把 冠军 给 了 一 <CL> 唱 男人 歌 还 走音 的 <h>女人</h> 。,中国 大人 秀 居然 把 冠军 给 了 一 [MASK] 唱 男人 歌 还 走音 的 女人 。,个,个,"个, 位, 些"
138 我 想 是 那 <CL> 坚强 又 美丽 的 <h>人</h> 。,138 我 想 是 那 [MASK] 坚强 又 美丽 的 人 。,种,个,"个, 样, 种"
"上海 中医药 大学 药学院 副院长 陶建生 曾 道破 天机 考验 一 <CL> <h>药品</h> 能否 服用 , 无非 看 两 点 一 是 疗效 , 一 是 安全 。","上海 中医药 大学 药学院 副院长 陶建生 曾 道破 天机 考验 一 [MASK] 药品 能否 服用 , 无非 看 两 点 一 是 疗效 , 一 是 安全 。",种,种,"种, 款, 个"
"5 在 中央 空调 室内 摆放 一 <CL> <h>水</h> 或 使用 保湿机 , 避免 泪液 蒸发 过 多","5 在 中央 空调 室内 摆放 一 [MASK] 水 或 使用 保湿机 , 避免 泪液 蒸发 过 多",盆,盆,"盆, 杯, 桶"
"结果 11 点 去 到 根据 点 , 又 给 灌 了 近 2 <CL> <h>啤酒</h> 。","结果 11 点 去 到 根据 点 , 又 给 灌 了 近 2 [MASK] 啤酒 。",支,瓶,"瓶, 杯, 桶"
老娘 法眼 一 开 就 知道 你 是 <CL> <h>妖孽</h> 了 。,老娘 法眼 一 开 就 知道 你 是 [MASK] 妖孽 了 。,个,个,"个, 些, 下"
"也许 错过 了 就 错过 了 , 时间 会 帮 我 换 一 <CL> 新 的 <h>梦</h> !","也许 错过 了 就 错过 了 , 时间 会 帮 我 换 一 [MASK] 新 的 梦 !",个,个,"个, 次, 份"
"过敏 体质 的 人 伤 不 起 中午 吃 了 <CL> 桂林 <h>米粉</h> , 脸 又 红 又 肿跟 猪头 一样 , 主管 第一 反应 就 是 嫌 我 丑","过敏 体质 的 人 伤 不 起 中午 吃 了 [MASK] 桂林 米粉 , 脸 又 红 又 肿跟 猪头 一样 , 主管 第一 反应 就 是 嫌 我 丑",碗,碗,"碗, 个, 点"
隔离 玩 单机 游戏 果 <CL> 就 免 提 啦嘉骅 <h>话斋</h> so what,隔离 玩 单机 游戏 果 [MASK] 就 免 提 啦嘉骅 话斋 so what,个,盘,"盘, 个, 粒"
"6 生活 太 艰难 了 , 为了 多 掌握 一 <CL> 吃饭 的 <h>手艺</h> , 我 正在 练习 左 手 使 筷子 。","6 生活 太 艰难 了 , 为了 多 掌握 一 [MASK] 吃饭 的 手艺 , 我 正在 练习 左 手 使 筷子 。",门,些,"些, 点, 下"
分享 一 <CL> 来自 酷狗 音乐 的 <h>歌曲</h> 许巍 曾经 的 你 分享 自 酷 狗 音乐,分享 一 [MASK] 来自 酷狗 音乐 的 歌曲 许巍 曾经 的 你 分享 自 酷 狗 音乐,首,首,"首, 段, 些"
"今天 的 春节 愿望 姐要 热 血 地 好好 学习 , 积极 向上 , 立志 做 一 <CL> 视 钱财 如 粪土 的 <h>屎壳郎</h> , !","今天 的 春节 愿望 姐要 热 血 地 好好 学习 , 积极 向上 , 立志 做 一 [MASK] 视 钱财 如 粪土 的 屎壳郎 , !",个,个,"个, 名, 位"
"来 乡下 吃 餐饭 , 也 要 带 着 目的 来 的 , 都 是 一 <CL> 想 巴结 黑暗 的 官僚主义 的 无良 <h>商人</h> , 也 有 想 寻找 财路 物识 商人 的 父母官 , 官臭 加上 铜臭 的 社会 早 已 猥亵 了 我们 美好 的 理想","来 乡下 吃 餐饭 , 也 要 带 着 目的 来 的 , 都 是 一 [MASK] 想 巴结 黑暗 的 官僚主义 的 无良 商人 , 也 有 想 寻找 财路 物识 商人 的 父母官 , 官臭 加上 铜臭 的 社会 早 已 猥亵 了 我们 美好 的 理想",伙,些,"些, 群, 个"
各 <CL> <h>红包</h> 塞进 口袋 。,各 [MASK] 红包 塞进 口袋 。,种,种,"种, 类, 个"
我 自己 处理 这 <CL> <h>事</h> 好 了 。,我 自己 处理 这 [MASK] 事 好 了 。,件,件,"件, 些, 个"
有 没有 哪 一 <CL> <h>人</h> 愿意 为了 自己 的 女朋友 而 不 抽烟 呢,有 没有 哪 一 [MASK] 人 愿意 为了 自己 的 女朋友 而 不 抽烟 呢,个,个,"个, 种, 类"
"新年 注册 <CL> <h>微博</h> , 说说 身边 的 事 。","新年 注册 [MASK] 微博 , 说说 身边 的 事 。",个,个,"个, 发, 点"
他 在 信 的 末尾处 写道 祝 你 度过 一 <CL> 愉快 的 <h>晚年</h> !,他 在 信 的 末尾处 写道 祝 你 度过 一 [MASK] 愉快 的 晚年 !,个,个,"个, 段, 次"
"此后 罗马 天主教 曾 派出 七 <CL> 主教 <h>来华</h> 协助 孟德 高 维 诺 传教 , 其中 有 三 人 到达 , 并 开辟 了 泉州 等 主教 区 。","此后 罗马 天主教 曾 派出 七 [MASK] 主教 来华 协助 孟德 高 维 诺 传教 , 其中 有 三 人 到达 , 并 开辟 了 泉州 等 主教 区 。",个,位,"位, 名, 个"
以 一 <CL> <h>旅行者</h> 在 路 上 的 心态 入眠 !,以 一 [MASK] 旅行者 在 路 上 的 心态 入眠 !,个,个,"个, 位, 种"
但 我 至少 捡到 了 一 <CL> <h>爱</h> 。,但 我 至少 捡到 了 一 [MASK] 爱 。,份,份,"份, 点, 种"
"早上 五点 起床 , 给 孩子们 化妆 , 给 他们 找 10 <CL> <h>楼</h> 考点 , 和 他们 一起 排 长长 的 队 , 和 他们 说 加油 , 看 着 他们 进 考场 , 希望 他们 都 能 考 个好 成绩 。","早上 五点 起床 , 给 孩子们 化妆 , 给 他们 找 10 [MASK] 楼 考点 , 和 他们 一起 排 长长 的 队 , 和 他们 说 加油 , 看 着 他们 进 考场 , 希望 他们 都 能 考 个好 成绩 。",号,号,"号, 层, 个"
"早上 搬 行李 , 又 跑到 其他 <CL> <h>傻乎乎</h> 说 怎么 开 不 了 门 。","早上 搬 行李 , 又 跑到 其他 [MASK] 傻乎乎 说 怎么 开 不 了 门 。",栋,家,"家, 处, 楼"
三星路 <CL> <h>香酥</h> 鸡咯,三星路 [MASK] 香酥 鸡咯,次,口,"口, 线, 面"
"远远 望去 , 地点 好像 就 是 旅馆 门口 , 战战兢兢潜 过去 , 原来 是 抓 了 三 <CL> 墨西哥 偷 车 小 <h>贼</h> 。","远远 望去 , 地点 好像 就 是 旅馆 门口 , 战战兢兢潜 过去 , 原来 是 抓 了 三 [MASK] 墨西哥 偷 车 小 贼 。",个,个,"个, 名, 只"
我 爱 死 这 <CL> <h>日志</h> 了,我 爱 死 这 [MASK] 日志 了,篇,篇,"篇, 个, 条"
很 讨厌 有些 人 半夜 三 <CL> <h>烧</h> 炮长 !,很 讨厌 有些 人 半夜 三 [MASK] 烧 炮长 !,间,点,"点, 次, 餐"
7 两 <CL> B 型 血 的 <h>人生</h> 出 的 孩子 是 2 B 的 吧 ?,7 两 [MASK] B 型 血 的 人生 出 的 孩子 是 2 B 的 吧 ?,个,个,"个, 种, 位"
我 是 <CL> 保守 的 <h>人</h> 。,我 是 [MASK] 保守 的 人 。,个,个,"个, 位, 些"
除夕 最 大 愿望 就 是 一 亲戚 给 我 一 <CL> 薄薄 的 <h>红包</h> 对 我 说 钱 太 多 了 装 不 进去 里面 有 张卡密码 是 你 生日 自己 去取 哈哈 有 同 感同 鞋 的 转发,除夕 最 大 愿望 就 是 一 亲戚 给 我 一 [MASK] 薄薄 的 红包 对 我 说 钱 太 多 了 装 不 进去 里面 有 张卡密码 是 你 生日 自己 去取 哈哈 有 同 感同 鞋 的 转发,个,个,"个, 张, 块"
"过 了 起飞 时间 还 有 十二 <CL> <h>人</h> 没有 登机 , 争分夺秒 的 春运 啊 , 伤 不 起","过 了 起飞 时间 还 有 十二 [MASK] 人 没有 登机 , 争分夺秒 的 春运 啊 , 伤 不 起",个,个,"个, 号, 组"
"终于 到家 了 , 还是 家 里 好 啊 , 虽然 没 暖气 可 是 杭州 的 那 <CL> <h>暖和</h> 多 了 !","终于 到家 了 , 还是 家 里 好 啊 , 虽然 没 暖气 可 是 杭州 的 那 [MASK] 暖和 多 了 !",间,个,"个, 种, 样"
"我 讨厌 别人 跟 我 说 呵呵 , 讨厌 别人 跟 我 说 对 不 起 , 如果 是 这 两 <CL> <h>词</h> , 我 宁愿 你别 跟 我 说话 , 我 用 不 着","我 讨厌 别人 跟 我 说 呵呵 , 讨厌 别人 跟 我 说 对 不 起 , 如果 是 这 两 [MASK] 词 , 我 宁愿 你别 跟 我 说话 , 我 用 不 着",个,个,"个, 种, 句"
等 一 <CL> <h>晴天</h>,等 一 [MASK] 晴天,个,个,"个, 下, 次"
刚 在 南京 见 了 一 <CL> 粉色 <h>哑光</h> 奔驰 真 骚包,刚 在 南京 见 了 一 [MASK] 粉色 哑光 奔驰 真 骚包,个,个,"个, 辆, 件"
发表 了 博文 完美 婚恋 关系 的 三 <CL> <h>标准</h> !,发表 了 博文 完美 婚恋 关系 的 三 [MASK] 标准 !,个,个,"个, 种, 条"
"我 刚刚 通过 下载 了 安信 证券 宏观 研究 2012 年 1 月 产能 周期 理论 概述 之 二一 <CL> 基于 国际 收支 变化 的 分析 框架 <h>pdf</h> , 推荐 给 大家 !","我 刚刚 通过 下载 了 安信 证券 宏观 研究 2012 年 1 月 产能 周期 理论 概述 之 二一 [MASK] 基于 国际 收支 变化 的 分析 框架 pdf , 推荐 给 大家 !",个,个,"个, 套, 种"
上传 了 1 <CL> <h>照片</h> 到 相册 animation,上传 了 1 [MASK] 照片 到 相册 animation,张,张,"张, 个, 幅"
"她 不必 问 寒 道 暖 , 光是 那 一 <CL> <h>微微的</h> 笑容 就 把 就餐 者 浑身 的 疲惫 、 枯燥 的 心田 熨 得 平展展 的 。","她 不必 问 寒 道 暖 , 光是 那 一 [MASK] 微微的 笑容 就 把 就餐 者 浑身 的 疲惫 、 枯燥 的 心田 熨 得 平展展 的 。",缕,个,"个, 丝, 种"
"万 能 的 微博君 , 赏 我 <CL> <h>结局</h> 呗","万 能 的 微博君 , 赏 我 [MASK] 结局 呗",个,个,"个, 下, 点"
比 一 <CL> 还 <h>堵</h> 。,比 一 [MASK] 还 堵 。,环,路,"路, 般, 次"
每 天 看 几百 <CL> 厚 的 <h>书</h> 而且 还 有 密密麻麻 的 理论 公式 和 定理 记人 名都 怪难 的 什么 凯恩斯 恩格尔 云云 你们 好好 在 西方 做 研究 为何 还 来 毒害 我们 ?,每 天 看 几百 [MASK] 厚 的 书 而且 还 有 密密麻麻 的 理论 公式 和 定理 记人 名都 怪难 的 什么 凯恩斯 恩格尔 云云 你们 好好 在 西方 做 研究 为何 还 来 毒害 我们 ?,页,页,"页, 本, 册"
跟萌 妹子 一 下午 连刷 了 两 <CL> 几么 <h>圆满</h> 哈 皮,跟萌 妹子 一 下午 连刷 了 两 [MASK] 几么 圆满 哈 皮,遍,个,"个, 次, 张"
"换 了 两 <CL> <h>地铁</h> , 都 坐 过 站 。","换 了 两 [MASK] 地铁 , 都 坐 过 站 。",趟,次,"次, 趟, 个"
"生日 快乐 啊 甘 多 年 啦 , 中 记得 第一 <CL> <h>参加</h> 你 生日 party 间 麦当劳 衣家 都 已经 拆 左咯 , 不过 我 地 之间点 都 系 吾 变嘎 , 今日 同 吾 到 你 庆祝 啦 , 不过 你 今日 同 以后 都 要 开开 心心","生日 快乐 啊 甘 多 年 啦 , 中 记得 第一 [MASK] 参加 你 生日 party 间 麦当劳 衣家 都 已经 拆 左咯 , 不过 我 地 之间点 都 系 吾 变嘎 , 今日 同 吾 到 你 庆祝 啦 , 不过 你 今日 同 以后 都 要 开开 心心",次,次,"次, 个, 届"
大家 快 D 来海珠 花市 C132 档 之前 有条 微 薄 话 转 左 有 奖品 原来 系真噶 我 抽 中 左 <CL> <h>HelloKitty</h> 大家 快 D 来 啊,大家 快 D 来海珠 花市 C132 档 之前 有条 微 薄 话 转 左 有 奖品 原来 系真噶 我 抽 中 左 [MASK] HelloKitty 大家 快 D 来 啊,个,个,"个, 架, 次"
"饿 的 失眠 , 好 想 <CL> <h>火锅</h> 。","饿 的 失眠 , 好 想 [MASK] 火锅 。",次,点,"点, 下, 回"
"小 年 来 了 以前 过 小 年 的 时候 , 要 往 灶 门 上 涂 红糖 , 现在 终于 知道 这 是 为什么 了 据说 这 一 天 , 灶王爷 都 要 上天 向 玉皇大帝 报告 这 一 <CL> <h>人</h> 的 善恶 , 让 玉皇大帝 赏 罚 。","小 年 来 了 以前 过 小 年 的 时候 , 要 往 灶 门 上 涂 红糖 , 现在 终于 知道 这 是 为什么 了 据说 这 一 天 , 灶王爷 都 要 上天 向 玉皇大帝 报告 这 一 [MASK] 人 的 善恶 , 让 玉皇大帝 赏 罚 。",家,家,"家, 代, 个"
首 <CL> <h>张宗昌</h> 大骂 读书人 是 狗屁,首 [MASK] 张宗昌 大骂 读书人 是 狗屁,发,席,"席, 次, 批"
今晚 开车 那 <CL> 很 怀念 很 怀念 的 <h>感觉</h>,今晚 开车 那 [MASK] 很 怀念 很 怀念 的 感觉,段,种,"种, 个, 段"
"如果 天气 不 好 , 就 在 家 泡 <CL> <h>茶</h> , 看看 书 , 听听 歌 。","如果 天气 不 好 , 就 在 家 泡 [MASK] 茶 , 看看 书 , 听听 歌 。",壶,杯,"杯, 个, 壶"
女人 一定 要 找 <CL> 会 欣赏 自己 的 <h>男人</h> !,女人 一定 要 找 [MASK] 会 欣赏 自己 的 男人 !,个,个,"个, 些, 对"
"受 苹果 公司 的 iPod 和 iPhone 等 一 <CL> <h>产品</h> 的 影响 , 以 英文 字母 i 开头 俨然 已经","受 苹果 公司 的 iPod 和 iPhone 等 一 [MASK] 产品 的 影响 , 以 英文 字母 i 开头 俨然 已经",系列,些,"些, 类, 批"
生命 不 是 一 <CL> <h>dota</h> 。,生命 不 是 一 [MASK] dota 。,局,场,"场, 个, 部"
我 家 的 沙滩 变得 一点 也 不 漂亮 了 不 喜欢 了 像 <CL> <h>垃圾堆</h> 一样,我 家 的 沙滩 变得 一点 也 不 漂亮 了 不 喜欢 了 像 [MASK] 垃圾堆 一样,个,个,"个, 堆, 座"
"向 我 弟弟 请教 英语 , 还 帮取 我 了 一 <CL> 英文 <h>名</h> 。","向 我 弟弟 请教 英语 , 还 帮取 我 了 一 [MASK] 英文 名 。",个,个,"个, 下, 些"
http t cn h4QJCa 我 用 魔幻 古筝 演奏 了 一 <CL> 动听 的 <h>梅花</h> 三 弄 。,http t cn h4QJCa 我 用 魔幻 古筝 演奏 了 一 [MASK] 动听 的 梅花 三 弄 。,曲,曲,"曲, 首, 段"
世界 上 的 另 一 <CL> 我 <h>心理氧</h> 吧 心理网,世界 上 的 另 一 [MASK] 我 心理氧 吧 心理网,个,个,"个, 种, 面"
"一 <CL> 好 <h>鞋</h> 不 要 在乎 外观 是 不 是 好看 精致 , 穿 的 是否 合脚 只有 自己 知道 。","一 [MASK] 好 鞋 不 要 在乎 外观 是 不 是 好看 精致 , 穿 的 是否 合脚 只有 自己 知道 。",双,双,"双, 只, 个"
是 这 <CL> <h>话</h>,是 这 [MASK] 话,句,句,"句, 个, 些"
大早 上 打 电话 说 少 给 他 一 <CL> <h>运费</h> !,大早 上 打 电话 说 少 给 他 一 [MASK] 运费 !,笔,点,"点, 些, 个"
收 了 <CL> <h>红包</h> 嘎嘎,收 了 [MASK] 红包 嘎嘎,个,个,"个, 张, 点"
"肤色 黝黑 的 空少 一 <CL> 短 <h>打扮</h> , 开始 兜售 酒水 饮料 方便面啥 的 。","肤色 黝黑 的 空少 一 [MASK] 短 打扮 , 开始 兜售 酒水 饮料 方便面啥 的 。",身,身,"身, 个, 袭"
"朋友 都 回去 了 , 只 剩下 我 一 <CL> <h>人</h> 了 , 唉 !","朋友 都 回去 了 , 只 剩下 我 一 [MASK] 人 了 , 唉 !",个,家,"家, 个, 些"
你们 快 去 看 我 人人 分享 的 那 <CL> <h>文章</h> !,你们 快 去 看 我 人人 分享 的 那 [MASK] 文章 !,篇,篇,"篇, 些, 个"
今晚 葛个 <h>婚礼</h> 真系 好 浪漫 啊 好 温馨仲 好 感动 啊 搞到 d 观众 都 泪 汪汪 甘 呢 <CL> 婚礼 够 晒 豪华咯 羡慕 不 来,今晚 葛个 婚礼 真系 好 浪漫 啊 好 温馨仲 好 感动 啊 搞到 d 观众 都 泪 汪汪 甘 呢 [MASK] 婚礼 够 晒 豪华咯 羡慕 不 来,个,个,"个, 下, 对"
"只 是 突然 极 心疼 在 这 一 行 工作 了 那么 久 的 爸爸 , 等 休息 了 一定 要 买 <CL> 最 好 的 <h>护手霜</h> 给 他 。","只 是 突然 极 心疼 在 这 一 行 工作 了 那么 久 的 爸爸 , 等 休息 了 一定 要 买 [MASK] 最 好 的 护手霜 给 他 。",个,个,"个, 些, 点"
拐弯 是 前进 的 一 <CL> <h>方式</h>,拐弯 是 前进 的 一 [MASK] 方式,种,种,"种, 个, 般"
晚上 不 上 婆度 食 饭利 是 少 了 几十 元 妈 稳 借口 话利 是 掉 了 婆话 距 发 钱 行 特别扭 鸡 哈哈妈 去 打 麻雀 <CL> 人 <h>比利</h> 是 又 无比 翻 我,晚上 不 上 婆度 食 饭利 是 少 了 几十 元 妈 稳 借口 话利 是 掉 了 婆话 距 发 钱 行 特别扭 鸡 哈哈妈 去 打 麻雀 [MASK] 人 比利 是 又 无比 翻 我,滴,家,"家, 把, 对"
"让 人 感觉 末日 之 桥 , 带来 <CL> <h>希望</h> 。","让 人 感觉 末日 之 桥 , 带来 [MASK] 希望 。",丝,点,"点, 些, 个"
Lucy 张芯晨 又 完成 了 一 <CL> 市民 的 <h>心愿</h> 。,Lucy 张芯晨 又 完成 了 一 [MASK] 市民 的 心愿 。,个,个,"个, 位, 名"
"在 必胜客 吃 披萨 , 讨 <CL> 好 <h>彩头</h>","在 必胜客 吃 披萨 , 讨 [MASK] 好 彩头",个,个,"个, 点, 回"
"三 <CL> <h>要</h> 记住 吃一堑 长一智 , 经 一 事 长 一 能 , 交 一 友 结 一 缘 。","三 [MASK] 要 记住 吃一堑 长一智 , 经 一 事 长 一 能 , 交 一 友 结 一 缘 。",个,个,"个, 点, 餐"
好 大 几 <CL> <h>酒</h> 哦,好 大 几 [MASK] 酒 哦,缸,杯,"杯, 瓶, 个"
估估 <CL> G <h>糸画</h> 上去 定纹 上去 既 ?,估估 [MASK] G 糸画 上去 定纹 上去 既 ?,个,把,"把, 个, 点"
"倾城 之 泪 全 家 福将 曝光 明星 客串 齐贺 岁 一 <CL> <h>寒流</h> 让 国内 普遍 降温 , 而 北方 大部 地区 也 频现 冬日 雪景 。","倾城 之 泪 全 家 福将 曝光 明星 客串 齐贺 岁 一 [MASK] 寒流 让 国内 普遍 降温 , 而 北方 大部 地区 也 频现 冬日 雪景 。",股,场,"场, 波, 股"
"撑死 了 , 到底 有 几 <CL> <h>菜</h> 都 忘记 了 , 晚饭 不 吃 了 。","撑死 了 , 到底 有 几 [MASK] 菜 都 忘记 了 , 晚饭 不 吃 了 。",道,道,"道, 个, 样"
妈 的 跑 了 半 <CL> <h>小时</h> 现在 腿 还 疼,妈 的 跑 了 半 [MASK] 小时 现在 腿 还 疼,个,个,"个, 把, 点"
"一会儿 有 他 最 爱 的 飞机 餐 , 还 能 把 我 那 <CL> 也 <h>吃</h> 了 , 能 不 激动 不 ?","一会儿 有 他 最 爱 的 飞机 餐 , 还 能 把 我 那 [MASK] 也 吃 了 , 能 不 激动 不 ?",份,个,"个, 些, 餐"
"并 拍 下下面 一 <CL> <h>照片</h> , 说 真的 我 看后 流泪 了 !","并 拍 下下面 一 [MASK] 照片 , 说 真的 我 看后 流泪 了 !",组,张,"张, 组, 些"
而 我 又 怎 能 忘 了 你们 亲爱 <CL> <h>嫂子们</h> 挑 个 吧 等 我 回去 领走 !,而 我 又 怎 能 忘 了 你们 亲爱 [MASK] 嫂子们 挑 个 吧 等 我 回去 领走 !,滴,滴,"滴, 个, 家"
"但 看看 这个 插座 , 再 原有 的 基础 上 再 加上 了 2 <CL> USB <h>接口</h> , 充电 不 仅仅 靠 电脑 的 USB 接口 了 。","但 看看 这个 插座 , 再 原有 的 基础 上 再 加上 了 2 [MASK] USB 接口 , 充电 不 仅仅 靠 电脑 的 USB 接口 了 。",个,个,"个, 条, 组"
除了 玩游戏 还 能 干 <CL> 别 的 <h>不</h> 。,除了 玩游戏 还 能 干 [MASK] 别 的 不 。,点,点,"点, 些, 个"
一 <CL> <h>罗汉</h> 坐 在 大堂 咖啡厅 茶 喝喝,一 [MASK] 罗汉 坐 在 大堂 咖啡厅 茶 喝喝,群,个,"个, 群, 位"
"吃 了 一 <CL> 麻酱 <h>凉皮</h> , 那 滋味 比 想象 的 差远 了 。","吃 了 一 [MASK] 麻酱 凉皮 , 那 滋味 比 想象 的 差远 了 。",碗,口,"口, 碗, 顿"
"专家 认为 当前 的 市场 状况 , 与其 说 是 豪华车 的 盛宴 , 不如 说 更 像 一 <CL> <h>品牌</h> 的 狂欢 。","专家 认为 当前 的 市场 状况 , 与其 说 是 豪华车 的 盛宴 , 不如 说 更 像 一 [MASK] 品牌 的 狂欢 。",场,个,"个, 场, 种"
要 想 照顾 每 <CL> <h>人</h> 的 感受 。,要 想 照顾 每 [MASK] 人 的 感受 。,个,个,"个, 种, 位"
"那 我 就 给 <CL> <h>机会</h> 你 了解呗 , 反正 , 我 是 要 追到 你 的 。","那 我 就 给 [MASK] 机会 你 了解呗 , 反正 , 我 是 要 追到 你 的 。",个,个,"个, 点, 些"
"跑到 荥经 买 了 <CL> 小 <h>砂锅</h> , 顺便 吃 了 传说 中 好吃 到 爆 的 凉粉 , 小米辣 伴 着 凉粉 入口 , 确实 很 爽正宗 的 哒哒面 和 棒棒 鸡 都 因 过 年 关门 没 吃 成 雅西 高速 到 荥经 就 封闭 了 据说 3 月 才 正式 通车","跑到 荥经 买 了 [MASK] 小 砂锅 , 顺便 吃 了 传说 中 好吃 到 爆 的 凉粉 , 小米辣 伴 着 凉粉 入口 , 确实 很 爽正宗 的 哒哒面 和 棒棒 鸡 都 因 过 年 关门 没 吃 成 雅西 高速 到 荥经 就 封闭 了 据说 3 月 才 正式 通车",个,个,"个, 份, 些"
"你 说 你 一 <CL> <h>月</h> 给 我 打 了 多少 电话 , 你 的 话费 就 多少 可是 从今以后 你 的 手机 再 也 不 会 有 拨 出去 的 号码 , 我 的 手机 再 也 不 会 有 你 的 已 接来 电","你 说 你 一 [MASK] 月 给 我 打 了 多少 电话 , 你 的 话费 就 多少 可是 从今以后 你 的 手机 再 也 不 会 有 拨 出去 的 号码 , 我 的 手机 再 也 不 会 有 你 的 已 接来 电",个,个,"个, 次, 分"
"一 <CL> <h>眼神</h> 足以 表达 一切 , 还是 你们 豆豆 懂 你 啊 !","一 [MASK] 眼神 足以 表达 一切 , 还是 你们 豆豆 懂 你 啊 !",个,个,"个, 双, 张"
"艾丽 公主 奥兰 <CL> 毛呢 <h>大衣</h> 2011 新 款 冬装 外套 风衣 女装 服饰 22800 元 热销 中 , 别 错过 哦","艾丽 公主 奥兰 [MASK] 毛呢 大衣 2011 新 款 冬装 外套 风衣 女装 服饰 22800 元 热销 中 , 别 错过 哦",朵,朵,"朵, 发, 丝"
"我 参与 了 发起 的 投票 2011 年 360 公司 我 最 喜欢 的 年会 节目 微 评选 , 我 投给 了 2360 军情 解密 这 1 <CL> <h>选项</h> 。","我 参与 了 发起 的 投票 2011 年 360 公司 我 最 喜欢 的 年会 节目 微 评选 , 我 投给 了 2360 军情 解密 这 1 [MASK] 选项 。",个,个,"个, 项, 组"
却 又 开始 惴惴不安 的 怕 被 谁 截去 一 <CL> <h>天荒地老</h> 。,却 又 开始 惴惴不安 的 怕 被 谁 截去 一 [MASK] 天荒地老 。,个,个,"个, 样, 次"
"都 射 了 6 <CL> 了 , 这个 女 的 还 要 http t cn z0gw3vv 我 的 娜塔莎 爱情 公寓 Hello 小姐 大卫王 与 贵妃 军情 解码 天天 向上 杀 虎口 客服 很 忙 假如 爱 有 天意 乌托邦 办公室 狐步 谍影 禁止 的 游戏 历史 的 进程兔 宝宝 超级 巨星 青 <h>木瓜</h> 之 味 戒烟 不 戒酒","都 射 了 6 [MASK] 了 , 这个 女 的 还 要 http t cn z0gw3vv 我 的 娜塔莎 爱情 公寓 Hello 小姐 大卫王 与 贵妃 军情 解码 天天 向上 杀 虎口 客服 很 忙 假如 爱 有 天意 乌托邦 办公室 狐步 谍影 禁止 的 游戏 历史 的 进程兔 宝宝 超级 巨星 青 木瓜 之 味 戒烟 不 戒酒",次,次,"次, 个, 点"
扫盲 <CL> 2011 之 <h>微博</h> 十 大 热门 段子,扫盲 [MASK] 2011 之 微博 十 大 热门 段子,帖,行,"行, 节, 通"
20111223 一 生 一 <CL> <h>合家欢</h> 之 东 成西 就 2012 陈翔 比武 招亲 摄 by 土土 分享 自,20111223 一 生 一 [MASK] 合家欢 之 东 成西 就 2012 陈翔 比武 招亲 摄 by 土土 分享 自,世,世,"世, 次, 个"
我 不 想 三 四 <CL> <h>月</h> 都 无 球 可 打 。,我 不 想 三 四 [MASK] 月 都 无 球 可 打 。,个,个,"个, 把, 季"
"雪域 天晴郎 , 腊梅 处处 香 , 吃 完 烤鱼 , 买 <CL> <h>腊梅</h> 回家 去","雪域 天晴郎 , 腊梅 处处 香 , 吃 完 烤鱼 , 买 [MASK] 腊梅 回家 去",束,个,"个, 点, 些"
又 是 一 <CL> <h>下雨天</h>,又 是 一 [MASK] 下雨天,个,个,"个, 场, 次"
半夜拉 肚 纸 真 不 是 <CL> 好 <h>事</h> 接着 睡 了,半夜拉 肚 纸 真 不 是 [MASK] 好 事 接着 睡 了,件,件,"件, 个, 种"
这 2 天 每 天 做 梦 都 在 锻炼 麻痹 昨天 梦到 和 沃伦 一 <CL> 练手 <h>臂</h> 难道 真 是 我 太 寂寞 了,这 2 天 每 天 做 梦 都 在 锻炼 麻痹 昨天 梦到 和 沃伦 一 [MASK] 练手 臂 难道 真 是 我 太 寂寞 了,起,起,"起, 样, 块"
终於 都 解放 了 呢 妈咪 你 快 <CL> <h>来呀</h>,终於 都 解放 了 呢 妈咪 你 快 [MASK] 来呀,滴,回,"回, 起, 点"
漂亮 女 老师 惨遭 凌辱 http t cn z0gzl3B 小鹿斑比 万 有 引力 画壁 单身 女王 英雄 梦幻曲 七十二 <CL> <h>租客</h> 粤语 版 铁石心肠 我 的 野蛮 女友 2 夜 店 告密者 新 电影 传奇 特工 008 拆弹 部队 武林 外传 香奈儿 的 秘密 情史 恋人 絮语 老马家 的 幸福 往事 花木兰 铁面 歌女,漂亮 女 老师 惨遭 凌辱 http t cn z0gzl3B 小鹿斑比 万 有 引力 画壁 单身 女王 英雄 梦幻曲 七十二 [MASK] 租客 粤语 版 铁石心肠 我 的 野蛮 女友 2 夜 店 告密者 新 电影 传奇 特工 008 拆弹 部队 武林 外传 香奈儿 的 秘密 情史 恋人 絮语 老马家 的 幸福 往事 花木兰 铁面 歌女,家,号,"号, 条, 个"
"送 一 大 <CL> 白 <h>玫瑰</h> 虽然 浪漫 , 但 让 我 觉得 有点 奢侈 啊 !","送 一 大 [MASK] 白 玫瑰 虽然 浪漫 , 但 让 我 觉得 有点 奢侈 啊 !",束,朵,"朵, 把, 束"
"读书 时 , 以前 那 <CL> 中午 午睡 晚上 早睡 早上 六点半 <h>到</h> 校 的 我 到 之后 每 天 早上 七 点 起来 经常 差点 迟到 的 我 。","读书 时 , 以前 那 [MASK] 中午 午睡 晚上 早睡 早上 六点半 到 校 的 我 到 之后 每 天 早上 七 点 起来 经常 差点 迟到 的 我 。",个,个,"个, 种, 样"
"几 <CL> <h>知道</h> 女儿 爱 自己 的话 , 爸爸 抱 着 我 , 他 哭 我 哭 妈妈 哭 小姨 哭 。","几 [MASK] 知道 女儿 爱 自己 的话 , 爸爸 抱 着 我 , 他 哭 我 哭 妈妈 哭 小姨 哭 。",句,次,"次, 点, 个"
天翼 快讯 1 铁道部 启动 新 一 <CL> 客票 <h>系统</h> 规划 及 设计 。,天翼 快讯 1 铁道部 启动 新 一 [MASK] 客票 系统 规划 及 设计 。,代,代,"代, 轮, 波"
"这个 新年 似乎 还 没 玩够 睡够 就 匆匆 要 打包 行李 了 , 带 着 一 <CL> 的 <h>不舍</h>","这个 新年 似乎 还 没 玩够 睡够 就 匆匆 要 打包 行李 了 , 带 着 一 [MASK] 的 不舍",肚子,脸,"脸, 丝, 点"
限制级 为 4 <CL> 的 <h>大片</h> http t cn z0eom40 盘 龙 卧虎 高 山顶 暗香 内线 上 错 花轿 嫁对郎 小兵 张嘎 鲜花 朵朵 女 神捕 聚宝盆 还 珠 格格 2 欢喜 婆婆俏 媳妇 沧海 蜗居 浙版 西游记 永 不 瞑目 铁 梨花 大 境门 说好 不 分手 杨光 的 快乐 生活 3 命运 兵峰 聊斋 3 黑 冰,限制级 为 4 [MASK] 的 大片 http t cn z0eom40 盘 龙 卧虎 高 山顶 暗香 内线 上 错 花轿 嫁对郎 小兵 张嘎 鲜花 朵朵 女 神捕 聚宝盆 还 珠 格格 2 欢喜 婆婆俏 媳妇 沧海 蜗居 浙版 西游记 永 不 瞑目 铁 梨花 大 境门 说好 不 分手 杨光 的 快乐 生活 3 命运 兵峰 聊斋 3 黑 冰,级,张,"张, 级, 位"
社会 逼迫 我 要 带 一 <CL> 面具 天使 <h>香烟</h>,社会 逼迫 我 要 带 一 [MASK] 面具 天使 香烟,层,副,"副, 个, 件"
"不 难 发现 , 我 每 <CL> <h>博文</h> 包括 转发 都 是 有 目的 的 。","不 难 发现 , 我 每 [MASK] 博文 包括 转发 都 是 有 目的 的 。",篇,篇,"篇, 次, 个"
"生命 是 一 <CL> <h>过程</h> , 可悲 的 是 它 不 能 重来 , 可喜 的 是 它 不 需要 重来 。","生命 是 一 [MASK] 过程 , 可悲 的 是 它 不 能 重来 , 可喜 的 是 它 不 需要 重来 。",个,个,"个, 种, 段"
接 下来 发 一 <CL> 80 年代 <h>徐家汇</h> 的 照片,接 下来 发 一 [MASK] 80 年代 徐家汇 的 照片,组,张,"张, 组, 些"
"新年 到来 , 我 也 结束 了 一 <CL> <h>感情</h> , 希望 新 的 一 年 有 新 懈逅","新年 到来 , 我 也 结束 了 一 [MASK] 感情 , 希望 新 的 一 年 有 新 懈逅",段,段,"段, 些, 份"
"山西 静乐 县委 书记 因 女儿 吃空饷 5 年 被 免职 太原 1 月 15 日 电 因 <h>父亲</h> 是 地方 官员 , 竟 让 读书 的 女儿 吃 财政 空饷 长 达 5 年 , 1 月 15 日 , 这 <CL> 身为 县委 书记 的 父亲 因此 被 免职 。","山西 静乐 县委 书记 因 女儿 吃空饷 5 年 被 免职 太原 1 月 15 日 电 因 父亲 是 地方 官员 , 竟 让 读书 的 女儿 吃 财政 空饷 长 达 5 年 , 1 月 15 日 , 这 [MASK] 身为 县委 书记 的 父亲 因此 被 免职 。",位,遭,"遭, 把, 对"
"分享 我 的 POCO 作品 福布斯 寰球 价码 最高 10 <CL> <h>名模</h> , 快来 看 呀","分享 我 的 POCO 作品 福布斯 寰球 价码 最高 10 [MASK] 名模 , 快来 看 呀",位,位,"位, 名, 个"
"就算 这 牌子 没 怎么 见 过 , 看 这 <CL> <h>nokia</h> , 国内 要 卖 800 人民币 左右 。","就算 这 牌子 没 怎么 见 过 , 看 这 [MASK] nokia , 国内 要 卖 800 人民币 左右 。",款,个,"个, 款, 台"
"纵使 你 有 千 <CL> 的 <h>苦</h> , 那 有 能 表明 你 有 多 在乎 ?","纵使 你 有 千 [MASK] 的 苦 , 那 有 能 表明 你 有 多 在乎 ?",番,世,"世, 般, 次"
"宁 士高 跳 过 警卫 的 尸体 大 叫 道 , 这时 前面 传来 三 <CL> <h>枪</h> 响 。","宁 士高 跳 过 警卫 的 尸体 大 叫 道 , 这时 前面 传来 三 [MASK] 枪 响 。",声,声,"声, 个, 道"
睡 了 五 <CL> <h>小时</h> 又 爬 起来 了,睡 了 五 [MASK] 小时 又 爬 起来 了,个,个,"个, 点, 分"
昨天 做 了 <CL> <h>梦梦</h> 到 我 放弃 了,昨天 做 了 [MASK] 梦梦 到 我 放弃 了,个,个,"个, 些, 点"
"周末 就 是 福利哇 , 难得 我 又 睡 了 <CL> 好 <h>觉</h> , 虽然 内心 的 矛盾 并 未 消散 , 但 我 真 的 真的 快乐 轻松 了 不少 。","周末 就 是 福利哇 , 难得 我 又 睡 了 [MASK] 好 觉 , 虽然 内心 的 矛盾 并 未 消散 , 但 我 真 的 真的 快乐 轻松 了 不少 。",个,个,"个, 张, 次"
你 舍得 起身 未 打佐 6 <CL> <h>电话俾</h> 你 啦,你 舍得 起身 未 打佐 6 [MASK] 电话俾 你 啦,个,个,"个, 通, 次"
"十九 <CL> 的 <h>孩纸</h> 今天 你们 英语 课 怎样 啊 因为 生病 关机 了 , 碰巧 英语 老师 有 事 回家 , 她 的 交待 短信 我 木 有 收到 , 啊 希望 课 过 得 还 可以 吧 对 不 起 了","十九 [MASK] 的 孩纸 今天 你们 英语 课 怎样 啊 因为 生病 关机 了 , 碰巧 英语 老师 有 事 回家 , 她 的 交待 短信 我 木 有 收到 , 啊 希望 课 过 得 还 可以 吧 对 不 起 了",班,班,"班, 点, 分"
"2012 年 春节 期间 , 我 来到 了 一 <CL> 山里 <h>乡村</h> 2012127 乡村 生活 体验 中 !","2012 年 春节 期间 , 我 来到 了 一 [MASK] 山里 乡村 2012127 乡村 生活 体验 中 !",个,个,"个, 座, 家"
"送 祝福 喜 迎 新春 转发 得 小 米 F <CL> <h>祝福</h> 所有 米粉 龙年 大吉 学业 节节 高升 , 爱情 甜甜蜜蜜 , 事业 顺顺 利利 , 家庭 美美 满满","送 祝福 喜 迎 新春 转发 得 小 米 F [MASK] 祝福 所有 米粉 龙年 大吉 学业 节节 高升 , 爱情 甜甜蜜蜜 , 事业 顺顺 利利 , 家庭 美美 满满",码,发,"发, 只, 帖"
真 是 一 <CL> 有 阳光 的 温暖 <h>假日</h> !,真 是 一 [MASK] 有 阳光 的 温暖 假日 !,个,个,"个, 次, 段"
"如果 电影 都 需要 有 一 <CL> <h>主题</h> 的话 , 金陵 十三钗 的 主题 必须 是 救赎 。","如果 电影 都 需要 有 一 [MASK] 主题 的话 , 金陵 十三钗 的 主题 必须 是 救赎 。",个,个,"个, 些, 种"
"我 参与 了 发起 的 投票 乐排网 TOP 看 音乐 第 27 期 , 我 投给 了 陈楚生 爱情 是否 依然 这 1 <CL> <h>选项</h> 。","我 参与 了 发起 的 投票 乐排网 TOP 看 音乐 第 27 期 , 我 投给 了 陈楚生 爱情 是否 依然 这 1 [MASK] 选项 。",个,个,"个, 项, 条"
"打扫 卫生 洗衣 做饭 虽然 累 , 可 这 <CL> <h>家</h> 的 感觉 好 幸福 !","打扫 卫生 洗衣 做饭 虽然 累 , 可 这 [MASK] 家 的 感觉 好 幸福 !",种,个,"个, 样, 回"
粤语 歌 真 难学 虽然 好听 但 这 到底 是 哪 <CL> <h>发明</h> 的 语种 我 学得 快 疯 了 !,粤语 歌 真 难学 虽然 好听 但 这 到底 是 哪 [MASK] 发明 的 语种 我 学得 快 疯 了 !,个,个,"个, 种, 家"
"经过 13 <CL> <h>小时</h> 的 奔波 , 终于 到 我 家 的 小 县城 了","经过 13 [MASK] 小时 的 奔波 , 终于 到 我 家 的 小 县城 了",个,个,"个, 点, 次"
"撑 麦王 争霸 , 下 <CL> 我 <h>要</h> 参加","撑 麦王 争霸 , 下 [MASK] 我 要 参加",次,次,"次, 面, 场"
两 <CL> <h>小孩</h> 在 洗澡 挨 我 偷拍 一直 喊 冷,两 [MASK] 小孩 在 洗澡 挨 我 偷拍 一直 喊 冷,个,个,"个, 位, 只"
"小 朋友们 玩 的 也 欢乐 , 代币 是 一 人 二十 <CL> <h>瓜子</h>","小 朋友们 玩 的 也 欢乐 , 代币 是 一 人 二十 [MASK] 瓜子",个,个,"个, 颗, 块"
公司 吃 团圆饭 抽 中 三 <CL> <h>奖</h> !,公司 吃 团圆饭 抽 中 三 [MASK] 奖 !,等,等,"等, 个, 次"
"一 生 中 的 7 <CL> <h>点</h> 1 应当 多 一点 善心 , 少 一点 心眼 。","一 生 中 的 7 [MASK] 点 1 应当 多 一点 善心 , 少 一点 心眼 。",个,个,"个, 点, 句"
有 时候 自己 就 会 想 这样 的 生活 什么 时候 才 是 <CL> <h>头</h> 啊 ?,有 时候 自己 就 会 想 这样 的 生活 什么 时候 才 是 [MASK] 头 啊 ?,个,回,"回, 顶, 码"
"酷毙 了 视觉 系 米拉乔沃维奇 , 虽然 你 经常 演 生化 危机 , 拍 <CL> 法国 名酒 <h>广告</h> 也 不 必 搞 得 这么 The End Of The World 吧 , 闪电 龙卷风 海啸 地震 冰风暴 , 整 得 跟 代言 2012 似 的 高清 组图","酷毙 了 视觉 系 米拉乔沃维奇 , 虽然 你 经常 演 生化 危机 , 拍 [MASK] 法国 名酒 广告 也 不 必 搞 得 这么 The End Of The World 吧 , 闪电 龙卷风 海啸 地震 冰风暴 , 整 得 跟 代言 2012 似 的 高清 组图",个,个,"个, 部, 台"
"你 地 T 几 乱 , 多谢 感夜仲系街 打包 比 我 <CL> <h>朋友</h>","你 地 T 几 乱 , 多谢 感夜仲系街 打包 比 我 [MASK] 朋友",个,个,"个, 帮, 发"
"明天 是 老爸 生日 , 因为 亲友 太 多 , 我们 决定 去 餐馆 订餐 , 并且 多 点 <CL> <h>素菜</h> , 帮 亲友们 解解 油腻 , 亲友们 都 赞成 这个 提议 , 说 真的 吃 不 动 大","明天 是 老爸 生日 , 因为 亲友 太 多 , 我们 决定 去 餐馆 订餐 , 并且 多 点 [MASK] 素菜 , 帮 亲友们 解解 油腻 , 亲友们 都 赞成 这个 提议 , 说 真的 吃 不 动 大",些,点,"点, 些, 个"
"谢谢 今天 姐夫哥 为 我 唱 的 那 <CL> <h>歌</h> , 听 的 很 心酸 , 爱 你们 ,","谢谢 今天 姐夫哥 为 我 唱 的 那 [MASK] 歌 , 听 的 很 心酸 , 爱 你们 ,",首,首,"首, 些, 段"
"热 热 的 糯米 园子 出锅 了 , 我 和 妈咪 第一 <CL> <h>杰作</h> !","热 热 的 糯米 园子 出锅 了 , 我 和 妈咪 第一 [MASK] 杰作 !",次,个,"个, 件, 次"
"人生 感悟 与 朋友 闲聊 , 他 说 很 想 抽点 时间 多 读 <CL> <h>书</h> , 以 充实 自己 。","人生 感悟 与 朋友 闲聊 , 他 说 很 想 抽点 时间 多 读 [MASK] 书 , 以 充实 自己 。",点,点,"点, 些, 本"
"iphone4s 就 这个 <CL> 为什么 那么 令 人 疯狂 , <h>求</h> 解释","iphone4s 就 这个 [MASK] 为什么 那么 令 人 疯狂 , 求 解释",样,样,"样, 点, 名"
天啊 我们 四 <CL> <h>吃</h> 了 多少 啦 撑死 啦,天啊 我们 四 [MASK] 吃 了 多少 啦 撑死 啦,个,个,"个, 口, 位"
"还 有 几 <CL> <h>小时</h> 我 就 会 回到 你 身边 , 等 着 我","还 有 几 [MASK] 小时 我 就 会 回到 你 身边 , 等 着 我",个,个,"个, 分, 位"
"大年 初一 , 老天爷 给 了 大家 好 天气 , 出 了 大 太阳 , 阳光明媚 今年 会 是 <CL> 好 <h>兆头</h> 噢","大年 初一 , 老天爷 给 了 大家 好 天气 , 出 了 大 太阳 , 阳光明媚 今年 会 是 [MASK] 好 兆头 噢",个,个,"个, 件, 些"
"亚 只 有 沉溺 工作 , 不 让 自己 有 一 <CL> <h>喘息</h> 的 机会 想起 远 。","亚 只 有 沉溺 工作 , 不 让 自己 有 一 [MASK] 喘息 的 机会 想起 远 。",丝,个,"个, 次, 点"
被 两 <CL> <h>男人</h> 的 基情 刷屏 了 !,被 两 [MASK] 男人 的 基情 刷屏 了 !,个,个,"个, 位, 名"
"所谓 光鲜 的 时尚 产业 , 其 生产 过程 是 劳苦 和 一 <CL> 不 <h>苟</h> 的 。","所谓 光鲜 的 时尚 产业 , 其 生产 过程 是 劳苦 和 一 [MASK] 不 苟 的 。",丝,丝,"丝, 点, 个"
"我 真 的 , 好 想 再 用 那 <CL> <h>HP</h> 同 人 的 调调 写 SS , 呵呵 呵呵 呵呵","我 真 的 , 好 想 再 用 那 [MASK] HP 同 人 的 调调 写 SS , 呵呵 呵呵 呵呵",个,种,"种, 个, 样"
传闻 一 <CL> 赣南 <h>机械厂</h> 的 退休 老 工人 把 尸体 的 乳房 和 阴部 割 下 带 回家 。,传闻 一 [MASK] 赣南 机械厂 的 退休 老 工人 把 尸体 的 乳房 和 阴部 割 下 带 回家 。,名,位,"位, 名, 个"
为什么 费翔 不 唱 冬天 一 <CL> <h>火</h> 天 干 物燥 小心 火烛 连 春晚 都 迷信 了,为什么 费翔 不 唱 冬天 一 [MASK] 火 天 干 物燥 小心 火烛 连 春晚 都 迷信 了,把,个,"个, 点, 杯"
只 是 她 需要 碰上 一 <CL> 懂事 的 <h>男人</h> 。,只 是 她 需要 碰上 一 [MASK] 懂事 的 男人 。,个,个,"个, 位, 些"
清純 妹妹 脱衣 苍天 有 泪 双面 女友 喜羊羊 与 灰 太 狼 之 给 快乐 加油 爱 到底 安娜卡列尼娜 一 <CL> 把 你 打到 菜市口 乞者 胆小鬼 疯狂 的 <h>石头</h> 大 汉 天子 单身汉 与 时髦 女郎 闯荡 赤焰 战场 喋血 北平 大 路 之 歌 番茄 姐弟 武林 风 白色 情人节,清純 妹妹 脱衣 苍天 有 泪 双面 女友 喜羊羊 与 灰 太 狼 之 给 快乐 加油 爱 到底 安娜卡列尼娜 一 [MASK] 把 你 打到 菜市口 乞者 胆小鬼 疯狂 的 石头 大 汉 天子 单身汉 与 时髦 女郎 闯荡 赤焰 战场 喋血 北平 大 路 之 歌 番茄 姐弟 武林 风 白色 情人节,拳,个,"个, 路, 起"
早点 休息 明天 初一 新 的 一 年 希望 你 有 一 <CL> 新 的 <h>开始</h>,早点 休息 明天 初一 新 的 一 年 希望 你 有 一 [MASK] 新 的 开始,个,个,"个, 份, 次"
"希望 有 个人 , 在 我 嘴里 说 没事 的 时候 , 看出 我 不 是 真的 没事 有 <CL> <h>人</h> , 在 我 强颜欢笑 的 时候 , 知道 我 不 是 真的 开心","希望 有 个人 , 在 我 嘴里 说 没事 的 时候 , 看出 我 不 是 真的 没事 有 [MASK] 人 , 在 我 强颜欢笑 的 时候 , 知道 我 不 是 真的 开心",个,个,"个, 些, 种"
30 <CL> <h>小时</h> 。,30 [MASK] 小时 。,个,个,"个, 分, 块"
一 <CL> <h>葡萄酒</h> 却 勾 不 起 一点 睡意,一 [MASK] 葡萄酒 却 勾 不 起 一点 睡意,瓶,杯,"杯, 瓶, 口"
"本来 今天 是 不 怎么 开心 的 刚好 碰到 个人 以为 他 可以 下午 陪 我 聊聊天 的 , 谁 知道 那 <CL> <h>家伙</h> 居然 闹 失踪","本来 今天 是 不 怎么 开心 的 刚好 碰到 个人 以为 他 可以 下午 陪 我 聊聊天 的 , 谁 知道 那 [MASK] 家伙 居然 闹 失踪",个,个,"个, 帮, 些"
"谢谢 制作 这 <CL> <h>小片</h> 的 亲 , 因为 太 喜欢 所以 转 了 , 想 让 更 多 的 粉看到 。","谢谢 制作 这 [MASK] 小片 的 亲 , 因为 太 喜欢 所以 转 了 , 想 让 更 多 的 粉看到 。",部,个,"个, 部, 些"
"不 一定 过 着 优雅 豪华 的 生活 , 我 愿意 在 平凡 的 生活 中 寻求 那 <CL> <h>淡然</h> !","不 一定 过 着 优雅 豪华 的 生活 , 我 愿意 在 平凡 的 生活 中 寻求 那 [MASK] 淡然 !",份,份,"份, 种, 些"
"爸 邀 我 和 妈 打牌 , 只 到 现在 结束 , 他 就 没 给 我们 几 <CL> 做庄 的 <h>机会</h> 。","爸 邀 我 和 妈 打牌 , 只 到 现在 结束 , 他 就 没 给 我们 几 [MASK] 做庄 的 机会 。",次,次,"次, 个, 场"
"沈思 博转山 转 水 转 过 庄凝 这 <CL> <h>佛塔</h> , 只 为 遇见 谢端 , 情 若 锦瑟无端 , 长 不过 执念 , 短 不过 善变 , 走完 执念 , 庄凝 的 尽头 便 是 齐 享错 过 你 为 遇见 谁","沈思 博转山 转 水 转 过 庄凝 这 [MASK] 佛塔 , 只 为 遇见 谢端 , 情 若 锦瑟无端 , 长 不过 执念 , 短 不过 善变 , 走完 执念 , 庄凝 的 尽头 便 是 齐 享错 过 你 为 遇见 谁",座,座,"座, 个, 些"
我 还 是 <CL> <h>男人</h> 吗 ?,我 还 是 [MASK] 男人 吗 ?,个,个,"个, 种, 点"
喝喝喝哈搓搓 的 你 是 不 是 <CL> 缺 <h>心</h> 眼 哦,喝喝喝哈搓搓 的 你 是 不 是 [MASK] 缺 心 眼 哦,个,个,"个, 脸, 点"
我 的 世界 跟 你们 不 在 一 <CL> <h>平行线</h> 上 没有 任何 交集,我 的 世界 跟 你们 不 在 一 [MASK] 平行线 上 没有 任何 交集,个,条,"条, 个, 道"
"今天 跟 老妈 两 <CL> <h>人</h> 在 家 , 所以 做 了 牛肉饭 。","今天 跟 老妈 两 [MASK] 人 在 家 , 所以 做 了 牛肉饭 。",个,个,"个, 家, 口"
"怪 之 得 锦 头晕 啦 , 原来 我 训左 三 <CL> <h>钟</h> 有 多 了","怪 之 得 锦 头晕 啦 , 原来 我 训左 三 [MASK] 钟 有 多 了",个,分,"分, 个, 点"
阿婆 屋 企 多 左 一 <CL> 传销 <h>佬有</h> 距 讲 无 人 讲 啊,阿婆 屋 企 多 左 一 [MASK] 传销 佬有 距 讲 无 人 讲 啊,个,位,"位, 个, 名"
"得 拉 , 先 是 年 前 一 <CL> <h>星期</h> 电脑 坏 , 离 过 年 两 天 摩托车 坏 , 现在 电视 又 坏 , 你 到底 想 我 怎么样咯 ?","得 拉 , 先 是 年 前 一 [MASK] 星期 电脑 坏 , 离 过 年 两 天 摩托车 坏 , 现在 电视 又 坏 , 你 到底 想 我 怎么样咯 ?",个,个,"个, 下, 些"
到达 土耳其 给 我 第一 印象 一 <CL> 现代 <h>欧洲化</h> 的 城市 比 我 想 得 强 多 了,到达 土耳其 给 我 第一 印象 一 [MASK] 现代 欧洲化 的 城市 比 我 想 得 强 多 了,座,个,"个, 座, 些"
"大过 年 的 , 让 我 在 机场 看见 范伟 了 , 哈哈 , 他 不 上 春晚 也 来 多伦多 过年 啊 还 跟 老爹 一 <CL> <h>飞来</h>","大过 年 的 , 让 我 在 机场 看见 范伟 了 , 哈哈 , 他 不 上 春晚 也 来 多伦多 过年 啊 还 跟 老爹 一 [MASK] 飞来",趟,起,"起, 样, 块"
"我们 要 好好 生活 因为 世界 上 只有 一 <CL> 你 所以 别 <h>亏待</h> 自己 , 没有 人 能 控制 你 的 情绪 只有 你 自己 , 开心 就 笑 不 开心 就 叫 。","我们 要 好好 生活 因为 世界 上 只有 一 [MASK] 你 所以 别 亏待 自己 , 没有 人 能 控制 你 的 情绪 只有 你 自己 , 开心 就 笑 不 开心 就 叫 。",个,个,"个, 只, 种"
"担心 一 <CL> <h>人</h> , 担心 她 是否 安好 , 担心 她 是否 心情 好 了 , 担心 她 是否 还 会 害怕 , 担心 她 是否 已经 深入 睡眠 , 担心 她 是否 已 忘 却 不 快 , 妞 , 开心 起来 , 肥 才 开心 。","担心 一 [MASK] 人 , 担心 她 是否 安好 , 担心 她 是否 心情 好 了 , 担心 她 是否 还 会 害怕 , 担心 她 是否 已经 深入 睡眠 , 担心 她 是否 已 忘 却 不 快 , 妞 , 开心 起来 , 肥 才 开心 。",个,个,"个, 家, 些"
上传 了 2 <CL> <h>照片</h> 到 相册 乓乓 乒乒,上传 了 2 [MASK] 照片 到 相册 乓乓 乒乒,张,张,"张, 个, 幅"
这 <CL> 这个 我 <h>要</h> Keep Keep !,这 [MASK] 这个 我 要 Keep Keep !,次,个,"个, 样, 张"
"记者 想 , 有 4 <CL> <h>词</h> 可以 勾勒 出 他们 的 面庞 刻画 出 他们 的 心灵 , 那 就 是 忠诚 奉献 深情 和 追求 。","记者 想 , 有 4 [MASK] 词 可以 勾勒 出 他们 的 面庞 刻画 出 他们 的 心灵 , 那 就 是 忠诚 奉献 深情 和 追求 。",个,个,"个, 组, 种"
"这个 时候 , 我 睡 <CL> <h>午觉</h> 吧","这个 时候 , 我 睡 [MASK] 午觉 吧",个,个,"个, 起, 下"
108 <CL> <h>玫瑰</h> 。,108 [MASK] 玫瑰 。,朵,朵,"朵, 号, 个"
欧阳 夏丹 真 是 <CL> 全 <h>才</h> !,欧阳 夏丹 真 是 [MASK] 全 才 !,个,个,"个, 位, 名"
"社会 新闻 9 岁 女孩 学艺 4 年 成 剪纸 高手 妙手 剪 双龙贺 新年 龙年 来 了 , 滨东 小学 二 年级 的 张晗 小 姑娘 花 3 天 时间 , 用 红 纸 剪出 这 <CL> <h>直径</h> 约 70 厘米 的 双 龙 戏珠 。","社会 新闻 9 岁 女孩 学艺 4 年 成 剪纸 高手 妙手 剪 双龙贺 新年 龙年 来 了 , 滨东 小学 二 年级 的 张晗 小 姑娘 花 3 天 时间 , 用 红 纸 剪出 这 [MASK] 直径 约 70 厘米 的 双 龙 戏珠 。",幅,个,"个, 尊, 幅"
"突然 想起 李鸫 老板 的 一 <CL> <h>话</h> 多 搭桥 , 少 树 墙 。","突然 想起 李鸫 老板 的 一 [MASK] 话 多 搭桥 , 少 树 墙 。",句,句,"句, 段, 番"
你 讲 得 啱啊 你 就 系贱 你 真 系贱 你 系 一 <CL> 贱人 <h>甘鸠</h> 无辜 甘柒 可 怜 你 就 犯人 变 被害人 我 就 被害人 变 犯人 你 好 嘢咯,你 讲 得 啱啊 你 就 系贱 你 真 系贱 你 系 一 [MASK] 贱人 甘鸠 无辜 甘柒 可 怜 你 就 犯人 变 被害人 我 就 被害人 变 犯人 你 好 嘢咯,个,个,"个, 群, 班"
"目前 的 感觉 是 微博 至少 有 两 <CL> <h>功能</h> , 一 是 狐朋狗友 互相 捧臭脚 , 二 是 提供 一点 原创 , 我们 专业 叫 UGC 。","目前 的 感觉 是 微博 至少 有 两 [MASK] 功能 , 一 是 狐朋狗友 互相 捧臭脚 , 二 是 提供 一点 原创 , 我们 专业 叫 UGC 。",个,个,"个, 种, 项"
"韩寒 对 掐方 舟子 方舟子 说 我 相信 如果 是 在 一 <CL> 公正 的 <h>法庭</h> , 我 是 不 会 败诉 的 。","韩寒 对 掐方 舟子 方舟子 说 我 相信 如果 是 在 一 [MASK] 公正 的 法庭 , 我 是 不 会 败诉 的 。",个,个,"个, 家, 次"
发表 了 一 <CL> 转载 <h>博文</h> 转载 一 失足 成千古恨 图,发表 了 一 [MASK] 转载 博文 转载 一 失足 成千古恨 图,篇,篇,"篇, 条, 段"
"我 好 担心 啊 , 她 第一 <CL> 关 <h>机关</h> 那么 久 , 好 无助 啊 !","我 好 担心 啊 , 她 第一 [MASK] 关 机关 那么 久 , 好 无助 啊 !",次,次,"次, 个, 眼"
"我 在 盛大 起点 中文网 找到 一 <CL> 神 <h>书</h> 足球 圣徒 , 精彩 好 书 一定 不 要 错过 啊 。","我 在 盛大 起点 中文网 找到 一 [MASK] 神 书 足球 圣徒 , 精彩 好 书 一定 不 要 错过 啊 。",本,本,"本, 部, 些"
我 擦这集 竟然 有 两 <CL> <h>小时</h> 都 成 电影 了,我 擦这集 竟然 有 两 [MASK] 小时 都 成 电影 了,个,个,"个, 本, 位"
"帮 朋友 处理 一 <CL> 淘宝 <h>商品</h> 的 售后 问题 , 买来 没 几 天 坏 了 找 客服 , 我 随手 点 了 下 交易 详情 , 瞬间 我 就 不 淡定 了","帮 朋友 处理 一 [MASK] 淘宝 商品 的 售后 问题 , 买来 没 几 天 坏 了 找 客服 , 我 随手 点 了 下 交易 详情 , 瞬间 我 就 不 淡定 了",宗,下,"下, 些, 个"
3 <CL> <h>尺寸</h> 可 供 选择 。,3 [MASK] 尺寸 可 供 选择 。,种,种,"种, 个, 款"
"细佬 发烧 , 漏夜送 医院 吊针 , 细佬 想 听 歌 , 罗出 打晒 结嘅 耳机 , 老豆 即刻 就 抢 左 去 为 据解 结 我 鼻 一 <CL> <h>酸</h> , 然后 好 想 喊 , 父母 对 你 的 爱 就 是 无微不至 !","细佬 发烧 , 漏夜送 医院 吊针 , 细佬 想 听 歌 , 罗出 打晒 结嘅 耳机 , 老豆 即刻 就 抢 左 去 为 据解 结 我 鼻 一 [MASK] 酸 , 然后 好 想 喊 , 父母 对 你 的 爱 就 是 无微不至 !",阵,阵,"阵, 个, 下"
体育课 班 傻仔 打爆咗 <CL> <h>波</h>,体育课 班 傻仔 打爆咗 [MASK] 波,个,波,"波, 班, 拳"
CF 好像 仿照 战争 机器 了 看 兽族 皮肤 和 后面 那 <CL> 机器 <h>兽</h>,CF 好像 仿照 战争 机器 了 看 兽族 皮肤 和 后面 那 [MASK] 机器 兽,个,个,"个, 些, 种"
来 吧 第二 <CL> <h>通宵</h> 让 通宵 来 的 更 猛烈 些 吧 !,来 吧 第二 [MASK] 通宵 让 通宵 来 的 更 猛烈 些 吧 !,个,次,"次, 章, 个"
职职 居然 出现 了 十八 <CL> <h>灯</h> 全 亮 的 选手 !,职职 居然 出现 了 十八 [MASK] 灯 全 亮 的 选手 !,盏,盏,"盏, 个, 道"
一 <CL> 一刀剜 <h>在</h> 你 心口 上 。,一 [MASK] 一刀剜 在 你 心口 上 。,刀,刀,"刀, 把, 口"
这 <CL> <h>照片</h> 貌似 在 哪里 见 过 。,这 [MASK] 照片 貌似 在 哪里 见 过 。,张,张,"张, 些, 个"
"过年 打扫 <h>卫生</h> 有感 当 打扫 完 二 <CL> 卫生 的 时候 , 三 楼 的 又 来 了 , 打扫 完 三 楼 后 , 四 楼 的 又 没 打扫 , 这样 下来 要 想 打扫 完 家 里 的 卫生 也 需要 好 几 天 。","过年 打扫 卫生 有感 当 打扫 完 二 [MASK] 卫生 的 时候 , 三 楼 的 又 来 了 , 打扫 完 三 楼 后 , 四 楼 的 又 没 打扫 , 这样 下来 要 想 打扫 完 家 里 的 卫生 也 需要 好 几 天 。",楼,楼,"楼, 次, 手"
刚 订 了 mcqueen 的 两 <CL> <h>东西</h> !,刚 订 了 mcqueen 的 两 [MASK] 东西 !,样,样,"样, 件, 个"
"为 解决 此 问题 , 牛顿 潜心 研究 创立 了 微积分 , 将 一 <CL> 名 叫 高等 数学 的 新 <h>科目</h> 设为 全 校 的 必修课 , 并 规定 不 及格者 来 年 必须 缴费 重修 直 到 通过 。","为 解决 此 问题 , 牛顿 潜心 研究 创立 了 微积分 , 将 一 [MASK] 名 叫 高等 数学 的 新 科目 设为 全 校 的 必修课 , 并 规定 不 及格者 来 年 必须 缴费 重修 直 到 通过 。",门,门,"门, 个, 种"
外面 的 各 <CL> <h>炮声</h> 不断 2012 来 喏各位 同仁 新年 快乐 !,外面 的 各 [MASK] 炮声 不断 2012 来 喏各位 同仁 新年 快乐 !,种,种,"种, 路, 类"
"粉丝 颁奖 典礼 最近 转发 了 我 88 <CL> <h>微博</h> , 获得 了 我 颁发 的 最 爱 转发 奖 , 获得 提名 的 还 有 谢谢 你们 一路 陪 着 我 !","粉丝 颁奖 典礼 最近 转发 了 我 88 [MASK] 微博 , 获得 了 我 颁发 的 最 爱 转发 奖 , 获得 提名 的 还 有 谢谢 你们 一路 陪 着 我 !",条,条,"条, 个, 号"
为什么 命运 要 让 两 <CL> 不 可能 在一起 的 <h>人</h> 相遇,为什么 命运 要 让 两 [MASK] 不 可能 在一起 的 人 相遇,个,个,"个, 位, 颗"
"今年 要 红红火火 , 新年 快乐 , 放 <CL> <h>鞭炮先</h> 。","今年 要 红红火火 , 新年 快乐 , 放 [MASK] 鞭炮先 。",个,个,"个, 点, 起"
"堵车 一团麻 的 二环 , 不 说 好多 都 回家 了 吗 , 咋还 一 天 比 一 天 <CL> 的 我 <h>火大</h> 。","堵车 一团麻 的 二环 , 不 说 好多 都 回家 了 吗 , 咋还 一 天 比 一 天 [MASK] 的 我 火大 。",堵,堵,"堵, 发, 下"
"才 12 <CL> <h>红包</h> , 我 决定 要 调 自己 的 胃口 , 回到 广州 才 打开 。","才 12 [MASK] 红包 , 我 决定 要 调 自己 的 胃口 , 回到 广州 才 打开 。",个,个,"个, 块, 张"
再度 重 遇 国内 唯一 一 <CL> 天花 可 变 色温 的 737800 <h>客机</h>,再度 重 遇 国内 唯一 一 [MASK] 天花 可 变 色温 的 737800 客机,台,架,"架, 台, 次"
补眠 补眠 晚安 了 做 <CL> <h>好梦</h>,补眠 补眠 晚安 了 做 [MASK] 好梦,个,个,"个, 点, 些"
此刻 肚子 饿 了 才 想起 自己 今天 一 天 都 没 吃 什么 只 是 中午 吃 了 两 <CL> <h>糖</h> 现在 要 去 煮饭 了 等 爸 妈 还 有 哥 回来 吃饭 噢噢 我 是 幸福 的,此刻 肚子 饿 了 才 想起 自己 今天 一 天 都 没 吃 什么 只 是 中午 吃 了 两 [MASK] 糖 现在 要 去 煮饭 了 等 爸 妈 还 有 哥 回来 吃饭 噢噢 我 是 幸福 的,粒,颗,"颗, 个, 块"
"外面 烟花 噼里啪啦 的 , 春节 的 气息 浓烈 啊 , 亲爱们 , 望 你们 能 过 <CL> 十全十美 的 <h>幸福</h> 龙年","外面 烟花 噼里啪啦 的 , 春节 的 气息 浓烈 啊 , 亲爱们 , 望 你们 能 过 [MASK] 十全十美 的 幸福 龙年",个,个,"个, 条, 些"
"到处 都 是 背起 行囊 赶车 回家 的 人 , 归心似箭 , 家 的 含义 就 是 , 不管 你 有 多 难过 , 多 疲惫 , 到 了 那 <CL> 被 称为 家 的 <h>地方</h> , 立即 满 血 复活","到处 都 是 背起 行囊 赶车 回家 的 人 , 归心似箭 , 家 的 含义 就 是 , 不管 你 有 多 难过 , 多 疲惫 , 到 了 那 [MASK] 被 称为 家 的 地方 , 立即 满 血 复活",个,个,"个, 种, 些"
"心 香 一 瓣 永远 不 会 没有 人 爱 你 , 因为 世上 最 爱 你 的 人 就 是 你 的 身体 , 无论 你 多 <CL> <h>离弃</h> 它 伤害 它 , 它 也 没有 微言 继续 支持 你 , 养活 你 。","心 香 一 瓣 永远 不 会 没有 人 爱 你 , 因为 世上 最 爱 你 的 人 就 是 你 的 身体 , 无论 你 多 [MASK] 离弃 它 伤害 它 , 它 也 没有 微言 继续 支持 你 , 养活 你 。",番,次,"次, 样, 番"
"她 的 背 轻轻 倚 在 沙发 靠 上 , 身体 坐 直 , 微 红 的 脸上 浮 起 一 <CL> <h>笑意</h> , 对着 余 宏 。","她 的 背 轻轻 倚 在 沙发 靠 上 , 身体 坐 直 , 微 红 的 脸上 浮 起 一 [MASK] 笑意 , 对着 余 宏 。",缕,丝,"丝, 层, 个"
有时候 我 只 是 需要 一 <CL> 说话 的 <h>人</h> 。,有时候 我 只 是 需要 一 [MASK] 说话 的 人 。,个,个,"个, 位, 些"
"喜欢 一 <CL> <h>人</h> , 似乎 也 不 一定 都 是 幸福 的","喜欢 一 [MASK] 人 , 似乎 也 不 一定 都 是 幸福 的",个,个,"个, 些, 群"
"谢谢 我 妈生 了 我 , 还 给 我 一 <CL> 这么 漂亮 的 <h>眼睛</h> 双眼皮 长 睫毛 哦咦 嘻嘻 玩 笑啦","谢谢 我 妈生 了 我 , 还 给 我 一 [MASK] 这么 漂亮 的 眼睛 双眼皮 长 睫毛 哦咦 嘻嘻 玩 笑啦",双,个,"个, 眼, 双"
"中午 管理 人员 餐厅 的 四 <CL> <h>菜</h> 茄子 青菜 炸鸡腿 肉 , 我 只 能 吃 青菜 , 什么 天理 啊 我 跟 老妈 说 她 笑 了","中午 管理 人员 餐厅 的 四 [MASK] 菜 茄子 青菜 炸鸡腿 肉 , 我 只 能 吃 青菜 , 什么 天理 啊 我 跟 老妈 说 她 笑 了",样,个,"个, 道, 季"
如果 是 你 在 这个 处境 下 请用 四 <CL> <h>字</h> 形容 您 的 感觉,如果 是 你 在 这个 处境 下 请用 四 [MASK] 字 形容 您 的 感觉,个,个,"个, 行, 笔"
"在 所有 的 维生素 中 , 维 C 是 人体 每 天 需要量 最 多 的 维生素 , 因为 维 C 比 其它 维生素 或 矿物质 更 多 地 耗用 于 各 <CL> 人体 <h>肌能</h> 。","在 所有 的 维生素 中 , 维 C 是 人体 每 天 需要量 最 多 的 维生素 , 因为 维 C 比 其它 维生素 或 矿物质 更 多 地 耗用 于 各 [MASK] 人体 肌能 。",种,种,"种, 项, 类"
"我 在 盛大 起点 中文网 找到 一 <CL> 神 <h>书</h> 无 限 斩杀 , 精彩 好 书 一定 不 要 错过 啊 。","我 在 盛大 起点 中文网 找到 一 [MASK] 神 书 无 限 斩杀 , 精彩 好 书 一定 不 要 错过 啊 。",本,本,"本, 个, 部"
"我 弟 手 里 的 相机 , 像 一 <CL> <h>时光</h> 流逝机 。","我 弟 手 里 的 相机 , 像 一 [MASK] 时光 流逝机 。",台,台,"台, 个, 架"
"似乎 不 是 , 你 看 他 乒乓球 打 得 多 好 , 还 养 了 <CL> <h>儿子</h> , 呵呵 控制 能力 蛮好 的","似乎 不 是 , 你 看 他 乒乓球 打 得 多 好 , 还 养 了 [MASK] 儿子 , 呵呵 控制 能力 蛮好 的",个,个,"个, 双, 点"
"继续 着 我 的 失眠 之 痛 , 冰冷 的 雨 , 洋洋洒洒 的 沥下 城市 就 像 是 一 <CL> <h>腐城</h> , 开始 变 得 灰暗 不已 。","继续 着 我 的 失眠 之 痛 , 冰冷 的 雨 , 洋洋洒洒 的 沥下 城市 就 像 是 一 [MASK] 腐城 , 开始 变 得 灰暗 不已 。",座,座,"座, 个, 片"
我 参与 了 发起 的 投票 你 最 喜欢 MIC 的 那 <CL> <h>歌</h> ?,我 参与 了 发起 的 投票 你 最 喜欢 MIC 的 那 [MASK] 歌 ?,首,首,"首, 些, 支"
发表 了 一 <CL> 转载 <h>博文</h> 转载 二十一 度母 礼赞 文 大宝 法王 率领 僧众 唱颂,发表 了 一 [MASK] 转载 博文 转载 二十一 度母 礼赞 文 大宝 法王 率领 僧众 唱颂,篇,篇,"篇, 些, 段"
想 做 <CL> <h>守时</h> 的 人但 就 我 个人 守时 了,想 做 [MASK] 守时 的 人但 就 我 个人 守时 了,个,个,"个, 些, 点"
"9700 拍摄 用 手头 的 黑莓 9700 拍 同样 一 <CL> <h>景</h> , 模式 不同 , 味道 也 大 不 一样 。","9700 拍摄 用 手头 的 黑莓 9700 拍 同样 一 [MASK] 景 , 模式 不同 , 味道 也 大 不 一样 。",处,场,"场, 个, 张"
"还 有 两 <CL> <h>小时</h> 就 下班 了 , , 上班 下班 都 无聊 。","还 有 两 [MASK] 小时 就 下班 了 , , 上班 下班 都 无聊 。",个,个,"个, 点, 位"
"经过 一 <CL> <h>折腾</h> 终于 把 它 摆平 了 , 邻居 都 过来 询问 。","经过 一 [MASK] 折腾 终于 把 它 摆平 了 , 邻居 都 过来 询问 。",番,番,"番, 阵, 段"
今年 除夕 还是 一 <CL> <h>人</h> 在一起 吃饭 唯一 的 遗憾 是 爷爷 的 离开 回想 去年 的 今天 他 还 在 我 的 身边 心 好 痛 好痛 我 多么 希望 时光 倒回 让 我 再次 拥有 你 你 一定 要 在 天堂 好好 的,今年 除夕 还是 一 [MASK] 人 在一起 吃饭 唯一 的 遗憾 是 爷爷 的 离开 回想 去年 的 今天 他 还 在 我 的 身边 心 好 痛 好痛 我 多么 希望 时光 倒回 让 我 再次 拥有 你 你 一定 要 在 天堂 好好 的,家,家,"家, 个, 群"
"有 一 <CL> <h>女人</h> 真 不 适合 带回 家 外日 , 我 真 错 了","有 一 [MASK] 女人 真 不 适合 带回 家 外日 , 我 真 错 了",种,种,"种, 个, 类"
看上 一 <CL> 法兰克 <h>穆勒</h>,看上 一 [MASK] 法兰克 穆勒,款,眼,"眼, 张, 个"
"饮 多 两 <CL> <h>已经乜</h> 也 都 唔知 , 无 晒 知觉 唔知 发生 乜也事 。","饮 多 两 [MASK] 已经乜 也 都 唔知 , 无 晒 知觉 唔知 发生 乜也事 。",杯,杯,"杯, 次, 碗"
"今天 把 一 <CL> 齐 腰 的 <h>长发</h> 剪 了 , 还 破天荒 的 拉直 了 才 发现 曾经 的 头发 是 有 多 干 哪 , 不过 剪 了 短发 , 还 延 不 习惯 的","今天 把 一 [MASK] 齐 腰 的 长发 剪 了 , 还 破天荒 的 拉直 了 才 发现 曾经 的 头发 是 有 多 干 哪 , 不过 剪 了 短发 , 还 延 不 习惯 的",头,头,"头, 条, 个"
"饿死 了 , 没 吃午饭 , 现在 才 下班 回家 , 车上 怎么 一 <CL> 麻辣烫 的 <h>味道</h> 呀 受 不 了 !","饿死 了 , 没 吃午饭 , 现在 才 下班 回家 , 车上 怎么 一 [MASK] 麻辣烫 的 味道 呀 受 不 了 !",股,股,"股, 点, 种"
吃 <CL> <h>饭麻</h> 将 给 它 搞起 !,吃 [MASK] 饭麻 将 给 它 搞起 !,个,个,"个, 顿, 盒"
"在 六班 的 最后 一 <CL> <h>课</h> , 我 竟然 错过 了 。","在 六班 的 最后 一 [MASK] 课 , 我 竟然 错过 了 。",节,节,"节, 堂, 次"
"内 眼线 画法 6 步骤 一 学 就 会 第 1 <CL> <h>抬起</h> 眼皮 , 用 眼线 笔 从 眼 尾 开始 描绘 。","内 眼线 画法 6 步骤 一 学 就 会 第 1 [MASK] 抬起 眼皮 , 用 眼线 笔 从 眼 尾 开始 描绘 。",步,步,"步, 次, 张"
开心 团购 春节 不 打烊 199 抢购 原 1288 的 彩贝儿 摄影 2012 乖 宝宝 套餐 服装 3 <CL> <h>其成</h> 都 团购团 26,开心 团购 春节 不 打烊 199 抢购 原 1288 的 彩贝儿 摄影 2012 乖 宝宝 套餐 服装 3 [MASK] 其成 都 团购团 26,套,个,"个, 套, 次"
"面对 着 不 完整 的 曾经 的 喜欢 的 人 试验 饰演 恋人 , 只 能 拥有 一 <CL> 不 完整 的 <h>世界</h> 。","面对 着 不 完整 的 曾经 的 喜欢 的 人 试验 饰演 恋人 , 只 能 拥有 一 [MASK] 不 完整 的 世界 。",个,个,"个, 片, 种"
"我们 在 旁边 观察 , 哪 一 <CL> <h>人</h> 将来 能 有 成就 , 哪 一 看到 一 念 菩提心 的 博文 转载 净空 法师 能 不 能 成就 都 在 谦敬 有感而发 的 评论 。","我们 在 旁边 观察 , 哪 一 [MASK] 人 将来 能 有 成就 , 哪 一 看到 一 念 菩提心 的 博文 转载 净空 法师 能 不 能 成就 都 在 谦敬 有感而发 的 评论 。",种,个,"个, 种, 类"
爱 变成 了 一 <CL> <h>枷锁</h> 。,爱 变成 了 一 [MASK] 枷锁 。,把,个,"个, 种, 道"
"第一 <CL> <h>感谢</h> 皇马 , 让 我 惊出 了 一 身 冷汗 !","第一 [MASK] 感谢 皇马 , 让 我 惊出 了 一 身 冷汗 !",次,次,"次, 个, 点"
"系 哩个 时刻 我 林 起 了 正在 上 夜班 的 你 再 过 一 <CL> <h>钟</h> 就 要 起身 跑步 了 , 点算训 未 ?","系 哩个 时刻 我 林 起 了 正在 上 夜班 的 你 再 过 一 [MASK] 钟 就 要 起身 跑步 了 , 点算训 未 ?",个,分,"分, 个, 点"
"本来 以为 这 <CL> <h>行程</h> 的 时间 会 非常 充裕 , 但是 才 是 一 不 小心 稍稍宅 了 一 天 而已 , 一 天 而 已 啊 。","本来 以为 这 [MASK] 行程 的 时间 会 非常 充裕 , 但是 才 是 一 不 小心 稍稍宅 了 一 天 而已 , 一 天 而 已 啊 。",次,次,"次, 个, 趟"
足球史 上 最 诡异 的 十 <CL> <h>进球</h>,足球史 上 最 诡异 的 十 [MASK] 进球,粒,个,"个, 粒, 次"
没 水 过 一 <CL> <h>囫囵觉</h> !,没 水 过 一 [MASK] 囫囵觉 !,个,个,"个, 种, 点"
"泸州 夜晚 妖气 冲天 , 哈批 , 你 <CL> <h>日龙</h> , 你 电话 不 接 被 妖魔 鬼怪 抓 进 水帘 洞 关起 了 啊 ?","泸州 夜晚 妖气 冲天 , 哈批 , 你 [MASK] 日龙 , 你 电话 不 接 被 妖魔 鬼怪 抓 进 水帘 洞 关起 了 啊 ?",个,个,"个, 名, 本"
饭局 也 疯狂 一 <CL> 拥有 很 深刻 的 政治 讽刺 倾向 的 <h>恶</h> 搞 喜剧片 。,饭局 也 疯狂 一 [MASK] 拥有 很 深刻 的 政治 讽刺 倾向 的 恶 搞 喜剧片 。,部,部,"部, 个, 种"
今晚 又 无 节目 啦 不过 为 佐初 四 <CL> <h>晚</h> 我 会 努力 稳,今晚 又 无 节目 啦 不过 为 佐初 四 [MASK] 晚 我 会 努力 稳,个,下,"下, 节, 本"
"珠珠 看 他 又 拿出 那 <CL> <h>劲道</h> 来 了 , 便 不再 说 下去 。","珠珠 看 他 又 拿出 那 [MASK] 劲道 来 了 , 便 不再 说 下去 。",股,个,"个, 股, 些"
"发表 了 博文 2010 年 5 月 11 日 D9 雍 布拉康 昌珠寺 2010 年 5 月 11 日 D9 雍 布拉康 昌珠寺 今天 一早 起来 退房 , 很 奢侈 地 花 了 10 <CL> <h>钱</h> 打车 去 尼泊尔 大使馆 , 匆匆 在 大使馆 门口 的 照相馆 照","发表 了 博文 2010 年 5 月 11 日 D9 雍 布拉康 昌珠寺 2010 年 5 月 11 日 D9 雍 布拉康 昌珠寺 今天 一早 起来 退房 , 很 奢侈 地 花 了 10 [MASK] 钱 打车 去 尼泊尔 大使馆 , 匆匆 在 大使馆 门口 的 照相馆 照",块,块,"块, 分, 点"
谁 饮 一 <CL> <h>月光</h> ?,谁 饮 一 [MASK] 月光 ?,壶,杯,"杯, 壶, 盏"
"李思思 凭 什么 主持 央视 春晚 原本 六 人 行 的 主持群 朱军 配 周涛 , 李咏 配董卿 , 毕福剑 的 加入 是 最 大 特色 , 可 春晚 新人 李思思 的 亮相 更 是 增色 不少 , 俨然 为 春晚 主持界 带来 一 <CL> 清新 之 <h>风</h> 。","李思思 凭 什么 主持 央视 春晚 原本 六 人 行 的 主持群 朱军 配 周涛 , 李咏 配董卿 , 毕福剑 的 加入 是 最 大 特色 , 可 春晚 新人 李思思 的 亮相 更 是 增色 不少 , 俨然 为 春晚 主持界 带来 一 [MASK] 清新 之 风 。",股,股,"股, 阵, 道"
"吃 <CL> <h>药药</h> 睡觉 , 希望 这个 安眠药 有 效果 , 晚安 。","吃 [MASK] 药药 睡觉 , 希望 这个 安眠药 有 效果 , 晚安 。",粒,点,"点, 个, 下"
湖 人 三 <CL> <h>投手</h> 太 弱 了,湖 人 三 [MASK] 投手 太 弱 了,分,名,"名, 位, 个"
"不 应该 是 谁 走进 我 的 心 , 而 是 谁 能 让 我 爱上 他 , 说不定 人家 的 心 也 是 冻结 的 呢 , 爱情 是 两 <CL> <h>人</h> 一起 经营 的 。","不 应该 是 谁 走进 我 的 心 , 而 是 谁 能 让 我 爱上 他 , 说不定 人家 的 心 也 是 冻结 的 呢 , 爱情 是 两 [MASK] 人 一起 经营 的 。",个,个,"个, 代, 种"
我 在 www damai cn 发现 了 一 <CL> 非常 不错 的 <h>演出</h> 2012 南亚 之门 大型 群星 演唱会 昆明站 时间 是 20120218 场馆 在 昆明市 体育场 强烈 推荐 !,我 在 www damai cn 发现 了 一 [MASK] 非常 不错 的 演出 2012 南亚 之门 大型 群星 演唱会 昆明站 时间 是 20120218 场馆 在 昆明市 体育场 强烈 推荐 !,个,个,"个, 场, 项"
"分享 图片 另 一 <CL> 灿烂 <h>生活</h> , 爱 你 韩承羽 !","分享 图片 另 一 [MASK] 灿烂 生活 , 爱 你 韩承羽 !",种,种,"种, 个, 份"
"圣者 约翰克里斯多夫 终于 渡过 了 河 , 他 的 肩上 扛 着 一 <CL> <h>孩子</h> , 他 放下 孩子 , 叹 口 气 问 孩子 , 你 多 重 啊 !","圣者 约翰克里斯多夫 终于 渡过 了 河 , 他 的 肩上 扛 着 一 [MASK] 孩子 , 他 放下 孩子 , 叹 口 气 问 孩子 , 你 多 重 啊 !",个,个,"个, 名, 位"
新 伊 兰特 双门 版谍 照 曝光 有 望 引入 国内 网 上 车市 西安 分站 讯 近日 国外 媒体 再次 曝光 了 全新 伊 兰特 双门版 的 路 试 谍照 与 之前 不同 此 <CL> 曝光 <h>车型</h> 没有 采用 任何 伪装 这 也 可以 让 我们 更加 清晰 的 了解 此 款 车型 。,新 伊 兰特 双门 版谍 照 曝光 有 望 引入 国内 网 上 车市 西安 分站 讯 近日 国外 媒体 再次 曝光 了 全新 伊 兰特 双门版 的 路 试 谍照 与 之前 不同 此 [MASK] 曝光 车型 没有 采用 任何 伪装 这 也 可以 让 我们 更加 清晰 的 了解 此 款 车型 。,次,次,"次, 款, 代"
泪 奔 四 <CL> <h>故事</h> 过度 得 太 好 了 !,泪 奔 四 [MASK] 故事 过度 得 太 好 了 !,个,个,"个, 楼, 集"
"晒 一下 当时 在 游 凤凰 古城 时候 , 小小 牺牲 自己 色相 的 而 赢得 的 奖励 两 <CL> <h>酒吧券</h>","晒 一下 当时 在 游 凤凰 古城 时候 , 小小 牺牲 自己 色相 的 而 赢得 的 奖励 两 [MASK] 酒吧券",张,个,"个, 间, 家"
"不 能 再 让 心情 这么 坏 下去 了 , 长久 的 失眠 只 会 让 自己 气 血 淤滞 得 更 厉害 , 让 自己 这 <CL> <h>脸</h> 越来越 不 成样 了 。","不 能 再 让 心情 这么 坏 下去 了 , 长久 的 失眠 只 会 让 自己 气 血 淤滞 得 更 厉害 , 让 自己 这 [MASK] 脸 越来越 不 成样 了 。",张,张,"张, 个, 副"
"韩寒 和 <h>郭敬明</h> 刚好 代表 80 后 价值 取向 的 两 <CL> 郭敬明 要 名声 钱 虚荣 , 这 是 好 事情 我 不 想 贬低 他 。","韩寒 和 郭敬明 刚好 代表 80 后 价值 取向 的 两 [MASK] 郭敬明 要 名声 钱 虚荣 , 这 是 好 事情 我 不 想 贬低 他 。",面,对,"对, 代, 所"
民主 的 表现 为 中央 与 地方 的 二 <CL> 选举 <h>制度</h> 。,民主 的 表现 为 中央 与 地方 的 二 [MASK] 选举 制度 。,级,级,"级, 次, 等"
"回来 了 回来 了 开开 心心 过 年 , 就算 回来 时间 短 , 总 比 一 <CL> <h>人</h> 在 那里 好 , 嘎 !","回来 了 回来 了 开开 心心 过 年 , 就算 回来 时间 短 , 总 比 一 [MASK] 人 在 那里 好 , 嘎 !",个,个,"个, 家, 群"
新 还 珠 格格 之 人儿 何处 归 20 <CL> <h>享自</h>,新 还 珠 格格 之 人儿 何处 归 20 [MASK] 享自,分,分,"分, 回, 张"
"2012 年 1 月 8 日 , 广西 桂林 , 在 6 <CL> 全 副 武装 的 公安 特警 的 <h>护送</h> 下 , 阳桥 附近 一 通信 营业厅 的 工作 人员 曾 小姐 带 着 30 万 元 现金 安全 来到 银行 。","2012 年 1 月 8 日 , 广西 桂林 , 在 6 [MASK] 全 副 武装 的 公安 特警 的 护送 下 , 阳桥 附近 一 通信 营业厅 的 工作 人员 曾 小姐 带 着 30 万 元 现金 安全 来到 银行 。",名,名,"名, 位, 个"
250 克 好 利源 脆皮 软糖 鲜 乳球 混 合口味 580 元 近期 售出 103 <CL> <h>地址</h>,250 克 好 利源 脆皮 软糖 鲜 乳球 混 合口味 580 元 近期 售出 103 [MASK] 地址,件,家,"家, 个, 号"
儿女 双 全 是 不 是 <CL> <h>梦</h> ?,儿女 双 全 是 不 是 [MASK] 梦 ?,个,个,"个, 对, 种"
"男人 从 女人 那 最 想 得 到 10 <CL> <h>东西</h> , 看似 平淡 , 却 最 最 真实 !","男人 从 女人 那 最 想 得 到 10 [MASK] 东西 , 看似 平淡 , 却 最 最 真实 !",种,样,"样, 件, 种"
分享 图片 一 <CL> <h>天</h> 起火 啊 咋办尼,分享 图片 一 [MASK] 天 起火 啊 咋办尼,线,个,"个, 线, 回"
第一 <CL> <h>听到</h> 那么 正常 的 声音 !,第一 [MASK] 听到 那么 正常 的 声音 !,次,次,"次, 个, 眼"
还 没来 的 及 开通 短信 功能 的 我 表示 今天 享受 不 到 这 <CL> <h>快感</h> 了 。,还 没来 的 及 开通 短信 功能 的 我 表示 今天 享受 不 到 这 [MASK] 快感 了 。,种,种,"种, 个, 些"
"刚 准备 打 电话 , 发现 手机 里 的 电话 号码 全 没 了 , , 昨天 晚上 睡前 没 事 做 , 看看 手机 里 那 <CL> 什么 云 <h>备份</h> , 通通删 了 , 结果 电话 薄 里 的 号码 全 都 没 了 , 这下 怎么 办 噢 , 烦躁 !","刚 准备 打 电话 , 发现 手机 里 的 电话 号码 全 没 了 , , 昨天 晚上 睡前 没 事 做 , 看看 手机 里 那 [MASK] 什么 云 备份 , 通通删 了 , 结果 电话 薄 里 的 号码 全 都 没 了 , 这下 怎么 办 噢 , 烦躁 !",个,个,"个, 些, 种"
一大早 麻麻 就 各 <CL> 不 <h>高兴</h> 。,一大早 麻麻 就 各 [MASK] 不 高兴 。,种,种,"种, 个, 处"
"如果 那 年 , 我们 多 对 或者 多 错 两 <CL> <h>题</h> , 那么 现在 会 不 会 在 不同 的 地方 , 认识 完全 不同 的 人 , 做 着 完全 不同 的 事 果然 , 高考 的 迷人 之 处 , 不 是 在于 如愿以偿 , 而 是 阴差阳错 。","如果 那 年 , 我们 多 对 或者 多 错 两 [MASK] 题 , 那么 现在 会 不 会 在 不同 的 地方 , 认识 完全 不同 的 人 , 做 着 完全 不同 的 事 果然 , 高考 的 迷人 之 处 , 不 是 在于 如愿以偿 , 而 是 阴差阳错 。",道,道,"道, 个, 样"
"微博 就 是 一 <CL> 横跨 心灵 的 <h>桥</h> , 走 过 了 无数 代沟 , 猜忌 , 不信任 还 有 差异","微博 就 是 一 [MASK] 横跨 心灵 的 桥 , 走 过 了 无数 代沟 , 猜忌 , 不信任 还 有 差异",座,座,"座, 条, 个"
比 你 见 下 <CL> 大 <h>场面</h> 哦,比 你 见 下 [MASK] 大 场面 哦,滴,面,"面, 次, 个"
"内心 充满 忌妒 , 心 中 不 坦白 , 言语 不 正 的 <h>人</h> , 不 能 算是 一 <CL> 五 官 端正 的 人 。","内心 充满 忌妒 , 心 中 不 坦白 , 言语 不 正 的 人 , 不 能 算是 一 [MASK] 五 官 端正 的 人 。",位,个,"个, 种, 位"
现在 还 有 谁 能 和 我 聊 三 <CL> <h>钟</h> 呵呵,现在 还 有 谁 能 和 我 聊 三 [MASK] 钟 呵呵,个,分,"分, 点, 个"
"虽然 比分 没有 改写 , 可 球员们 都 很 积极 , 都 在 不遗余力 的 奔跑 另外 , 小 胡安 来 了 就 好好 的 踢意杯 , 别 让 副队 再 出场 了 , 那么 大 年纪 了 万一 伤 弄 <CL> <h>伤退</h> 就 不 好 了","虽然 比分 没有 改写 , 可 球员们 都 很 积极 , 都 在 不遗余力 的 奔跑 另外 , 小 胡安 来 了 就 好好 的 踢意杯 , 别 让 副队 再 出场 了 , 那么 大 年纪 了 万一 伤 弄 [MASK] 伤退 就 不 好 了",个,发,"发, 回, 个"
新年 第一 <CL> <h>讨到</h> 的 红包,新年 第一 [MASK] 讨到 的 红包,拨,个,"个, 次, 张"
"我 在 这里 攀枝 花 火车站 热 的 心 发慌 , 四 <CL> <h>人</h> 一 包厢 , 看书 的 看书 , 耍 手机 的 耍 手机 , 就 我 无聊 , 要 回家 了 , 把 过 年长 的 肉 甩掉 吧","我 在 这里 攀枝 花 火车站 热 的 心 发慌 , 四 [MASK] 人 一 包厢 , 看书 的 看书 , 耍 手机 的 耍 手机 , 就 我 无聊 , 要 回家 了 , 把 过 年长 的 肉 甩掉 吧",个,个,"个, 口, 家"
"很 喜欢 的 一 <CL> <h>话</h> , 什么 时候 学会 相互 理解 , 那 将 会 是 永恒 的 乌托邦 。","很 喜欢 的 一 [MASK] 话 , 什么 时候 学会 相互 理解 , 那 将 会 是 永恒 的 乌托邦 。",句,句,"句, 段, 些"
"有些 人 是 一辈子 做 不 了 淑女 的 , 因为 做 淑女 不 是 说说 , 想 装 就 能 装 的 , 而 是 由 内 而 外 的 一 <CL> <h>气质</h>","有些 人 是 一辈子 做 不 了 淑女 的 , 因为 做 淑女 不 是 说说 , 想 装 就 能 装 的 , 而 是 由 内 而 外 的 一 [MASK] 气质",种,种,"种, 份, 个"
"维生素 C 不 足 也 会 降低 免疫力 , 人们 可以 从 柑橘类 水果 中 摄取 这 <CL> <h>营养素</h> 。","维生素 C 不 足 也 会 降低 免疫力 , 人们 可以 从 柑橘类 水果 中 摄取 这 [MASK] 营养素 。",种,些,"些, 种, 类"
"Then , 猜猜 这 <CL> <h>美女</h> 1 路 车 让 我们 等 得 好 辛苦 谢谢樊 阿姨 的 礼物 , 无敌 精致 的 鞋垫 , 叫 我 怎么 忍心 垫脚丫子 捏 ?","Then , 猜猜 这 [MASK] 美女 1 路 车 让 我们 等 得 好 辛苦 谢谢樊 阿姨 的 礼物 , 无敌 精致 的 鞋垫 , 叫 我 怎么 忍心 垫脚丫子 捏 ?",位,位,"位, 个, 些"
看到 这 阳光 灿烂 蓝天 白云 我 脑子 里 只 蹦出 一 <CL> <h>话</h> !,看到 这 阳光 灿烂 蓝天 白云 我 脑子 里 只 蹦出 一 [MASK] 话 !,句,句,"句, 段, 个"
新年 快乐 趁 老豆 开工 前 拿佐 两 <CL> <h>斟茶利</h> 是 先 哈哈多 谢 爹娘 祝 你 地 身体 健康 财源 广进 嘻嘻 继续 训觉,新年 快乐 趁 老豆 开工 前 拿佐 两 [MASK] 斟茶利 是 先 哈哈多 谢 爹娘 祝 你 地 身体 健康 财源 广进 嘻嘻 继续 训觉,封,杯,"杯, 个, 壶"
"有 香浓 的 咖啡 和 美味 的 蛋糕 , 有 淡淡 的 书香 , 有 轻轻 的 音乐 萦绕 耳旁 , 门口 放 着 几 <CL> 小 <h>花</h> 。","有 香浓 的 咖啡 和 美味 的 蛋糕 , 有 淡淡 的 书香 , 有 轻轻 的 音乐 萦绕 耳旁 , 门口 放 着 几 [MASK] 小 花 。",盆,朵,"朵, 盆, 束"
無聊 沒事幹 一 <CL> <h>利</h> 是 都 沒收 到 不 想 收懶 得 出去,無聊 沒事幹 一 [MASK] 利 是 都 沒收 到 不 想 收懶 得 出去,封,下,"下, 些, 件"
第四 <CL> 的 <h>抢</h> 七 精彩 精彩 紧张 !,第四 [MASK] 的 抢 七 精彩 精彩 紧张 !,盘,轮,"轮, 场, 届"
"我 可 不 想 让 这 <CL> <h>函数</h> 突然 坍缩 , 所以 最 好 的 办法 就 是 不 观察 。","我 可 不 想 让 这 [MASK] 函数 突然 坍缩 , 所以 最 好 的 办法 就 是 不 观察 。",波,个,"个, 些, 种"
我 想 吃 双 <CL> 雪糕 <h>北冰洋哒</h>,我 想 吃 双 [MASK] 雪糕 北冰洋哒,棒,层,"层, 面, 味"
"点击 参与 每 天 一 <CL> <h>希望</h> 能 中 , 我 超 喜欢 这 双 红色 的 本命年 啊","点击 参与 每 天 一 [MASK] 希望 能 中 , 我 超 喜欢 这 双 红色 的 本命年 啊",次,次,"次, 个, 对"
"半 <CL> <h>月</h> 后 再 见 , 我 亲爱 的 表哥","半 [MASK] 月 后 再 见 , 我 亲爱 的 表哥",个,个,"个, 分, 把"
"6 岁 以下 儿童 , 可以 有 一 <CL> <h>家长</h> 在 医院 陪护 。","6 岁 以下 儿童 , 可以 有 一 [MASK] 家长 在 医院 陪护 。",名,名,"名, 位, 个"
"每 <CL> <h>过</h> 年 我 妈 就 会 提起 我 那 抹 不 掉 的 回忆 , 呵呵 , 那些 年 的确 是 幸福 甜蜜 的 , 感谢 你 我 的 7 仔","每 [MASK] 过 年 我 妈 就 会 提起 我 那 抹 不 掉 的 回忆 , 呵呵 , 那些 年 的确 是 幸福 甜蜜 的 , 感谢 你 我 的 7 仔",次,次,"次, 个, 回"
一 <CL> <h>身</h> 就 见到 哩件 野,一 [MASK] 身 就 见到 哩件 野,起,起,"起, 回, 下"
喜欢 那 <CL> 手机 <h>彩铃</h> 。,喜欢 那 [MASK] 手机 彩铃 。,个,个,"个, 些, 种"
面牽 一 綫吃 今年 既 第一 <CL> <h>冰震</h> 奶茶 好好 味 我 在 這裡 银座 广场,面牽 一 綫吃 今年 既 第一 [MASK] 冰震 奶茶 好好 味 我 在 這裡 银座 广场,餐,杯,"杯, 次, 碗"
去 北京 的 路 上 还 有 7 <CL> <h>小时</h> 加油 啊 开车 开 的 腰酸 想 你 呀 乖乖 等 我 回家,去 北京 的 路 上 还 有 7 [MASK] 小时 加油 啊 开车 开 的 腰酸 想 你 呀 乖乖 等 我 回家,个,个,"个, 点, 号"
搞 了 这么样 一 <CL> 好 <h>天气</h> 。,搞 了 这么样 一 [MASK] 好 天气 。,个,个,"个, 场, 次"
"身价 计算 报告 吴美娜 , 你 现在 的 身价 是 26 万 , 身价 状态 每 月 395 <CL> 的 <h>速度</h> 上涨 快来 算算 你 的 身价 吧 !","身价 计算 报告 吴美娜 , 你 现在 的 身价 是 26 万 , 身价 状态 每 月 395 [MASK] 的 速度 上涨 快来 算算 你 的 身价 吧 !",块,点,"点, 次, 块"
这个 深夜 我 做 了 一 <CL> 很 勇敢 的 <h>事情</h> 没错 觉得 值得 就 去 做 争取 自己 想要 的 跟 着 感觉 走,这个 深夜 我 做 了 一 [MASK] 很 勇敢 的 事情 没错 觉得 值得 就 去 做 争取 自己 想要 的 跟 着 感觉 走,件,件,"件, 些, 个"
"列车员 推 着 蛋糕 瓜子 和 武侠 言情 凶杀 小说 在 车厢 过道 里 来来往往 , 许久 不见 有 一 <CL> <h>生意</h> 。","列车员 推 着 蛋糕 瓜子 和 武侠 言情 凶杀 小说 在 车厢 过道 里 来来往往 , 许久 不见 有 一 [MASK] 生意 。",笔,笔,"笔, 番, 点"
不 要 浪费 生命 在 痛苦 的 选择 上 听 说 模联 这 <CL> <h>女士</h> 必须 穿 裙装,不 要 浪费 生命 在 痛苦 的 选择 上 听 说 模联 这 [MASK] 女士 必须 穿 裙装,次,些,"些, 类, 个"
"今天 的 主要 剧情 就 是 大早 上 就 拿 着 滑板 满 街 的 跑 , 原本 好好 的 说 出来 吃 个 早点 , 现在 早点 没 吃 着 还 闹 出来 这些 <CL> <h>事</h> , 真 TM 愤青 。","今天 的 主要 剧情 就 是 大早 上 就 拿 着 滑板 满 街 的 跑 , 原本 好好 的 说 出来 吃 个 早点 , 现在 早点 没 吃 着 还 闹 出来 这些 [MASK] 事 , 真 TM 愤青 。",些,回,"回, 种, 件"
"6 年 , 父母 的 委屈 , 我 的 恨 , 以及 当年 太 奶奶 的 含恨 而 终 , 就 在 你们 的 自相 残杀 中 慢慢 报 了 长子 有 什么 用 , 长孙 有 什么 用 , 最终 敌 不过 一 <CL> <h>利字</h>","6 年 , 父母 的 委屈 , 我 的 恨 , 以及 当年 太 奶奶 的 含恨 而 终 , 就 在 你们 的 自相 残杀 中 慢慢 报 了 长子 有 什么 用 , 长孙 有 什么 用 , 最终 敌 不过 一 [MASK] 利字",个,点,"点, 句, 个"
"这 两 袋 <h>猫</h> 粮 价格不菲 , 一 <CL> 吃 了 一半 另 一 袋 还 没 开封 的 。","这 两 袋 猫 粮 价格不菲 , 一 [MASK] 吃 了 一半 另 一 袋 还 没 开封 的 。",袋,袋,"袋, 只, 般"
比 平时 晚到 家 一 <CL> <h>小时</h> 啊,比 平时 晚到 家 一 [MASK] 小时 啊,个,个,"个, 些, 点"
"我们 第一 <CL> <h>到</h> 临海 , 后面 的 , 要 加油 了 !","我们 第一 [MASK] 到 临海 , 后面 的 , 要 加油 了 !",个,次,"次, 班, 个"
与 三 <CL> 不 知名 <h>大叔</h> 玩起 了 狼人,与 三 [MASK] 不 知名 大叔 玩起 了 狼人,位,个,"个, 位, 名"
以前 多 清新 的 一 <CL> <h>脸</h> 哇,以前 多 清新 的 一 [MASK] 脸 哇,张,张,"张, 个, 副"
"每 <CL> <h>看完</h> 北爱 , 心 里 就 难受 的 睡 不 着 。","每 [MASK] 看完 北爱 , 心 里 就 难受 的 睡 不 着 。",次,次,"次, 回, 个"
"今天 打给 她 , 希望 正 如 她 所 讲 的 一样 , 梦 与 现实 是 相反 的 , 2012 <CL> <h>大运</h> 。","今天 打给 她 , 希望 正 如 她 所 讲 的 一样 , 梦 与 现实 是 相反 的 , 2012 [MASK] 大运 。",行,行,"行, 世, 门"
祥哥 像 你 那 <CL> 玫瑰 <h>花瓣</h> 不 啊,祥哥 像 你 那 [MASK] 玫瑰 花瓣 不 啊,个,个,"个, 样, 种"
我 参与 了 发起 的 投票 你 喜欢 哪 5 <CL> <h>NBA</h> 球队 ?,我 参与 了 发起 的 投票 你 喜欢 哪 5 [MASK] NBA 球队 ?,支,个,"个, 支, 家"
这 才 是 迟到 的 第一 <CL> 新年 快乐 <h>啦啦</h> 啦啦 爱 你们,这 才 是 迟到 的 第一 [MASK] 新年 快乐 啦啦 啦啦 爱 你们,波,次,"次, 步, 个"
活活 60 <CL> <h>抽</h> 奖 名额 都 愣是 坚持 没 中 。,活活 60 [MASK] 抽 奖 名额 都 愣是 坚持 没 中 。,个,个,"个, 张, 级"
"在 乡下 , 看见 一 <CL> <h>爷爷</h> 正在 做 扫 把 , 原来 是 这么 做 的 , 好像 拔河 比赛 !","在 乡下 , 看见 一 [MASK] 爷爷 正在 做 扫 把 , 原来 是 这么 做 的 , 好像 拔河 比赛 !",个,位,"位, 个, 名"
龙年 你 可以 减肥 了 我 很 认真 <CL> 跟 你 <h>讲</h> !,龙年 你 可以 减肥 了 我 很 认真 [MASK] 跟 你 讲 !,滴,只,"只, 点, 面"
"预订款 还 没 开售 预计 一 周 之后 可 代 到 , Micro 和 Nano 两 <CL> <h>尺寸</h> 都 有 , 颜色 绝对 抢眼 , 连 平时 只 喜欢 暗色系 的 我 都 有点儿 心动 , 够 尖儿 !","预订款 还 没 开售 预计 一 周 之后 可 代 到 , Micro 和 Nano 两 [MASK] 尺寸 都 有 , 颜色 绝对 抢眼 , 连 平时 只 喜欢 暗色系 的 我 都 有点儿 心动 , 够 尖儿 !",个,种,"种, 个, 款"
观众 对 魔术 揭秘 这 <CL> 空前 的 <h>求知欲</h> 。,观众 对 魔术 揭秘 这 [MASK] 空前 的 求知欲 。,种,种,"种, 样, 个"
你 妈妈 你们 一 <CL> 都 不 <h>要</h> 动 !,你 妈妈 你们 一 [MASK] 都 不 要 动 !,个,点,"点, 个, 次"
吵架 是 生活 里 的 调味 <CL> <h>痛苦</h> 但 也 要 快樂 地 活 著 !,吵架 是 生活 里 的 调味 [MASK] 痛苦 但 也 要 快樂 地 活 著 !,剂,剂,"剂, 道, 员"
往年 感觉 你 总 买 一 大 <CL> <h>花</h> 回来 要 我 帮忙 清理 装饰 什么 的 很 烦 。,往年 感觉 你 总 买 一 大 [MASK] 花 回来 要 我 帮忙 清理 装饰 什么 的 很 烦 。,堆,盆,"盆, 堆, 束"
"并 用 手 捧 水 向 脸上 泼 , 记得 用 冷水 泼 脸 20 <CL> 左右 就 <h>可以</h> 了 。","并 用 手 捧 水 向 脸上 泼 , 记得 用 冷水 泼 脸 20 [MASK] 左右 就 可以 了 。",次,下,"下, 次, 遍"
三元桥 就 一 <CL> 班 <h>车</h> 。,三元桥 就 一 [MASK] 班 车 。,辆,个,"个, 趟, 班"
"面条 之 路 一 <CL> <h>纪录片</h> , mark","面条 之 路 一 [MASK] 纪录片 , mark",部,部,"部, 个, 集"
"爱情 是 会 冷却 的 , 在 平淡 的 日子 里 , 最 重要 的 是 经常 给 两 <CL> 相互 依偎 的 <h>心</h> 加加 温爱情 是 会 沉淀 的 , 在 相处 的 日子 里 , 要 记得 时不时 摇晃 一下 盛装 爱情 的 水杯 !","爱情 是 会 冷却 的 , 在 平淡 的 日子 里 , 最 重要 的 是 经常 给 两 [MASK] 相互 依偎 的 心 加加 温爱情 是 会 沉淀 的 , 在 相处 的 日子 里 , 要 记得 时不时 摇晃 一下 盛装 爱情 的 水杯 !",颗,颗,"颗, 个, 条"
"家人 都 不 认同 我 谈 朋友 , 这 是 怎么 一 <CL> <h>事</h> ?","家人 都 不 认同 我 谈 朋友 , 这 是 怎么 一 [MASK] 事 ?",回,回,"回, 件, 个"
新年 第一 <CL> <h>祝愿</h> 大家 龙年 发大财,新年 第一 [MASK] 祝愿 大家 龙年 发大财,帖,个,"个, 声, 张"
起身 啦 起身 啦 玩 咖啡 恋人 啦 虽然 唔知几 时 会 唔玩 但是 宜家 仲系度 玩仲 有 边 鬼 <CL> <h>玩噶</h> ?,起身 啦 起身 啦 玩 咖啡 恋人 啦 虽然 唔知几 时 会 唔玩 但是 宜家 仲系度 玩仲 有 边 鬼 [MASK] 玩噶 ?,个,家,"家, 点, 面"
"这 是 日本 Epoch 开发 的 一 <CL> 运动 感应 <h>游戏</h> 或称 独立 游戏机 , 不 隶属于 nitendo s box 阵营 , 游戏者 扮演 机器 猫 或 称多 拉 a 梦 或者 大雄 或称康 夫囧 等 人 , 在 游戏 中 戴 着 竹蜻蜓 飞行 寻宝 。","这 是 日本 Epoch 开发 的 一 [MASK] 运动 感应 游戏 或称 独立 游戏机 , 不 隶属于 nitendo s box 阵营 , 游戏者 扮演 机器 猫 或 称多 拉 a 梦 或者 大雄 或称康 夫囧 等 人 , 在 游戏 中 戴 着 竹蜻蜓 飞行 寻宝 。",个,款,"款, 种, 个"
"人 在 雾 中 走 , 一切 都 隐隐约约 , 影影绰绰 , 思绪 飘然 疑 似 自己 如 一 <CL> 秋 <h>叶</h> , 随 秋风 漂 失 , 不 知会 吹 落 到 何处 ?","人 在 雾 中 走 , 一切 都 隐隐约约 , 影影绰绰 , 思绪 飘然 疑 似 自己 如 一 [MASK] 秋 叶 , 随 秋风 漂 失 , 不 知会 吹 落 到 何处 ?",片,片,"片, 枝, 朵"
"发表 了 博文 胃 靠 养 之 冬季 养 胃 心得 人体 有 众多 的 器官 , 血管 , 四肢 , 骨头 , 关节 , 要 想 身体 整体 健康 , 那么 每 一 <CL> <h>单元</h> 的 健康 必不可少 。","发表 了 博文 胃 靠 养 之 冬季 养 胃 心得 人体 有 众多 的 器官 , 血管 , 四肢 , 骨头 , 关节 , 要 想 身体 整体 健康 , 那么 每 一 [MASK] 单元 的 健康 必不可少 。",个,个,"个, 道, 位"
在 這新春 佳節 大 年 三十 <CL> 應和 <h>家人</h> 其樂 融融 的 吃 完 年夜飯 看看 春節 聯歡 晚 會什麼 的 那 是 多麼 美好 的 事兒 呀 !,在 這新春 佳節 大 年 三十 [MASK] 應和 家人 其樂 融融 的 吃 完 年夜飯 看看 春節 聯歡 晚 會什麼 的 那 是 多麼 美好 的 事兒 呀 !,本,本,"本, 下, 回"
等 我 睇个 新 天生 一 <CL> <h>先</h>,等 我 睇个 新 天生 一 [MASK] 先,对,个,"个, 样, 对"
"回家 的 路 上 , 困死 啦 困死 啦 困死 啦 跟 <CL> <h>兄嫂</h> 同 车 , 又 无聊 又 尴尬 , 唉唉唉","回家 的 路 上 , 困死 啦 困死 啦 困死 啦 跟 [MASK] 兄嫂 同 车 , 又 无聊 又 尴尬 , 唉唉唉",堂,个,"个, 张, 家"
成 <CL> <h>事</h> 真係 笑 中 有淚 向前 望,成 [MASK] 事 真係 笑 中 有淚 向前 望,件,件,"件, 本, 回"
", 明年 给 她 找 <CL> <h>儿媳妇</h> 随便 他们 去 逛 。",", 明年 给 她 找 [MASK] 儿媳妇 随便 他们 去 逛 。",个,个,"个, 点, 些"
"红 嘴 鸟 包 邮韩版 磨砂 真皮 钨钛金 双 <CL> <h>牛皮</h> 花瓣 咖色 单肩 斜挎 女式 包包 21500 元 热销 中 , 别 错过 哦","红 嘴 鸟 包 邮韩版 磨砂 真皮 钨钛金 双 [MASK] 牛皮 花瓣 咖色 单肩 斜挎 女式 包包 21500 元 热销 中 , 别 错过 哦",层,面,"面, 层, 头"
甘肃 武威 地区 发生 31 <CL> <h>地震</h> 分享 自,甘肃 武威 地区 发生 31 [MASK] 地震 分享 自,级,级,"级, 次, 起"
"平时家 在 心 里 此刻家 在 眼前 泸州 老窖 伴 您 回家 离 回家 还 有 2 天 我 的 祝福 乘 着 除夕 的 钟声 飞向 你 , 愿 你 新 的 一 年 快乐 笑 <CL> <h>高幸福</h> 美满 全 家 好 快来 和 我 一起 参加 泸州 老窖 伴 您 回家 的 活动 吧 !","平时家 在 心 里 此刻家 在 眼前 泸州 老窖 伴 您 回家 离 回家 还 有 2 天 我 的 祝福 乘 着 除夕 的 钟声 飞向 你 , 愿 你 新 的 一 年 快乐 笑 [MASK] 高幸福 美满 全 家 好 快来 和 我 一起 参加 泸州 老窖 伴 您 回家 的 活动 吧 !",步,声,"声, 脸, 个"
究竟 谁 该 拥有 那 <CL> <h>火车票</h>,究竟 谁 该 拥有 那 [MASK] 火车票,张,张,"张, 些, 份"
"九寨沟 海拔 在 2 千 米 以上 , 遍布 原始 森林 , 沟 内 分布 一百零八 <CL> <h>湖泊</h> , 有 童话 世界 之 誉九寨沟 为 全 国 重点 风景 名胜区 , 并 被 列入 世界 遗产 名录 。","九寨沟 海拔 在 2 千 米 以上 , 遍布 原始 森林 , 沟 内 分布 一百零八 [MASK] 湖泊 , 有 童话 世界 之 誉九寨沟 为 全 国 重点 风景 名胜区 , 并 被 列入 世界 遗产 名录 。",个,个,"个, 处, 座"
用心 去 做 每 一 <CL> <h>事</h> !,用心 去 做 每 一 [MASK] 事 !,件,件,"件, 个, 份"
MY LOVE 中 非常 中意 的 一 <CL> <h>歌</h> 请 你 给 我 好 一点 的 情敌 田馥甄 分享 自,MY LOVE 中 非常 中意 的 一 [MASK] 歌 请 你 给 我 好 一点 的 情敌 田馥甄 分享 自,首,首,"首, 张, 支"
"昨晚 梦见 穿 新 鞋 , 起来 趁 还 没 忘记 赶紧 周公 解梦 一下 , 一 看 就 乐 了 未婚 女子 梦见 穿 新 鞋 , 会 嫁给 一 <CL> 宽宏 大量 聪明 能干 的 <h>男子</h> 。","昨晚 梦见 穿 新 鞋 , 起来 趁 还 没 忘记 赶紧 周公 解梦 一下 , 一 看 就 乐 了 未婚 女子 梦见 穿 新 鞋 , 会 嫁给 一 [MASK] 宽宏 大量 聪明 能干 的 男子 。",位,个,"个, 位, 名"
晚上 在 家么 事 泡 <CL> <h>脚</h> 神马 的 真 是 舒服 !,晚上 在 家么 事 泡 [MASK] 脚 神马 的 真 是 舒服 !,个,个,"个, 双, 下"
"不 去 思考 , 不 去 怀念 , 只是 爱 体验 这 <CL> <h>感觉</h> 。","不 去 思考 , 不 去 怀念 , 只是 爱 体验 这 [MASK] 感觉 。",种,种,"种, 份, 个"
", 我 投给 了 风声 吴 大队长 这 1 <CL> <h>选项</h> 。",", 我 投给 了 风声 吴 大队长 这 1 [MASK] 选项 。",个,个,"个, 号, 种"
哈哈 我 要 进 地铁 的 时候 先 看到 你 脚 下 的 鞋 脑海 第一 <CL> <h>浮现</h> 肯定 是 B BOY 抬头 一 看 居然 是 你 哈哈够 搞笑 的 我 还 刚 从 华强 北练 完舞,哈哈 我 要 进 地铁 的 时候 先 看到 你 脚 下 的 鞋 脑海 第一 [MASK] 浮现 肯定 是 B BOY 抬头 一 看 居然 是 你 哈哈够 搞笑 的 我 还 刚 从 华强 北练 完舞,个,个,"个, 次, 眼"
"试 了 三 <CL> <h>包子</h> , 肉包 比 对面 好吃 , 香菇包 跟 菜包 则 不 及 , 豆脑 更 可 无视 。","试 了 三 [MASK] 包子 , 肉包 比 对面 好吃 , 香菇包 跟 菜包 则 不 及 , 豆脑 更 可 无视 。",种,个,"个, 种, 次"
"余 则 成 的 潜伏 之 道 1 <CL> 牢 <h>嘴</h> , 少 议 同事 , 多崇 上级 。","余 则 成 的 潜伏 之 道 1 [MASK] 牢 嘴 , 少 议 同事 , 多崇 上级 。",管,封,"封, 点, 个"
看到 逸能 石缘 的 博文逸 能 石缘 奇石 100 <CL> 36 洪福齐天 有感而发 的 <h>评论</h> 。,看到 逸能 石缘 的 博文逸 能 石缘 奇石 100 [MASK] 36 洪福齐天 有感而发 的 评论 。,枚,号,"号, 块, 级"
"刚刚 百 度 了 一下 , 加智齿 应该 是 32 <CL> <h>牙齿</h> 。","刚刚 百 度 了 一下 , 加智齿 应该 是 32 [MASK] 牙齿 。",颗,颗,"颗, 个, 级"
"西媒曝 2 中 超 队 邀古蒂 加盟 <h>财力</h> 雄厚 砸 重金 购金 狼 据 西班牙 媒体 称 , 除了 之前 传出 的 上海 申花 外 , 还 有 另 一 <CL> 财力 雄厚 的 中超球队 向 金狼 发出 了 邀请 。","西媒曝 2 中 超 队 邀古蒂 加盟 财力 雄厚 砸 重金 购金 狼 据 西班牙 媒体 称 , 除了 之前 传出 的 上海 申花 外 , 还 有 另 一 [MASK] 财力 雄厚 的 中超球队 向 金狼 发出 了 邀请 。",支,下,"下, 名, 本"
"今天 一早 起来 , 赚 死 了 , 有 木 有 尤其 那 两 <CL> <h>粉嫩</h> 粉嫩 的 让 人 特别 开心 , 谢谢 啦亲 记得 新 的 一 年 要 事事 顺心哟","今天 一早 起来 , 赚 死 了 , 有 木 有 尤其 那 两 [MASK] 粉嫩 粉嫩 的 让 人 特别 开心 , 谢谢 啦亲 记得 新 的 一 年 要 事事 顺心哟",封,个,"个, 张, 颗"
快 来 看看 的 微博 傻子 一 <CL> <h>围观</h> !,快 来 看看 的 微博 傻子 一 [MASK] 围观 !,枚,起,"起, 路, 个"
"这 <CL> <h>宝贝</h> 这 两 天 问 的 人 满 多 2011 年 夏装 韩版 夏威夷 沙滩裤 五分裤 男士 花裤 迷彩裤 纯 棉 , 价格 3900 元 , 见","这 [MASK] 宝贝 这 两 天 问 的 人 满 多 2011 年 夏装 韩版 夏威夷 沙滩裤 五分裤 男士 花裤 迷彩裤 纯 棉 , 价格 3900 元 , 见",件,个,"个, 位, 些"
"每 天 都 要 吸收 <CL> 养生 <h>知识</h> , 过 年 也 不 能 例外 !","每 天 都 要 吸收 [MASK] 养生 知识 , 过 年 也 不 能 例外 !",些,点,"点, 些, 下"
梦见 一 <CL> <h>境</h> 。,梦见 一 [MASK] 境 。,场,环,"环, 世, 处"
"在 河源 很 无助 , 今晚 一 <CL> <h>人</h> 在 翔丰 的 麦当劳 过夜 , 麦当劳 没 开 暖气 很 冷 , 时间 再 快点 吧 !","在 河源 很 无助 , 今晚 一 [MASK] 人 在 翔丰 的 麦当劳 过夜 , 麦当劳 没 开 暖气 很 冷 , 时间 再 快点 吧 !",个,个,"个, 家, 行"
"杨贰佰叁 拾 陆宝 大 <CL> <h>花</h> 盛开 我 的 今夏 , 来自","杨贰佰叁 拾 陆宝 大 [MASK] 花 盛开 我 的 今夏 , 来自",朵,片,"片, 枝, 盆"
和 两 <CL> <h>鸡巴</h> 佬搞基,和 两 [MASK] 鸡巴 佬搞基,个,个,"个, 位, 名"
"一 <CL> 曾经 熟识 , 现今 却 并 无 联系 的 <h>人</h> , 跋山涉水 , 风尘仆仆 , 汇于一堂 。","一 [MASK] 曾经 熟识 , 现今 却 并 无 联系 的 人 , 跋山涉水 , 风尘仆仆 , 汇于一堂 。",群,个,"个, 群, 位"
啾啾啾 9 现在 成为 了 一 <CL> <h>市长</h> !,啾啾啾 9 现在 成为 了 一 [MASK] 市长 !,名,名,"名, 个, 位"
第一 <CL> <h>发</h> 压岁 钱 啊 !,第一 [MASK] 发 压岁 钱 啊 !,次,次,"次, 个, 章"
"当 上班 的 心情 比 上坟 还 要 沉重 的 时候 , 职场 教会 我们 三 <CL> <h>事</h> 要么 忍 , 要么 狠 , 要么 滚 。","当 上班 的 心情 比 上坟 还 要 沉重 的 时候 , 职场 教会 我们 三 [MASK] 事 要么 忍 , 要么 狠 , 要么 滚 。",件,件,"件, 样, 点"
"昨夜 烟 花卷 卷舒 , 团圆 除夕 一 <CL> <h>亲</h> 。","昨夜 烟 花卷 卷舒 , 团圆 除夕 一 [MASK] 亲 。",家,家,"家, 路, 个"
所有 的 <h>车</h> 都 只 能 绕过 这 <CL> 车 从 两 边 小心翼翼 地 驶过 。,所有 的 车 都 只 能 绕过 这 [MASK] 车 从 两 边 小心翼翼 地 驶过 。,辆,个,"个, 条, 些"
"网 上 的 富 二 <CL> <h>斗富</h> , 看 了 你 会 傻眼 的 吧 。","网 上 的 富 二 [MASK] 斗富 , 看 了 你 会 傻眼 的 吧 。",代,代,"代, 层, 辈"
迎 财神 这 <CL> 神圣 的 <h>任务</h> 就 交给 我 老爸 了,迎 财神 这 [MASK] 神圣 的 任务 就 交给 我 老爸 了,项,个,"个, 项, 样"
你 睇下 依 种 是否 你 上 <CL> <h>想要</h> 果 种 果仁,你 睇下 依 种 是否 你 上 [MASK] 想要 果 种 果仁,次,次,"次, 面, 身"
"美文 故事 人生 有 三 <CL> <h>东西</h> 是 无法 隐瞒 的 咳嗽 贫穷 和 爱 你 想 隐瞒 , 却 欲盖祢彰 。","美文 故事 人生 有 三 [MASK] 东西 是 无法 隐瞒 的 咳嗽 贫穷 和 爱 你 想 隐瞒 , 却 欲盖祢彰 。",样,样,"样, 种, 个"
第一 <CL> 用 肯德基 网 上 <h>订餐</h> 。,第一 [MASK] 用 肯德基 网 上 订餐 。,次,次,"次, 个, 步"
"真的 不 是 生气 , 就 是 感觉 你 这 <CL> <h>人</h> 怎么 配 活 在 这个 世界 上 , 把 你 的 所 做 所 为 拍成 电视剧 全 世界 人 都 得 买 机票 来 沈阳 朝 你 吐口水 。","真的 不 是 生气 , 就 是 感觉 你 这 [MASK] 人 怎么 配 活 在 这个 世界 上 , 把 你 的 所 做 所 为 拍成 电视剧 全 世界 人 都 得 买 机票 来 沈阳 朝 你 吐口水 。",种,个,"个, 种, 样"
"此后 , 马来营 给 杜保乾 夫妇 送 过 各 <CL> 高档 <h>服装</h> , 以至 禁 不 住 向 杜保乾案 办案 人员 感叹","此后 , 马来营 给 杜保乾 夫妇 送 过 各 [MASK] 高档 服装 , 以至 禁 不 住 向 杜保乾案 办案 人员 感叹",种,种,"种, 类, 款"
古巨基 都俾 你 窒死 一 <CL> 有 文化 咖人 的 幽默 林敏聪 你 系 得噶 <h>人才</h>,古巨基 都俾 你 窒死 一 [MASK] 有 文化 咖人 的 幽默 林敏聪 你 系 得噶 人才,个,个,"个, 位, 群"
你 知道么 刚刚 看到 一 <CL> 很 有意思 的 <h>问题</h> 那里 可以 买 尼泊尔 佛像 ?,你 知道么 刚刚 看到 一 [MASK] 很 有意思 的 问题 那里 可以 买 尼泊尔 佛像 ?,个,个,"个, 些, 条"
", 我 投 给 了 激烈 的 PVP 战场 竞技场 这 1 <CL> <h>选项</h> 。",", 我 投 给 了 激烈 的 PVP 战场 竞技场 这 1 [MASK] 选项 。",个,个,"个, 种, 项"
"走出 教堂 , 迎面 看见 了 这 <CL> <h>树</h> , 是 谁 种下 的 ?","走出 教堂 , 迎面 看见 了 这 [MASK] 树 , 是 谁 种下 的 ?",棵,棵,"棵, 颗, 株"
"哎 , 擦了 <CL> <h>肩</h> !","哎 , 擦了 [MASK] 肩 !",个,下,"下, 把, 双"
找 一 <CL> 好 <h>老婆</h> 是 我 一 生 的 追求 。,找 一 [MASK] 好 老婆 是 我 一 生 的 追求 。,个,个,"个, 位, 对"
月 塘小禾 又 完成 了 一 <CL> 市民 的 <h>心愿</h> 。,月 塘小禾 又 完成 了 一 [MASK] 市民 的 心愿 。,个,个,"个, 位, 些"
"所谓 的 拜年 就 是 在 这 <CL> <h>吃点</h> 东西 再 跑到 那家 吃点 东西 , 回家 的 时候 就 饱 了 。","所谓 的 拜年 就 是 在 这 [MASK] 吃点 东西 再 跑到 那家 吃点 东西 , 回家 的 时候 就 饱 了 。",家,家,"家, 个, 些"
"一大早 起来 搞 卫生 , 出 一 <CL> <h>汗</h> , 真 舒服 !","一大早 起来 搞 卫生 , 出 一 [MASK] 汗 , 真 舒服 !",身,身,"身, 点, 把"
你 啥时候 能 不 一 <CL> <h>贱样</h> 啊 喂 !,你 啥时候 能 不 一 [MASK] 贱样 啊 喂 !,脸,副,"副, 个, 点"
"当日 , 安徽 黄山 风景区 雪后 放晴 , 罕见 的 瀑布 流云 从 始信峰 的 山坳 中 奔腾 而 下 , 汹涌澎湃 , <CL> <h>山峰</h> 在 云海 中 若隐若现 , 美轮美奂 , 似 海市蜃楼 , 蔚为 壮观 。","当日 , 安徽 黄山 风景区 雪后 放晴 , 罕见 的 瀑布 流云 从 始信峰 的 山坳 中 奔腾 而 下 , 汹涌澎湃 , [MASK] 山峰 在 云海 中 若隐若现 , 美轮美奂 , 似 海市蜃楼 , 蔚为 壮观 。",座,座,"座, 顶, 盘"
我 当时 那 叫 一 <CL> <h>晕啊</h> 笑 语录 我 正 在 玩 微博 精选 看 短信 发微 博,我 当时 那 叫 一 [MASK] 晕啊 笑 语录 我 正 在 玩 微博 精选 看 短信 发微 博,个,个,"个, 张, 声"
"昨天 碰到 一 <CL> <h>朋友</h> , 她 女儿 去年 考上 了 P , 这 让 我 无比 的 羡慕 , 因为 P 是 这 附近 最 好 的 私立 学校 。","昨天 碰到 一 [MASK] 朋友 , 她 女儿 去年 考上 了 P , 这 让 我 无比 的 羡慕 , 因为 P 是 这 附近 最 好 的 私立 学校 。",个,个,"个, 位, 些"
噬魂师 <h>粤语版</h> 在 线 观看 噬魂师 粤语版 第 038 <CL> 噬魂师 粤语版 全集 天 上 人间 动漫网,噬魂师 粤语版 在 线 观看 噬魂师 粤语版 第 038 [MASK] 噬魂师 粤语版 全集 天 上 人间 动漫网,集,版,"版, 集, 片"
史 上 春节 前 最后 1 周 行情 揭秘 15 年 中 14 <CL> <h>翘尾</h> 财经 频道 东方 财富 网 分享 自,史 上 春节 前 最后 1 周 行情 揭秘 15 年 中 14 [MASK] 翘尾 财经 频道 东方 财富 网 分享 自,次,个,"个, 条, 次"
"老公 酒醒 以后 早上 醒来 , 丈夫 对 妻子 说 , 咱们 家 有 鬼 , 昨晚 我 回到 家 , 去 厕所 , 一 开门 灯 就 自己 亮 了 , 还 有 一 <CL> <h>寒气</h> 逼 来 !","老公 酒醒 以后 早上 醒来 , 丈夫 对 妻子 说 , 咱们 家 有 鬼 , 昨晚 我 回到 家 , 去 厕所 , 一 开门 灯 就 自己 亮 了 , 还 有 一 [MASK] 寒气 逼 来 !",股,股,"股, 阵, 丝"
"到 一 狒狒 <CL> 前 , 飞晏 <h>指</h> 着 笼子 和 梁爽 说 看 , 佛佛 。","到 一 狒狒 [MASK] 前 , 飞晏 指 着 笼子 和 梁爽 说 看 , 佛佛 。",笼,面,"面, 家, 眼"
食 饭 就 吃 鸡 鸭 鹅 过 <CL> <h>年姐</h> 用 不 用 天天 鸡 鸭 鹅 本来 我 很 喜欢 吃 鸡 的 衣架 听到 都 厌食 饭食 鸡食 饭食 鸭 食 饭食 鹅 我 要 海鲜,食 饭 就 吃 鸡 鸭 鹅 过 [MASK] 年姐 用 不 用 天天 鸡 鸭 鹅 本来 我 很 喜欢 吃 鸡 的 衣架 听到 都 厌食 饭食 鸡食 饭食 鸭 食 饭食 鹅 我 要 海鲜,个,个,"个, 点, 些"
我 一 <CL> <h>人</h> 一口气 喝 了 大 半瓶 竹叶青 。,我 一 [MASK] 人 一口气 喝 了 大 半瓶 竹叶青 。,个,个,"个, 家, 行"
初一 到 初五 中国 教育 一 <CL> <h>晚</h> 十一点半 怪兽 档案,初一 到 初五 中国 教育 一 [MASK] 晚 十一点半 怪兽 档案,台,般,"般, 节, 号"
"在 我 的 出走 计划 前 , 我 可以 有 <CL> 放松 的 <h>地方</h> !","在 我 的 出走 计划 前 , 我 可以 有 [MASK] 放松 的 地方 !",个,个,"个, 些, 点"
"假期 真 不 适合 忙 工作 , 半天 写 不 出 一 <CL> <h>字</h>","假期 真 不 适合 忙 工作 , 半天 写 不 出 一 [MASK] 字",行,个,"个, 行, 篇"
"小 米 自动 醒 了 亲昵 两 <CL> 趴 我 身上 继续 睡 , 夜 静悄悄 人 的 <h>思路</h> 也 异常 清晰 , 喝 杯 温水暖胃 , 感觉 很 好 , 早安 !","小 米 自动 醒 了 亲昵 两 [MASK] 趴 我 身上 继续 睡 , 夜 静悄悄 人 的 思路 也 异常 清晰 , 喝 杯 温水暖胃 , 感觉 很 好 , 早安 !",下,下,"下, 个, 次"
"gc 是 第二 天 同学 去 找 那 老板 说 要 退碟 , 那 老板 还 小声 的 嘀咕 了 一 <CL> 为什么 要 退 啊 , 唱 的 <h>蛮好</h> 的 蛮好 的 。","gc 是 第二 天 同学 去 找 那 老板 说 要 退碟 , 那 老板 还 小声 的 嘀咕 了 一 [MASK] 为什么 要 退 啊 , 唱 的 蛮好 的 蛮好 的 。",句,句,"句, 下, 声"
"又 是 一 <CL> <h>人</h> , 接个 十 年 不 见 的 亲人 , 听 生辰 快乐 真 是 悲喜 交集 。","又 是 一 [MASK] 人 , 接个 十 年 不 见 的 亲人 , 听 生辰 快乐 真 是 悲喜 交集 。",伙,家,"家, 个, 群"
"厚 涂 的 质感 真心 很 棒 , 不过 Flash 永远 都 画 不 到 这 <CL> <h>效果</h> 了 。","厚 涂 的 质感 真心 很 棒 , 不过 Flash 永远 都 画 不 到 这 [MASK] 效果 了 。",种,种,"种, 个, 些"
"小姨 生 了 <CL> <h>妹妹</h> , 哈哈 , 六 斤 二 两 !","小姨 生 了 [MASK] 妹妹 , 哈哈 , 六 斤 二 两 !",个,个,"个, 双, 位"
"2 佛像 若 是 以 挂图 的 形式 , 应该 剪 一 <CL> 一 元 <h>大小</h> 的 红 纸 贴 在 佛祖 莲座 上 或 座位 上 , 以 示 吉祥选 。","2 佛像 若 是 以 挂图 的 形式 , 应该 剪 一 [MASK] 一 元 大小 的 红 纸 贴 在 佛祖 莲座 上 或 座位 上 , 以 示 吉祥选 。",张,张,"张, 个, 幅"
"终于 做 了 <CL> 了 <h>决定</h> , 不管 对 不 对 都 不 能 后悔 , 也 回 不 了 头 了 , 只是 我 会 为 此 付出 代价 失去 最 亲 最 爱 的 宝贝 , 或许 只有 这样 才 能 回到 以前 , 很 痛苦 很 心疼","终于 做 了 [MASK] 了 决定 , 不管 对 不 对 都 不 能 后悔 , 也 回 不 了 头 了 , 只是 我 会 为 此 付出 代价 失去 最 亲 最 爱 的 宝贝 , 或许 只有 这样 才 能 回到 以前 , 很 痛苦 很 心疼",个,个,"个, 下, 对"
"推荐 给 大家 一 <CL> 不错 的 小 <h>工具</h> 眼 保健操 , 实用 又 方便 , 真的 很 赞 哦 !","推荐 给 大家 一 [MASK] 不错 的 小 工具 眼 保健操 , 实用 又 方便 , 真的 很 赞 哦 !",个,个,"个, 款, 些"
"Julia Fullerton Batten 的 青春期 故事 在 很多 摄影展 中 出现 过 , 她 巧妙 地 利用 逼真 的 电影 模型 场景 , 以 一 <CL> <h>超</h>","Julia Fullerton Batten 的 青春期 故事 在 很多 摄影展 中 出现 过 , 她 巧妙 地 利用 逼真 的 电影 模型 场景 , 以 一 [MASK] 超",种,个,"个, 些, 次"
"有 消息 说 , 由 於 精确 制导 炸弹 的 广泛 应用 , 美国 根本 不必 投入 六 <CL> <h>航母</h> 就 可 达到 很 好 的 作战 效果 。","有 消息 说 , 由 於 精确 制导 炸弹 的 广泛 应用 , 美国 根本 不必 投入 六 [MASK] 航母 就 可 达到 很 好 的 作战 效果 。",艘,艘,"艘, 架, 个"
"新 既 一 年 , 我 最 大 的 愿望 就 系 <CL> 死 鸡眼 好 <h>翻太</h> 烦 人 了","新 既 一 年 , 我 最 大 的 愿望 就 系 [MASK] 死 鸡眼 好 翻太 烦 人 了",粒,个,"个, 把, 点"
Oh 贞姐 的 重阳 各 <CL> <h>美啊</h>,Oh 贞姐 的 重阳 各 [MASK] 美啊,种,种,"种, 位, 家"
想 家 一 <CL> 没有 <h>欺骗</h> 可以 擦干 眼泪 的 地方 。,想 家 一 [MASK] 没有 欺骗 可以 擦干 眼泪 的 地方 。,个,个,"个, 家, 种"
"Moumoon 哈雷路亚 最近 好 爱 这 <CL> <h>歌</h> , 很 好听","Moumoon 哈雷路亚 最近 好 爱 这 [MASK] 歌 , 很 好听",首,首,"首, 些, 张"
"红衣 女孩 叫 静宜 , 几 年 前 她 跟 穆林 的 那 <CL> <h>邂逅</h> 可能 是 老天 早就 注定 了 的 姻缘 。","红衣 女孩 叫 静宜 , 几 年 前 她 跟 穆林 的 那 [MASK] 邂逅 可能 是 老天 早就 注定 了 的 姻缘 。",次,次,"次, 场, 个"
"就 是 早上 喝 了 一 <CL> 珍养 <h>牛奶</h> , 是 不 是 要 用 冷酸 灵 ?","就 是 早上 喝 了 一 [MASK] 珍养 牛奶 , 是 不 是 要 用 冷酸 灵 ?",瓶,杯,"杯, 瓶, 罐"
我 那 <CL> 烂 <h>苹果</h> 愁 了 我 一 晚上,我 那 [MASK] 烂 苹果 愁 了 我 一 晚上,个,个,"个, 颗, 棵"
那 <CL> <h>爱</h> 着 油画家 的 我 。,那 [MASK] 爱 着 油画家 的 我 。,个,个,"个, 样, 些"
"我 参与 了 发起 的 投票 您 的 上网 主页 是 , 我 投给 了 其他 这 1 <CL> <h>选项</h> 。","我 参与 了 发起 的 投票 您 的 上网 主页 是 , 我 投给 了 其他 这 1 [MASK] 选项 。",个,个,"个, 种, 项"
"今天 早晨 多亏 烧 锅炉 大爷 没烧 , 不 给 我 冻醒 都 赶 不 上 回家 的 2 <CL> <h>汽车</h>","今天 早晨 多亏 烧 锅炉 大爷 没烧 , 不 给 我 冻醒 都 赶 不 上 回家 的 2 [MASK] 汽车",路,辆,"辆, 号, 路"
原来 Think Different 这 <CL> <h>话</h> 是 Lee Clow 和 他 的 团队 策划 出来 重塑 Apple 形象 的,原来 Think Different 这 [MASK] 话 是 Lee Clow 和 他 的 团队 策划 出来 重塑 Apple 形象 的,句,句,"句, 段, 番"
"大年 初一 的 , 打 了 三 <CL> <h>小时</h> 的 球 。","大年 初一 的 , 打 了 三 [MASK] 小时 的 球 。",个,个,"个, 点, 块"
就 像 给 空喊 口号 者 当头 一 <CL> <h>棒喝</h> 。,就 像 给 空喊 口号 者 当头 一 [MASK] 棒喝 。,记,顿,"顿, 个, 头"
"翻到 了 好早 以前 微薄 的 一 <CL> <h>测试</h> , 以前 以为 自己 真的 会败 , 而 现在 决定 赢 了 它 !","翻到 了 好早 以前 微薄 的 一 [MASK] 测试 , 以前 以为 自己 真的 会败 , 而 现在 决定 赢 了 它 !",个,份,"份, 本, 个"
每 一 <CL> <h>生意</h> 上 的 成绩 突破 超标 我 都 好 开心 !,每 一 [MASK] 生意 上 的 成绩 突破 超标 我 都 好 开心 !,次,次,"次, 个, 项"
"于是 他 每 天 写 一 <CL> <h>情书</h> 放进 他 信箱 , 因为 他 知道 他 只 是 随口 说说 不 会 去 翻 信箱 。","于是 他 每 天 写 一 [MASK] 情书 放进 他 信箱 , 因为 他 知道 他 只 是 随口 说说 不 会 去 翻 信箱 。",封,封,"封, 份, 篇"
"已经 几 <CL> 不 <h>起来</h> 昨天 是 几 点 入睡 的 , 昏昏 沉沉 的 一 觉 睡 到 现在 。","已经 几 [MASK] 不 起来 昨天 是 几 点 入睡 的 , 昏昏 沉沉 的 一 觉 睡 到 现在 。",记,点,"点, 次, 个"
"有 降落伞 , 蝴蝶结 , 旋风 , 各 <CL> <h>礼炮</h> , 火花式 , 还 有些 不 知道 是 什么","有 降落伞 , 蝴蝶结 , 旋风 , 各 [MASK] 礼炮 , 火花式 , 还 有些 不 知道 是 什么",种,种,"种, 类, 样"
"看完 了 铁甲 钢 拳 , 有 <CL> 儿子 <h>真好</h>","看完 了 铁甲 钢 拳 , 有 [MASK] 儿子 真好",个,个,"个, 点, 些"
几 多 <CL> <h>可以</h> 爱到 几 多 岁,几 多 [MASK] 可以 爱到 几 多 岁,对,次,"次, 点, 个"
"赵本山 惜别 春晚 舞台 , 有点 惋惜 , 他 是 一 <CL> <h>人</h> 记忆 中 的 人物 。","赵本山 惜别 春晚 舞台 , 有点 惋惜 , 他 是 一 [MASK] 人 记忆 中 的 人物 。",代,个,"个, 代, 般"
我 觉得 我 是 <CL> <h>妈</h> !,我 觉得 我 是 [MASK] 妈 !,个,个,"个, 张, 家"
过 年 就 不 要 提 那 <CL> <h>贱女人</h> 。,过 年 就 不 要 提 那 [MASK] 贱女人 。,个,些,"些, 个, 种"
"明天 晚上 有 重大 活动 , 但愿 老天 能 帮忙 , 能够 一 <CL> <h>小时</h> 不 下雨 。","明天 晚上 有 重大 活动 , 但愿 老天 能 帮忙 , 能够 一 [MASK] 小时 不 下雨 。",个,个,"个, 点, 些"
今天 目睹 了 大 悦 城 zara 一 <CL> <h>血战</h> 我 只 能 说 那 姑娘 很 好 的 保护 了 她 爷们儿,今天 目睹 了 大 悦 城 zara 一 [MASK] 血战 我 只 能 说 那 姑娘 很 好 的 保护 了 她 爷们儿,场,场,"场, 次, 番"
"设计 生活 发现 新鲜 小 <h>叶子</h> , 大 用途 p Every leaf traps CO2 每 一 <CL> 叶子 都 能 吸收 二氧化碳 , 拯救 树木 , 拯救 环境 , 拯救 地球 拯救 你 !","设计 生活 发现 新鲜 小 叶子 , 大 用途 p Every leaf traps CO2 每 一 [MASK] 叶子 都 能 吸收 二氧化碳 , 拯救 树木 , 拯救 环境 , 拯救 地球 拯救 你 !",片,家,"家, 个, 种"
"整 <CL> <h>人</h> 就 我 喝酒 , 喝 了 快 五 瓶 , 晕","整 [MASK] 人 就 我 喝酒 , 喝 了 快 五 瓶 , 晕",桌,群,"群, 个, 桌"
我 还是 觉得 那 <CL> <h>傻夫夫</h> 的 单纯 的 男生 更 让 人 倾心 阿,我 还是 觉得 那 [MASK] 傻夫夫 的 单纯 的 男生 更 让 人 倾心 阿,种,种,"种, 个, 些"
"012712 向 苏昌茂 发起 竞技 挑战 , 成功 , 获得 了 20 点 经验值 , 20 <CL> <h>银币</h>","012712 向 苏昌茂 发起 竞技 挑战 , 成功 , 获得 了 20 点 经验值 , 20 [MASK] 银币",枚,点,"点, 枚, 个"
"100 泰 <CL> , <h>零钱</h>","100 泰 [MASK] , 零钱",株,拳,"拳, 股, 面"
"海南 这 <CL> <h>天气</h> , 你 是 想 怎样 ?","海南 这 [MASK] 天气 , 你 是 想 怎样 ?",种,种,"种, 个, 样"
"我 就 去 了 , 是 不 是 就 是 有 的 人 非 得 让 金 希澈 每 <CL> 想 亲近 中饭 的 <h>行动</h> 都 变 恶心 啊 ?","我 就 去 了 , 是 不 是 就 是 有 的 人 非 得 让 金 希澈 每 [MASK] 想 亲近 中饭 的 行动 都 变 恶心 啊 ?",次,次,"次, 个, 种"
"边 <CL> <h>去</h> 宵夜 啊 , 求 陪同","边 [MASK] 去 宵夜 啊 , 求 陪同",个,回,"回, 路, 下"
"这 两 <CL> <h>照片</h> 太 坑 爹 了 , 以后 我们 可以 不 要 把 人 拍 那么 小 嘛 ?","这 两 [MASK] 照片 太 坑 爹 了 , 以后 我们 可以 不 要 把 人 拍 那么 小 嘛 ?",张,张,"张, 组, 个"
"都 是 你 , 大半夜 的 喊 吃 面 , 我 撑死 了 , 又 刷 了 一 <CL> <h>牙</h> , 臭 猫 猫","都 是 你 , 大半夜 的 喊 吃 面 , 我 撑死 了 , 又 刷 了 一 [MASK] 牙 , 臭 猫 猫",遍,次,"次, 下, 口"
"也 真的 好 想 你们 , 谁 让咱 不 能 一 <CL> <h>电话</h> 就 能 见 呢","也 真的 好 想 你们 , 谁 让咱 不 能 一 [MASK] 电话 就 能 见 呢",个,个,"个, 通, 下"
是 不 是 过 了 一 <CL> 难忘 的 激动 的 十八 生日 呢 亲亲亲 哈哈张 总 策划 比 你 还 <h>激动</h> 类 还 有 最后 被 我 逼 出来 的 压轴 好 戏 真 幸福 可爱 这些 都 是 送给 你 的 pub 神马 的 知道 你 不 期 啦,是 不 是 过 了 一 [MASK] 难忘 的 激动 的 十八 生日 呢 亲亲亲 哈哈张 总 策划 比 你 还 激动 类 还 有 最后 被 我 逼 出来 的 压轴 好 戏 真 幸福 可爱 这些 都 是 送给 你 的 pub 神马 的 知道 你 不 期 啦,个,个,"个, 段, 次"
"第二 <CL> <h>出锅</h> , 有 小宝 最 喜欢 的 腊肠 包","第二 [MASK] 出锅 , 有 小宝 最 喜欢 的 腊肠 包",笼,次,"次, 盘, 锅"
年货 太 多 <CL> 里 也 只有 我 能 扛 起 <h>吃光</h> 它们 的 重任 了 !,年货 太 多 [MASK] 里 也 只有 我 能 扛 起 吃光 它们 的 重任 了 !,家,家,"家, 眼, 手"
"世事 匆匆 过 , 每 <CL> <h>人</h> 都 经历 着 不 一样 的 酸甜苦辣 , 或许 甘甜 , 或许 苦涩 , 只是 我们 都 要 面对 介已 有的 事实 , 接受 并 迈向 更 美好 的 地方 。","世事 匆匆 过 , 每 [MASK] 人 都 经历 着 不 一样 的 酸甜苦辣 , 或许 甘甜 , 或许 苦涩 , 只是 我们 都 要 面对 介已 有的 事实 , 接受 并 迈向 更 美好 的 地方 。",个,个,"个, 位, 种"
今年 的 最后 一 <CL> <h>菜</h> 简直 就 是 经典 啊 好香,今年 的 最后 一 [MASK] 菜 简直 就 是 经典 啊 好香,道,道,"道, 个, 盘"
"冷 笑话 拍卖会 上 , 一 <CL> <h>阔佬</h> 对 大家 宣布 他 不慎 将 自己 的 钱包 丢 在 了 会场 , 内 有 现金 10000 元 , 谁 能 将 钱包 送 还 给 他 , 他 将 出 酬金 100 元 。","冷 笑话 拍卖会 上 , 一 [MASK] 阔佬 对 大家 宣布 他 不慎 将 自己 的 钱包 丢 在 了 会场 , 内 有 现金 10000 元 , 谁 能 将 钱包 送 还 给 他 , 他 将 出 酬金 100 元 。",位,位,"位, 个, 名"
失眠 有 <CL> 想 自杀 的 <h>感觉</h>,失眠 有 [MASK] 想 自杀 的 感觉,种,种,"种, 点, 些"
今天 亲自 下手 做 了 一 <CL> <h>子</h> 菜 不错 哈哈,今天 亲自 下手 做 了 一 [MASK] 子 菜 不错 哈哈,桌,桌,"桌, 辈, 家"
"说 爱 我 , 在 我 的 耳边 对 我 说 , 我 已经 真的 太 久 忘 了 这 <CL> <h>心动</h> 。","说 爱 我 , 在 我 的 耳边 对 我 说 , 我 已经 真的 太 久 忘 了 这 [MASK] 心动 。",种,份,"份, 种, 个"
"人 地 放假 一 <CL> <h>身</h> 就 得 中午 下午 同 晚上 , 而 我 一起 身 就 剩翻 下午 同 晚上","人 地 放假 一 [MASK] 身 就 得 中午 下午 同 晚上 , 而 我 一起 身 就 剩翻 下午 同 晚上",起,起,"起, 个, 回"
还 有 一 大 <CL> <h>树叶</h> 等 着 我 扫 呜呜 手 又 要 痛 了,还 有 一 大 [MASK] 树叶 等 着 我 扫 呜呜 手 又 要 痛 了,堆,片,"片, 堆, 块"
卡卡 又 名 一 <CL> <h>花</h>,卡卡 又 名 一 [MASK] 花,支,枝,"枝, 朵, 束"
"7300 多 万 <CL> 的 中外 参观 <h>者</h> , 在 中国 上海 世博会 联手 托举 了 一个 冉冉 升起 的 环球 梦想 。","7300 多 万 [MASK] 的 中外 参观 者 , 在 中国 上海 世博会 联手 托举 了 一个 冉冉 升起 的 环球 梦想 。",人次,名,"名, 次, 位"
"把 两 <h>人</h> 重叠 的 感觉 越来越 强烈 是 怎么回事 陌生 又 熟悉 的 怦然心动 , 果然 认真 喜欢 起 一 <CL> 人 来 , 有些 感觉 是 比 恋爱 也 来 得 真实 的 。","把 两 人 重叠 的 感觉 越来越 强烈 是 怎么回事 陌生 又 熟悉 的 怦然心动 , 果然 认真 喜欢 起 一 [MASK] 人 来 , 有些 感觉 是 比 恋爱 也 来 得 真实 的 。",个,个,"个, 面, 对"
在 厦门 担心 五 元 买 不 到 一 <CL> <h>面包</h> 于是 给 了 十 元 只 是 在 遇到 他 又 向 路人 索要 面包 钱 时 不得不 感慨 厦门 物价 之 高,在 厦门 担心 五 元 买 不 到 一 [MASK] 面包 于是 给 了 十 元 只 是 在 遇到 他 又 向 路人 索要 面包 钱 时 不得不 感慨 厦门 物价 之 高,个,个,"个, 块, 包"
"一 <CL> <h>善于</h> 浪漫 的 男人 , 必然 经历 过 很多 女人 的 训练 , 他们 的 浪漫 是 种 技巧 , 可以 对 你 , 也 可以 对 别人 。","一 [MASK] 善于 浪漫 的 男人 , 必然 经历 过 很多 女人 的 训练 , 他们 的 浪漫 是 种 技巧 , 可以 对 你 , 也 可以 对 别人 。",个,个,"个, 位, 名"
"一 黑人 司 机载 了 一 <CL> 白人 <h>母子</h> , 孩子 问 为什么 司机 伯伯 的 肤色 和 我们 不同 ?","一 黑人 司 机载 了 一 [MASK] 白人 母子 , 孩子 问 为什么 司机 伯伯 的 肤色 和 我们 不同 ?",对,对,"对, 个, 名"
1500 <CL> <h>酒店</h> 休息 。,1500 [MASK] 酒店 休息 。,回,回,"回, 点, 号"
"后来 抽奖 , 又 抽到 一 <CL> <h>笔</h> , 虽 不 算 好 , 总 比 什么 都 没有 的 人 强 。","后来 抽奖 , 又 抽到 一 [MASK] 笔 , 虽 不 算 好 , 总 比 什么 都 没有 的 人 强 。",盒,支,"支, 笔, 个"
"从 材料 的 角度 讲 , 找 一 <CL> 能 把 咖啡 吸附 的 类似 <h>冰块</h> 的 材料 应该 不 是 难事 。","从 材料 的 角度 讲 , 找 一 [MASK] 能 把 咖啡 吸附 的 类似 冰块 的 材料 应该 不 是 难事 。",个,种,"种, 个, 些"
给 大家 推荐 <CL> <h>地方</h> 是 上上 上 周 我 去 参加 朋友 搞 的 圣诞 派对 的 地方 游艇 俱乐部 在 老 码头 附近 又 一 装 B 圣地,给 大家 推荐 [MASK] 地方 是 上上 上 周 我 去 参加 朋友 搞 的 圣诞 派对 的 地方 游艇 俱乐部 在 老 码头 附近 又 一 装 B 圣地,个,个,"个, 下, 家"
刘俐俐 张绍 刚 场 上 互掐 两 <CL> <h>人</h> 的 心理 素质 都 不 咋地 。,刘俐俐 张绍 刚 场 上 互掐 两 [MASK] 人 的 心理 素质 都 不 咋地 。,个,个,"个, 组, 拨"
"在 公交车 上 , 你 会 选择 哪 一 <CL> <h>位置</h> 坐 ?","在 公交车 上 , 你 会 选择 哪 一 [MASK] 位置 坐 ?",个,个,"个, 种, 些"
上传 了 14 <CL> <h>照片</h> 到 相册 一 花 一 世界 。,上传 了 14 [MASK] 照片 到 相册 一 花 一 世界 。,张,张,"张, 幅, 组"
27 <CL> <h>逆转</h> 啊 !,27 [MASK] 逆转 啊 !,分,章,"章, 号, 楼"
是 自己 亲手 造就 了 这 <CL> <h>模样</h> 。,是 自己 亲手 造就 了 这 [MASK] 模样 。,幅,个,"个, 种, 副"
"说 不 出口 我 有 多么 喜欢 你 , 这 多 无奈 , 可是 我 不 后悔 , 这 <CL> <h>路</h> , 我 从来 没 想 过 自己 会 后悔","说 不 出口 我 有 多么 喜欢 你 , 这 多 无奈 , 可是 我 不 后悔 , 这 [MASK] 路 , 我 从来 没 想 过 自己 会 后悔",条,条,"条, 段, 些"
"为什么 妇女 同志 的 聊天 内容 总是 別家 的 钱 啊 , 房子 啊 , 还 得 整 <CL> <h>楼</h> 都 听到 的 声调 , 为 毛呢","为什么 妇女 同志 的 聊天 内容 总是 別家 的 钱 啊 , 房子 啊 , 还 得 整 [MASK] 楼 都 听到 的 声调 , 为 毛呢",幢,栋,"栋, 幢, 个"
"好久 没 认真 看 两 <CL> 我 生命 中 最 亲 最 亲 的 <h>人</h> , 我 似乎 从 不 敢 与 他们 四 目 相对 , 就 好像 对 他们 我 亏欠 了 前世 今生 。","好久 没 认真 看 两 [MASK] 我 生命 中 最 亲 最 亲 的 人 , 我 似乎 从 不 敢 与 他们 四 目 相对 , 就 好像 对 他们 我 亏欠 了 前世 今生 。",个,眼,"眼, 遍, 次"
"我 在 年货 <h>大街</h> 开 吃 啦 doggy 在 小小 乐园 开 了 一 <CL> 年货 大街 , 免费 吃 免费 玩 新年 过 太爽 !","我 在 年货 大街 开 吃 啦 doggy 在 小小 乐园 开 了 一 [MASK] 年货 大街 , 免费 吃 免费 玩 新年 过 太爽 !",条,家,"家, 路, 下"
原来 挂彩 了 扇子 也 废 了 睡觉 睡觉 准备 下 一 <CL> <h>刘小婷</h> 要 hold 住,原来 挂彩 了 扇子 也 废 了 睡觉 睡觉 准备 下 一 [MASK] 刘小婷 要 hold 住,场,场,"场, 季, 个"
又 看 了 一 <CL> <h>青春期</h> 。,又 看 了 一 [MASK] 青春期 。,部,下,"下, 遍, 次"
"刚刚 顾客 给 了 我 几 <CL> <h>巧克力</h> 饼干 , 也 不 推让 很 厚 脸皮 的 就 顺手 收下 了 !","刚刚 顾客 给 了 我 几 [MASK] 巧克力 饼干 , 也 不 推让 很 厚 脸皮 的 就 顺手 收下 了 !",包,片,"片, 个, 块"
lowlow 这 素 不 素 你 的 那 <CL> <h>电摩</h> ?,lowlow 这 素 不 素 你 的 那 [MASK] 电摩 ?,辆,个,"个, 辆, 台"
"学生 时代 让 人 头疼 的 各 <CL> <h>符号</h> 阿尔法 贝塔 伽玛 德尔塔 伊普西隆泽塔伊塔西塔约 塔卡帕兰姆达米 欧纽克 西欧 米克隆 派柔西格玛 陶玉 普西隆弗爱凯普赛 , 大家 能 读出 多少 呢 ?","学生 时代 让 人 头疼 的 各 [MASK] 符号 阿尔法 贝塔 伽玛 德尔塔 伊普西隆泽塔伊塔西塔约 塔卡帕兰姆达米 欧纽克 西欧 米克隆 派柔西格玛 陶玉 普西隆弗爱凯普赛 , 大家 能 读出 多少 呢 ?",种,种,"种, 类, 个"
"清 茶 一 <CL> <h>送</h> 闲人 , 余香 一 缕 伴君眠 。","清 茶 一 [MASK] 送 闲人 , 余香 一 缕 伴君眠 。",盏,杯,"杯, 壶, 盏"
穆里尼奥往 队员 手上 塞 小 纸条 三 <CL> <h>锦囊</h> 上面 写 了 啥图 分享 自,穆里尼奥往 队员 手上 塞 小 纸条 三 [MASK] 锦囊 上面 写 了 啥图 分享 自,条,分,"分, 级, 个"
睡 三 <CL> <h>钟头</h>,睡 三 [MASK] 钟头,个,个,"个, 分, 点"
"路虎 音速 飞行 时间 最 能 激发 我 极 速 渴望 的 3 <CL> <h>歌曲</h> 是 Don t Stop Believin Counterpoint Centerfield , 你 的 呢 ?","路虎 音速 飞行 时间 最 能 激发 我 极 速 渴望 的 3 [MASK] 歌曲 是 Don t Stop Believin Counterpoint Centerfield , 你 的 呢 ?",首,首,"首, 支, 个"
一 <CL> <h>桔子</h> 。,一 [MASK] 桔子 。,盆,个,"个, 种, 片"
"感冒 了 真 难受 , 鼻子 里 <CL> 的 <h>脑袋</h> 昏昏 的 。","感冒 了 真 难受 , 鼻子 里 [MASK] 的 脑袋 昏昏 的 。",堵,堵,"堵, 面, 头"
在 平沙 真心 求 各 <CL> <h>节目</h> 啊 。,在 平沙 真心 求 各 [MASK] 节目 啊 。,种,种,"种, 个, 类"
回 <CL> <h>家</h> 总 那么 惊心动魄 !,回 [MASK] 家 总 那么 惊心动魄 !,个,回,"回, 家, 首"
牺牲 这 <CL> <h>东西</h> 才 不 重要 !,牺牲 这 [MASK] 东西 才 不 重要 !,种,些,"些, 个, 种"
"其实 , 自 上月 开始 , 印尼 方面 就 曾 表示 , 将 对 非法 进入 印尼 海域 进行 捕鱼 的 外国 渔船 采取 严厉 措施 , 印尼 海军 总司令 前 <CL> <h>时候</h> 也 曾 警告 说 , 印尼 海军 将 击沉 在 印尼 海域 非法 捕鱼 的 外国 渔船 。","其实 , 自 上月 开始 , 印尼 方面 就 曾 表示 , 将 对 非法 进入 印尼 海域 进行 捕鱼 的 外国 渔船 采取 严厉 措施 , 印尼 海军 总司令 前 [MASK] 时候 也 曾 警告 说 , 印尼 海军 将 击沉 在 印尼 海域 非法 捕鱼 的 外国 渔船 。",些,些,"些, 段, 个"
“ 你 车上 有 二 <CL> 第一流 的 <h>配备</h> 啊 !,“ 你 车上 有 二 [MASK] 第一流 的 配备 啊 !,套,手,"手, 种, 级"
这 是 哪 <CL> <h>学校</h> 啊,这 是 哪 [MASK] 学校 啊,间,个,"个, 所, 家"
一 <CL> 好 <h>刀会</h> 让 厨师 得心应手 !,一 [MASK] 好 刀会 让 厨师 得心应手 !,把,把,"把, 手, 口"
"剑侠 世界 我 在 万 花 谷 副本 , 这里 是 五千万 人 的 江湖 , 萝莉御姐 任 你 挑选 , 抱 <CL> <h>妞儿</h> 回家 过冬咯 !","剑侠 世界 我 在 万 花 谷 副本 , 这里 是 五千万 人 的 江湖 , 萝莉御姐 任 你 挑选 , 抱 [MASK] 妞儿 回家 过冬咯 !",个,个,"个, 起, 点"
"人人 都 戴 着 一 <CL> <h>面具</h> , 我 的 面具 是 真实 。","人人 都 戴 着 一 [MASK] 面具 , 我 的 面具 是 真实 。",个,个,"个, 副, 面"
"收 手机 就 收 手机 啦 , 随便 了 , 反正 时间 很 快 过大 不 了 一 两百 <CL> <h>弄</h> 部 二手 的 来","收 手机 就 收 手机 啦 , 随便 了 , 反正 时间 很 快 过大 不 了 一 两百 [MASK] 弄 部 二手 的 来",块,块,"块, 个, 回"
"专心 做事 能够 耐 得 住 一 <CL> <h>时间</h> 暂时 的 寂寞 的 人 , 往往 可以 得到 较 长 时间 的 精彩 人生 !","专心 做事 能够 耐 得 住 一 [MASK] 时间 暂时 的 寂寞 的 人 , 往往 可以 得到 较 长 时间 的 精彩 人生 !",段,段,"段, 些, 点"
"那 时候 的 我 就 会 尴尬 的 看 着 他 , 他 每 <CL> 都 <h>笑</h> 着 点头 承认 。","那 时候 的 我 就 会 尴尬 的 看 着 他 , 他 每 [MASK] 都 笑 着 点头 承认 。",次,次,"次, 个, 回"
"OMG , 原来 菠萝 欧 Yi 然 一生 可能 会 爱上 9 <CL> <h>人</h> , 还 不 赶快 来 看看 你 一 生 会 爱上 多 少 人","OMG , 原来 菠萝 欧 Yi 然 一生 可能 会 爱上 9 [MASK] 人 , 还 不 赶快 来 看看 你 一 生 会 爱上 多 少 人",个,个,"个, 种, 次"
修修 你 看 你 那 <CL> <h>样</h> !,修修 你 看 你 那 [MASK] 样 !,个,个,"个, 些, 点"
"他 是 这块 大 陆上 一个 新 的 传奇 , 不仅仅 勾 动 了 众多 女孩 的 心 , 还 引来 了 无数 <CL> 嫉妒 的 <h>眼睛</h> 。","他 是 这块 大 陆上 一个 新 的 传奇 , 不仅仅 勾 动 了 众多 女孩 的 心 , 还 引来 了 无数 [MASK] 嫉妒 的 眼睛 。",双,双,"双, 个, 颗"
58 <CL> 正宗 <h>川味</h> 仅 125 元 !,58 [MASK] 正宗 川味 仅 125 元 !,团,家,"家, 道, 款"
"今天 上午 去办 身份证 , 下午 两 <CL> <h>课</h> 没 上 , 微开 心呐 明天 最后 一 天 了 更 开心 了","今天 上午 去办 身份证 , 下午 两 [MASK] 课 没 上 , 微开 心呐 明天 最后 一 天 了 更 开心 了",节,节,"节, 门, 堂"
漂亮 女 老师 惨遭 凌辱 http t cn z0eh6iY 儿 本色 走着瞧 Hello 树 先生 第一 <CL> <h>血</h> 4 黑暗 终结者 画 壁 万 有 引力 恶夜 惊魂 叶 问 前 传 一 夜 未 了 情仁寺 洞 丑闻 疯狂 的 赛车 男儿 本色 嫩模 写 真 德云社 weibo com 上线 男儿 本色,漂亮 女 老师 惨遭 凌辱 http t cn z0eh6iY 儿 本色 走着瞧 Hello 树 先生 第一 [MASK] 血 4 黑暗 终结者 画 壁 万 有 引力 恶夜 惊魂 叶 问 前 传 一 夜 未 了 情仁寺 洞 丑闻 疯狂 的 赛车 男儿 本色 嫩模 写 真 德云社 weibo com 上线 男儿 本色,滴,滴,"滴, 个, 点"
第一 <CL> <h>见面</h> 就 那么 亲热 真 是 让 人 受宠若惊,第一 [MASK] 见面 就 那么 亲热 真 是 让 人 受宠若惊,次,次,"次, 眼, 面"
现在 发现 这 140 <CL> <h>字</h> 的 小 空间 里 已经 不 能 圆满 的 表达 我 的 想法 了 过好 每 一 天 。,现在 发现 这 140 [MASK] 字 的 小 空间 里 已经 不 能 圆满 的 表达 我 的 想法 了 过好 每 一 天 。,个,个,"个, 名, 块"
"现在 去 北京 这 <CL> <h>中途</h> 还 能 flyback 的 短差 居然 超重 5KG , 而且 感觉 里面 什么 都 丢 不 得 我 的 年龄 增长 都 体现 在 行李 重量 上 了 我 在 这里 首都 机场 T3 航站楼","现在 去 北京 这 [MASK] 中途 还 能 flyback 的 短差 居然 超重 5KG , 而且 感觉 里面 什么 都 丢 不 得 我 的 年龄 增长 都 体现 在 行李 重量 上 了 我 在 这里 首都 机场 T3 航站楼",种,种,"种, 个, 样"
博阿滕 太 虎 奇兵 一 <CL> <h>奎花</h> 有点儿 软 可 有 可 无 。,博阿滕 太 虎 奇兵 一 [MASK] 奎花 有点儿 软 可 有 可 无 。,员,号,"号, 般, 个"
"吃饱 了 , 这 <CL> 韩国 纸上 <h>烧烤</h>","吃饱 了 , 这 [MASK] 韩国 纸上 烧烤",点,家,"家, 个, 种"
"第一 <CL> <h>坐</h> 磁悬浮 , 妈妈 , 我 回来 了","第一 [MASK] 坐 磁悬浮 , 妈妈 , 我 回来 了",次,次,"次, 个, 轮"
"最近 进步 多 5 <CL> <h>半月</h> , 近来 安谷 有 不少 新 进步 , 如 前天 开始 便便 突然 变 条状 了 看 别人 吃喝 东 西 小 嘴巴 会 抿 啊 抿 , 好像 自己 嘴 里 也 有 好吃 的 一样 , 还 会 很 认真 盯住 别人 手 里 的 食物 研究 。","最近 进步 多 5 [MASK] 半月 , 近来 安谷 有 不少 新 进步 , 如 前天 开始 便便 突然 变 条状 了 看 别人 吃喝 东 西 小 嘴巴 会 抿 啊 抿 , 好像 自己 嘴 里 也 有 好吃 的 一样 , 还 会 很 认真 盯住 别人 手 里 的 食物 研究 。",个,个,"个, 本, 次"
家 里 一 <CL> <h>少女</h> 都 变成 已婚 妇女 了 。,家 里 一 [MASK] 少女 都 变成 已婚 妇女 了 。,个,个,"个, 家, 些"
"包括 2012 <CL> 的 <h>多</h> 看 也 有 人 反应 说 字体 发虚 , 看来 原 系统 也 不 是 那么 不 好 的 。","包括 2012 [MASK] 的 多 看 也 有 人 反应 说 字体 发虚 , 看来 原 系统 也 不 是 那么 不 好 的 。",版,版,"版, 次, 款"
每 <CL> 不 爱 舌吻 的 <h>姑娘</h> 都 是 因为 没有 遇上 真正 深爱 的 男人 陆琪,每 [MASK] 不 爱 舌吻 的 姑娘 都 是 因为 没有 遇上 真正 深爱 的 男人 陆琪,个,个,"个, 位, 次"
找 <CL> <h>女友</h> 回家 过年 。,找 [MASK] 女友 回家 过年 。,个,个,"个, 回, 位"
"录制 番茄 春晚 的 当时 , 丝玛普 还 玩 了 抻面 的 呀 , 五 <CL> <h>人</h> 玩 的 哈皮 极 了 。","录制 番茄 春晚 的 当时 , 丝玛普 还 玩 了 抻面 的 呀 , 五 [MASK] 人 玩 的 哈皮 极 了 。",个,个,"个, 家, 口"
"做 了 <CL> 新 <h>头发</h> , 喜欢","做 了 [MASK] 新 头发 , 喜欢",个,个,"个, 些, 点"
"到 日本 两 天 了 , 分享 一些 见闻 , 1 住 的 前面 有所 小学 , 这么 冷 的 天 所有 小朋友 全 是 短裤 短 裙 , 一 <CL> 长袖 <h>校服</h> , 没有 毛衣 , 更 别 说 棉袄 , 真 是 太 佩服 !","到 日本 两 天 了 , 分享 一些 见闻 , 1 住 的 前面 有所 小学 , 这么 冷 的 天 所有 小朋友 全 是 短裤 短 裙 , 一 [MASK] 长袖 校服 , 没有 毛衣 , 更 别 说 棉袄 , 真 是 太 佩服 !",件,身,"身, 件, 套"
貌似 是 人生 第一 <CL> <h>穿</h> 牛仔裤 。,貌似 是 人生 第一 [MASK] 穿 牛仔裤 。,次,次,"次, 个, 回"
"唔 记得 带 手机 , 俾多 <CL> 你 <h>电话</h> 我 我 就 到 了","唔 记得 带 手机 , 俾多 [MASK] 你 电话 我 我 就 到 了",次,次,"次, 个, 架"
"別 了 我 的 两 <CL> <h>宝贝</h> , 想 你们 。","別 了 我 的 两 [MASK] 宝贝 , 想 你们 。",个,个,"个, 位, 只"
分享 音乐 <CL> <h>祝福</h> 卓依婷,分享 音乐 [MASK] 祝福 卓依婷,声,节,"节, 圈, 间"
把 它 从 一 楼 <h>搬到</h> 五 <CL> 累死 我 了 !,把 它 从 一 楼 搬到 五 [MASK] 累死 我 了 !,楼,楼,"楼, 层, 级"
"那些 嘴里 说 着 怕 对方 伤心 所以 不 愿意 拒绝 的 人 , 根本 就 是 想 脚踏 两 <CL> <h>船</h> , 享受 被 人爱 的 滋味 。","那些 嘴里 说 着 怕 对方 伤心 所以 不 愿意 拒绝 的 人 , 根本 就 是 想 脚踏 两 [MASK] 船 , 享受 被 人爱 的 滋味 。",条,条,"条, 只, 艘"
你 说 对 我 是 谁 我 凭 什么 要求 你 按照 我 嘅喃法 去 做 再 一 <CL> <h>心淡</h>,你 说 对 我 是 谁 我 凭 什么 要求 你 按照 我 嘅喃法 去 做 再 一 [MASK] 心淡,次,颗,"颗, 条, 次"
"不管 哪 <CL> <h>说法</h> , 既然 是 关虎屯 , 和 老虎 肯定 是 脱 不 了 干系 的 。","不管 哪 [MASK] 说法 , 既然 是 关虎屯 , 和 老虎 肯定 是 脱 不 了 干系 的 。",种,种,"种, 个, 家"
"老师 的 短篇 小说 已经 出 了 好几 <CL> 合集 了 没有 犯人 的 杀人 之 <h>夜</h> , 交警 之 夜 , 怪笑 小说 ,","老师 的 短篇 小说 已经 出 了 好几 [MASK] 合集 了 没有 犯人 的 杀人 之 夜 , 交警 之 夜 , 怪笑 小说 ,",本,本,"本, 部, 个"
"岛 上 资源 丰富 , 植被 茂盛 , 并 有 四 <CL> 淡水 <h>泉</h> 。","岛 上 资源 丰富 , 植被 茂盛 , 并 有 四 [MASK] 淡水 泉 。",眼,处,"处, 个, 座"
"2012 赢 诺亚 方舟 船票 推荐 一 <CL> 不错 的 <h>活动</h> 迎 2012 年 , 有 奖 转发 赢取 海洋 航行者 号 5 天 4 晚 免费 船票","2012 赢 诺亚 方舟 船票 推荐 一 [MASK] 不错 的 活动 迎 2012 年 , 有 奖 转发 赢取 海洋 航行者 号 5 天 4 晚 免费 船票",个,个,"个, 些, 项"
"当 老爸 苦恼 着 穿 哪 <CL> <h>裤子</h> 去 拜年 时 , 一旁 已经 被 问 得 不 耐烦 的 老妈 来 了 句 穿 你 妈 给 你 的 皮 。","当 老爸 苦恼 着 穿 哪 [MASK] 裤子 去 拜年 时 , 一旁 已经 被 问 得 不 耐烦 的 老妈 来 了 句 穿 你 妈 给 你 的 皮 。",条,条,"条, 种, 件"
"自从 老爸 老妈 来 了 以后 , 我 家 的 绿色 植物 明显 长势 明显 好转 , 还 多 了 一 <CL> <h>水仙</h> , 老爸 老妈 好叻 。","自从 老爸 老妈 来 了 以后 , 我 家 的 绿色 植物 明显 长势 明显 好转 , 还 多 了 一 [MASK] 水仙 , 老爸 老妈 好叻 。",盆,只,"只, 盆, 株"
"冰糖 银耳羹 , 去火 的 我 现在 的 伙食 待遇 和 孕妇 一 <CL> <h>标准</h> 了","冰糖 银耳羹 , 去火 的 我 现在 的 伙食 待遇 和 孕妇 一 [MASK] 标准 了",个,样,"样, 个, 般"
做 了 一 <CL> 子 <h>菜</h> 就 为 吃 我 的 红油 卤水 牛肉粉 啊 !,做 了 一 [MASK] 子 菜 就 为 吃 我 的 红油 卤水 牛肉粉 啊 !,桌,阵,"阵, 辈, 桌"
"突然 想去 看 日出 很 想 去 感受 一下 日出 东方 无限 梦想 天马行空 的 感觉 , 一 <CL> 大 笨 <h>鸟</h> 冲上 云霄 , 与 云层 摩擦 发出 充满 力量 的 声音 , 踏上 直 奔 梦想 的 航道 我 是否 在 描述 飞机 呢 ?","突然 想去 看 日出 很 想 去 感受 一下 日出 东方 无限 梦想 天马行空 的 感觉 , 一 [MASK] 大 笨 鸟 冲上 云霄 , 与 云层 摩擦 发出 充满 力量 的 声音 , 踏上 直 奔 梦想 的 航道 我 是否 在 描述 飞机 呢 ?",架,只,"只, 群, 个"
"附近 有 <CL> 二 <h>逼</h> 我 怀疑 不 是 发 神经 就 是 喝醉酒 , 大半夜 的 在 那 唱歌 , 还 跑调 , 喔 不 神 啊 , 救救 我 吧 , 让 我 睡觉 吧","附近 有 [MASK] 二 逼 我 怀疑 不 是 发 神经 就 是 喝醉酒 , 大半夜 的 在 那 唱歌 , 还 跑调 , 喔 不 神 啊 , 救救 我 吧 , 让 我 睡觉 吧",个,个,"个, 位, 群"
"顺着 靴子 往 上 望去 , 一身 黑衣 , 衬 得 白 靴 更为 刺眼 , 手臂 中 还 高高 地 举 着 一 <CL> 马 <h>鞭</h> , 只是 因为 老 驿卒 爬 起 得 快 , 这 一 鞭 才 没有 抽 下来 。","顺着 靴子 往 上 望去 , 一身 黑衣 , 衬 得 白 靴 更为 刺眼 , 手臂 中 还 高高 地 举 着 一 [MASK] 马 鞭 , 只是 因为 老 驿卒 爬 起 得 快 , 这 一 鞭 才 没有 抽 下来 。",条,根,"根, 个, 把"
"楼下 有 两 <CL> <h>野猫</h> 在 叫春 , 有点 吓人 。","楼下 有 两 [MASK] 野猫 在 叫春 , 有点 吓人 。",只,只,"只, 个, 条"
想起 第一 <CL> <h>见</h> 你 的 时候 已 被 深深 吸引 你 的 一举一动 你 的 一颦一笑,想起 第一 [MASK] 见 你 的 时候 已 被 深深 吸引 你 的 一举一动 你 的 一颦一笑,次,次,"次, 眼, 个"
"自从 离家 来 港 后 , 每逢 入夜 , 望 着 那 <CL> 静谧 地 亮 着 的 <h>街灯</h> , 总会 想起 上海 家中 的 灯光 ... ...","自从 离家 来 港 后 , 每逢 入夜 , 望 着 那 [MASK] 静谧 地 亮 着 的 街灯 , 总会 想起 上海 家中 的 灯光 ... ...",盏,些,"些, 盏, 条"
今天 早上 被 一 <CL> 韭菜 <h>饺子</h> 打倒 了 !,今天 早上 被 一 [MASK] 韭菜 饺子 打倒 了 !,个,个,"个, 顿, 包"
发表 了 帖子 各 <CL> 十 大 201112 赛季 <h>NBA</h> 十 大 中锋 !,发表 了 帖子 各 [MASK] 十 大 201112 赛季 NBA 十 大 中锋 !,类,队,"队, 项, 种"
"我 没有 多么 高尚 , 这个 世界 只有 自己 才 会 珍惜 自己 , 别人 的 假面 <CL> <h>言辞</h> 都 是 他 妈 的 狗屁 , 我 要 让 自己 变 得 更加 强大 , 我 你 看 不 透","我 没有 多么 高尚 , 这个 世界 只有 自己 才 会 珍惜 自己 , 别人 的 假面 [MASK] 言辞 都 是 他 妈 的 狗屁 , 我 要 让 自己 变 得 更加 强大 , 我 你 看 不 透",具,具,"具, 套, 等"
铭记 心 又 完成 了 一 <CL> <h>市民</h> 的 心愿 。,铭记 心 又 完成 了 一 [MASK] 市民 的 心愿 。,个,个,"个, 位, 些"
现在 吃 <CL> <h>早饭</h> 好 难 啊,现在 吃 [MASK] 早饭 好 难 啊,个,个,"个, 点, 顿"
谁 会 为 我 流 一 <CL> <h>眼泪</h> ?,谁 会 为 我 流 一 [MASK] 眼泪 ?,滴,滴,"滴, 把, 下"
如果 再 洒 <CL> <h>桂花</h> 在 上面 就 完美 了 。,如果 再 洒 [MASK] 桂花 在 上面 就 完美 了 。,些,点,"点, 些, 个"
先 喝 <CL> 海鲜 汤解 <h>解馋</h>,先 喝 [MASK] 海鲜 汤解 解馋,个,杯,"杯, 碗, 点"
休息 下 老公 买 了 两 <CL> <h>鸡腿</h>,休息 下 老公 买 了 两 [MASK] 鸡腿,个,只,"只, 个, 条"
"肆哲 周五 下班 手 捧 包子 在 落 小 雨 的 街 上 走 , 去 赴 一 <CL> <h>拼音</h> 授课 , 看 起来 落寞 又 悲惨 , 心 里 却 觉得 生活 对 我 足够 好 。","肆哲 周五 下班 手 捧 包子 在 落 小 雨 的 街 上 走 , 去 赴 一 [MASK] 拼音 授课 , 看 起来 落寞 又 悲惨 , 心 里 却 觉得 生活 对 我 足够 好 。",趟,个,"个, 场, 堂"
这 一 刻 回想 了 下 过去 的 一 年 突然 好 感动 啊 经历 了 年 前 的 诸多 不 顺和 各 <CL> <h>挫折</h> 终于 还是 笑 着 迎来 了 2012 家庭 和睦 最 重要 希望 来年 顺顺 利利 亲人 和 朋友们 都 身体 健康 事业 更上一层楼 努力 成为 农 商行 小开,这 一 刻 回想 了 下 过去 的 一 年 突然 好 感动 啊 经历 了 年 前 的 诸多 不 顺和 各 [MASK] 挫折 终于 还是 笑 着 迎来 了 2012 家庭 和睦 最 重要 希望 来年 顺顺 利利 亲人 和 朋友们 都 身体 健康 事业 更上一层楼 努力 成为 农 商行 小开,种,种,"种, 类, 些"
2 <CL> <h>触动</h> 了 而已 。,2 [MASK] 触动 了 而已 。,次,只,"只, 个, 点"
"第四一六 学 区 , 四一一八 <CL> 毕业 <h>学员</h> 终于 获得 最后 的 自由 。","第四一六 学 区 , 四一一八 [MASK] 毕业 学员 终于 获得 最后 的 自由 。",届,班,"班, 号, 届"
"在 一 <CL> <h>感情</h> 中 比 控制 不 住 自己 情绪 更 可怕 的 事情 还 有 很 多 , 比如 彼此 失去 信任 。","在 一 [MASK] 感情 中 比 控制 不 住 自己 情绪 更 可怕 的 事情 还 有 很 多 , 比如 彼此 失去 信任 。",段,段,"段, 种, 些"
qq <CL> 208891444 <h>希望</h> 大家 能 家 哦 。,qq [MASK] 208891444 希望 大家 能 家 哦 。,群,群,"群, 号, 间"
"已 进入 龙年 , 愿 今年 自己 和 家人 有 <CL> 好 身体 好 心情 好 <h>空间</h> 。","已 进入 龙年 , 愿 今年 自己 和 家人 有 [MASK] 好 身体 好 心情 好 空间 。",个,个,"个, 点, 份"
"那些 年 , 我们 一起 追 的 女孩 为什么 那 一 <CL> <h>请</h> 你 继续 喜欢 下去 没有 说出口咧 !","那些 年 , 我们 一起 追 的 女孩 为什么 那 一 [MASK] 请 你 继续 喜欢 下去 没有 说出口咧 !",句,季,"季, 次, 个"
"新 老师 头型 像 <CL> 老 <h>太太</h> 要是 心里 有 点 堵 , 那 就 上 山 打 老虎 !","新 老师 头型 像 [MASK] 老 太太 要是 心里 有 点 堵 , 那 就 上 山 打 老虎 !",个,个,"个, 张, 位"
每 <CL> 喜欢 榴莲 的 <h>人</h> 你 都 伤 不 起 啊 !,每 [MASK] 喜欢 榴莲 的 人 你 都 伤 不 起 啊 !,个,个,"个, 位, 次"
"昨晚 做 了 <CL> 好 真实 的 <h>梦</h> , 醒来 后 把 我 给 吓 得 啊","昨晚 做 了 [MASK] 好 真实 的 梦 , 醒来 后 把 我 给 吓 得 啊",个,个,"个, 件, 些"
"原谅 我 , 这样 一 <CL> 遥望 幸福 的 傻 <h>女孩</h>","原谅 我 , 这样 一 [MASK] 遥望 幸福 的 傻 女孩",个,个,"个, 位, 只"
也 不 知道 会 是 哪 <CL> <h>店</h> 。,也 不 知道 会 是 哪 [MASK] 店 。,个,家,"家, 个, 间"
简直 是 一 <CL> <h>惩罚</h> !,简直 是 一 [MASK] 惩罚 !,种,种,"种, 个, 次"
"尼玛 的 , 谁 在 骂 我 , 今天 打 了 十几 <CL> <h>喷嚏</h> 了 。","尼玛 的 , 谁 在 骂 我 , 今天 打 了 十几 [MASK] 喷嚏 了 。",个,个,"个, 次, 只"
"世界 上 最 有 内涵 的 一 <CL> <h>图</h> 对 , 又 是 凤姐 , 仔细 看图 找 亮点 !","世界 上 最 有 内涵 的 一 [MASK] 图 对 , 又 是 凤姐 , 仔细 看图 找 亮点 !",张,组,"组, 张, 个"
今年 <h>过</h> 年 去 老 公家 不 知道 冷 不 冷 心里 一直 有些 忐忑 这 可以 第一 <CL> 不 在 爸 妈 身边 过 年 有 总 有点 怪怪 的 感觉 !,今年 过 年 去 老 公家 不 知道 冷 不 冷 心里 一直 有些 忐忑 这 可以 第一 [MASK] 不 在 爸 妈 身边 过 年 有 总 有点 怪怪 的 感觉 !,次,个,"个, 家, 本"
我 要 出去 吃 东西 啊 吃 东 西 邓米 花卷粉 泸州 白糕 泡菜 抄手 冷 <CL> 豆腐 <h>鱼</h> 如果 可以 的 话 也 吃吃 刨冰 吧 hiahia 还 有 神马 好吃 的,我 要 出去 吃 东西 啊 吃 东 西 邓米 花卷粉 泸州 白糕 泡菜 抄手 冷 [MASK] 豆腐 鱼 如果 可以 的 话 也 吃吃 刨冰 吧 hiahia 还 有 神马 好吃 的,串,面,"面, 锅, 丝"
"现在 心 中 已经 有 <CL> <h>目标</h> , 靠 自己 , 我 行 的 。","现在 心 中 已经 有 [MASK] 目标 , 靠 自己 , 我 行 的 。",个,个,"个, 些, 点"
"前 几 天 拍 的 Pika 这 <CL> 我 大 <h>爱</h> 啊 , 卡哇伊 !","前 几 天 拍 的 Pika 这 [MASK] 我 大 爱 啊 , 卡哇伊 !",张,个,"个, 张, 片"
想 睡 <CL> 一 天 一 <h>夜</h> 了,想 睡 [MASK] 一 天 一 夜 了,个,个,"个, 下, 家"
"如果 一切 尽如人意 , 我 不 敢 想象 那 <CL> <h>未来</h> 。","如果 一切 尽如人意 , 我 不 敢 想象 那 [MASK] 未来 。",种,个,"个, 些, 种"
"除夕夜 十二点 , 和 小学 同桌 初 中 同桌 发 小 迎 着 新年 首 <CL> <h>雪上</h> 大龙山 烧 香 !","除夕夜 十二点 , 和 小学 同桌 初 中 同桌 发 小 迎 着 新年 首 [MASK] 雪上 大龙山 烧 香 !",场,场,"场, 个, 轮"
限制级 为 4 <CL> 的 大 片 白雪雪 清純 <h>妹妹</h> 直播 可怜 的 富家 小 姑娘 露露 公主 金钻鼠 王千 年 之 爱 大力士 麦当娜 相爱 的 人 啊 世界 大物 雕龙 记 无敌 降落伞 要员 双 雄 雅典娜 战争 女神 日照 重庆 80 后 奋斗 记 终极 挑战 国语 版 忽然 情人,限制级 为 4 [MASK] 的 大 片 白雪雪 清純 妹妹 直播 可怜 的 富家 小 姑娘 露露 公主 金钻鼠 王千 年 之 爱 大力士 麦当娜 相爱 的 人 啊 世界 大物 雕龙 记 无敌 降落伞 要员 双 雄 雅典娜 战争 女神 日照 重庆 80 后 奋斗 记 终极 挑战 国语 版 忽然 情人,级,级,"级, 张, 楼"
原来 三 <CL> <h>月</h> 了 。,原来 三 [MASK] 月 了 。,个,个,"个, 点, 下"
是否 壓力 太過 了 導致 莪嚴重 失眠 呢 請賜 予莪 一 <CL> 神仙 <h>聖水</h>,是否 壓力 太過 了 導致 莪嚴重 失眠 呢 請賜 予莪 一 [MASK] 神仙 聖水,支,杯,"杯, 瓶, 滴"
我 在 这里 虹桥 机场 2 <CL> <h>航站楼</h> 出发 回家 路上,我 在 这里 虹桥 机场 2 [MASK] 航站楼 出发 回家 路上,号,号,"号, 楼, 个"
"半夜 起来 喂奶 , 渐渐 习惯 了 这 <CL> <h>痛苦</h>","半夜 起来 喂奶 , 渐渐 习惯 了 这 [MASK] 痛苦",种,种,"种, 个, 份"
"新年 的 第一 <CL> <h>饭</h> , 我 的 杰作 !","新年 的 第一 [MASK] 饭 , 我 的 杰作 !",桌,顿,"顿, 碗, 盒"
"早起 的 鸟儿 有 虫 吃 , 虽然 出面 好 冻 同 好好 眼训 , 但 依然 返 去 拜年 , 拿 <CL> 好 <h>彩头</h> 啦 !","早起 的 鸟儿 有 虫 吃 , 虽然 出面 好 冻 同 好好 眼训 , 但 依然 返 去 拜年 , 拿 [MASK] 好 彩头 啦 !",个,个,"个, 回, 下"
"有 谁 可以 介绍 好看 的 电视剧 给 我 看 , 随便 那 <CL> <h>年代</h> !","有 谁 可以 介绍 好看 的 电视剧 给 我 看 , 随便 那 [MASK] 年代 !",个,个,"个, 些, 种"
年货 新疆 特产 和 田 枣红枣 特级 500g 新疆枣 和 田 大 枣子 2 <CL> 包邮 <h>批发</h> 5488,年货 新疆 特产 和 田 枣红枣 特级 500g 新疆枣 和 田 大 枣子 2 [MASK] 包邮 批发 5488,件,个,"个, 包, 件"
"但 为 表明 此 <CL> <h>捐助</h> 的 透明 程度 , 全程 一对一 , 捐款 直接 交付 刘挚斌 家属 , 汇款 也 请 直接 打入 刘挚斌 个人 帐号 。","但 为 表明 此 [MASK] 捐助 的 透明 程度 , 全程 一对一 , 捐款 直接 交付 刘挚斌 家属 , 汇款 也 请 直接 打入 刘挚斌 个人 帐号 。",次,次,"次, 项, 笔"
在 预计 2012 年 会 售出 的 800 万 <CL> EV 及 <h>HEV</h> 中 恐怕,在 预计 2012 年 会 售出 的 800 万 [MASK] EV 及 HEV 中 恐怕,辆,只,"只, 个, 枚"
"分别 的 时刻 终于 到 了 , 第一 <CL> 离开 的 <h>朋友</h> 祝你 前程似锦 。","分别 的 时刻 终于 到 了 , 第一 [MASK] 离开 的 朋友 祝你 前程似锦 。",个,个,"个, 次, 位"
在 各 <CL> <h>瓶子</h> 中间 看 西游记,在 各 [MASK] 瓶子 中间 看 西游记,种,个,"个, 种, 类"
"针对 本 <CL> <h>调控</h> 中备 受 影响 的 房地产业 , 央行 行长 周小川 日前 表示","针对 本 [MASK] 调控 中备 受 影响 的 房地产业 , 央行 行长 周小川 日前 表示",轮,轮,"轮, 次, 届"
他们 两 <CL> 各 <h>方面</h> 都 很 相似 !,他们 两 [MASK] 各 方面 都 很 相似 !,个,个,"个, 家, 位"
"算命 暗喜 因为 我 用 的 是 2012 <CL> 新浪 微博客 <h>户端</h> , 周边 的 人 上面 有 你 的 样子 和 天翼 智能 手机 标识 !","算命 暗喜 因为 我 用 的 是 2012 [MASK] 新浪 微博客 户端 , 周边 的 人 上面 有 你 的 样子 和 天翼 智能 手机 标识 !",版,版,"版, 款, 个"
"农历 除夕 和 正月 初一 , 从 南国 椰岛 到 北部 边陲 , 从 东海 前哨 到 雪域 高原 , 全 军 和 武警 部队 精心 安排 官兵 节日 生活 , 确保 官兵 过 一 <CL> 欢乐 祥和 充实 而 有 意义 的 新春 <h>佳节</h> 。","农历 除夕 和 正月 初一 , 从 南国 椰岛 到 北部 边陲 , 从 东海 前哨 到 雪域 高原 , 全 军 和 武警 部队 精心 安排 官兵 节日 生活 , 确保 官兵 过 一 [MASK] 欢乐 祥和 充实 而 有 意义 的 新春 佳节 。",个,个,"个, 段, 份"
爱情 是 两 <CL> <h>人</h> 相互 的,爱情 是 两 [MASK] 人 相互 的,个,个,"个, 种, 群"
一 <CL> 简单 的 创意 菜 <h>鸡蛋</h> 碰 石头 一 转眼 就 剩下 了 石头 。,一 [MASK] 简单 的 创意 菜 鸡蛋 碰 石头 一 转眼 就 剩下 了 石头 。,道,道,"道, 个, 种"
总算 开始 了 快乐 大 本营 仔仔 新 天生 一 <CL> <h>仔仔</h> 加油 永远 爱 你,总算 开始 了 快乐 大 本营 仔仔 新 天生 一 [MASK] 仔仔 加油 永远 爱 你,对,对,"对, 个, 枚"
给 你 喜欢 的 角色 穿上 你 现在 穿 的 衣服 谁 来 把 我 拖 出去 打死 <h>OTL</h> 我 不 想 活 了 谁 来 给 我 几 <CL> OTL,给 你 喜欢 的 角色 穿上 你 现在 穿 的 衣服 谁 来 把 我 拖 出去 打死 OTL 我 不 想 活 了 谁 来 给 我 几 [MASK] OTL,拳,把,"把, 对, 下"
我 听 过 这 <CL> <h>专辑</h> MIKI 中谷美紀,我 听 过 这 [MASK] 专辑 MIKI 中谷美紀,张,张,"张, 个, 首"
"可 刚才 一 听 到 妈妈 电话 , 才 说 几 <CL> <h>话</h> 就 想 哭 了 。","可 刚才 一 听 到 妈妈 电话 , 才 说 几 [MASK] 话 就 想 哭 了 。",句,句,"句, 个, 次"
"我 在 这里 , 农家 草鸡 汤 , 老豆腐 , 坐 等 老板 自己 腌制 的 第一 <CL> <h>咸肉</h> 我 在 这里 苏州市 吴中区","我 在 这里 , 农家 草鸡 汤 , 老豆腐 , 坐 等 老板 自己 腌制 的 第一 [MASK] 咸肉 我 在 这里 苏州市 吴中区",缸,道,"道, 口, 块"
"一早 陪 外婆 去 医院 开药 , 看到 一 <CL> 瘦小 的 <h>婆婆</h> 背 着 比 它 大 一 倍 的 老公 来 看 医生 !","一早 陪 外婆 去 医院 开药 , 看到 一 [MASK] 瘦小 的 婆婆 背 着 比 它 大 一 倍 的 老公 来 看 医生 !",个,个,"个, 位, 只"
花 了 70 <CL> 的 <h>冤枉钱</h> 。,花 了 70 [MASK] 的 冤枉钱 。,块,块,"块, 刀, 分"
"爱情 都 是 自私 的 , 有的 人 哪怕 爱情 已 成 陌路 , 也 不 愿 放 爱 一 <CL> <h>生路</h> 。","爱情 都 是 自私 的 , 有的 人 哪怕 爱情 已 成 陌路 , 也 不 愿 放 爱 一 [MASK] 生路 。",条,条,"条, 个, 片"
"哇 , 两 <CL> <h>波</h> 丧命 对攻 , 打到 光芒 四 射 !","哇 , 两 [MASK] 波 丧命 对攻 , 打到 光芒 四 射 !",队,波,"波, 个, 次"
"可敬 可爱 的 李 老师 , 是 你 引 我 走 进 知识 宝库 的 大门 , 也 是 你 把 枯燥 的 数学 变成 了 甘甜 的 清泉 , 让 我 这 <CL> <h>幼苗</h> 茁壮 成长 。","可敬 可爱 的 李 老师 , 是 你 引 我 走 进 知识 宝库 的 大门 , 也 是 你 把 枯燥 的 数学 变成 了 甘甜 的 清泉 , 让 我 这 [MASK] 幼苗 茁壮 成长 。",棵,个,"个, 棵, 颗"
"那样 很 烦 我 不 想 带 目的 的 去 接近 一 <CL> <h>人</h> 对味 就 当好 朋友 一心一意 处 , 不 对味 话多 不 必 多 说","那样 很 烦 我 不 想 带 目的 的 去 接近 一 [MASK] 人 对味 就 当好 朋友 一心一意 处 , 不 对味 话多 不 必 多 说",个,个,"个, 群, 些"
", 我 投给 了 AYUMI 这 5 <CL> <h>选项</h> 。",", 我 投给 了 AYUMI 这 5 [MASK] 选项 。",个,个,"个, 种, 项"
看来 我 不 能 不 吃早饭 10 <CL> <h>水饺</h> 下肚 好 满足 KISS,看来 我 不 能 不 吃早饭 10 [MASK] 水饺 下肚 好 满足 KISS,个,个,"个, 粒, 块"
起 了 <CL> <h>大早</h> 赶 火车,起 了 [MASK] 大早 赶 火车,个,个,"个, 起, 次"
"天 冷 的 时候 , 去 看 一 <CL> <h>英伦</h> 的 房子 。","天 冷 的 时候 , 去 看 一 [MASK] 英伦 的 房子 。",所,下,"下, 个, 些"
"集团 客户 部 有 美女 以前 从来 没 见 过 诶 , 看来 时 不时 的 还是 要 到 6 <CL> <h>晃荡</h> 晃荡 !","集团 客户 部 有 美女 以前 从来 没 见 过 诶 , 看来 时 不时 的 还是 要 到 6 [MASK] 晃荡 晃荡 !",楼,楼,"楼, 层, 点"
"幸好 找 老公 单位 安排 了 一 <CL> 迪拜 办事处 的 <h>宿舍</h> , 解决 了 大 问题 。","幸好 找 老公 单位 安排 了 一 [MASK] 迪拜 办事处 的 宿舍 , 解决 了 大 问题 。",间,个,"个, 间, 家"
这 <CL> 的 <h>明信片</h> 统一 是 新年 祝词 了 啊哈,这 [MASK] 的 明信片 统一 是 新年 祝词 了 啊哈,批,次,"次, 样, 家"
"孩子 就 是 <CL> <h>入侵者</h> , 先 是 入侵 身体 , 后来 是 入侵 生活 !","孩子 就 是 [MASK] 入侵者 , 先 是 入侵 身体 , 后来 是 入侵 生活 !",个,个,"个, 种, 些"
"所 认啊 , 喝 酒 这 <CL> <h>事儿</h> , 跟 工作 和 学习 是 一样 一样 地 。","所 认啊 , 喝 酒 这 [MASK] 事儿 , 跟 工作 和 学习 是 一样 一样 地 。",档子,回,"回, 个, 件"
"对 此 , 相关 债权人 表示 质疑 , 认为 这 是 一 <CL> <h>骗局</h> 。","对 此 , 相关 债权人 表示 质疑 , 认为 这 是 一 [MASK] 骗局 。",场,场,"场, 个, 种"
尼玛 的 我 只 坐 到 过 火车站 你 给 我 来 <CL> 中山 <h>北路</h>,尼玛 的 我 只 坐 到 过 火车站 你 给 我 来 [MASK] 中山 北路,个,个,"个, 点, 张"
三 <CL> <h>女人</h> 饿疯 了 。,三 [MASK] 女人 饿疯 了 。,个,个,"个, 位, 名"
回家 就 是 吃吃喝喝 rz 明天 还 得 跟 我 爹 一 <CL> <h>吃</h> 饭 愁 死 了 。,回家 就 是 吃吃喝喝 rz 明天 还 得 跟 我 爹 一 [MASK] 吃 饭 愁 死 了 。,起,起,"起, 块, 样"
限制级 为 4 <CL> 的 大片 http t cn <h>SaaXSy</h> 疯狂 的 赛车 请 你 原谅 我 情书 我 相信 甜蜜 的 生活 相亲齐 上阵 幸福 不 拒绝 眼泪 哈 皮 父子 山楂树 之恋 双子 神偷 疯狂 的 背后 北非 海岸 的 火焰 真 假 医生 毛毛 的 故事 罗马 帝国 沦亡 录 Badboy 特 攻,限制级 为 4 [MASK] 的 大片 http t cn SaaXSy 疯狂 的 赛车 请 你 原谅 我 情书 我 相信 甜蜜 的 生活 相亲齐 上阵 幸福 不 拒绝 眼泪 哈 皮 父子 山楂树 之恋 双子 神偷 疯狂 的 背后 北非 海岸 的 火焰 真 假 医生 毛毛 的 故事 罗马 帝国 沦亡 录 Badboy 特 攻,级,级,"级, 楼, 张"
老婆 其实 还 有 很多 话 要 说 却 一时 忘记 要 说 了 只有 默默 的 看 着 你 再 见 老婆 我 会 想 你 的 一 <CL> <h>月</h> 后 见,老婆 其实 还 有 很多 话 要 说 却 一时 忘记 要 说 了 只有 默默 的 看 着 你 再 见 老婆 我 会 想 你 的 一 [MASK] 月 后 见,个,个,"个, 些, 把"
"我 隐隐约约 听见 表哥 和 徐 媚 在 客厅 里 说 着 什么 , 接着 似乎 争吵 了 起来 , 我 挣扎 着 想 爬 起来 , 却 一 <CL> 又 <h>栽</h> 在 了 床 上 。","我 隐隐约约 听见 表哥 和 徐 媚 在 客厅 里 说 着 什么 , 接着 似乎 争吵 了 起来 , 我 挣扎 着 想 爬 起来 , 却 一 [MASK] 又 栽 在 了 床 上 。",头,头,"头, 下, 把"
看看 这 <CL> <h>混血儿</h> 混美 可 不 可 爱 啊 !,看看 这 [MASK] 混血儿 混美 可 不 可 爱 啊 !,只,个,"个, 些, 种"
"一 <CL> <h>眼睛</h> 打动 , 中国 输 了 。","一 [MASK] 眼睛 打动 , 中国 输 了 。",局,双,"双, 只, 个"
我们 三 <CL> 的 <h>家当</h> 这个 钱 蛮 好看 。,我们 三 [MASK] 的 家当 这个 钱 蛮 好看 。,个,口,"口, 个, 代"
爸爸 怕 <h>料</h> 不 够 问 那 大叔 说 一 <CL> 料 能 给 它们 吃 多久 ?,爸爸 怕 料 不 够 问 那 大叔 说 一 [MASK] 料 能 给 它们 吃 多久 ?,包,只,"只, 对, 道"
"我 只 想 做 一 <CL> 有 主见 的 女生 , 有 着 普通 的 外表 和 淡定 的 <h>灵魂</h> 。","我 只 想 做 一 [MASK] 有 主见 的 女生 , 有 着 普通 的 外表 和 淡定 的 灵魂 。",个,个,"个, 名, 位"
"我 的 简介 改为 怂月 一 <CL> <h>岩扉松</h> 径 长 寂寥 , 惟有幽人 自来 去 。","我 的 简介 改为 怂月 一 [MASK] 岩扉松 径 长 寂寥 , 惟有幽人 自来 去 。",枚,号,"号, 张, 声"
"韩国 经典 恐怖 电影人 形师 The Doll Master 2004 沈亨泽金 有 美林 恩京 五 <CL> <h>模特</h> 受到 美术馆 馆长 邀请 来到 位于 森林 的 美术馆 , 这个 美术馆 收藏 和 制作人 偶","韩国 经典 恐怖 电影人 形师 The Doll Master 2004 沈亨泽金 有 美林 恩京 五 [MASK] 模特 受到 美术馆 馆长 邀请 来到 位于 森林 的 美术馆 , 这个 美术馆 收藏 和 制作人 偶",位,位,"位, 名, 个"
"今日 士嘉堡 东区 Malvern Town Centre 的 一 <CL> <h>理发店</h> 内 遭 枪击 , 已 无 生命 迹象 , 警方 正在 寻找 疑犯 。","今日 士嘉堡 东区 Malvern Town Centre 的 一 [MASK] 理发店 内 遭 枪击 , 已 无 生命 迹象 , 警方 正在 寻找 疑犯 。",间,家,"家, 间, 个"
父母 永远 喜欢 凌驾于 子女 头 上 摆出 一 <CL> 高高 在 上 神圣 不 可 侵犯 的 <h>姿态</h> 。,父母 永远 喜欢 凌驾于 子女 头 上 摆出 一 [MASK] 高高 在 上 神圣 不 可 侵犯 的 姿态 。,副,副,"副, 个, 种"
我 才 买 了 <CL> <h>红衣吖</h> !,我 才 买 了 [MASK] 红衣吖 !,件,件,"件, 个, 条"
"今晚 我 在 丈母娘 家 里 偷 了 一 <CL> 旺仔 <h>牛奶</h> , 我 想 去 打麻 将 就 可以 拿 出来 喝 , 没 人 看到 我 就 拿 起来 塞进 衣袋 把 拉链 拉上 !","今晚 我 在 丈母娘 家 里 偷 了 一 [MASK] 旺仔 牛奶 , 我 想 去 打麻 将 就 可以 拿 出来 喝 , 没 人 看到 我 就 拿 起来 塞进 衣袋 把 拉链 拉上 !",罐,瓶,"瓶, 杯, 罐"
"昨晚 做 了 <CL> 让 我 无颜 以 对 <h>梦</h> , 梦中 的 我 竟然 对 怀中 的 他 说 我 好 怕 死 , 如果 我 死 了 , 你 会 陪 我 一起 吗 ?","昨晚 做 了 [MASK] 让 我 无颜 以 对 梦 , 梦中 的 我 竟然 对 怀中 的 他 说 我 好 怕 死 , 如果 我 死 了 , 你 会 陪 我 一起 吗 ?",个,个,"个, 次, 场"
下 <CL> 的 <h>酒</h> 在 龙年,下 [MASK] 的 酒 在 龙年,次,面,"面, 次, 口"
"测测 能 代表 你 2012 运势 的 字 掐指一算 , 测 出来 是萌 , 解读 为 瞬间 勾萌 , 万千 宠爱 于 一身 , 一 <CL> <h>受宠</h> 。","测测 能 代表 你 2012 运势 的 字 掐指一算 , 测 出来 是萌 , 解读 为 瞬间 勾萌 , 万千 宠爱 于 一身 , 一 [MASK] 受宠 。",世,路,"路, 起, 身"
我 就 是 一 <CL> <h>白痴</h> 。,我 就 是 一 [MASK] 白痴 。,个,个,"个, 群, 只"
"我 竟然 是 最后 一 <CL> 离开 公司 的 <h>人</h> , 要 不 要 这样 敬业 啊 , 关 电脑 关灯 关门 , 明年 见 啦 福 到 啦 招财","我 竟然 是 最后 一 [MASK] 离开 公司 的 人 , 要 不 要 这样 敬业 啊 , 关 电脑 关灯 关门 , 明年 见 啦 福 到 啦 招财",个,个,"个, 位, 次"
是 一 <CL> 以 雄险 的 山景 为 主体 特色 并 具有 一定 历史 文化 内涵 的 山岳型 国家级 风景 <h>名胜区</h> 。,是 一 [MASK] 以 雄险 的 山景 为 主体 特色 并 具有 一定 历史 文化 内涵 的 山岳型 国家级 风景 名胜区 。,处,个,"个, 处, 座"
"外婆 终于 可以 睡 <CL> 好 觉 了 粑粑 还 是 睡 的 那么 <h>香</h> , 任凭 宝宝 哭 得 再 响 都 听 不 到 。","外婆 终于 可以 睡 [MASK] 好 觉 了 粑粑 还 是 睡 的 那么 香 , 任凭 宝宝 哭 得 再 响 都 听 不 到 。",个,个,"个, 回, 顿"
"壮观 看 中国 10 大 地标 <h>建筑</h> 水 立方 不仅 是 一 <CL> 优美 和 复杂 的 建筑 , 她 还 能 激发 人们 的 灵感 和 热情 , 丰富 人们 的 生活 , 为 人们 提供 记忆 的 载体 。","壮观 看 中国 10 大 地标 建筑 水 立方 不仅 是 一 [MASK] 优美 和 复杂 的 建筑 , 她 还 能 激发 人们 的 灵感 和 热情 , 丰富 人们 的 生活 , 为 人们 提供 记忆 的 载体 。",幢,个,"个, 种, 座"
水 为 财 一 <CL> 水 鱼 <h>从化</h> 来,水 为 财 一 [MASK] 水 鱼 从化 来,班,般,"般, 道, 个"
"祝福 你 , 愿 你 有 <CL> 安详 的 <h>晚年</h> 。","祝福 你 , 愿 你 有 [MASK] 安详 的 晚年 。",个,个,"个, 份, 段"
发表 了 博文 死亡 真相 死亡 真相 死后 是否 会 到 另 一 <CL> <h>世界</h> 继续 生存 ?,发表 了 博文 死亡 真相 死亡 真相 死后 是否 会 到 另 一 [MASK] 世界 继续 生存 ?,个,个,"个, 种, 片"
失眠 啊 完全 没有 睡意 肿么 办 各 <CL> <h>听</h> 没 效果 干瞪眼 儿 中,失眠 啊 完全 没有 睡意 肿么 办 各 [MASK] 听 没 效果 干瞪眼 儿 中,种,种,"种, 位, 个"
今日 一 <CL> <h>人</h> 去 细 姨屋 企玩 !,今日 一 [MASK] 人 去 细 姨屋 企玩 !,家,行,"行, 家, 个"
"如果 可以 拥有 一 <CL> 特异 <h>功能</h> , 我 想 要 瞬间 转移","如果 可以 拥有 一 [MASK] 特异 功能 , 我 想 要 瞬间 转移",项,个,"个, 种, 些"
跟 着 我 的 三 <CL> <h>女人</h> 媳妇 闺女 和 丈母娘 一起 过 大年 。,跟 着 我 的 三 [MASK] 女人 媳妇 闺女 和 丈母娘 一起 过 大年 。,个,个,"个, 位, 种"
"在 一 <CL> 上升 的 <h>趋势</h> 中 , 你 选择 做 多 , 正确 的 几率 会 很 大 , 失败 的 几 率 却 很 低 。","在 一 [MASK] 上升 的 趋势 中 , 你 选择 做 多 , 正确 的 几率 会 很 大 , 失败 的 几 率 却 很 低 。",波,个,"个, 种, 波"
"谁 来 一 <CL> <h>打晕</h> 我 , 这样 明天 就 不 用 上班 啦","谁 来 一 [MASK] 打晕 我 , 这样 明天 就 不 用 上班 啦",拳,把,"把, 个, 下"
"表面 相敬如宾 , 暗地 互 称 傻逼 这 是 一 <CL> 什么 <h>境界</h> ?","表面 相敬如宾 , 暗地 互 称 傻逼 这 是 一 [MASK] 什么 境界 ?",种,种,"种, 个, 门"
"国际 影星 汤唯 受邀 赴 台 担任 台北 电影节 颁奖人 , 7 月 9 日 她 出席 主演 的 电影 晚秋 记者会 , 再度 被 问及 那 一 <CL> 长 达 5 分钟 的 <h>吻戏</h> 时 , 汤唯 忆起 拍摄 过程 , 直言玄彬 很 害羞 。","国际 影星 汤唯 受邀 赴 台 担任 台北 电影节 颁奖人 , 7 月 9 日 她 出席 主演 的 电影 晚秋 记者会 , 再度 被 问及 那 一 [MASK] 长 达 5 分钟 的 吻戏 时 , 汤唯 忆起 拍摄 过程 , 直言玄彬 很 害羞 。",幕,场,"场, 段, 幕"
"鞭炮声 阻挡 不 了 我 的 事业 , 一 觉 睡 了 十七 <CL> <h>小时</h> , 新 纪录 啊","鞭炮声 阻挡 不 了 我 的 事业 , 一 觉 睡 了 十七 [MASK] 小时 , 新 纪录 啊",个,个,"个, 分, 点"
"公司 5 <CL> <h>蔓延</h> 着 很 诡异 , 危机感 浓烈 的 气氛 。","公司 5 [MASK] 蔓延 着 很 诡异 , 危机感 浓烈 的 气氛 。",楼,楼,"楼, 号, 层"
"快 过年 了 , 打算 在 网 上 买 我 鬼妞 的 一 <CL> <h>书</h> , 好好 犒劳 下 自己 , 因为 我们 这 木 有 卖妞 的 东西","快 过年 了 , 打算 在 网 上 买 我 鬼妞 的 一 [MASK] 书 , 好好 犒劳 下 自己 , 因为 我们 这 木 有 卖妞 的 东西",本,本,"本, 些, 套"
"一 <CL> <h>带毛</h> 的 大痣长 那里 , 就 知道 传 是非 , 挑拨 离间 。","一 [MASK] 带毛 的 大痣长 那里 , 就 知道 传 是非 , 挑拨 离间 。",颗,颗,"颗, 个, 些"
复习 概率 的 孩子 看到 亨利 站 在 温布利 球场 重新 穿上 阿森纳 的 队服 心底 就 是 一 <CL> 莫名 的 <h>感动</h> 啊 welcome home henry,复习 概率 的 孩子 看到 亨利 站 在 温布利 球场 重新 穿上 阿森纳 的 队服 心底 就 是 一 [MASK] 莫名 的 感动 啊 welcome home henry,阵,种,"种, 阵, 股"
看 你 曾经 看 过 无数 <CL> 的 <h>风景</h> 。,看 你 曾经 看 过 无数 [MASK] 的 风景 。,遍,次,"次, 遍, 样"
"下文 男生 对 昨夜 球场 摆酷 , 看见 恐龙 撞 <h>树</h> , 恐怖 恐怖 , 可怜 那 <CL> 小 树 !","下文 男生 对 昨夜 球场 摆酷 , 看见 恐龙 撞 树 , 恐怖 恐怖 , 可怜 那 [MASK] 小 树 !",棵,对,"对, 口, 只"
我 在 爱奇艺 高清 看 了 铠甲 勇士 刑天 第 60 <CL> 最后 的 <h>战役</h> 分享 自,我 在 爱奇艺 高清 看 了 铠甲 勇士 刑天 第 60 [MASK] 最后 的 战役 分享 自,集,集,"集, 章, 回"
"发表 了 博文 播阳镇 人民 政府 助纣为虐 见证 地方 邪恶 势力 以 有碍 风水 强拆 的 合法性 播阳镇 人民 政府 助纣为虐 见证 地方 邪恶 势力 以 有碍 风水 强拆 的 合法性 今天 早上 上网 , 映入 眼帘 的 第一 <CL> <h>新闻</h> 就 是 村委","发表 了 博文 播阳镇 人民 政府 助纣为虐 见证 地方 邪恶 势力 以 有碍 风水 强拆 的 合法性 播阳镇 人民 政府 助纣为虐 见证 地方 邪恶 势力 以 有碍 风水 强拆 的 合法性 今天 早上 上网 , 映入 眼帘 的 第一 [MASK] 新闻 就 是 村委",则,条,"条, 个, 则"
"不 是么 , 一 <CL> 的 梨花带 <h>雨</h> , 一 宿宿 的 夜不成眠 , 以及 所有 的 惆怅 迷茫 , 困惑 忧伤 , 狠狠 的 冲刷 着 我 的 内心 , 最终 现出 梦想 的 俊朗 模样 , 留 这 更 坚实 的 部分 陪 我 颠沛流离 , 斩 获 希望 。","不 是么 , 一 [MASK] 的 梨花带 雨 , 一 宿宿 的 夜不成眠 , 以及 所有 的 惆怅 迷茫 , 困惑 忧伤 , 狠狠 的 冲刷 着 我 的 内心 , 最终 现出 梦想 的 俊朗 模样 , 留 这 更 坚实 的 部分 陪 我 颠沛流离 , 斩 获 希望 。",次,路,"路, 次, 季"
执 着 这 两 <CL> <h>字</h> 有 这么 难 吗,执 着 这 两 [MASK] 字 有 这么 难 吗,个,个,"个, 行, 笔"
施华洛世奇 旋转 水滴 批发 60203800 元 近期 售出 2 <CL> <h>地址</h>,施华洛世奇 旋转 水滴 批发 60203800 元 近期 售出 2 [MASK] 地址,件,个,"个, 家, 处"
"一 <CL> <h>狼籍</h> , 一边 收拾 一边呕","一 [MASK] 狼籍 , 一边 收拾 一边呕",片,片,"片, 身, 脸"
"如果 我 是 導演 , 跳兩 <CL> <h>就夠</h> 了 中時 20120113","如果 我 是 導演 , 跳兩 [MASK] 就夠 了 中時 20120113",次,次,"次, 段, 幕"
"脑海 转瞬 即逝 学时 嬉戏 雪地 画面 让 心生 一 <CL> <h>波澜</h> , 但 很 快 回复 平静 。","脑海 转瞬 即逝 学时 嬉戏 雪地 画面 让 心生 一 [MASK] 波澜 , 但 很 快 回复 平静 。",季,丝,"丝, 阵, 股"
"哈哈 , 刚才 做 了 一 <CL> 52 心理 年龄 <h>测试</h> , 发现 我 的 心理 年龄 27 岁 , 与 我 的 实际 年龄 相差 5 岁 。","哈哈 , 刚才 做 了 一 [MASK] 52 心理 年龄 测试 , 发现 我 的 心理 年龄 27 岁 , 与 我 的 实际 年龄 相差 5 岁 。",次,个,"个, 次, 些"
上传 了 1 <CL> <h>照片</h> 到 相册 我们 仨,上传 了 1 [MASK] 照片 到 相册 我们 仨,张,张,"张, 个, 幅"
如果 有幸 我 想 嫁给 一 <CL> 会 照相 的 <h>人</h> 他 不 一定 是 摄影师 但是 在 他 眼 里 我 是 最 美 的 风景 。,如果 有幸 我 想 嫁给 一 [MASK] 会 照相 的 人 他 不 一定 是 摄影师 但是 在 他 眼 里 我 是 最 美 的 风景 。,个,个,"个, 位, 名"
爆潮 VANS ERA 海蓝 浅蓝 配色 显 的 超级 清爽 干净 HF 钢印 大 底 尺码 37 <CL> 内 长 235 特价 298 样品 <h>鞋</h>,爆潮 VANS ERA 海蓝 浅蓝 配色 显 的 超级 清爽 干净 HF 钢印 大 底 尺码 37 [MASK] 内 长 235 特价 298 样品 鞋,码,码,"码, 号, 身"
你们 还 有 几 <CL> <h>草莓</h> 啊 ?,你们 还 有 几 [MASK] 草莓 啊 ?,锅,个,"个, 棵, 颗"
昨晚 做 了 一 <CL> 奇怪 的 <h>梦但</h> 景色 狠 美 。,昨晚 做 了 一 [MASK] 奇怪 的 梦但 景色 狠 美 。,个,个,"个, 场, 些"
"怕 我 爱 的 人 不 出现 , 出现 的 人 不 喜欢 , 又 不 愿 改变 对 爱 的 执着 , 静静 地 等待 着 那 <CL> <h>天荒地老</h> 。","怕 我 爱 的 人 不 出现 , 出现 的 人 不 喜欢 , 又 不 愿 改变 对 爱 的 执着 , 静静 地 等待 着 那 [MASK] 天荒地老 。",份,个,"个, 份, 些"
我 竟然 被 <CL> <h>惊心</h> 感动 的 哭哭啼啼 !,我 竟然 被 [MASK] 惊心 感动 的 哭哭啼啼 !,步,家,"家, 所, 点"
怎么 感觉 在 说 某 <CL> <h>学院</h> ?,怎么 感觉 在 说 某 [MASK] 学院 ?,间,个,"个, 些, 所"
"我 哥们 说 他们 全家 在 攒钱 买 骨灰盒 和 <h>坟地</h> , 想 活 这 住 得 憋许 , 死 了 弄 <CL> 宽敞 的 盒子 和 坟地 , 也 装会爷 。","我 哥们 说 他们 全家 在 攒钱 买 骨灰盒 和 坟地 , 想 活 这 住 得 憋许 , 死 了 弄 [MASK] 宽敞 的 盒子 和 坟地 , 也 装会爷 。",个,下,"下, 点, 个"
闻到 那 <CL> <h>酒味</h> 真心 喝 不 下去 !,闻到 那 [MASK] 酒味 真心 喝 不 下去 !,股,股,"股, 种, 点"
"吃 咖啡 额宁 年年 要 闻 着 那 <CL> 刺鼻 的 大蒜 <h>味儿</h> , 痛苦 得来 一 天 世界 !","吃 咖啡 额宁 年年 要 闻 着 那 [MASK] 刺鼻 的 大蒜 味儿 , 痛苦 得来 一 天 世界 !",股,股,"股, 种, 些"
"迪斯尼 的 一旦 里面 有 缺货 的 , 给 我 一 <CL> 25 <h>off</h> 的 code , 又 来 诱惑 我","迪斯尼 的 一旦 里面 有 缺货 的 , 给 我 一 [MASK] 25 off 的 code , 又 来 诱惑 我",个,个,"个, 张, 套"
ZARA 进门 就 是 两 <CL> 穿 了 打折 的 <h>模特</h> 哈哈,ZARA 进门 就 是 两 [MASK] 穿 了 打折 的 模特 哈哈,排,个,"个, 位, 名"
知 不 知道 是 什么 棉花糖 啊 物 <CL> <h>去</h>,知 不 知道 是 什么 棉花糖 啊 物 [MASK] 去,块,件,"件, 种, 等"
明天 上 完 最后 一 <CL> <h>班</h> !,明天 上 完 最后 一 [MASK] 班 !,个,个,"个, 堂, 节"
", 我 投给 了 金贤 重 这 3 <CL> <h>选项</h> 。",", 我 投给 了 金贤 重 这 3 [MASK] 选项 。",个,个,"个, 种, 项"
", 我 投给 了 文科 给力 这 1 <CL> <h>选项</h> 。",", 我 投给 了 文科 给力 这 1 [MASK] 选项 。",个,个,"个, 项, 种"
"江西 九江 龙 凤 胎 一 死 一 伤 1 月 10 日 , 都 昌 周溪镇 家家福 超市 门 前 摆放 着 一 <CL> 男婴 <h>尸体</h> , 身边 是 圣元 优 博 奶粉 。","江西 九江 龙 凤 胎 一 死 一 伤 1 月 10 日 , 都 昌 周溪镇 家家福 超市 门 前 摆放 着 一 [MASK] 男婴 尸体 , 身边 是 圣元 优 博 奶粉 。",具,具,"具, 个, 张"
"小 废物 于 大 废物 没有 分开 , 只是 她们 去 了 另外 一 <CL> <h>空间</h> 。","小 废物 于 大 废物 没有 分开 , 只是 她们 去 了 另外 一 [MASK] 空间 。",个,个,"个, 片, 种"
"我 今天 从 龙湖 西苑 走路 到 软件园 , 那 不 是 一般 两 <CL> 的 <h>远</h> 。","我 今天 从 龙湖 西苑 走路 到 软件园 , 那 不 是 一般 两 [MASK] 的 远 。",般,步,"步, 点, 分"
2012 春运 我 觉得 28 <CL> <h>放票</h> 就 该 实名制 怎么 就 不 怕 垄断 老百姓 就 不 怕 买 不 到 票 了,2012 春运 我 觉得 28 [MASK] 放票 就 该 实名制 怎么 就 不 怕 垄断 老百姓 就 不 怕 买 不 到 票 了,号,号,"号, 点, 分"
推荐 一 <CL> 纯 音乐 风 居住 的 街道 <h>风住街</h>,推荐 一 [MASK] 纯 音乐 风 居住 的 街道 风住街,曲,条,"条, 些, 个"
今 个儿 终于 睡 了 <CL> <h>懒觉</h> 。,今 个儿 终于 睡 了 [MASK] 懒觉 。,个,个,"个, 点, 些"
对 说亲 你 加 我们 QQ 群 一起 <h>玩</h> 你 画 我 猜 我们 需要 你 这 <CL> 高 玩 !,对 说亲 你 加 我们 QQ 群 一起 玩 你 画 我 猜 我们 需要 你 这 [MASK] 高 玩 !,位,群,"群, 名, 号"
逗 馒头 大 笑 秘笈 1 做 鬼 脸 2 <CL> <h>怪声</h> 3 做 鬼 脸 加发 怪声 。,逗 馒头 大 笑 秘笈 1 做 鬼 脸 2 [MASK] 怪声 3 做 鬼 脸 加发 怪声 。,发,发,"发, 个, 点"
"南方 周末 在 哈佛 谈 辛亥 辛亥 革命 100 周年 , 正 值 哈佛 建校 375 年 纪念 , 哈佛 大学 一 周 之内 连续 举办 了 两 <CL> 有关 辛亥 革命 的 <h>研讨会</h> 。","南方 周末 在 哈佛 谈 辛亥 辛亥 革命 100 周年 , 正 值 哈佛 建校 375 年 纪念 , 哈佛 大学 一 周 之内 连续 举办 了 两 [MASK] 有关 辛亥 革命 的 研讨会 。",场,次,"次, 场, 届"
", 我 投给 了 王珞丹 据说 开场 舞 这 1 <CL> <h>选项</h> 。",", 我 投给 了 王珞丹 据说 开场 舞 这 1 [MASK] 选项 。",个,个,"个, 项, 种"
"在 我 生日 这 一 天 替 你 许 <CL> <h>愿</h> , 祝 你 有 风 无 浪 你 懂 的 !","在 我 生日 这 一 天 替 你 许 [MASK] 愿 , 祝 你 有 风 无 浪 你 懂 的 !",个,个,"个, 下, 些"
iPhone 4S 今日 开售 看 着 那些 排队 去 买 4 s 的 人 真的 跟 穷 二 <CL> 没什么 <h>两样</h>,iPhone 4S 今日 开售 看 着 那些 排队 去 买 4 s 的 人 真的 跟 穷 二 [MASK] 没什么 两样,代,代,"代, 辈, 下"
"成 一 <CL> 人物 <h>小品</h> , 款 为 诸法无相 , 能 除 一切 苦 。","成 一 [MASK] 人物 小品 , 款 为 诸法无相 , 能 除 一切 苦 。",张,幅,"幅, 个, 篇"
下午 三节 <h>课</h> 两 <CL> 课 看 电影 哈哈,下午 三节 课 两 [MASK] 课 看 电影 哈哈,节,节,"节, 个, 堂"
"想到 我 八月 了 的 大 熱天 下午 三點 <h>去</h> 拿 花 , 三 <CL> 去 仟吉領 蛋糕 , 自己 選半天 的 香水 和 裙子 , 為除 了 我 媽以外 的 人 策划 半個月 的 生日 。","想到 我 八月 了 的 大 熱天 下午 三點 去 拿 花 , 三 [MASK] 去 仟吉領 蛋糕 , 自己 選半天 的 香水 和 裙子 , 為除 了 我 媽以外 的 人 策划 半個月 的 生日 。",次,点,"点, 班, 分"
U <CL> 坏 <h>左</h> 啊 。,U [MASK] 坏 左 啊 。,盘,点,"点, 个, 发"
"一 脸 错愕 的 <h>司机</h> 和 一 <CL> 你 看 我 干嘛 的 我 对视 了 良久 , 我 才 啊啊 啊啊 啊 莫 不 是 天 太 冷 把 脑子 冻坏 了","一 脸 错愕 的 司机 和 一 [MASK] 你 看 我 干嘛 的 我 对视 了 良久 , 我 才 啊啊 啊啊 啊 莫 不 是 天 太 冷 把 脑子 冻坏 了",脸,个,"个, 群, 脸"
颠沛流离 两 <CL> 半 <h>小时</h> 终于 从 虎门 回到 南城,颠沛流离 两 [MASK] 半 小时 终于 从 虎门 回到 南城,个,个,"个, 点, 块"
"总局 不 让 拍 穿 越剧 , 这 春晚 就 弄 出来 一 <CL> <h>批判</h> 穿越 的","总局 不 让 拍 穿 越剧 , 这 春晚 就 弄 出来 一 [MASK] 批判 穿越 的",个,个,"个, 场, 些"
"想到 那些 成绩 优秀 的 , 比 自己 强 的 都 是 从 小 生活 在 音乐 的 环境 里 , 我 的 童年 却 是 八 <CL> 环书 , 所谓 的 知识 的 <h>海洋</h> 。","想到 那些 成绩 优秀 的 , 比 自己 强 的 都 是 从 小 生活 在 音乐 的 环境 里 , 我 的 童年 却 是 八 [MASK] 环书 , 所谓 的 知识 的 海洋 。",面,面,"面, 本, 卷"
"跟 聊 了 3 <CL> <h>小时</h> 的 电话 , 从 高中 认识 聊 到 现在 的 生活 , 能 跟 你 一起 走 过 , 笑 过 , 哭过 的 朋友 真的 不 多 珍惜 所有 我爱 的 你们","跟 聊 了 3 [MASK] 小时 的 电话 , 从 高中 认识 聊 到 现在 的 生活 , 能 跟 你 一起 走 过 , 笑 过 , 哭过 的 朋友 真的 不 多 珍惜 所有 我爱 的 你们",个,个,"个, 次, 张"
"4 刘禅 的 经历 告诉 我们 富 二 <CL> 自己 没有 本事 , 即使 有 再 牛 的 职业 经理人 也 难免 被 兼并 的 <h>命运</h> 。","4 刘禅 的 经历 告诉 我们 富 二 [MASK] 自己 没有 本事 , 即使 有 再 牛 的 职业 经理人 也 难免 被 兼并 的 命运 。",代,代,"代, 层, 辈"
三 <CL> <h>奖</h> 出现,三 [MASK] 奖 出现,等,等,"等, 级, 分"
"拉倒 , 一 <CL> <h>人</h> 怎么 做 !","拉倒 , 一 [MASK] 人 怎么 做 !",个,个,"个, 般, 群"
成 <CL> <h>巡逻队</h> 甘,成 [MASK] 巡逻队 甘,个,员,"员, 本, 团"
就 这个 灰机 让 我 等 了 十五 <CL> <h>小时</h>,就 这个 灰机 让 我 等 了 十五 [MASK] 小时,个,个,"个, 分, 点"
"春运 期间 数十亿 <CL> 的 <h>流动</h> , 怎么 弄 也 运 不 完 。","春运 期间 数十亿 [MASK] 的 流动 , 怎么 弄 也 运 不 完 。",人次,次,"次, 股, 块"
只 係饮 左 一 <CL> <h>块面</h> 就 红 到 马骝屎 忽咁 打工 的 孩子 伤 不 起 呀,只 係饮 左 一 [MASK] 块面 就 红 到 马骝屎 忽咁 打工 的 孩子 伤 不 起 呀,罐,个,"个, 点, 片"
"每 <CL> <h>月</h> 总 有 那么 几 天 心情 不 好 , 别 惹 我","每 [MASK] 月 总 有 那么 几 天 心情 不 好 , 别 惹 我",个,个,"个, 次, 本"
上传 了 15 <CL> <h>照片</h> 到 相册 高高 高丽棒,上传 了 15 [MASK] 照片 到 相册 高高 高丽棒,张,张,"张, 个, 幅"
"今天 一 <CL> 男 的 <h>问</h> 我 要 照片 , 我 多 羞涩 的 给 他 说 我 长 得 太 丑 了 , 冒 得 勇气 照相 啊 。","今天 一 [MASK] 男 的 问 我 要 照片 , 我 多 羞涩 的 给 他 说 我 长 得 太 丑 了 , 冒 得 勇气 照相 啊 。",个,个,"个, 位, 群"
"一 夜 醒来 , 满 眼 银装素裹 , 白色 雪 下 , 一 <CL> <h>红</h> 花 含苞 待放","一 夜 醒来 , 满 眼 银装素裹 , 白色 雪 下 , 一 [MASK] 红 花 含苞 待放",枝,朵,"朵, 片, 枝"
坤記 果然 無改錯 <CL> <h>明顯</h> 是 人 的,坤記 果然 無改錯 [MASK] 明顯 是 人 的,名,版,"版, 只, 本"
本 想 来 <CL> 优雅 淡定 的 <h>旅途</h> 的 。,本 想 来 [MASK] 优雅 淡定 的 旅途 的 。,个,趟,"趟, 段, 场"
十二 星座 隐藏 最 深 的 一 <CL> <h>白羊座</h> 很 居家 金牛座 耍心眼 双 子座 默默 落泪 巨蟹座 超级 冒险 家 狮子座 装傻 处 女座 花心 好色 天秤座 小气 鬼 兼 007 天蝎座 常 被 骗 射手座 原则 不 改 摩羯座 浪漫 多情 水瓶座 低调 双 鱼座 理性 的 工作狂 点 开大 图 更 精彩,十二 星座 隐藏 最 深 的 一 [MASK] 白羊座 很 居家 金牛座 耍心眼 双 子座 默默 落泪 巨蟹座 超级 冒险 家 狮子座 装傻 处 女座 花心 好色 天秤座 小气 鬼 兼 007 天蝎座 常 被 骗 射手座 原则 不 改 摩羯座 浪漫 多情 水瓶座 低调 双 鱼座 理性 的 工作狂 点 开大 图 更 精彩,面,面,"面, 点, 个"
"寒潭 锦鲤 , 始终 热爱 这 <CL> <h>清冽</h> 深潭 独自 游弋 的 小 鱼 。","寒潭 锦鲤 , 始终 热爱 这 [MASK] 清冽 深潭 独自 游弋 的 小 鱼 。",尾,条,"条, 些, 只"
"真 幸福 , 跟 弟弟 去扫 了 些 吃 的 , 哈哈哈 那 是 一 <CL> <h>劲儿</h> 的 高兴 啊 !","真 幸福 , 跟 弟弟 去扫 了 些 吃 的 , 哈哈哈 那 是 一 [MASK] 劲儿 的 高兴 啊 !",个,个,"个, 股, 把"
"原来 跟 超市 收银员 , 差头 司机 这些 不 认识 的 人 说 新年 快乐 是 <CL> 很 快乐 的 <h>事</h> 啊 !","原来 跟 超市 收银员 , 差头 司机 这些 不 认识 的 人 说 新年 快乐 是 [MASK] 很 快乐 的 事 啊 !",件,件,"件, 个, 种"
镜中 张枣 只要 想起 一 生 中 后悔 的 事 梅花 便落 了 下来 比如 看 她 游泳 到 河 的 另 一 岸 比如 登上 一 <CL> 松木 梯子 <h>危险</h> 的 事 固然 美丽 不如 看 她 骑 马 归来 面颊 温暖 羞涩 。,镜中 张枣 只要 想起 一 生 中 后悔 的 事 梅花 便落 了 下来 比如 看 她 游泳 到 河 的 另 一 岸 比如 登上 一 [MASK] 松木 梯子 危险 的 事 固然 美丽 不如 看 她 骑 马 归来 面颊 温暖 羞涩 。,株,个,"个, 条, 段"
我 一定 是 傻 了 玩 这么 <CL> 毫 无 营养 的 <h>游戏</h> 玩 到 现在 都 这么 晚 了 赶紧 睡觉 去,我 一定 是 傻 了 玩 这么 [MASK] 毫 无 营养 的 游戏 玩 到 现在 都 这么 晚 了 赶紧 睡觉 去,个,个,"个, 些, 点"
"乔布斯 表示 不 甘 示弱 视频 比尔盖茨 向 我国 人民 拜年 恭贺 新 禧 新春 之 际 , 微软 创始人 比尔盖茨 也 不 忘 向 中国 人民 恭贺 新禧 , 道 一 <CL> <h>春节</h> 快乐 。","乔布斯 表示 不 甘 示弱 视频 比尔盖茨 向 我国 人民 拜年 恭贺 新 禧 新春 之 际 , 微软 创始人 比尔盖茨 也 不 忘 向 中国 人民 恭贺 新禧 , 道 一 [MASK] 春节 快乐 。",声,声,"声, 个, 句"
"对 鞋 湿嗮 , 浸嗮 水 , 今日仲 提前 买佐 <CL> 饭 <h>返工</h> , 返 到 餐厅 换 完衫 , 跟 着 就 俾人 cut 佐班 。","对 鞋 湿嗮 , 浸嗮 水 , 今日仲 提前 买佐 [MASK] 饭 返工 , 返 到 餐厅 换 完衫 , 跟 着 就 俾人 cut 佐班 。",个,道,"道, 味, 餐"
"又 是 一 <CL> <h>闪电</h> , 将 眼 前 的 树林 照 得 如 白昼 , 赵辰 的 心 跳动 得 如 叶尖 急速 滴落 的 雨点 一样 快 。","又 是 一 [MASK] 闪电 , 将 眼 前 的 树林 照 得 如 白昼 , 赵辰 的 心 跳动 得 如 叶尖 急速 滴落 的 雨点 一样 快 。",道,道,"道, 阵, 个"
只有 我 和 白薯 二 <CL> <h>人</h> 。,只有 我 和 白薯 二 [MASK] 人 。,个,个,"个, 种, 家"
"昨儿 和 <h>LG</h> 去 血 拼 了 一下 , 哈哈 收获 木 老老滴有哇 , 给 我 从 内 到 外 都 买 新 得 了 , 哈哈 , 不过 可 怜 <CL> LG 大大 的 出血 呀","昨儿 和 LG 去 血 拼 了 一下 , 哈哈 收获 木 老老滴有哇 , 给 我 从 内 到 外 都 买 新 得 了 , 哈哈 , 不过 可 怜 [MASK] LG 大大 的 出血 呀",滴,点,"点, 下, 只"
"同 看 那些 年 , 我 們一起 追 的 女孩 雖然 我們 很 失望 , 因為 把 好看 的 三 <CL> <h>鐘刪</h> 了 但 我 們懷 著 好看 的 心情 去 看 的 。","同 看 那些 年 , 我 們一起 追 的 女孩 雖然 我們 很 失望 , 因為 把 好看 的 三 [MASK] 鐘刪 了 但 我 們懷 著 好看 的 心情 去 看 的 。",分,分,"分, 只, 部"
"我 参与 了 发起 的 投票 你 希望 龙俊亨 和 具荷拉 在一起 吗 , 我 投给 了 只要 龙 喜欢 这 1 <CL> <h>选项</h> 。","我 参与 了 发起 的 投票 你 希望 龙俊亨 和 具荷拉 在一起 吗 , 我 投给 了 只要 龙 喜欢 这 1 [MASK] 选项 。",个,个,"个, 项, 种"
"大家 都 写 字 画画 的 , 偶 就 来 放 <CL> 孔明 <h>灯</h> 吧 !","大家 都 写 字 画画 的 , 偶 就 来 放 [MASK] 孔明 灯 吧 !",个,个,"个, 点, 些"
讨厌 这 <CL> 不 <h>下雨</h> 地上 还 湿湿 的 天气 。,讨厌 这 [MASK] 不 下雨 地上 还 湿湿 的 天气 。,种,种,"种, 样, 个"
"某 人 用完 我 手机 后 , 我 QQ 头像 变成 一 <CL> <h>奶牛</h> 和 一 草原 了","某 人 用完 我 手机 后 , 我 QQ 头像 变成 一 [MASK] 奶牛 和 一 草原 了",头,头,"头, 只, 个"
"大半夜 的 竟然 还 有 很多 加 V 的 的 童鞋们 没有 睡觉 大部分 还 是 官方 微博 真的 很 想 问 一 <CL> 亲 大半夜 的 <h>加班</h> , 有 3 倍 工资么 ?","大半夜 的 竟然 还 有 很多 加 V 的 的 童鞋们 没有 睡觉 大部分 还 是 官方 微博 真的 很 想 问 一 [MASK] 亲 大半夜 的 加班 , 有 3 倍 工资么 ?",句,下,"下, 句, 声"
这里 向 您 推荐 一 <CL> 隐藏 餐厅 的 设计 <h>方案</h> 。,这里 向 您 推荐 一 [MASK] 隐藏 餐厅 的 设计 方案 。,个,种,"种, 些, 个"
烦 得 一 <CL> <h>CNM</h>,烦 得 一 [MASK] CNM,笔,身,"身, 家, 世"
"第一 <CL> 专门 <h>录视频</h> , 讲 得 自己 都 没有 信心 了 。","第一 [MASK] 专门 录视频 , 讲 得 自己 都 没有 信心 了 。",次,次,"次, 段, 个"
最后 一 <CL> <h>班会</h> 。,最后 一 [MASK] 班会 。,个,次,"次, 个, 场"
明天 要 知道 语文 成绩 了 怎么 办 一 想到 改卷 老师 会 耻笑 我 的 作文 水平 是 如此 低下 我 就 想 滚 地 明天 会 不 会 被 肥强 和 思娟 骂 <CL> <h>狗血淋头</h> 呢 但 愿 不 会 吧 求全 级 前 50,明天 要 知道 语文 成绩 了 怎么 办 一 想到 改卷 老师 会 耻笑 我 的 作文 水平 是 如此 低下 我 就 想 滚 地 明天 会 不 会 被 肥强 和 思娟 骂 [MASK] 狗血淋头 呢 但 愿 不 会 吧 求全 级 前 50,个,个,"个, 下, 些"
"下班 前 在 58 上 发 了 一 <CL> 雷 人 的 <h>招聘</h> , 结果 奇迹般 在 回家 的 路 上 就 接到 面试者 的 电话 问 应聘 邮箱 。","下班 前 在 58 上 发 了 一 [MASK] 雷 人 的 招聘 , 结果 奇迹般 在 回家 的 路 上 就 接到 面试者 的 电话 问 应聘 邮箱 。",则,个,"个, 条, 篇"
"在 睡觉 的 时候 来 <CL> <h>电话</h> , 你 想 怎样 。","在 睡觉 的 时候 来 [MASK] 电话 , 你 想 怎样 。",个,个,"个, 通, 回"
"妈 的 真想 换 <CL> <h>号码</h> 都 这么 晚 了 还 吵 无聊 , 幼稚","妈 的 真想 换 [MASK] 号码 都 这么 晚 了 还 吵 无聊 , 幼稚",个,个,"个, 号, 下"
一 <CL> <h>人</h> 在 赌博 老家 每 天 都 能 看到 这个,一 [MASK] 人 在 赌博 老家 每 天 都 能 看到 这个,堆,个,"个, 家, 些"
"老爸 你 说 的 是 真的 还 是 假 的 , 你 说 给 我 弄 <CL> <h>爱</h> 疯 4S 是 真的 还 是 假 的 啊","老爸 你 说 的 是 真的 还 是 假 的 , 你 说 给 我 弄 [MASK] 爱 疯 4S 是 真的 还 是 假 的 啊",个,个,"个, 点, 张"
在 你 寂寞 无助 的 时候 给 你 <CL> <h>关怀</h> !,在 你 寂寞 无助 的 时候 给 你 [MASK] 关怀 !,丝,点,"点, 些, 个"
"首先 , 先 将 隔离 霜倒 一些 在 手心 回温 , 一 <CL> 的 <h>用量</h> 大概 是 1 元 硬币 的 大小 。","首先 , 先 将 隔离 霜倒 一些 在 手心 回温 , 一 [MASK] 的 用量 大概 是 1 元 硬币 的 大小 。",次,次,"次, 般, 瓶"
"看 了 微 电影 我 愿意 , 感觉 那 <CL> <h>导演</h> 很 白痴 。","看 了 微 电影 我 愿意 , 感觉 那 [MASK] 导演 很 白痴 。",个,个,"个, 些, 位"
你 在 有 <h>奖</h> 转发 活动 祝福 拾衣网 正式 上线 转发 有 礼 中 抽 中 一 <CL> 奖 价值 1000 元 时尚 靓包 中 奖 编号 3738440 。,你 在 有 奖 转发 活动 祝福 拾衣网 正式 上线 转发 有 礼 中 抽 中 一 [MASK] 奖 价值 1000 元 时尚 靓包 中 奖 编号 3738440 。,等,起,"起, 分, 回"
今天 了 了 <CL> <h>心事</h> 。,今天 了 了 [MASK] 心事 。,桩,些,"些, 点, 分"
准备 睡觉 系列 睡眼 朦胧 头发 乱 <CL> 睡衣 <h>调</h> 小 浓,准备 睡觉 系列 睡眼 朦胧 头发 乱 [MASK] 睡衣 调 小 浓,笼,发,"发, 码, 卷"
"岁月 轮回 , 繁华 殆尽 , 不 变 的 仍 是 自己 那 <CL> 不 <h>服输</h> 的 心 ?","岁月 轮回 , 繁华 殆尽 , 不 变 的 仍 是 自己 那 [MASK] 不 服输 的 心 ?",颗,颗,"颗, 份, 股"
"看 完 电影 回家 已经 十二点 多 了 , 电梯 一 <CL> <h>处</h> 站 了 不少 人 。","看 完 电影 回家 已经 十二点 多 了 , 电梯 一 [MASK] 处 站 了 不少 人 。",楼,楼,"楼, 口, 层"
"为了 拥有 一 <CL> 随时 可秀 的 <h>美腿</h> , 可 得 勤加练习 , 做好 每 日 的 必修 课 哦 !","为了 拥有 一 [MASK] 随时 可秀 的 美腿 , 可 得 勤加练习 , 做好 每 日 的 必修 课 哦 !",双,双,"双, 条, 对"
"凡 事 都 要 一分为二 , 文凭 确实 是 <CL> 好 <h>东西</h> , 但 好 东西 未必 能 让 我们 成为 什么 东西 !","凡 事 都 要 一分为二 , 文凭 确实 是 [MASK] 好 东西 , 但 好 东西 未必 能 让 我们 成为 什么 东西 !",个,个,"个, 件, 块"
5 <CL> 我 <h>宝贝</h> 的 歌,5 [MASK] 我 宝贝 的 歌,页,首,"首, 个, 张"
"都 射 了 6 <CL> 了 , 这个 女 的 还 要 http t cn z0DNZ5v 命运 万 有 引力 画壁 单身 女王 恋人 国王 与 我 风月 大刀 钟楼 怪人 爱情 公寓 2 夜 店 告密者 雪之女王 泡沫 之 夏 电影 唐山 大 地震 李春天 的 春天 <h>禁忌</h> 的 女人 衣冠 禽兽 恋爱 通告 海洋 天堂 铁面 歌女","都 射 了 6 [MASK] 了 , 这个 女 的 还 要 http t cn z0DNZ5v 命运 万 有 引力 画壁 单身 女王 恋人 国王 与 我 风月 大刀 钟楼 怪人 爱情 公寓 2 夜 店 告密者 雪之女王 泡沫 之 夏 电影 唐山 大 地震 李春天 的 春天 禁忌 的 女人 衣冠 禽兽 恋爱 通告 海洋 天堂 铁面 歌女",次,次,"次, 点, 个"
"天目湖 旅游 度假区 位 于 江苏省 常州市 溧阳 城南 8 公里 处 , 被 誉为 江南 明珠 绿色 仙景 , 是 首 <CL> <h>国家</h> AAAA 级 景区 点 之一 , 是 江苏省 省级 旅游 度假区 。","天目湖 旅游 度假区 位 于 江苏省 常州市 溧阳 城南 8 公里 处 , 被 誉为 江南 明珠 绿色 仙景 , 是 首 [MASK] 国家 AAAA 级 景区 点 之一 , 是 江苏省 省级 旅游 度假区 。",批,批,"批, 个, 家"
你 以后 最好 只 对 我 一 <CL> <h>人</h> 心 软 。,你 以后 最好 只 对 我 一 [MASK] 人 心 软 。,个,个,"个, 般, 种"
"咳咳参 北斗 哇 , 越来越 多 没 <CL> <h>头</h> 说 走咱 就 走 啊 , 你 走 他 走 我 也 走 啊 。","咳咳参 北斗 哇 , 越来越 多 没 [MASK] 头 说 走咱 就 走 啊 , 你 走 他 走 我 也 走 啊 。",个,名,"名, 回, 块"
今年 春晚 是 不 是 很 那 <CL> <h>好看</h> 呢 ?,今年 春晚 是 不 是 很 那 [MASK] 好看 呢 ?,个,样,"样, 个, 种"
"昨儿 剥 牛 赢 了 115 , 今天 就 输 了 60 , 只 赚 了 <CL> <h>小钢炮</h> 的 饭钱","昨儿 剥 牛 赢 了 115 , 今天 就 输 了 60 , 只 赚 了 [MASK] 小钢炮 的 饭钱",个,个,"个, 点, 些"
"岁月 流逝 , 一 晃 就 是 五 年 , 我 终于 怀着 一 <CL> <h>异样</h> 的 心情 和 一个 令 我 一直 耿耿于怀 的 悬念 , 带 着 我 的 丈夫 还有 孩子 , 回到 家乡 探亲 。","岁月 流逝 , 一 晃 就 是 五 年 , 我 终于 怀着 一 [MASK] 异样 的 心情 和 一个 令 我 一直 耿耿于怀 的 悬念 , 带 着 我 的 丈夫 还有 孩子 , 回到 家乡 探亲 。",种,种,"种, 个, 份"
"现在 的 孟聚 也 是 一样 , 看 了 50 <CL> 的 <h>样子</h> , 突然 发现 , 咦 , 这 Y 是 高手 。","现在 的 孟聚 也 是 一样 , 看 了 50 [MASK] 的 样子 , 突然 发现 , 咦 , 这 Y 是 高手 。",章,页,"页, 次, 分"
"这 <CL> <h>宝贝</h> 这 两 天 问 的 人 满 多 古玩城 铜 钱 钱币 大 钱 开光 纯 铜 五 帝 钱 , 价格 800 元 , 见","这 [MASK] 宝贝 这 两 天 问 的 人 满 多 古玩城 铜 钱 钱币 大 钱 开光 纯 铜 五 帝 钱 , 价格 800 元 , 见",件,个,"个, 位, 些"
"今年 我 就 要 立 得 拍 吧 , 过 完 年 就 去 富士 挑 很 快 我 就 会 有 一 <CL> 相片 <h>墙</h> 了 o","今年 我 就 要 立 得 拍 吧 , 过 完 年 就 去 富士 挑 很 快 我 就 会 有 一 [MASK] 相片 墙 了 o",面,个,"个, 张, 面"
"给 女友 庆生 , 儿子 趁 母亲 外出 时 溜进 她 的 房间 企图 偷 走 母亲 最后 一 <CL> <h>存款</h> 。","给 女友 庆生 , 儿子 趁 母亲 外出 时 溜进 她 的 房间 企图 偷 走 母亲 最后 一 [MASK] 存款 。",笔,笔,"笔, 点, 次"
"我 蜷沙发 玩 平板 , 胖子 继续 啃书 , 旁边 好几 <CL> <h>打</h> 扑克 的 。","我 蜷沙发 玩 平板 , 胖子 继续 啃书 , 旁边 好几 [MASK] 打 扑克 的 。",桌,个,"个, 位, 桌"
一 <CL> 忍 不 住 的 心烦 <h>头晕</h> 出汗 想 砸烂 所有 的 东西 。,一 [MASK] 忍 不 住 的 心烦 头晕 出汗 想 砸烂 所有 的 东西 。,阵,个,"个, 种, 次"
这 一 <CL> <h>人品</h> 太 好 了 啊 !,这 一 [MASK] 人品 太 好 了 啊 !,阵,位,"位, 个, 点"
"后来 分开 的 时候 , 我 剪 了 一 <CL> <h>短发</h> 。","后来 分开 的 时候 , 我 剪 了 一 [MASK] 短发 。",头,头,"头, 个, 条"
"传统 那 一 <CL> 已经 不 行 了 , 我们 上 小学 时 所 接受 的 <h>教育</h> , 今天 大家 已经 不 信 了 , 怎么 办 ?","传统 那 一 [MASK] 已经 不 行 了 , 我们 上 小学 时 所 接受 的 教育 , 今天 大家 已经 不 信 了 , 怎么 办 ?",套,代,"代, 套, 点"
"一 <CL> M <h>豆</h> , 小豆 嗨皮 了 。","一 [MASK] M 豆 , 小豆 嗨皮 了 。",桶,个,"个, 声, 下"
"张绍刚 再 曝毒舌 视频 我 觉得 张绍刚 很 2 呀 , 2 的 不得了 , 之前 那 <CL> 经典 的 <h>段子</h> 完全 适用 于 他","张绍刚 再 曝毒舌 视频 我 觉得 张绍刚 很 2 呀 , 2 的 不得了 , 之前 那 [MASK] 经典 的 段子 完全 适用 于 他",个,些,"些, 个, 种"
"重 看 了 一 <CL> 五 年 前 的 十兄弟 <h>天賜良兒</h> , 還是 很 喜歡 老四 , 要 不 要 這麼萌 呀 , 還穿 我 Like 的 史迪奇 的 衣服","重 看 了 一 [MASK] 五 年 前 的 十兄弟 天賜良兒 , 還是 很 喜歡 老四 , 要 不 要 這麼萌 呀 , 還穿 我 Like 的 史迪奇 的 衣服",遍,下,"下, 遍, 部"
"晚上 , 猪头 给 我 狂 买 了 五十多 <CL> 的 <h>零食</h> , 我们 在 得克士 摆开 场子 边 吃 边 聊天儿 , 感觉 真 爽快 。","晚上 , 猪头 给 我 狂 买 了 五十多 [MASK] 的 零食 , 我们 在 得克士 摆开 场子 边 吃 边 聊天儿 , 感觉 真 爽快 。",块,块,"块, 个, 份"
"Love 也 是 有 两 <CL> <h>刷子</h> 的 , 也 不 是 靠 单纯 的 刷数据","Love 也 是 有 两 [MASK] 刷子 的 , 也 不 是 靠 单纯 的 刷数据",把,把,"把, 个, 根"
健康 年夜饭 一 <CL> <h>范志</h> 红原 创 营养 信息,健康 年夜饭 一 [MASK] 范志 红原 创 营养 信息,例,道,"道, 起, 餐"
"立下 大志 以后 再 穷 也 得 赚 钱 盖 书房 , 还 要 有 窗 有 阳光 四 <CL> <h>如春</h> !","立下 大志 以后 再 穷 也 得 赚 钱 盖 书房 , 还 要 有 窗 有 阳光 四 [MASK] 如春 !",季,季,"季, 面, 处"
"最近 天天 这些 , 真的 牙齿 受 不 了 了 , 这 <CL> 准备 <h>海鲜</h> , 客厅 那 边 是 牛肉 火锅 , 任君 选择 !","最近 天天 这些 , 真的 牙齿 受 不 了 了 , 这 [MASK] 准备 海鲜 , 客厅 那 边 是 牛肉 火锅 , 任君 选择 !",桌,次,"次, 个, 家"
"要 把 学生 到 农村 实习 参加 医疗 预防 工作 实践 , 作为 对 毕业生 考核 的 一 <CL> 重要 <h>内容</h> 。","要 把 学生 到 农村 实习 参加 医疗 预防 工作 实践 , 作为 对 毕业生 考核 的 一 [MASK] 重要 内容 。",项,项,"项, 个, 种"
"再见 了 骚年 , 再见 了 那 <CL> 充满 幻想 的 <h>地方</h>","再见 了 骚年 , 再见 了 那 [MASK] 充满 幻想 的 地方",个,个,"个, 些, 片"
"今天 感觉 , 应该 看中 的 不 是 做 与 不 做 的 事儿 , 而 是 如何 去 做 , 怎么 做 方 能 做 的 更 好 , 不然 , 做 了 就 是 不 彻底 , 虽然 与 不 做 是 两 <CL> <h>性质</h> , 但是 效率 就 被 打上 了 折扣 啊","今天 感觉 , 应该 看中 的 不 是 做 与 不 做 的 事儿 , 而 是 如何 去 做 , 怎么 做 方 能 做 的 更 好 , 不然 , 做 了 就 是 不 彻底 , 虽然 与 不 做 是 两 [MASK] 性质 , 但是 效率 就 被 打上 了 折扣 啊",码,种,"种, 个, 面"
李玉刚 新 贵妃 醉 酒 金美儿 冬天 里 的 一 <CL> <h>火</h> 费翔 故乡 的 云唱 的 都 不错 。,李玉刚 新 贵妃 醉 酒 金美儿 冬天 里 的 一 [MASK] 火 费翔 故乡 的 云唱 的 都 不错 。,把,把,"把, 场, 团"
把 那 <CL> <h>米</h> 从 阳台 扛 厨房 去 。,把 那 [MASK] 米 从 阳台 扛 厨房 去 。,袋,些,"些, 粒, 个"
"觉得 自己 越来越 像 霍金 了 , 每 天 窝 在 椅子 或 床上 , 歪 着 脖子 , 呆滞 的 望 着 前面 , 然后 偶尔 用 几 <CL> <h>手</h> 指 。","觉得 自己 越来越 像 霍金 了 , 每 天 窝 在 椅子 或 床上 , 歪 着 脖子 , 呆滞 的 望 着 前面 , 然后 偶尔 用 几 [MASK] 手 指 。",下,根,"根, 个, 只"
出 <CL> <h>成绩</h> 至于 吗 ?,出 [MASK] 成绩 至于 吗 ?,个,场,"场, 口, 线"
我 发现 我 真的 是 <CL> 巨 纠结 无比 的 人 <h>诶艾</h>,我 发现 我 真的 是 [MASK] 巨 纠结 无比 的 人 诶艾,个,个,"个, 种, 位"
等等 一 <CL> <h>再等</h>,等等 一 [MASK] 再等,等,等,"等, 下, 次"
"士 看见 骑 着 脚踏车 的 信差 将 一 <CL> <h>情报</h> 进 花园 门口 的 信箱 , 他 顺着 思路 怜悯 起 这个 信差 来 。","士 看见 骑 着 脚踏车 的 信差 将 一 [MASK] 情报 进 花园 门口 的 信箱 , 他 顺着 思路 怜悯 起 这个 信差 来 。",封,份,"份, 些, 封"
"一 不 留神 又 两 点 多 了 , 这 几 天 的 生物钟 各 <CL> <h>混乱</h> , 就 没 调整 过来 , 要 是 过 几 天 开学 可 就 死定 了 !","一 不 留神 又 两 点 多 了 , 这 几 天 的 生物钟 各 [MASK] 混乱 , 就 没 调整 过来 , 要 是 过 几 天 开学 可 就 死定 了 !",种,种,"种, 个, 类"
德州市 首 <CL> 网络 <h>春晚</h> 分享自,德州市 首 [MASK] 网络 春晚 分享自,届,个,"个, 家, 届"
"笑话 幽默 吃客 为什么 这 <CL> <h>菜</h> 里 都 是 泥? 侍者 这 是 最 新鲜 不过 的 菜 , 刚 从 泥里拔 出来 呢 。","笑话 幽默 吃客 为什么 这 [MASK] 菜 里 都 是 泥? 侍者 这 是 最 新鲜 不过 的 菜 , 刚 从 泥里拔 出来 呢 。",碗,道,"道, 个, 些"
原来 邓小平 说 那 <CL> <h>话</h> 是 错 的 先 让 一部分 人 富 起来 我们 怎么 办 啊 穷穷穷,原来 邓小平 说 那 [MASK] 话 是 错 的 先 让 一部分 人 富 起来 我们 怎么 办 啊 穷穷穷,句,句,"句, 些, 番"
"亲亲 我 的 小 张杰 , 下 <CL> <h>月</h> 就 要 走 了 , 恭喜 你 哈 !","亲亲 我 的 小 张杰 , 下 [MASK] 月 就 要 走 了 , 恭喜 你 哈 !",个,个,"个, 张, 些"
"哈哈 转发 微博 , 有 <CL> <h>人</h> 过 年 不 给 我 红包 。","哈哈 转发 微博 , 有 [MASK] 人 过 年 不 给 我 红包 。",个,些,"些, 个, 家"
"btw , 有 没有 哪位 借 我 一 <CL> <h>车</h> , 我 需要 接人 !","btw , 有 没有 哪位 借 我 一 [MASK] 车 , 我 需要 接人 !",辆,辆,"辆, 台, 个"
"广德 真人 为 要 使 一般 人 都 信仰 他 、 爱护 他 , 所以 有 施 水 治 疫 的 那 <CL> <h>举动</h> 。","广德 真人 为 要 使 一般 人 都 信仰 他 、 爱护 他 , 所以 有 施 水 治 疫 的 那 [MASK] 举动 。",番,种,"种, 个, 些"
"就 现在 坐 在 屋头 , 我 胃 还 是 一 <CL> <h>翻涌</h> 的 感脚 啊 老子 不 喝 酒 了 !","就 现在 坐 在 屋头 , 我 胃 还 是 一 [MASK] 翻涌 的 感脚 啊 老子 不 喝 酒 了 !",阵,种,"种, 阵, 股"
纠结 看 <CL> <h>惊心</h> 怎么 突然 觉得 跟 若曦 一样 很 纠结 呢 ?,纠结 看 [MASK] 惊心 怎么 突然 觉得 跟 若曦 一样 很 纠结 呢 ?,步,点,"点, 个, 步"
"Lina Medina 是 首 <CL> 被 发现 的 早熟 <h>病例</h> , 她 的 儿子 起初 一直 认为 她 是 他 的 姐姐 , 直 到 10 岁 才 得知 事实 。","Lina Medina 是 首 [MASK] 被 发现 的 早熟 病例 , 她 的 儿子 起初 一直 认为 她 是 他 的 姐姐 , 直 到 10 岁 才 得知 事实 。",例,个,"个, 例, 次"
"亲 , 龙蛋 里面 有 料 哦 , 饱 含 温馨 与 如意 , 见 了 快乐 又 健康 , 用 了 <CL> <h>高升</h> 哦 !","亲 , 龙蛋 里面 有 料 哦 , 饱 含 温馨 与 如意 , 见 了 快乐 又 健康 , 用 了 [MASK] 高升 哦 !",步,步,"步, 双, 点"
"尽管 去 了 <CL> <h>医院</h> , 但是 今天 该 干得 事 也 没 耽误 。","尽管 去 了 [MASK] 医院 , 但是 今天 该 干得 事 也 没 耽误 。",趟,个,"个, 家, 趟"
"最近 发现 我 只 要 一 大 <CL> <h>孔</h> 她 , 她 就 马上 低头 嘟嘴 , 还 扁扁 嘴 , 样子 很 是 可 怜 。","最近 发现 我 只 要 一 大 [MASK] 孔 她 , 她 就 马上 低头 嘟嘴 , 还 扁扁 嘴 , 样子 很 是 可 怜 。",声,口,"口, 眼, 声"
"四 皇 里面 的 一 <CL> <h>狮子</h> 都 悬赏 金 3 亿 3 千万 , 真 想 知道 红发 的 那些 主力 的 悬赏 金 啊 。","四 皇 里面 的 一 [MASK] 狮子 都 悬赏 金 3 亿 3 千万 , 真 想 知道 红发 的 那些 主力 的 悬赏 金 啊 。",头,个,"个, 只, 头"
"宋城 景区 19 <CL> 线上 <h>活动</h> 2012 不 是 世界 末日 , 许心愿 赢取 宋城 景区 免费 门票","宋城 景区 19 [MASK] 线上 活动 2012 不 是 世界 末日 , 许心愿 赢取 宋城 景区 免费 门票",楼,号,"号, 点, 个"
因为 她 知道 珍惜 知道 不 放弃 一 <CL> 的 <h>努力</h> 需要 多 大 信心 和 坚持 你 有 没 有 看到 她 的 心里 去 你 能 帮帮 她 嘛 ?,因为 她 知道 珍惜 知道 不 放弃 一 [MASK] 的 努力 需要 多 大 信心 和 坚持 你 有 没 有 看到 她 的 心里 去 你 能 帮帮 她 嘛 ?,层,次,"次, 点, 样"
本来 上 一 <CL> 的 事 <h>轮</h> 不 到 我们 小 的 插嘴 但是 我 实在 看 不 过 眼 心肝 不 好 的 人 就 是 低 不 得 人家 过 得 好 !,本来 上 一 [MASK] 的 事 轮 不 到 我们 小 的 插嘴 但是 我 实在 看 不 过 眼 心肝 不 好 的 人 就 是 低 不 得 人家 过 得 好 !,辈,次,"次, 回, 班"
倒 <CL> 熄火 加 <h>压线</h> 的 居然 合格 。,倒 [MASK] 熄火 加 压线 的 居然 合格 。,桩,线,"线, 下, 拨"
达 人 秀 <CL> <h>因事</h> 退出 没 来 看 的 有点 无趣 啊 所以 我 还 有空 看些 有的 没 的,达 人 秀 [MASK] 因事 退出 没 来 看 的 有点 无趣 啊 所以 我 还 有空 看些 有的 没 的,波,版,"版, 团, 节"
迫于 种种 压力 关闭 了 企鹅 空间 伴随 了 我 七 年 多 的 一 <CL> <h>窗</h> 关上 了,迫于 种种 压力 关闭 了 企鹅 空间 伴随 了 我 七 年 多 的 一 [MASK] 窗 关上 了,扇,扇,"扇, 个, 张"
"尼玛 , 第一 <CL> <h>醒</h> 这么 早 今年 是 外面 还 有 鸡叫 呢","尼玛 , 第一 [MASK] 醒 这么 早 今年 是 外面 还 有 鸡叫 呢",次,次,"次, 个, 回"
今年 的 全 明星赛 是 哪 <CL> <h>时刻</h> 呢,今年 的 全 明星赛 是 哪 [MASK] 时刻 呢,个,个,"个, 些, 种"
"火车 上 , 一 <CL> <h>男孩</h> 拿 着 手机 发微 博 , 他 在 微博 上 写 着 在 火车 上 , 我 对 她 一见 钟情 。","火车 上 , 一 [MASK] 男孩 拿 着 手机 发微 博 , 他 在 微博 上 写 着 在 火车 上 , 我 对 她 一见 钟情 。",位,个,"个, 位, 名"
我 坐 呢 <CL> <h>船</h> 过 海咖 !,我 坐 呢 [MASK] 船 过 海咖 !,艘,条,"条, 架, 艘"
"我 参与 了 发起 的 投票 2012 , 你 最 想 去 的 中国 地 城市 篇 , 我 投给 了 桂林 寄情 山水 不 醉 不 归 这 2 <CL> <h>选项</h> 。","我 参与 了 发起 的 投票 2012 , 你 最 想 去 的 中国 地 城市 篇 , 我 投给 了 桂林 寄情 山水 不 醉 不 归 这 2 [MASK] 选项 。",个,个,"个, 项, 种"
"大红 灯笼 高高 挂 , 传统 节日 有时候 还是 需要 这 <CL> 小 <h>俗气</h> 才 热闹 。","大红 灯笼 高高 挂 , 传统 节日 有时候 还是 需要 这 [MASK] 小 俗气 才 热闹 。",种,些,"些, 种, 点"
"离开 西安 就 不 再 回来 , 那些 幻想 过 的 , 努力 过 的 , 爱 过 的 , 伤 过 的 , 错过 的 , 就 随风而逝 吧 一 <CL> <h>人</h> 的 路 上 , 我 也 可以 走 的 很 精彩 !","离开 西安 就 不 再 回来 , 那些 幻想 过 的 , 努力 过 的 , 爱 过 的 , 伤 过 的 , 错过 的 , 就 随风而逝 吧 一 [MASK] 人 的 路 上 , 我 也 可以 走 的 很 精彩 !",个,个,"个, 些, 条"
发表 了 一 <CL> 转载 博文 转载 疯狂 渣土 车 莽撞 的 社会 <h>运行</h>,发表 了 一 [MASK] 转载 博文 转载 疯狂 渣土 车 莽撞 的 社会 运行,篇,篇,"篇, 些, 条"
"我 在 这里 杭州市 西湖区 西湖 边 , Pizza Inn 大餐 , 晚上 吃 第二 <CL> , <h>罪恶</h> 阿 !","我 在 这里 杭州市 西湖区 西湖 边 , Pizza Inn 大餐 , 晚上 吃 第二 [MASK] , 罪恶 阿 !",顿,顿,"顿, 餐, 次"
"为什么 那 <CL> <h>小麦</h> 煮 了 那么 久 , 小麦 还 那么 硬 ?","为什么 那 [MASK] 小麦 煮 了 那么 久 , 小麦 还 那么 硬 ?",锅,个,"个, 些, 种"
"早安 , 索尼 的 两 <CL> <h>新机</h> 还 是 值得 期待 的 , 不过 还 是 定制机 啊 , Xperia Arco hd 的 三 防 功能 和 高清屏 是 亮点","早安 , 索尼 的 两 [MASK] 新机 还 是 值得 期待 的 , 不过 还 是 定制机 啊 , Xperia Arco hd 的 三 防 功能 和 高清屏 是 亮点",款,款,"款, 部, 个"
"对 说 您 好 , 我 有 问题 咨询 , 去 哪儿 网 上 的 超值 自由 飞 我 买 了 你们 那 <CL> <h>券</h> 。","对 说 您 好 , 我 有 问题 咨询 , 去 哪儿 网 上 的 超值 自由 飞 我 买 了 你们 那 [MASK] 券 。",个,个,"个, 张, 些"
"在 已 代表 萨斯菲尔德 出战 两 <CL> 阿甲 春季 <h>联赛</h> 的 情况 下 加盟 紫 百合 佛罗伦萨 , 但 半 年 来 仅 一 球 入账 。","在 已 代表 萨斯菲尔德 出战 两 [MASK] 阿甲 春季 联赛 的 情况 下 加盟 紫 百合 佛罗伦萨 , 但 半 年 来 仅 一 球 入账 。",场,场,"场, 次, 季"
看见 那 <CL> <h>人</h> 就 觉得 恶心 。,看见 那 [MASK] 人 就 觉得 恶心 。,个,个,"个, 些, 种"
限制级 为 4 <CL> 的 大 <h>片</h> 万 有 引力 野鸭子 恶夜 惊魂 欲望号 列车 刀尖 上 行走 衣冠 禽兽 情迷 大话 王野 鸭子 妹妹 恋人 魔鬼 屠夫 写真 倩女幽魂 断 喉弩 衣冠 禽兽 万 有 引力 美女 欲望号 列车 男儿 本色 喋血 孤城 断 刺画 壁 金枝玉叶 迷幻 公园 倩女 幽魂 魔鬼 屠夫 倩女 幽魂,限制级 为 4 [MASK] 的 大 片 万 有 引力 野鸭子 恶夜 惊魂 欲望号 列车 刀尖 上 行走 衣冠 禽兽 情迷 大话 王野 鸭子 妹妹 恋人 魔鬼 屠夫 写真 倩女幽魂 断 喉弩 衣冠 禽兽 万 有 引力 美女 欲望号 列车 男儿 本色 喋血 孤城 断 刺画 壁 金枝玉叶 迷幻 公园 倩女 幽魂 魔鬼 屠夫 倩女 幽魂,级,级,"级, 点, 层"
"我 华丽丽 的 失眠 袅珊 同学 , 姐很 愧疚 的 告诉 你 , 你 开导 了 那么 多 , 貌似 作 无 用功 了 明早 还 有 四 <CL> <h>课</h> 四 节课 , 孩子们 看 电影 的 时候 我 估计 可以 补眠 zZ","我 华丽丽 的 失眠 袅珊 同学 , 姐很 愧疚 的 告诉 你 , 你 开导 了 那么 多 , 貌似 作 无 用功 了 明早 还 有 四 [MASK] 课 四 节课 , 孩子们 看 电影 的 时候 我 估计 可以 补眠 zZ",节,节,"节, 个, 堂"
"新年 期间 , 玩 狮子 , 舞龙 , 演戏 , 说书 , 高跷 , 旱船 等 各 <CL> 娱乐 <h>活动</h> 五彩缤纷 , 绚丽 夺目 。","新年 期间 , 玩 狮子 , 舞龙 , 演戏 , 说书 , 高跷 , 旱船 等 各 [MASK] 娱乐 活动 五彩缤纷 , 绚丽 夺目 。",种,种,"种, 类, 项"
"打 了 第一 <CL> <h>场</h> 说 赶 不 过来 , 打 了 湖南 某 新闻 电台 说 记者 睡觉 派 不 出来 , 打 了 省 政府 公安厅 的 无 人 接听 , 无语 !","打 了 第一 [MASK] 场 说 赶 不 过来 , 打 了 湖南 某 新闻 电台 说 记者 睡觉 派 不 出来 , 打 了 省 政府 公安厅 的 无 人 接听 , 无语 !",线,个,"个, 分, 场"
一 <CL> 单 <h>皮鞋</h> !,一 [MASK] 单 皮鞋 !,双,双,"双, 只, 对"
"老师 听 了 一 <CL> <h>耳光</h> 给 小 刚 打去抄 的 什么 作业 , 拿 出来 。","老师 听 了 一 [MASK] 耳光 给 小 刚 打去抄 的 什么 作业 , 拿 出来 。",个,记,"记, 个, 把"
麻烦 大家 给 支 <CL> <h>招儿</h> 。,麻烦 大家 给 支 [MASK] 招儿 。,个,支,"支, 个, 点"
"昨晚 到达 羽田 机场 , 向 机场 服务 人员 打探 酒店 位置 , 是 一 <CL> <h>身</h> 着 笔挺 制服 , 头发 花白 的 老者 , 态度 相当 和蔼 , 怕 我们 搞 不 明白 , 直接 和 酒店 通 了 电话 , 然后 又 陪 我们 到 乘车 点 , 嘱咐 了 半天 , 才 回去 。","昨晚 到达 羽田 机场 , 向 机场 服务 人员 打探 酒店 位置 , 是 一 [MASK] 身 着 笔挺 制服 , 头发 花白 的 老者 , 态度 相当 和蔼 , 怕 我们 搞 不 明白 , 直接 和 酒店 通 了 电话 , 然后 又 陪 我们 到 乘车 点 , 嘱咐 了 半天 , 才 回去 。",位,位,"位, 个, 名"
"过 自己 追求 的 生活 , 并不 是 每 <CL> <h>人</h> 都 能 做到 。","过 自己 追求 的 生活 , 并不 是 每 [MASK] 人 都 能 做到 。",个,个,"个, 家, 种"
"今天 都 在 市中心 办事 , 而 alin 今天 不 忙 且 订 明天 走 , 而 我 明天室 里 团年 白天 都 空 , 我 可以 和 她 再 吃 三 <CL> <h>饭</h> 。","今天 都 在 市中心 办事 , 而 alin 今天 不 忙 且 订 明天 走 , 而 我 明天室 里 团年 白天 都 空 , 我 可以 和 她 再 吃 三 [MASK] 饭 。",顿,顿,"顿, 次, 餐"
喝完 那么 多 酒 只 是 更 清醒 我 根本 不 会 让 自己 喝 醉 的 只 是 听说 这 <CL> <h>洋酒</h> 后劲 很 凶 只 是 反而 愈发 的 思念 你 。,喝完 那么 多 酒 只 是 更 清醒 我 根本 不 会 让 自己 喝 醉 的 只 是 听说 这 [MASK] 洋酒 后劲 很 凶 只 是 反而 愈发 的 思念 你 。,种,款,"款, 种, 瓶"
第一 <CL> 带 <h>男朋友</h> 见 家长 想不到 对 你 的 印象 几 好 喔 今天 我 很 开心 呢 谢谢 你 老公 我 爱 你,第一 [MASK] 带 男朋友 见 家长 想不到 对 你 的 印象 几 好 喔 今天 我 很 开心 呢 谢谢 你 老公 我 爱 你,次,次,"次, 步, 个"
吃 了 好几 <CL> <h>肉</h> !,吃 了 好几 [MASK] 肉 !,盘,块,"块, 个, 次"
"她 身上 有 多 <CL> <h>纹身</h> , 永远 朋克会 驾驶 飞机 。","她 身上 有 多 [MASK] 纹身 , 永远 朋克会 驾驶 飞机 。",处,种,"种, 个, 处"
就 像 是 一 <CL> 纤细 的 <h>丝</h> 。,就 像 是 一 [MASK] 纤细 的 丝 。,根,条,"条, 根, 缕"
你 不 知道 的 事 每 <CL> <h>听</h> 都 很 感动,你 不 知道 的 事 每 [MASK] 听 都 很 感动,次,次,"次, 个, 遍"
"杜氏 家族 今年 添 了 几 <CL> <h>新丁</h> , 全体 姑娘 翻来 煮禄堆 。","杜氏 家族 今年 添 了 几 [MASK] 新丁 , 全体 姑娘 翻来 煮禄堆 。",枚,个,"个, 位, 条"
"终于 跑 完 最后 一 <CL> <h>亲戚</h> , 年 也 就 过 完 了 , 明天 开工 上班","终于 跑 完 最后 一 [MASK] 亲戚 , 年 也 就 过 完 了 , 明天 开工 上班",家,个,"个, 次, 位"
"这 将 从 多 <CL> <h>方面</h> 带来 创新 , 并 减轻 美国 学生 书包 的 重量 。","这 将 从 多 [MASK] 方面 带来 创新 , 并 减轻 美国 学生 书包 的 重量 。",个,个,"个, 种, 项"
"总爱 睡 了 几 <CL> <h>小时</h> 后 , 就 开始 睡 不 着 , 又 是 这 钟 数 慢慢 地 我 开始 厌倦 这 钟 无休止 习惯 的 习惯 生活","总爱 睡 了 几 [MASK] 小时 后 , 就 开始 睡 不 着 , 又 是 这 钟 数 慢慢 地 我 开始 厌倦 这 钟 无休止 习惯 的 习惯 生活",个,个,"个, 次, 张"
"人 就 是 应该 有 梦想 , 然后 用 一生 努力 把 梦想 变成 现实 , 很多 事 需要 一 <CL> <h>成功</h> , 只 盼 在 稳固 中 拔得头筹 。","人 就 是 应该 有 梦想 , 然后 用 一生 努力 把 梦想 变成 现实 , 很多 事 需要 一 [MASK] 成功 , 只 盼 在 稳固 中 拔得头筹 。",次,路,"路, 起, 次"
我 在 中影 国际 影城 签到 20 <CL> <h>大闹</h> 大闹,我 在 中影 国际 影城 签到 20 [MASK] 大闹 大闹,次,分,"分, 个, 张"
还 得 一 <CL> <h>人</h> 收拾 这 破 公司 。,还 得 一 [MASK] 人 收拾 这 破 公司 。,个,个,"个, 伙, 群"
"在职场 中 就 应该 像 柯 南 那样 , 有 一 <CL> 走到 哪 就 让 别人 死到 哪 的 <h>霸气</h> 。","在职场 中 就 应该 像 柯 南 那样 , 有 一 [MASK] 走到 哪 就 让 别人 死到 哪 的 霸气 。",种,种,"种, 股, 份"
"想 我 长 得 这么 帅 , 改卷 老师 绝对 不 会 给 我 低分 的 , 因为 我 是 孤独 的 风 中 一 <CL> <h>狼</h> 。","想 我 长 得 这么 帅 , 改卷 老师 绝对 不 会 给 我 低分 的 , 因为 我 是 孤独 的 风 中 一 [MASK] 狼 。",匹,只,"只, 匹, 条"
"老 朋友 见面 , 狠狠 的 亲切 , 记得 当年 一 <CL> 的 <h>年轻</h> , 嘿嘿 。","老 朋友 见面 , 狠狠 的 亲切 , 记得 当年 一 [MASK] 的 年轻 , 嘿嘿 。",起,样,"样, 脸, 点"
"在 游戏 梦想 商业街 中 获得 了 成就 社会 活动家 , 成为 微博 第 31 <CL> 获得 该 成就 的 <h>人</h> , 你 想 和 TA 比 试 一下 吗","在 游戏 梦想 商业街 中 获得 了 成就 社会 活动家 , 成为 微博 第 31 [MASK] 获得 该 成就 的 人 , 你 想 和 TA 比 试 一下 吗",位,位,"位, 个, 名"
"污染 指数 12 月 的 时候 买 了 口罩 , 出门 3 天 , 平均 下来 每 天 户外 活动 约 1 <CL> <h>小时</h> , 口罩 如下","污染 指数 12 月 的 时候 买 了 口罩 , 出门 3 天 , 平均 下来 每 天 户外 活动 约 1 [MASK] 小时 , 口罩 如下",个,个,"个, 点, 次"
"电影 里 , 只 需 镜头 切换 , 字幕 上 出现 几 <CL> <h>小字</h> 二十 年 后 , 然后 红颜 白发 , 一切 都 有 了 结局 , 而 现实 的 人生 , 三 年 五 载 , 其中 哪 一 秒钟 不 需要 生生 地捱","电影 里 , 只 需 镜头 切换 , 字幕 上 出现 几 [MASK] 小字 二十 年 后 , 然后 红颜 白发 , 一切 都 有 了 结局 , 而 现实 的 人生 , 三 年 五 载 , 其中 哪 一 秒钟 不 需要 生生 地捱",行,个,"个, 行, 张"
"男 女 朋友 睡 一 <CL> <h>房间</h> , 女 的 划 了 条线 过线 的 是 禽兽 。","男 女 朋友 睡 一 [MASK] 房间 , 女 的 划 了 条线 过线 的 是 禽兽 。",个,个,"个, 间, 条"
我 在 香港 永祥烧腊 餐厅 虹口 店 没 <CL> 吃 只 能 外卖 了 麻痹 皇 <h>马</h> 又 输 了 窝色 吃 回来,我 在 香港 永祥烧腊 餐厅 虹口 店 没 [MASK] 吃 只 能 外卖 了 麻痹 皇 马 又 输 了 窝色 吃 回来,堂,点,"点, 面, 餐"
重 器 精品 海南 黄花油 梨红色 油梨 竹节型 把 <CL> <h>摆件</h> 2012129 分享自,重 器 精品 海南 黄花油 梨红色 油梨 竹节型 把 [MASK] 摆件 2012129 分享自,件,手,"手, 把, 具"
"我们 一 <CL> <h>课</h> 的 作业 , 5 分钟 很 简单 的 问题 , 帮忙 做做 不 ?","我们 一 [MASK] 课 的 作业 , 5 分钟 很 简单 的 问题 , 帮忙 做做 不 ?",门,节,"节, 堂, 个"
我 要 把 自己 裹 得 暖暖 的 管 他 臃肿 与否 帽子 围巾 靴子 大衣 各 <CL> <h>上阵</h> 我 要 暖暖 暖暖 暖暖,我 要 把 自己 裹 得 暖暖 的 管 他 臃肿 与否 帽子 围巾 靴子 大衣 各 [MASK] 上阵 我 要 暖暖 暖暖 暖暖,种,种,"种, 个, 位"
这 <CL> <h>天气</h> 就 跟 屎 一样 我 的 感性 细胞 又 要 泛滥 的 扩散 了 我 要 疯 了,这 [MASK] 天气 就 跟 屎 一样 我 的 感性 细胞 又 要 泛滥 的 扩散 了 我 要 疯 了,种,个,"个, 种, 样"
"好不容易 为 我们 争取 到 的 座位 还 要 被 你 嫌弃 , 本 以为 告诉 你 会 是 <CL> <h>喜讯</h> , 算 了 , 我 不 重要 , 不 重要 。","好不容易 为 我们 争取 到 的 座位 还 要 被 你 嫌弃 , 本 以为 告诉 你 会 是 [MASK] 喜讯 , 算 了 , 我 不 重要 , 不 重要 。",个,个,"个, 件, 条"
向 提问 提问 周董 我 是 内蒙古 的 歌迷 什么 时候 是 下 一 <CL> <h>巡演</h> ?,向 提问 提问 周董 我 是 内蒙古 的 歌迷 什么 时候 是 下 一 [MASK] 巡演 ?,次,次,"次, 场, 个"
"据 俄罗斯 媒体 报道 , 在 日本 政府 推进 的 俄罗斯 东 西伯利亚 到 太平洋 沿岸 的 石油 管道 建设 计划 中 , 日本 保证 “ 将 向 俄方 以 每天 100万 <CL> 的 <h>数量</h> 进口 原油 ” 。","据 俄罗斯 媒体 报道 , 在 日本 政府 推进 的 俄罗斯 东 西伯利亚 到 太平洋 沿岸 的 石油 管道 建设 计划 中 , 日本 保证 “ 将 向 俄方 以 每天 100万 [MASK] 的 数量 进口 原油 ” 。",桶,桶,"桶, 枚, 件"
看完 这个 视频 我 把 F <CL> <h>外加</h> 移动 硬盘 都 清空 了 。,看完 这个 视频 我 把 F [MASK] 外加 移动 硬盘 都 清空 了 。,盘,家,"家, 个, 面"
"某 个人 的 电话 害 的 我 失眠 , 在 床 上翻 了 几百 <CL> <h>身</h> 还 是么 睡 着 。","某 个人 的 电话 害 的 我 失眠 , 在 床 上翻 了 几百 [MASK] 身 还 是么 睡 着 。",个,遍,"遍, 页, 次"
"京东 商城 网购 晒 单 我 买 了 <CL> 飞科 <h>FLYCO</h> 电吹风 系列 FH 6218 感觉 不错 哦 优点 价格 便宜 , 够用 缺点 暂时 还 没 发现 缺点 哦 !","京东 商城 网购 晒 单 我 买 了 [MASK] 飞科 FLYCO 电吹风 系列 FH 6218 感觉 不错 哦 优点 价格 便宜 , 够用 缺点 暂时 还 没 发现 缺点 哦 !",个,波,"波, 路, 台"
"人生 就 像 一 <CL> <h>舞会</h> , 教会 你 最初 舞步 的 人 , 却 未必 能 陪 你 走到 散场 !","人生 就 像 一 [MASK] 舞会 , 教会 你 最初 舞步 的 人 , 却 未必 能 陪 你 走到 散场 !",场,场,"场, 个, 次"
下雪咯 2012 第一 <CL> <h>雪</h>,下雪咯 2012 第一 [MASK] 雪,场,场,"场, 个, 次"
MAC 魅可 圣诞 限量 英伦 皇家 底妆 6 <CL> 套刷 <h>化妆</h> 包 格子 的 拼接 好 别致 喜欢 点 这,MAC 魅可 圣诞 限量 英伦 皇家 底妆 6 [MASK] 套刷 化妆 包 格子 的 拼接 好 别致 喜欢 点 这,件,个,"个, 枚, 款"
"这 <CL> 小 <h>青蛙</h> 皮肤 颜色 红 黑 相间 , 微小 螨虫 为 食 。","这 [MASK] 小 青蛙 皮肤 颜色 红 黑 相间 , 微小 螨虫 为 食 。",种,只,"只, 个, 些"
果果 自己 和 乒乓球 疯 了 一 <CL> <h>小时</h> 后 终于 累咯,果果 自己 和 乒乓球 疯 了 一 [MASK] 小时 后 终于 累咯,个,个,"个, 些, 把"
我 怀念 高中 大家 每 天 一起 吃 饭 每 <CL> <h>暑假</h> 每 天 泡 一起 双 扣 的 日子 。,我 怀念 高中 大家 每 天 一起 吃 饭 每 [MASK] 暑假 每 天 泡 一起 双 扣 的 日子 。,个,个,"个, 次, 节"
一 <CL> <h>人</h> 乾福会 改善 伙食,一 [MASK] 人 乾福会 改善 伙食,家,般,"般, 个, 些"
你 期待 一 <CL> 怎样 的 <h>春节</h> ?,你 期待 一 [MASK] 怎样 的 春节 ?,个,个,"个, 次, 场"
"在 扇形 的 大礼堂 内 , 一 <CL> <h>教授</h> 象 背书 一样 , 把 本来 生动 迷人 的 历史 讲 得 枯燥 无味 。","在 扇形 的 大礼堂 内 , 一 [MASK] 教授 象 背书 一样 , 把 本来 生动 迷人 的 历史 讲 得 枯燥 无味 。",位,些,"些, 位, 个"
"爱情 固然 是 每 <CL> <h>少女</h> 所 渴求 的 , 但 没有 绝对 顺利 的 爱情 。","爱情 固然 是 每 [MASK] 少女 所 渴求 的 , 但 没有 绝对 顺利 的 爱情 。",个,个,"个, 位, 名"
"祝福 朋友 , 天天 快乐 春节 快乐 表情 看到 雪 又 一 <CL> <h>太阳</h> 的 博 文明 天 我 将 去 远行 有感而发 的 评论 。","祝福 朋友 , 天天 快乐 春节 快乐 表情 看到 雪 又 一 [MASK] 太阳 的 博 文明 天 我 将 去 远行 有感而发 的 评论 。",轮,个,"个, 次, 面"
支持 你 谢天华 现在 正在 看 你 的 洪武 32 千 <CL> <h>大人</h> 也 很 棒 !,支持 你 谢天华 现在 正在 看 你 的 洪武 32 千 [MASK] 大人 也 很 棒 !,户,手,"手, 面, 刀"
"郭德纲 痛揍卓伟 , 大 快 , 各位 可否 还 记得 当年 窦唯怒 烧 报馆 , 当时 无 良 记者 就 叫 卓伟 , 求证 是 不 是 一 <CL> <h>人</h> 。","郭德纲 痛揍卓伟 , 大 快 , 各位 可否 还 记得 当年 窦唯怒 烧 报馆 , 当时 无 良 记者 就 叫 卓伟 , 求证 是 不 是 一 [MASK] 人 。",个,个,"个, 家, 帮"
我 于是 也 会 在 心 中 盼望 着 生命 里 会 出现 那 <CL> <h>人</h> 像 李大仁 那样 的 人 会 在 我 最 寂寞 最 难受 最 憋屈 想 找 人 聊 一 聊 的 时候 就 会 随时 出现 的 人,我 于是 也 会 在 心 中 盼望 着 生命 里 会 出现 那 [MASK] 人 像 李大仁 那样 的 人 会 在 我 最 寂寞 最 难受 最 憋屈 想 找 人 聊 一 聊 的 时候 就 会 随时 出现 的 人,个,个,"个, 些, 种"
"听 刘欢 的 歌词 , 我 的 第一 <CL> <h>想法</h> 是 大叔 , 你 是 淘宝 请来 的 救兵 吗 ?","听 刘欢 的 歌词 , 我 的 第一 [MASK] 想法 是 大叔 , 你 是 淘宝 请来 的 救兵 吗 ?",个,个,"个, 种, 次"
我 吃 了 一 <CL> 周 黑鸭翅 啦 没 水 喝 呀 <h>哎呦</h> 。,我 吃 了 一 [MASK] 周 黑鸭翅 啦 没 水 喝 呀 哎呦 。,盒,只,"只, 个, 口"
"法国 《 回声 报 》 11月 20日 写道 , 这次 欧安会 首脑 会议 首先 是 两 <CL> 大国 <h>共管</h> 时期 结束 的 象征 , 一方面 , 莫斯科 在 请求 财政 援助 , 另 方面 , 华盛顿 在 要求 为 其 海湾 远征 提供 支持 。","法国 《 回声 报 》 11月 20日 写道 , 这次 欧安会 首脑 会议 首先 是 两 [MASK] 大国 共管 时期 结束 的 象征 , 一方面 , 莫斯科 在 请求 财政 援助 , 另 方面 , 华盛顿 在 要求 为 其 海湾 远征 提供 支持 。",个,个,"个, 次, 位"
达 人 福利恩 我 想要 好看 的 袜子 凑 <CL> <h>热闹</h>,达 人 福利恩 我 想要 好看 的 袜子 凑 [MASK] 热闹,个,个,"个, 场, 点"
又 陪 家裡 的 小 朋友 看 了 一 <CL> 三個 <h>傻瓜</h> 。,又 陪 家裡 的 小 朋友 看 了 一 [MASK] 三個 傻瓜 。,遍,下,"下, 次, 遍"
"跟 着 一 <CL> 小 <h>朋友</h> 一起 收 红包 , 我 这个 大 朋友 也 有 红 包收","跟 着 一 [MASK] 小 朋友 一起 收 红包 , 我 这个 大 朋友 也 有 红 包收",群,群,"群, 些, 个"
极度 讨厌 自己 喝 <CL> <h>酒</h> 就 跟 白痴 一样 再 改 不 了 坏 习惯 就 戒酒 !,极度 讨厌 自己 喝 [MASK] 酒 就 跟 白痴 一样 再 改 不 了 坏 习惯 就 戒酒 !,点,点,"点, 个, 杯"
"树叶 , 树枝 , 草茎 上 , 已经 结上 了 薄冰 , 残留 的 几 <CL> <h>棉花</h> , 也 披上 了 晶莹 的 外衣 。","树叶 , 树枝 , 草茎 上 , 已经 结上 了 薄冰 , 残留 的 几 [MASK] 棉花 , 也 披上 了 晶莹 的 外衣 。",朵,片,"片, 朵, 粒"
"我 总 觉得 , 你 的 生活 会 很 美好 , 下 <CL> <h>春天</h> 一定 不 远 。","我 总 觉得 , 你 的 生活 会 很 美好 , 下 [MASK] 春天 一定 不 远 。",个,个,"个, 次, 场"
"测试 最 适合 你 的 爱情 <h>急救丸</h> 当 爱情 指数 一直 在 低谷 徘徊 , 许久 不 见 起色 , 你 应该 吃上 一 <CL> 什么 急救丸 , 让 你们 的 爱 重新 容光焕发 呢 ?","测试 最 适合 你 的 爱情 急救丸 当 爱情 指数 一直 在 低谷 徘徊 , 许久 不 见 起色 , 你 应该 吃上 一 [MASK] 什么 急救丸 , 让 你们 的 爱 重新 容光焕发 呢 ?",颗,下,"下, 发, 只"
"这 <CL> <h>疾病</h> 的 共同 特点 就 是 血液 中 活性 凝血酶 的 生成 出现 功能 障碍 , 进而 使得 血液 凝固 时间长 , 在 生命 过程 中 遇到 轻 微创","这 [MASK] 疾病 的 共同 特点 就 是 血液 中 活性 凝血酶 的 生成 出现 功能 障碍 , 进而 使得 血液 凝固 时间长 , 在 生命 过程 中 遇到 轻 微创",类,些,"些, 类, 种"
"作为 普通 一 警 , 能够 登上 春晚 的 舞台 , 虽然 只有 短暂 几 <CL> <h>镜头</h> , 我 已 很 满足 , 我 会 以 此 为 动力 , 前行 的 路 上 更加 努力 , 不 辜负 大家 的 关心 。","作为 普通 一 警 , 能够 登上 春晚 的 舞台 , 虽然 只有 短暂 几 [MASK] 镜头 , 我 已 很 满足 , 我 会 以 此 为 动力 , 前行 的 路 上 更加 努力 , 不 辜负 大家 的 关心 。",个,个,"个, 次, 张"
睡 了 十四 <CL> <h>小时</h>,睡 了 十四 [MASK] 小时,个,个,"个, 点, 分"
"连夜 赶 了 五 <CL> <h>小时</h> 的 路 , 到 了 客户 的 工厂 已经 是 凌晨 三点 了","连夜 赶 了 五 [MASK] 小时 的 路 , 到 了 客户 的 工厂 已经 是 凌晨 三点 了",个,个,"个, 把, 次"
真心 喜欢 兰芝 Lanige 的 这 两 <CL> <h>面膜</h> 。,真心 喜欢 兰芝 Lanige 的 这 两 [MASK] 面膜 。,款,款,"款, 个, 片"
好 想 再 淋 一 <CL> 灰 <h>谷</h> 的 雨 !,好 想 再 淋 一 [MASK] 灰 谷 的 雨 !,场,次,"次, 场, 下"
怎么 了 我 半夜 穿 着 睡衣 起床 上 <CL> <h>厕所</h> 后 老 打喷嚏 我 不 要 感冒 啊 !,怎么 了 我 半夜 穿 着 睡衣 起床 上 [MASK] 厕所 后 老 打喷嚏 我 不 要 感冒 啊 !,个,个,"个, 次, 下"
"所以 努力 做 领导 , 统治 屁民们 是 每 <CL> <h>人</h> 的 崇高 理想 。","所以 努力 做 领导 , 统治 屁民们 是 每 [MASK] 人 的 崇高 理想 。",个,个,"个, 代, 家"
终于 给 2 <CL> 在 德国 工作 的 <h>朋友</h> 搞定 Garmin 了 。,终于 给 2 [MASK] 在 德国 工作 的 朋友 搞定 Garmin 了 。,个,个,"个, 位, 名"
这 <CL> <h>人</h> 赚 再 多 钱 也 没命 去 花 。,这 [MASK] 人 赚 再 多 钱 也 没命 去 花 。,种,种,"种, 些, 个"
家里人 都 说 我 是 一 <CL> 做事 从来 不 经 大脑 的 <h>人</h> 。,家里人 都 说 我 是 一 [MASK] 做事 从来 不 经 大脑 的 人 。,个,个,"个, 种, 位"
"陈亚 也 有 了 , 每 <CL> 执行 <h>飞行</h> 任务 你 俩 都 一起 , 生 一 男 一 女 , 还 可以 成 亲家 呢","陈亚 也 有 了 , 每 [MASK] 执行 飞行 任务 你 俩 都 一起 , 生 一 男 一 女 , 还 可以 成 亲家 呢",次,次,"次, 个, 班"
其实 就 是 两 <CL> <h>年糕</h>,其实 就 是 两 [MASK] 年糕,只,个,"个, 块, 种"
"早上 飘起 了 小雪 , 每 <CL> 下雪 <h>心情</h> 都 非常 好","早上 飘起 了 小雪 , 每 [MASK] 下雪 心情 都 非常 好",次,次,"次, 个, 下"
刚刚 有 <CL> <h>妇女</h> 打 电话 来 问 我 是 不 是 在 他 先生 那里 无奈 了,刚刚 有 [MASK] 妇女 打 电话 来 问 我 是 不 是 在 他 先生 那里 无奈 了,个,个,"个, 位, 名"
"叙利亚 政府 从 俄罗斯 购买 36 <CL> <h>战机</h> 俄罗斯 支持 赚 钱 两 不 误 , 高","叙利亚 政府 从 俄罗斯 购买 36 [MASK] 战机 俄罗斯 支持 赚 钱 两 不 误 , 高",架,架,"架, 款, 部"
翻来 Kimsha 各 <CL> 不 <h>习惯</h> 。,翻来 Kimsha 各 [MASK] 不 习惯 。,种,种,"种, 个, 家"
"5 , 上街 卖花 , 见 情侣 就 说 给 你 妈 买 <CL> <h>花</h> 吧 !","5 , 上街 卖花 , 见 情侣 就 说 给 你 妈 买 [MASK] 花 吧 !",束,点,"点, 朵, 些"
"天 才 是 各 <CL> <h>时代</h> 都 有的 可是 , 除非 待 有 非常 的 事变 发生 , 激动 群众 , 是 有 天才 的 人 出现 , 否则 赋有 天才 的 人 就 会 僵化","天 才 是 各 [MASK] 时代 都 有的 可是 , 除非 待 有 非常 的 事变 发生 , 激动 群众 , 是 有 天才 的 人 出现 , 否则 赋有 天才 的 人 就 会 僵化",个,个,"个, 种, 类"
"妹子 , 你 怎么 才 到 五 <CL> <h>桥</h> 啊 ?","妹子 , 你 怎么 才 到 五 [MASK] 桥 啊 ?",通,道,"道, 棵, 条"
"20120125 伊 达时 12 <CL> <h>计算器</h> 处理 了 1000 元 详情 , 。","20120125 伊 达时 12 [MASK] 计算器 处理 了 1000 元 详情 , 。",位,号,"号, 楼, 个"
"婚姻 是 责任 , 每 一 <CL> 步入 婚姻 殿堂 的 <h>新人</h> , 你们 真的 准备 好 了 吗 ?","婚姻 是 责任 , 每 一 [MASK] 步入 婚姻 殿堂 的 新人 , 你们 真的 准备 好 了 吗 ?",对,位,"位, 个, 对"
2011 年 公司 实现 原油 产量 322 亿 <CL> <h>同比</h> 下降 187 实现 原油 加工量 217 亿 吨 同比 上涨 296 。,2011 年 公司 实现 原油 产量 322 亿 [MASK] 同比 下降 187 实现 原油 加工量 217 亿 吨 同比 上涨 296 。,桶,桶,"桶, 粒, 口"
"如果 欺负 我 , 你 想 我 会 不 会 用 那 两 <CL> <h>手指</h> 鄙视 死 你 。","如果 欺负 我 , 你 想 我 会 不 会 用 那 两 [MASK] 手指 鄙视 死 你 。",根,根,"根, 个, 只"
"一 <CL> <h>女人</h> 的 迷人 , 一半 来自于 她 的 幻想 。","一 [MASK] 女人 的 迷人 , 一半 来自于 她 的 幻想 。",个,个,"个, 位, 种"
留下 一 <CL> 女 <h>同学</h> 在 那里 恨铁不成钢 。,留下 一 [MASK] 女 同学 在 那里 恨铁不成钢 。,帮,个,"个, 位, 群"
"穆雷 , 这 <CL> 真 <h>可惜</h>","穆雷 , 这 [MASK] 真 可惜",次,样,"样, 次, 个"
"看 了 千山 慕雪 , 结局 真 悲伤 , 居然 看 的 时候 会 流 眼泪 , 那 <CL> <h>歌好</h> 悲伤 , 想来 我 老 了 。","看 了 千山 慕雪 , 结局 真 悲伤 , 居然 看 的 时候 会 流 眼泪 , 那 [MASK] 歌好 悲伤 , 想来 我 老 了 。",个,首,"首, 些, 段"
"陆家嘴 的 清晨 , 好久 没有 起 这么 早 了 , 这么 多 年 在 酒店 还 是 睡 不 好 , 昏天 暗地 中 感觉 自己 还 在 北京 , 今天 去 谈 海上 项目 , 谈成 了 就 可以 干 深圳 香港 这 <CL> <h>线</h> 了 , 到时候 就 可以 见到 啦 , 嘿嘿 。","陆家嘴 的 清晨 , 好久 没有 起 这么 早 了 , 这么 多 年 在 酒店 还 是 睡 不 好 , 昏天 暗地 中 感觉 自己 还 在 北京 , 今天 去 谈 海上 项目 , 谈成 了 就 可以 干 深圳 香港 这 [MASK] 线 了 , 到时候 就 可以 见到 啦 , 嘿嘿 。",条,条,"条, 个, 支"
外面 有 <CL> <h>神经病</h> 一大早 在 放歌 而且 还 是 超俗 带感 的 一 听 就 知道 昰些 外省仔 。,外面 有 [MASK] 神经病 一大早 在 放歌 而且 还 是 超俗 带感 的 一 听 就 知道 昰些 外省仔 。,个,个,"个, 些, 点"
"我 男朋友 一准儿 是 <CL> <h>路</h> 痴 , 丫现在 还 没 找到 我 。","我 男朋友 一准儿 是 [MASK] 路 痴 , 丫现在 还 没 找到 我 。",个,个,"个, 位, 些"
"叶儿粑 拇指粽 煎 饺煎包 还 有 蛋烘糕 , 实话 说 蛋烘糕 就 是 一 <CL> 夹 了 酸 豆角 末末 的 <h>铜锣烧</h>","叶儿粑 拇指粽 煎 饺煎包 还 有 蛋烘糕 , 实话 说 蛋烘糕 就 是 一 [MASK] 夹 了 酸 豆角 末末 的 铜锣烧",枚,个,"个, 种, 块"
"十分 好运 沾 春雨 , 百般 成功 遂 你 意 , 万 <CL> <h>幸福</h> 由 你 享 !","十分 好运 沾 春雨 , 百般 成功 遂 你 意 , 万 [MASK] 幸福 由 你 享 !",种,般,"般, 分, 份"
"据说 , 端 今天 上午 出去 玩 , 跟 每 一 <CL> <h>认识</h> 的 人大 声 介绍 我 妈妈 在 睡觉 你 妈 就 那么 点 小 癖好 , 至于 广而告之么 。","据说 , 端 今天 上午 出去 玩 , 跟 每 一 [MASK] 认识 的 人大 声 介绍 我 妈妈 在 睡觉 你 妈 就 那么 点 小 癖好 , 至于 广而告之么 。",个,个,"个, 位, 名"
突然 有 <CL> 想 旷工 的 强烈 <h>感</h> !,突然 有 [MASK] 想 旷工 的 强烈 感 !,种,种,"种, 股, 点"
"回 了 一 <CL> <h>家</h> , 甚 是 觉得 无聊 , 我 还 在 想 后天 回去 以后 我 岂 不 是 要 在 家 无聊 死 吗 ?","回 了 一 [MASK] 家 , 甚 是 觉得 无聊 , 我 还 在 想 后天 回去 以后 我 岂 不 是 要 在 家 无聊 死 吗 ?",趟,趟,"趟, 次, 个"
"百 <CL> 尚 牛 <h>酒</h> , 四 塞 已 千戈 。","百 [MASK] 尚 牛 酒 , 四 塞 已 千戈 。",户,家,"家, 口, 世"
"叫 了 <CL> 永和 豆浆 的 蛋 <h>炒饭</h> , 十 元 钱 , 有点 不 可 思议 的 感觉 。","叫 了 [MASK] 永和 豆浆 的 蛋 炒饭 , 十 元 钱 , 有点 不 可 思议 的 感觉 。",份,个,"个, 家, 份"
还 有福 到 啦 一 <CL> <h>霖哥</h> 辛苦 啦 新年 快乐 大家 都 顺顺利 利噢福 到 啦,还 有福 到 啦 一 [MASK] 霖哥 辛苦 啦 新年 快乐 大家 都 顺顺利 利噢福 到 啦,个,个,"个, 位, 起"
跟 发烧 了 一样 这 屋里 大概 20 度 左右 哈哈 我 却 冷 得 快 要僵 了 浑身 一 <CL> <h>发毛</h>,跟 发烧 了 一样 这 屋里 大概 20 度 左右 哈哈 我 却 冷 得 快 要僵 了 浑身 一 [MASK] 发毛,阵,阵,"阵, 片, 身"
在 此 也 希望 这 <CL> <h>青年</h> 坚强 的 活 过来,在 此 也 希望 这 [MASK] 青年 坚强 的 活 过来,位,些,"些, 群, 位"
"当天 过 了 不久 , 这 <CL> <h>邻居</h> 遇到 住 在 另 一 边 隔壁 的 男士 。","当天 过 了 不久 , 这 [MASK] 邻居 遇到 住 在 另 一 边 隔壁 的 男士 。",位,位,"位, 名, 个"
我 看到 你们 背影 不 知道 为什么 心里 一 <CL> <h>隐痛</h> 我 暗暗 发誓 一定 要 让 你们 过 上 无忧无虑 安定 的 生活 坚持 不 下去 松懈 的 时候 反复 告诉 自己 你 不 努力 你 还 在 指望 什么 是 的 真的 努力,我 看到 你们 背影 不 知道 为什么 心里 一 [MASK] 隐痛 我 暗暗 发誓 一定 要 让 你们 过 上 无忧无虑 安定 的 生活 坚持 不 下去 松懈 的 时候 反复 告诉 自己 你 不 努力 你 还 在 指望 什么 是 的 真的 努力,阵,阵,"阵, 片, 脸"
"今年 这 <CL> 小 <h>妹妹</h> , 最 特别 , 最 有 爱 。","今年 这 [MASK] 小 妹妹 , 最 特别 , 最 有 爱 。",批,个,"个, 些, 位"
看到 运河 雄鹰 的 博文 转载 中国 散文 精选 300 <CL> 初选 <h>目录迟</h> 智勇 选 有感而发 的 评论 。,看到 运河 雄鹰 的 博文 转载 中国 散文 精选 300 [MASK] 初选 目录迟 智勇 选 有感而发 的 评论 。,篇,首,"首, 篇, 句"
"我 参与 了 发起 的 投票人 气大 调查 罗志祥炎亚纶 韩庚 钟汉良 张杰 , 我 投给 了 罗志祥 这 1 <CL> <h>选项</h> 。","我 参与 了 发起 的 投票人 气大 调查 罗志祥炎亚纶 韩庚 钟汉良 张杰 , 我 投给 了 罗志祥 这 1 [MASK] 选项 。",个,个,"个, 项, 组"
"每 日 都 5 可以 有 一 <CL> 安静 的 <h>家</h> , 我 每 日 都 要 比 爸 妈 话 过 我 距 地 先 会 安乐 。","每 日 都 5 可以 有 一 [MASK] 安静 的 家 , 我 每 日 都 要 比 爸 妈 话 过 我 距 地 先 会 安乐 。",个,个,"个, 间, 处"
像 我 这 <CL> <h>文</h> 又 不 行理 又 不 会 本来 就 差 还 要 退步 的 人 唉 该 怎么办,像 我 这 [MASK] 文 又 不 行理 又 不 会 本来 就 差 还 要 退步 的 人 唉 该 怎么办,种,种,"种, 篇, 个"
"经 心理 鉴定 本人 软件 年龄 21 岁 , 比 全 国 70 的 <h>人</h> 要 年轻 , 是 一 <CL> 偏 传统 居安思危 冷静 内心 坚强 的 人 !","经 心理 鉴定 本人 软件 年龄 21 岁 , 比 全 国 70 的 人 要 年轻 , 是 一 [MASK] 偏 传统 居安思危 冷静 内心 坚强 的 人 !",个,个,"个, 名, 位"
人生 第一 <CL> <h>花</h> 露水 。,人生 第一 [MASK] 花 露水 。,瓶,滴,"滴, 杯, 瓶"
"头 先 拆利 是 , 竟然 有 一 <CL> <h>里面</h> 是 空 的 。","头 先 拆利 是 , 竟然 有 一 [MASK] 里面 是 空 的 。",封,个,"个, 些, 块"
"明天 就 要 回 学校 了 , 今晚 在 家 跟 姑父 和 弟妹们 好好 来 了 几 <CL> 双 扣斗 <h>地主</h>","明天 就 要 回 学校 了 , 今晚 在 家 跟 姑父 和 弟妹们 好好 来 了 几 [MASK] 双 扣斗 地主",局,场,"场, 次, 个"
"十 <CL> <h>聚会</h> , 大家 都 挺 嗨 !","十 [MASK] 聚会 , 大家 都 挺 嗨 !",班,点,"点, 个, 次"
"一 日 , 小 侄女 对 她 妈 说 我 要 嫁给 邻 班 的 那 <CL> <h>男生</h> 妈妈 漫不经心 的 回答 他 有 固定 工作 吗 ?","一 日 , 小 侄女 对 她 妈 说 我 要 嫁给 邻 班 的 那 [MASK] 男生 妈妈 漫不经心 的 回答 他 有 固定 工作 吗 ?",个,个,"个, 位, 名"
"我 在 测测 你 最 拒绝 不 了 哪 一 <CL> <h>人</h> 的 诱惑 中 的 测试 结果 是 你 最 无法 抵抗 用 甜言蜜语 打动 你 的 多情种 , 你 也 来 测测 吧","我 在 测测 你 最 拒绝 不 了 哪 一 [MASK] 人 的 诱惑 中 的 测试 结果 是 你 最 无法 抵抗 用 甜言蜜语 打动 你 的 多情种 , 你 也 来 测测 吧",类,个,"个, 种, 类"
上传 了 7 <CL> <h>照片</h> 到 相册 我 叫 苏沐 。,上传 了 7 [MASK] 照片 到 相册 我 叫 苏沐 。,张,张,"张, 幅, 组"
"其实 那么 多 话 , 只有 不 愿意 三 <CL> <h>字</h> 说 得 最 快 最 大 声 最 坚定 听 得 最 清晰 。","其实 那么 多 话 , 只有 不 愿意 三 [MASK] 字 说 得 最 快 最 大 声 最 坚定 听 得 最 清晰 。",个,个,"个, 分, 行"
"直 到 转身 , 我 才 发现 , 原来 那 <CL> <h>心碎</h> , 其实 , 也 是 我 自己 的 。","直 到 转身 , 我 才 发现 , 原来 那 [MASK] 心碎 , 其实 , 也 是 我 自己 的 。",声,份,"份, 些, 个"
"虽然 我 知道 自己 不 该 有 这 <CL> <h>失落</h> 的 情绪 , 但 还是 没 忍住 红 了 眼圈 。","虽然 我 知道 自己 不 该 有 这 [MASK] 失落 的 情绪 , 但 还是 没 忍住 红 了 眼圈 。",种,种,"种, 样, 些"
小 侄女 这 卷发 这 自 来 卷 像 不 像 巴黎 宝贝 里面 那 <CL> <h>女孩</h> 啊,小 侄女 这 卷发 这 自 来 卷 像 不 像 巴黎 宝贝 里面 那 [MASK] 女孩 啊,个,个,"个, 位, 些"
"我 好 想 有 一 天 抱 着 我们 的 小孩 , 告诉 他 , 你 爸爸 以前 多 浪漫 , 自己 偷偷 开 了 <CL> <h>微博</h> , 里面 全 是 妈妈 的 名字 。","我 好 想 有 一 天 抱 着 我们 的 小孩 , 告诉 他 , 你 爸爸 以前 多 浪漫 , 自己 偷偷 开 了 [MASK] 微博 , 里面 全 是 妈妈 的 名字 。",个,个,"个, 条, 张"
今晚 我们 三 <CL> <h>扑街</h> 都 心情 吾 好 !,今晚 我们 三 [MASK] 扑街 都 心情 吾 好 !,个,个,"个, 位, 次"
"保持 周围 环境 安静 和 精神 集中 你 将 经历 一 <CL> 坐 在 理发店 中 的 虚拟 <h>场景</h> 太太 太 神奇 了 , 尤其是 来自","保持 周围 环境 安静 和 精神 集中 你 将 经历 一 [MASK] 坐 在 理发店 中 的 虚拟 场景 太太 太 神奇 了 , 尤其是 来自",个,个,"个, 次, 种"
聆听 心灵 深处 的 那 <CL> <h>声音</h> 。,聆听 心灵 深处 的 那 [MASK] 声音 。,个,些,"些, 个, 种"
"他 先 自爆 因為 很多 人 追問 他 葉問 第三 <CL> <h>何時開</h> 拍 , 問到 會否","他 先 自爆 因為 很多 人 追問 他 葉問 第三 [MASK] 何時開 拍 , 問到 會否",集,集,"集, 部, 季"
当时 匆忙 新 编成 的 两 <CL> <h>集团军</h> 的 实际 情况 怎样 呢 ?,当时 匆忙 新 编成 的 两 [MASK] 集团军 的 实际 情况 怎样 呢 ?,个,个,"个, 支, 路"
"真 险吖 , 第一 <CL> <h>oooO</h> Oooo 踩 你 死 中 时间 点 上班 , 比 部长 早到 1 分钟 , 不然 就 迟到 啦 , 琴晚吖 妈子 又 出事 , 不得已 又 去 左 医院 睇急诊","真 险吖 , 第一 [MASK] oooO Oooo 踩 你 死 中 时间 点 上班 , 比 部长 早到 1 分钟 , 不然 就 迟到 啦 , 琴晚吖 妈子 又 出事 , 不得已 又 去 左 医院 睇急诊",次,次,"次, 个, 张"
送 人 之后 拿 出来 留 <CL> <h>影</h> 。,送 人 之后 拿 出来 留 [MASK] 影 。,个,个,"个, 张, 下"
"昨天 去 市区 比赛 , 赢 了 一 <CL> 一千多 的 <h>球拍</h> 。","昨天 去 市区 比赛 , 赢 了 一 [MASK] 一千多 的 球拍 。",个,块,"块, 个, 张"
"碎 不 着 , 翻翻 老 照片 , 想起 一 <CL> <h>事</h> , 决定 把 它 办 了 , 言而有信 !","碎 不 着 , 翻翻 老 照片 , 想起 一 [MASK] 事 , 决定 把 它 办 了 , 言而有信 !",桩,件,"件, 些, 点"
"这个 社会 暴力 已经 够多 了 , 打人 终究 是 不 对 的 , 但是 看看 这个 嚣张 的 简介 , 真的 是 一 <CL> <h>欠揍</h> 的 打扮 那 !","这个 社会 暴力 已经 够多 了 , 打人 终究 是 不 对 的 , 但是 看看 这个 嚣张 的 简介 , 真的 是 一 [MASK] 欠揍 的 打扮 那 !",副,副,"副, 个, 种"
运势 处女座 今日 运势 爱情 健康 财运 工作 速 配 水瓶座 幸运 色 卡其色 哟西五 <CL> <h>星</h> 的 上升 趋势 让 我 情 何以 堪 哈哈 祝 自己 一路 顺风,运势 处女座 今日 运势 爱情 健康 财运 工作 速 配 水瓶座 幸运 色 卡其色 哟西五 [MASK] 星 的 上升 趋势 让 我 情 何以 堪 哈哈 祝 自己 一路 顺风,颗,行,"行, 颗, 手"
老虎 抓到 一 <CL> <h>梅花鹿</h> 后 要 把 它 吃掉 !,老虎 抓到 一 [MASK] 梅花鹿 后 要 把 它 吃掉 !,头,只,"只, 头, 条"
每 <CL> 听 一些 初中 的 <h>歌</h> 就 会 自然 的 想起 一些 画面 和 感觉 爱 听 鱼 喜欢 陈绮贞 纯净 的 声音 喜欢 它 的 歌词 喜欢 它 的 旋律 喜欢 它 的 感觉 会 想起 初一 的 时候 的 单纯 什么 都 不 想 的 自己,每 [MASK] 听 一些 初中 的 歌 就 会 自然 的 想起 一些 画面 和 感觉 爱 听 鱼 喜欢 陈绮贞 纯净 的 声音 喜欢 它 的 歌词 喜欢 它 的 旋律 喜欢 它 的 感觉 会 想起 初一 的 时候 的 单纯 什么 都 不 想 的 自己,次,次,"次, 回, 下"
还是 没有 少 了 一 <CL> <h>说教</h> 。,还是 没有 少 了 一 [MASK] 说教 。,顿,点,"点, 些, 丝"
"1 月 9 日 , 北星路 喜气洋洋 , 北海市 民生 路网 三 期 工程 第二 <CL> 道路 通车 <h>庆典</h> 仪式 在 此 举行 。","1 月 9 日 , 北星路 喜气洋洋 , 北海市 民生 路网 三 期 工程 第二 [MASK] 道路 通车 庆典 仪式 在 此 举行 。",批,条,"条, 段, 次"
"外公 我 来 了 , 今天 要 吃 十 <CL> 你 做 的 霹雳 <h>无敌</h> 黯然 销魂 狮子头 。","外公 我 来 了 , 今天 要 吃 十 [MASK] 你 做 的 霹雳 无敌 黯然 销魂 狮子头 。",个,个,"个, 块, 顿"
英国 医生 进行 了 世界 上 第一 <CL> 宫内 胎儿 心脏 <h>手术</h> 。,英国 医生 进行 了 世界 上 第一 [MASK] 宫内 胎儿 心脏 手术 。,例,次,"次, 例, 个"
"淡蓝 的 色彩 有 <CL> <h>宁静感</h> , 简单 雅致","淡蓝 的 色彩 有 [MASK] 宁静感 , 简单 雅致",种,种,"种, 点, 些"
韩系 风派 韩版 休闲 旅行包 男女 帆布 包 正品 电脑 双肩背 包潮 真皮 书包 价格 16800 元 最近 销售 243 <CL> <h>地址</h> 更 多,韩系 风派 韩版 休闲 旅行包 男女 帆布 包 正品 电脑 双肩背 包潮 真皮 书包 价格 16800 元 最近 销售 243 [MASK] 地址 更 多,件,家,"家, 架, 款"
"开始 以为 是 <CL> <h>玩笑</h> , 越 往后 过 越 觉得 此 话 不 虚 。","开始 以为 是 [MASK] 玩笑 , 越 往后 过 越 觉得 此 话 不 虚 。",个,个,"个, 句, 件"
"用 于 死刑 名称 , 则 是 指 处死 人时 将 人身 上 的 肉 一 <CL> <h>刀</h> 割 去 , 使 受刑人 痛苦 地 慢慢 死去","用 于 死刑 名称 , 则 是 指 处死 人时 将 人身 上 的 肉 一 [MASK] 刀 割 去 , 使 受刑人 痛苦 地 慢慢 死去",刀,刀,"刀, 把, 个"
喜欢 一 <CL> <h>话</h> 。,喜欢 一 [MASK] 话 。,句,句,"句, 些, 段"
"这 <CL> <h>人</h> , 不 就 摆明 着 自己 在 炒 楼 嘛 。","这 [MASK] 人 , 不 就 摆明 着 自己 在 炒 楼 嘛 。",种,种,"种, 些, 个"
"一点 睡觉 , 梦 中去 了 <CL> <h>米</h> 国 , 七点半 爬 起来 继续 学习 。","一点 睡觉 , 梦 中去 了 [MASK] 米 国 , 七点半 爬 起来 继续 学习 。",趟,趟,"趟, 个, 次"
能 想象 一 <CL> 箱 <h>肢解</h> 的 娃娃 头 娃娃 身 吗 太 惊悚 了 !,能 想象 一 [MASK] 箱 肢解 的 娃娃 头 娃娃 身 吗 太 惊悚 了 !,箱,个,"个, 箱, 堆"
分享 一 <CL> <h>活动</h> 给 大家 微 女郎 龍耀 2012 !,分享 一 [MASK] 活动 给 大家 微 女郎 龍耀 2012 !,个,个,"个, 下, 些"
"男人 , 就 要 做 <CL> 像 男人 的 <h>事</h> !","男人 , 就 要 做 [MASK] 像 男人 的 事 !",点,些,"些, 件, 点"
"连续 下雨 , 呢 <CL> 年成 <h>左宅年</h> !","连续 下雨 , 呢 [MASK] 年成 左宅年 !",个,个,"个, 些, 番"
"初步 了解 到 , 根据 南京 案件 的 特性 , 这 <CL> <h>专家</h> 中 有 犯罪 心理学 , 犯罪 踪迹学 等 领域 的 顶级 行家 , 都 有 办 过 大 案 要 案 的 经历 。","初步 了解 到 , 根据 南京 案件 的 特性 , 这 [MASK] 专家 中 有 犯罪 心理学 , 犯罪 踪迹学 等 领域 的 顶级 行家 , 都 有 办 过 大 案 要 案 的 经历 。",批,些,"些, 类, 批"
人体 初 <CL> <h>受到</h> 结核 杆菌 感染 后 通常 绝大多数 人 没有 任何 症状 也 不 发生 结核病 少数 感染 结核 杆菌 的 人 抵抗力 降低 时 可能 发生 结核病 。,人体 初 [MASK] 受到 结核 杆菌 感染 后 通常 绝大多数 人 没有 任何 症状 也 不 发生 结核病 少数 感染 结核 杆菌 的 人 抵抗力 降低 时 可能 发生 结核病 。,次,次,"次, 步, 级"
孤单 的 呼吸 电视剧 另 一 <CL> 灿烂 生活 <h>片尾曲</h> 正式 完整版 影视 原声 高清 MV 音悦 台 分享 自,孤单 的 呼吸 电视剧 另 一 [MASK] 灿烂 生活 片尾曲 正式 完整版 影视 原声 高清 MV 音悦 台 分享 自,种,种,"种, 个, 份"
"不 知道 能否 睡 <CL> <h>懒觉</h> , 哎 , 想 你 , 猪","不 知道 能否 睡 [MASK] 懒觉 , 哎 , 想 你 , 猪",个,个,"个, 点, 些"
那天 我们 去 香江 汇 那里 吃 的 那 <CL> <h>鸡叫</h> 什么 来 着 ?,那天 我们 去 香江 汇 那里 吃 的 那 [MASK] 鸡叫 什么 来 着 ?,个,只,"只, 个, 些"
"接近 岁末 , 终于 可以 看到 形式性 的 工作 的 尾巴 了 , 偷偷 地 喘 <CL> <h>气</h> 吧","接近 岁末 , 终于 可以 看到 形式性 的 工作 的 尾巴 了 , 偷偷 地 喘 [MASK] 气 吧",口,口,"口, 个, 起"
"夜深 了 , 也 不 敢 去 睡觉 了 , 怕 做 那些 噩梦 , 是 那些 事情 记得 太 牢 还 是 一 <CL> <h>人</h> 在 陌生 的 地方 太 容易 勾起 回忆 呢 , 天天 做 噩梦 实在 太 累 了 , 心思 犹如 我 掌 纹般 凌乱 。","夜深 了 , 也 不 敢 去 睡觉 了 , 怕 做 那些 噩梦 , 是 那些 事情 记得 太 牢 还 是 一 [MASK] 人 在 陌生 的 地方 太 容易 勾起 回忆 呢 , 天天 做 噩梦 实在 太 累 了 , 心思 犹如 我 掌 纹般 凌乱 。",个,个,"个, 群, 些"
"酒醉 , 夜半 昏 醒 , 偶看 一 <CL> 初恋 <h>那件</h> 小 事 。","酒醉 , 夜半 昏 醒 , 偶看 一 [MASK] 初恋 那件 小 事 。",片,下,"下, 眼, 回"
"即便 如此 , 却 依然 喜欢 这样 一 <CL> 浑身 <h>缺点</h> 的 他 。","即便 如此 , 却 依然 喜欢 这样 一 [MASK] 浑身 缺点 的 他 。",个,个,"个, 位, 名"
"食 完饭 亲爱 的 来 车 我 出去 , 哈哈 , 爱 死 了 , 不过 天气 很 冷 , 记得 着 多 <CL> <h>衣服</h> 噢","食 完饭 亲爱 的 来 车 我 出去 , 哈哈 , 爱 死 了 , 不过 天气 很 冷 , 记得 着 多 [MASK] 衣服 噢",件,件,"件, 点, 些"
"看 过 唯美 浪漫 的 , 来 <CL> <h>惊悚</h> 恶心 的 怎样 , 人 皮 客栈 3 走 起 !","看 过 唯美 浪漫 的 , 来 [MASK] 惊悚 恶心 的 怎样 , 人 皮 客栈 3 走 起 !",些,个,"个, 点, 张"
"在 南开 最后 一 <CL> <h>小时</h> , 被 你 偷 了 !","在 南开 最后 一 [MASK] 小时 , 被 你 偷 了 !",个,个,"个, 点, 块"
"事后 反思 , 既然 催促 多 <CL> 都 <h>无果</h> 就 说明 这个 方法 不 合适 , 我 得 另 辟 蹊径 , 而 不 是 恶语 相向 , 在 此 向 孩子 真诚 地道 歉 。","事后 反思 , 既然 催促 多 [MASK] 都 无果 就 说明 这个 方法 不 合适 , 我 得 另 辟 蹊径 , 而 不 是 恶语 相向 , 在 此 向 孩子 真诚 地道 歉 。",次,次,"次, 遍, 番"
"也 不 知道 是 不 是 老 总 都 有 在 的 才 这样子 表现 一下 的 , 呵呵呵 三 <CL> <h>奖</h> 菲利浦 音箱","也 不 知道 是 不 是 老 总 都 有 在 的 才 这样子 表现 一下 的 , 呵呵呵 三 [MASK] 奖 菲利浦 音箱",等,等,"等, 台, 次"
"西 甲第 19 <CL> 巴萨 42 皇家 <h>贝蒂斯</h> 上 半场 哈 维和 梅西 相继 为 巴萨 建功 , 贝蒂斯 由 卡斯特罗 打进 1 球 。","西 甲第 19 [MASK] 巴萨 42 皇家 贝蒂斯 上 半场 哈 维和 梅西 相继 为 巴萨 建功 , 贝蒂斯 由 卡斯特罗 打进 1 球 。",轮,轮,"轮, 名, 场"
"兴奋 啊 兴奋 , 是 不 是 快 过年 了 , 给 了 这么 一 <CL> 让 人 舒适 的 <h>题目</h> , 中国 的 春节 也","兴奋 啊 兴奋 , 是 不 是 快 过年 了 , 给 了 这么 一 [MASK] 让 人 舒适 的 题目 , 中国 的 春节 也",个,个,"个, 道, 句"
因为 只有 这 <CL> <h>人才</h> 能 了解 你 。,因为 只有 这 [MASK] 人才 能 了解 你 。,种,种,"种, 个, 些"
"在 正墙 里面 上 有 4 <CL> 巨大 的 <h>雕像</h> 手持 钥匙 和 宝剑 的 圣徒 彼得 和 保罗 , 手持 盐瓶 和 教堂 模型 的 州 守护神 圣徒 鲁佩特 和 维吉尔 。","在 正墙 里面 上 有 4 [MASK] 巨大 的 雕像 手持 钥匙 和 宝剑 的 圣徒 彼得 和 保罗 , 手持 盐瓶 和 教堂 模型 的 州 守护神 圣徒 鲁佩特 和 维吉尔 。",座,个,"个, 尊, 座"
怎么 看 着 看 着 就 起 了 一 <CL> 鸡皮 <h>疙瘩</h> 呢 ?,怎么 看 着 看 着 就 起 了 一 [MASK] 鸡皮 疙瘩 呢 ?,身,个,"个, 身, 些"
吃 <CL> 甘蔗 <h>牙</h> 还 吃 出血 了 嘴 吃 破 了 奶奶 的,吃 [MASK] 甘蔗 牙 还 吃 出血 了 嘴 吃 破 了 奶奶 的,个,下,"下, 个, 起"
"沾 了 一 <CL> 臭 <h>烟味</h> 回来 , 洗刷 去 !","沾 了 一 [MASK] 臭 烟味 回来 , 洗刷 去 !",身,股,"股, 点, 身"
"突然间 悠悠 就 会 走路 了 , 因 有 一 <CL> <h>让</h> 东西 搬到 摔 了 后脑勺 , 现在 都 是 把 胳膊 伸到 身子 前面 保持 平衡 , 实在 不 成就 趴下 , 用 胳膊 撑 一下 , 不至于 摔 着脸 , 这么 小 的 人 自我 保护 意识 倒 挺 强 。","突然间 悠悠 就 会 走路 了 , 因 有 一 [MASK] 让 东西 搬到 摔 了 后脑勺 , 现在 都 是 把 胳膊 伸到 身子 前面 保持 平衡 , 实在 不 成就 趴下 , 用 胳膊 撑 一下 , 不至于 摔 着脸 , 这么 小 的 人 自我 保护 意识 倒 挺 强 。",次,次,"次, 个, 点"
"说 起来 今天 是 13 <CL> <h>星期五</h> , 也 就 是 俗称 的 黑色 星期五 呢","说 起来 今天 是 13 [MASK] 星期五 , 也 就 是 俗称 的 黑色 星期五 呢",号,号,"号, 个, 点"
"大半夜 的 我 悄悄 的 又 打破 一 <CL> 人类 的 <h>纪录</h> , 次 产量 470Ml","大半夜 的 我 悄悄 的 又 打破 一 [MASK] 人类 的 纪录 , 次 产量 470Ml",项,个,"个, 次, 下"
荔枝 台 的 春晚 比 芒果 台 高 的 不止 一 <CL> <h>档次</h> 啊 !,荔枝 台 的 春晚 比 芒果 台 高 的 不止 一 [MASK] 档次 啊 !,个,个,"个, 种, 等"
"回家 太 闲 , 老妈 总 抓 着 我 大搞 卫生 , 其实 也 没 必要 吧 被子 之类 的 大件 物品 , 一 整 年 加 起来 盖 的 次数 绝对 不 超过 十 <CL> <h>手指头</h> 还好 明天 开始 下雨 变冷 , 不然 我 的 苦工 期限 真 不 知道啥 时候 才 能 结束 呢 !","回家 太 闲 , 老妈 总 抓 着 我 大搞 卫生 , 其实 也 没 必要 吧 被子 之类 的 大件 物品 , 一 整 年 加 起来 盖 的 次数 绝对 不 超过 十 [MASK] 手指头 还好 明天 开始 下雨 变冷 , 不然 我 的 苦工 期限 真 不 知道啥 时候 才 能 结束 呢 !",根,个,"个, 次, 根"
我 提醒 他 还 有 呢 老师 又 说 对 了 还 有 桂伦 镁 天啊 老师 啊 难道 你 忘 了 那 <CL> 最 最 重要 的 <h>人</h> 了 吗,我 提醒 他 还 有 呢 老师 又 说 对 了 还 有 桂伦 镁 天啊 老师 啊 难道 你 忘 了 那 [MASK] 最 最 重要 的 人 了 吗,个,个,"个, 些, 位"
"大过 年 的 , 出去 拜年 手 里 还 拿 着 一 <CL> <h>感冒药</h> 。","大过 年 的 , 出去 拜年 手 里 还 拿 着 一 [MASK] 感冒药 。",杯,瓶,"瓶, 些, 盒"
未来 各 <CL> <h>领域</h> 的 精英们 。,未来 各 [MASK] 领域 的 精英们 。,个,个,"个, 种, 项"
"年初一 , 斋饭 , 大成街 , 拉拉队 , 晚会 , 终于 回到 家 了 泡 <CL> <h>脚</h> 准备 睡觉 啦 不 洗澡 的 年初一","年初一 , 斋饭 , 大成街 , 拉拉队 , 晚会 , 终于 回到 家 了 泡 [MASK] 脚 准备 睡觉 啦 不 洗澡 的 年初一",个,个,"个, 盆, 下"
我 在 等 发 <h>工资</h> 了 会计 说 礼拜天 会 把 工资 打 在 我 的 卡上 我 等 啊 等 啊 心急 的 第一 <CL> 工资,我 在 等 发 工资 了 会计 说 礼拜天 会 把 工资 打 在 我 的 卡上 我 等 啊 等 啊 心急 的 第一 [MASK] 工资,笔,发,"发, 下, 回"
"我 爸 的 外甥女 和 我 在 一 <CL> <h>公司</h> , 但 我们 不熟 , 别人 以为 我们 不 认识 。","我 爸 的 外甥女 和 我 在 一 [MASK] 公司 , 但 我们 不熟 , 别人 以为 我们 不 认识 。",家,家,"家, 个, 间"
"最 搞笑 的 事 , 有 人 大年 初 一 <CL> <h>厕所</h> !","最 搞笑 的 事 , 有 人 大年 初 一 [MASK] 厕所 !",通,下,"下, 回, 起"
"看 了 一 天 纪录片 , 最 喜欢 一 <CL> <h>讲</h> 罗伯特 肯尼迪 遗孀 Ethel 的 , 导演 就 是 她 女儿 。","看 了 一 天 纪录片 , 最 喜欢 一 [MASK] 讲 罗伯特 肯尼迪 遗孀 Ethel 的 , 导演 就 是 她 女儿 。",部,部,"部, 个, 段"
"我 刚刚 在 爱 问 共 享 资料 上 传 了 资料 , 欢迎 大家 下载 分享 高 一 英语 完形 填空 练习 一 <CL> 已 <h>打印</h> doc 更 多","我 刚刚 在 爱 问 共 享 资料 上 传 了 资料 , 欢迎 大家 下载 分享 高 一 英语 完形 填空 练习 一 [MASK] 已 打印 doc 更 多",份,篇,"篇, 下, 套"
"住 进去 一 天 楼 歪 了 花 了 大 价钱 , 买 <CL> 所谓 的 台州 地区 最 大 纯 海景 住宅 小 <h>区</h> 的 高层 住宅 , 新 房子 搬进 去 不到 一 天 , 楼 歪 了 , 你 是 什么 心情 ?","住 进去 一 天 楼 歪 了 花 了 大 价钱 , 买 [MASK] 所谓 的 台州 地区 最 大 纯 海景 住宅 小 区 的 高层 住宅 , 新 房子 搬进 去 不到 一 天 , 楼 歪 了 , 你 是 什么 心情 ?",套,个,"个, 下, 回"
"英语 考试 结束 了 , 辛苦 一 凡 同学 了 , 又 一 <CL> <h>拯救</h> 了 大家 明天 的 物化 考试 , 但愿 我们 的 座位 一如既往 的 好 !","英语 考试 结束 了 , 辛苦 一 凡 同学 了 , 又 一 [MASK] 拯救 了 大家 明天 的 物化 考试 , 但愿 我们 的 座位 一如既往 的 好 !",次,次,"次, 个, 场"
"每 天 都 这 时候 才 有 一 <CL> <h>睡意</h> , 唉 !","每 天 都 这 时候 才 有 一 [MASK] 睡意 , 唉 !",丝,点,"点, 丝, 些"
"吸引力 法则 果然 厉害 , 我 真的 买到 20 <CL> 的 <h>票</h> 了 , 今天 我 继续 吸引 能 换 张 不 那么 慢 的 。","吸引力 法则 果然 厉害 , 我 真的 买到 20 [MASK] 的 票 了 , 今天 我 继续 吸引 能 换 张 不 那么 慢 的 。",号,张,"张, 块, 分"
