new_index,original_sentence,target,top1_prediction,top1_log_probability,top3_predictions,top3_log_probabilities
1,"无意 间 转到 一 <CL> 摩托车 网站 , 看 着 这些 曾经 情迷 到 疯狂 的 机器 。",个,本,-2.4218740463256836,"本, 发, 种","-2.4219, -2.4648, -2.4728"
2,上传 了 1 <CL> 照片 到 相册 真实 的 自己,张,本,-1.494774580001831,"本, 个, 下","-1.4948, -2.3748, -2.9671"
3,上传 了 1 <CL> 照片 到 相册 2012 新 气象,张,本,-1.494774580001831,"本, 个, 下","-1.4948, -2.3748, -2.9671"
4,"数 <CL> 盘石 上 , 几 叶 落 云 中 。",枝,个,-1.7813609838485718,"个, 次, 家","-1.7814, -1.8720, -3.0317"
5,"哎 , 把 一 <CL> 电脑 修 的 加电 无 显 了 , 悲催 的 新年 开始 。",台,把,-0.5439497828483582,"把, 下, 个","-0.5439, -2.6172, -2.7296"
6,"集团 职能 片 年会 , 多 喝 了 两 <CL> 绿 茶 , 结果 到 现在 还 很 有精神 , 悲催 啊 。",杯,杯,-0.5595476627349854,"杯, 瓶, 碗","-0.5595, -1.5912, -2.6439"
7,"分享 了 顺和 牛肉 火锅 , 在 华阳 , 关于 牛 肉类 的 都 不错 , 建议 点牛肝 , 特色 牛肉 图 中 码满 辣椒面 的 那 <CL> 怕 辣 的 , 肠胃 不 好 的 , 友情 建议 最好 不 要 尝试 哈 。",盘,种,-1.1453946828842163,"种, 个, 块","-1.1454, -1.2549, -2.7217"
8,"昨晚 女儿 从 九点半 一觉 睡 到今 早 的 七点 , 是 她 出生 到 现在 第一 <CL> 睡 整夜 觉 没 起来 喝奶 , 心想 是 不过 年 长大 了 今晚 快 九点 睡 了 , 不 知 晚上 还 会 不 会 要 喝奶 希望 不 要",次,次,-0.6920076012611389,"次, 个, 位","-0.6920, -0.8934, -4.8075"
9,"预祝 满分 , 少 一 <CL> 回去 请 我 喝 一 瓶 。",分,分,-0.9760493040084839,"分, 个, 点","-0.9760, -1.0437, -2.3815"
10,贴 一 <CL> 个人 最 心 水 的 海报 。,张,本,-2.7125747203826904,"本, 家, 行","-2.7126, -2.7569, -2.9103"
11,"思念 , 猶如 一 <CL> 鋒利 的 刻刀 , 刺入 心窩 , 再 也 拔 不 出來 了 。",把,片,-2.554560661315918,"片, 段, 句","-2.5546, -2.6457, -2.6679"
12,可 乐 鸡翅 炖 排骨 美味 的 一 <CL> WeicoLomo,餐,道,-0.4277351200580597,"道, 餐, 顿","-0.4277, -1.6437, -2.8723"
13,不过 提前 快 一 <CL> 钟 交卷 的 感觉 真 不错 !,个,点,-0.26540088653564453,"点, 些, 下","-0.2654, -2.4855, -3.6904"
14,"于是 , 我 就 喝 了 一 <CL> 黑芝麻糊 是 不 是 很 冷 ?",碗,杯,-1.5602564811706543,"杯, 点, 口","-1.5603, -2.3753, -2.5192"
15,"坐 在 舱 内 , 我 又 抬 起 头 , 透过 一 <CL> 大大 的 防 激光 玻璃 , 我 又 看到 了 星空 , 依旧 是 那么 的 灿烂 。",扇,片,-1.683586597442627,"片, 个, 眼","-1.6836, -1.7204, -2.5813"
16,今天 拍 全 <CL> 福咯 !,家,部,-0.8298943638801575,"部, 家, 片","-0.8299, -2.1955, -2.5655"
17,"在 武汉 的 时候 我 总是 问 你 我 爱 你 你 爱 我 吗 , 每 <CL> 听到 你 说 我 爱 你 的 时候 我 真 想 大 声 地 告诉 大家 你 是 我 的 , 这 就 是 我 表达 我 心 中 喜悦 的 方式 , 呵呵 , 很 蠢 !",次,次,-0.06165799871087074,"次, 个, 回","-0.0617, -3.1549, -5.0519"
18,一 <CL> 红豆 奶茶 。,杯,部,-2.274672031402588,"部, 家, 本","-2.2747, -2.3137, -2.3768"
19,"意大利 杏仁 红 茶 配 焦糖 布丁 , 绝赞 又 找到 一 <CL> 搞 贵宾 活动 的 好 地方",个,家,-0.4101404547691345,"家, 个, 款","-0.4101, -2.3371, -2.9795"
20,这 <CL> 药物 将 能 对抗 痴呆症 对人 的 影响 。,种,部,-2.2652926445007324,"部, 家, 本","-2.2653, -2.3092, -2.4152"
21,"难得 双方 家长 都 甘 开明 , 呢 <CL> 拖 拍 得 真系 好 愉快 。",个,个,-0.8031715154647827,"个, 位, 次","-0.8032, -2.7016, -2.8531"
22,"射手座 常 把 爱情 当成 一 <CL> 游戏 , 喜欢 的 是 不 去 约束 他 的 人 。",场,种,-0.1806560605764389,"种, 个, 件","-0.1807, -2.4208, -4.1833"
23,"两 <CL> 月 来 状态 一直 不 好 , 辞旧迎新 , 状态 得以 恢复 。",个,部,-2.2714929580688477,"部, 家, 本","-2.2715, -2.3118, -2.3937"
24,我 在 这里 徐汇区 一 <CL> 人 在 上海 好 无聊哦,个,家,-1.6796510219573975,"家, 个, 楼","-1.6797, -1.7230, -1.8417"
25,"夏茗悠 8 记忆 中 的 阳光 总是 明亮 耀眼 , 使 人影 无处 藏身 , 哪怕 是 最 屈辱 最 悲伤 的 日子 , 湛蓝 如洗 的 天空 也 不 带 一 <CL> 云彩 。",丝,丝,-0.394267201423645,"丝, 点, 缕","-0.3943, -2.2517, -3.1473"
26,"一 <CL> 人 上班 , 下班 , 吃饭 , 睡觉 , 周末 回家 , 时间 仿佛 回到 了 一 年 前 , 却 又 似 不 一样 。",个,部,-2.274672031402588,"部, 家, 本","-2.2747, -2.3137, -2.3768"
27,"哎 , 有点 想 我 的 室友 了 同 床 共 枕 过 的 张青 , 对床 的 晓青 , 还 有 早起 的 晓珍 , 高 二一 <CL> 吃 饭 的 白杨",起,班,-0.1599251925945282,"班, 下, 组","-0.1599, -3.8923, -4.0156"
28,20111124 <CL> DuaDua 风舞 誓死 改掉 拖延 症亲 。,盒,部,-1.6602978706359863,"部, 起, 家","-1.6603, -2.1534, -2.4742"
29,"省 政协 委员 刘立平 昨天 向 记者 介绍 他 的 一 <CL> 提案 , 建议 http t cn z0gjQlw 分享 自 这 不 能 搞 山寨",份,套,-2.110532283782959,"套, 份, 些","-2.1105, -2.3396, -2.5151"
30,"用 热 脸 去 贴 别 <CL> 冷屁股 , 只 能 说 自己 个人 犯贱 !",个,脸,-0.8727903366088867,"脸, 处, 分","-0.8728, -1.7864, -3.5450"
31,虽 说 鸥翼 真的 是 <CL> 大 美人 !,个,双,-2.051602602005005,"双, 只, 对","-2.0516, -2.1482, -2.4090"
32,"我 的 人生 , 就 像 眼影 一樣 的 弧度 , 画成 一 <CL> 不 怕 枯萎 的 葉子 , 無論颳風 暴雨 , 衹要 還剩 一口氣 , 我還 是 堅持 走 自己 的 路 , 微笑 地 面對 所有人 的 目光 与 論語 , 讓別 人 說去 。",片,道,-0.8619793653488159,"道, 幅, 圈","-0.8620, -1.7867, -2.4812"
33,好在 有 俄 的 小 3 <CL> 帮 拖 不然 真的 死 了 不过 还 是 差,门,帮,-1.3575860261917114,"帮, 把, 号","-1.3576, -1.5378, -2.2985"
34,"努力 了 整个 下午 , 加上 老屋 , 一共 贴 了 四 <CL> 对联 。",副,张,-0.4833572506904602,"张, 个, 次","-0.4834, -2.5343, -2.8092"
35,我 想 换 <CL> 微博 名字 。,个,个,-1.5529594421386719,"个, 种, 对","-1.5530, -2.1837, -3.3988"
36,"小 七 祝 大家 好 事 接 2 连 3 , 心情 4 <CL> 如春 , 生活 5 颜 6 色 , 7 彩 缤纷 , 偶尔 8 点 小 财 , 烦恼 抛 到 9 霄 云外 !",季,点,-1.9340646266937256,"点, 分, 串","-1.9341, -2.0220, -2.8017"
37,我 那 天 突然 翻到 于江 给 我们 写 得 信 有 <CL> 笑话 是 恁哎 的 有 一 天 1 看到 j 问 食堂 排队 的 人 长 不 长 然后 j 就 说 不 长 但是 好 粗 喔 哈哈 她 那个 时候 好 可爱喔,个,些,-1.2490788698196411,"些, 点, 个","-1.2491, -1.3210, -2.1955"
38,第一 <CL> 3 点 痛醒 何 其 悲惨,次,家,-2.239959716796875,"家, 部, 本","-2.2400, -2.2920, -2.4738"
39,被迫 参加 一口气 喝掉 一 <CL> 可乐 比赛 的 可怜 小 朋友 。,罐,瓶,-1.605826735496521,"瓶, 杯, 个","-1.6058, -2.0613, -2.3041"
40,"一 <CL> 爱笑 的 女孩 , Aom 不 笑 的 时候 都 那么 漂亮 , 笑 起来 简直 美死 了 !",个,部,-2.274672031402588,"部, 家, 本","-2.2747, -2.3137, -2.3768"
41,"剪 左 <CL> 好 难 看 的 头发 , 快快 长 啊 , 怎么 办 , 我 输 了 一 票 , , ,",个,下,-1.5905959606170654,"下, 排, 手","-1.5906, -2.3632, -2.7463"
42,"在 10 岁 时 , 沃兹尼克 就 自己 设计 并 组装 了 一 <CL> 晶体管 收音机 。",台,个,-1.174485206604004,"个, 款, 套","-1.1745, -1.4224, -1.8261"
43,"半 <CL> 小时 了 , 还是 打 不 到 车 !",个,部,-2.367003917694092,"部, 家, 本","-2.3670, -2.5169, -2.6561"
44,"如果 有 这样 一 <CL> 人 , 我 会 爱 他 !",个,个,-2.199702739715576,"个, 样, 家","-2.1997, -2.6781, -2.7940"
45,"武警 部队 已 列装 四 <CL> 野战 宣传 文化 装备 新华网 消息 金秋 时节 , 当 文化 一 词 成为 国人 关注 焦点 之际 , 记者 来到 威名 远播 的 英雄 皮旅 武警 驻 无锡 某师 , 探寻 和 感受 当今 中国 警营 基层 官兵 的 文化 生活 。",级,辆,-1.439163088798523,"辆, 种, 个","-1.4392, -1.9911, -2.3363"
46,"分享 一 <CL> 投票 韩国 各 大 组合 队长 人气 比拼 第六 期 9 进 8 给 大家 , 欢迎 大家 来 投票 !",个,下,-0.08688398450613022,"下, 次, 篇","-0.0869, -3.9060, -3.9910"
47,"以前 信奉 的 是 不 在 一 <CL> 树 上 吊死 , 走 了 很久 后 发现 却 在 树林 里 迷失 了",棵,起,-0.02336014434695244,"起, 家, 般","-0.0234, -5.2666, -6.2791"
48,大年初三 冷 雨夜 两 <CL> 傻婆行 系 路 中间 求撞 。,个,声,-1.1030710935592651,"声, 个, 杯","-1.1031, -2.4912, -2.9058"
49,"这个 年 过 得 真 忙碌 家 里 的 空调 二十四 小时 开 室温 也 只有 十五 度 , 于是 我 又 开始 埋怨 装修 时候 的 这 的 那 的 真 想 买 <CL> 小 太阳 对 着 烤 !",个,个,-0.8648132085800171,"个, 点, 些","-0.8648, -1.8643, -2.4075"
50,收到 让 有 <CL> 减肥 的 胖子 骑 着 卡拉车 送来 的 衣服 啦 真心 性感 啊 !,个,回,-2.412050485610962,"回, 分, 些","-2.4121, -2.6680, -2.9075"
51,"今年 七月 , 当 我 打开 我 国内 的 号码 , 我 希望 会 是 上 百 <CL> 短信",条,个,-0.19056229293346405,"个, 条, 位","-0.1906, -2.9264, -3.6196"
52,"本来 以为 看 两 <CL> 格蕾 , 再 喝 杯水 就 到 了 , 结果 看 完 格蕾 喝完 水 我 就 不 行 了 继 晕车晕 火车 后 , 我 竟然 晕机 !",集,个,-1.7989747524261475,"个, 张, 次","-1.7990, -2.2337, -2.2735"
53,"家庭 是 孩子 成长 的 摇篮 , 父母 是 孩子 的 第一 <CL> 教师 。",任,任,-0.4546460509300232,"任, 个, 位","-0.4546, -1.8782, -3.2522"
54,其实 两 <CL> 人 在一起 彼此 之间 一定 要 互相 信任 。,个,个,-2.0359718799591064,"个, 本, 家","-2.0360, -2.4697, -2.5002"
55,"book 到位 , 下 <CL> 放假 先 去 啦 。",次,次,-0.9221862554550171,"次, 手, 班","-0.9222, -1.9485, -2.3907"
56,"瘦 腿 零 负担 每 天 晚上 , 放 一 <CL> 热水 , 水温 不 宜 过 高 , 将 腿 浸泡 1015 分钟 。",盆,杯,-1.0932682752609253,"杯, 点, 个","-1.0933, -2.0358, -2.3929"
57,"这些 天 宝宝 白天 总是 很 难 哄 , 不 爱 自己 玩 不 爱笑 不 爱 说话 , 今天 是 姥姥 抱 着 睡 的 , 上午 就 开始 睡 , 一 觉 就 是 四 <CL> 小时 , 醒来 之后 又 笑 又 玩 , 真好 !",个,个,-1.0157253742218018,"个, 级, 点","-1.0157, -1.3861, -2.0104"
58,"让 我们 来 猜测 这 <CL> 牲口 级别 的 牛人 最后 的 策略 他 能否 攻破 第十 道题 , 他 怎么 冲刺 !",位,个,-0.3732595443725586,"个, 些, 次","-0.3733, -2.6714, -3.4716"
59,"北方 每 年 都 要 给 老 祖宗 烧 <CL> 钱 , 放放炮",点,个,-2.0284781455993652,"个, 家, 台","-2.0285, -2.0682, -2.7371"
60,没 多久 就 要 去 <CL> 厕所 !,趟,个,-1.9900342226028442,"个, 次, 面","-1.9900, -2.3779, -2.9312"
61,"绵绵 细雨 晨 , 漫漫 人生路 <CL> 情谊 深 , 淡淡 品味 真 。",丝,路,-2.0907039642333984,"路, 头, 等","-2.0907, -2.3440, -2.4884"
62,"快 看 最新 一 集火影 漫画 , 九 <CL> 正式 认可 鸣 人 了 !",尾,尾,-2.4989004135131836,"尾, 条, 个","-2.4989, -2.5894, -2.5952"
63,还 有 这 一 <CL> 一如既往 让 我 听 不 真切 的 英语,口,个,-2.4078712463378906,"个, 些, 家","-2.4079, -2.4406, -2.8063"
64,赵薇 还 算 一 <CL> 演员 吗 ?,线,个,-0.21876408159732819,"个, 位, 对","-0.2188, -3.6009, -4.2556"
65,睡 到 现在 好 强大 阿熬夜 通宵 的 人 伤 不 起 伤 不 起 今晚 又 不 用 睡 了妹 了 <CL> 夫 的,个,对,-2.1938297748565674,"对, 点, 家","-2.1938, -2.2540, -2.6566"
66,"这里 一 <CL> 人好 混乱 的 , 胜迪 你 快点 来 !",堆,本,-2.5603485107421875,"本, 部, 家","-2.5603, -2.7487, -2.7847"
67,"到 是 虚伪 自私 的 动物 , 没有 一 <CL> 人 可以 爱 别人 多 嘎爱 自己 , 那 满口 的 谎言 , 又 或许 让 人 觉得 幸福 , 一旦 谎言 被 拆穿 , 那些 到 变得 虚伪 , 虚 伪 得 让 我 觉得 恶心",个,个,-0.6766744256019592,"个, 种, 件","-0.6767, -1.9484, -2.3465"
68,搞 半 天 九 <CL> 叫 九 喇嘛 。,尾,点,-1.1537593603134155,"点, 个, 条","-1.1538, -1.9128, -2.4610"
69,"朋友 趾高气昂 的 拍拍 肚子 说 , 就 当 里面 多 了 <CL> 蛋黄儿 。",个,个,-0.9664730429649353,"个, 些, 点","-0.9665, -1.4934, -2.0619"
70,"我 刚刚 在 爱 问 共 享 资料 上 传 了 资料 , 欢迎 大家 下载 分享 C0204 傅立叶 选集 第二 <CL> pdf 更 多",卷,章,-1.200118064880371,"章, 卷, 部","-1.2001, -1.6826, -2.0766"
71,哎 又 是 一 <CL> 通天亮,个,个,-1.6301783323287964,"个, 次, 家","-1.6302, -2.1346, -2.5538"
72,"最近 流行 盼望 明君 能 臣 , 寄望 人品 运气 改变 中国 , 昨友人 举例 张居正 一 <CL> 鞭法 让 明朝 进步 。",条,家,-1.2863712310791016,"家, 个, 位","-1.2864, -2.3981, -2.5402"
73,"汕头 , 姐肥 来 了 , 坐上 第一 <CL> 公车 , 不得不 说 , 汕头 的 公车 真 破 。",班,排,-1.34554922580719,"排, 座, 位","-1.3455, -2.2866, -2.4820"
74,"三亚 免税店 , 人山人海 , 这 <CL> 排 的 真 长 。",队,个,-0.7116617560386658,"个, 次, 些","-0.7117, -2.0573, -2.0580"
75,"这 是 一 <CL> 新 的 微博 朋友 , 电商 的 , 求 大家 关注 !",个,个,-0.6065180897712708,"个, 种, 家","-0.6065, -1.3429, -3.7378"
76,加 了 三 <CL> 车厢,节,个,-1.6126015186309814,"个, 次, 些","-1.6126, -3.1406, -3.2454"
77,"好 惨 啊 , 5 <CL> 一 机会 都 中 捂到 奖 , 得 份 朱古力 安慰 奖 。",分,个,-1.3432390689849854,"个, 点, 分","-1.3432, -2.0311, -2.1358"
78,你 <CL> 扑街仔 黄绿 医生 吓 到 我 喊 左 。,个,部,-2.2963926792144775,"部, 家, 本","-2.2964, -2.3070, -2.3644"
79,"所以 不 好意思 要 先 借用 一下妳 的 照片 写 <CL> 预告 了 哦 , 敬请 期待 !",个,下,-0.4342682957649231,"下, 点, 个","-0.4343, -2.4243, -2.4449"
80,若 你 想 哭 停顿 一下 请 把 我 的 这 <CL> 话 在 脑子 里 反复 读 下去 今时 不同 往日 读到 你 的 泪水 干 了 你 就 懂 了 。,句,个,-1.0672789812088013,"个, 张, 句","-1.0673, -2.2514, -2.4253"
81,"对 我 来说 做饭 一直 就 跟 吃饭 一样 简单 , 但是 因为 懒 得 做 , 直接 导致 在 美国 一年半 没有 好好 做 过 一 <CL> 中国 菜 。",顿,次,-0.27828773856163025,"次, 个, 顿","-0.2783, -3.1425, -3.1840"
82,"群号 208176478 , 只要 是 玩 摇滚 爱 摇滚 的 高中生 , 都 速速 加入 吧 大家 帮忙 转起 , 扩散 给 身边 每 一 <CL> 玩 摇滚 的 朋友 !",个,个,-0.3488462269306183,"个, 位, 群","-0.3488, -1.2863, -5.7297"
83,"大年初二 , 训咗 几 <CL> 钟 又 爬 起身 返 老爷 屋 企 , 系咯 , 唔系 返 外 家吖",个,个,-0.36545535922050476,"个, 次, 位","-0.3655, -3.0728, -3.5283"
84,某 <CL> 瞬间 青春 戛然而止,个,本,-1.8708722591400146,"本, 家, 个","-1.8709, -2.3969, -2.4638"
85,"不管 了 , 爱咋 地 咋地 , 一 <CL> 人 过 的 最 好看 动漫 去 看 动漫 去 作业 神马 的 一会儿 再 说 !",个,点,-1.494583249092102,"点, 个, 下","-1.4946, -1.8596, -2.9367"
86,真的 好 累 一 <CL> 床 就 要 出去 WeicoLomo,起,路,-0.5617814064025879,"路, 次, 下","-0.5618, -2.0099, -2.3468"
87,这 几 天 一直 在 吃 这 两 <CL> 东西,样,个,-1.1383333206176758,"个, 款, 种","-1.1383, -1.5950, -2.3779"
88,新 一 <CL> 的 吃 欲 貌似 又 挑头 了 !,轮,本,-2.13216233253479,"本, 家, 个","-2.1322, -2.9137, -2.9784"
89,那 <CL> 人 会 出现 的 !,个,部,-2.271376132965088,"部, 家, 本","-2.2714, -2.3201, -2.4012"
90,"哇塞 今天 打 斯诺克 , 做 了 一 <CL> 我 自己 都 无法 想象 的 球 , 对面 崩溃 , 只 能 把 白 球 捅 进洞 , 哎 QQ 这个 应该 管管",杆,个,-0.6210272312164307,"个, 些, 套","-0.6210, -2.3759, -2.8349"
91,"刚刚 发现 的 , 在 页面 右上方 有 一 <CL> 梅花树 呢 , 上面 点缀 着 红红 的 梅花 , 看上去 很 漂亮 , 心情 也 会 变好 呢",棵,面,-1.1956374645233154,"面, 个, 页","-1.1956, -2.6532, -2.7675"
92,"好 想好 想稳人 陪 我 去 吃拧 <CL> 日式 蛋 包饭 啊 , 好 想 吃 啊 。",个,餐,-0.6347169280052185,"餐, 点, 家","-0.6347, -2.9213, -3.5859"
93,上传 了 7 <CL> 照片 到 相册 纯纯 的 爱恋,张,个,-1.7924426794052124,"个, 本, 下","-1.7924, -2.0028, -2.5416"
94,"这 两 天 遇到 第三 <CL> 交通 事故 了 , 大过 年 的 , 希望 人 没事 , 大 车 烧 空 了 好像",个,个,-0.7654550075531006,"个, 次, 台","-0.7655, -2.1598, -3.2121"
95,开 了 <CL> 酒版 喝 了 。,支,个,-2.391082525253296,"个, 家, 次","-2.3911, -2.6124, -2.9349"
96,"2012116 , 彻夜 难眠 , 一 林 到 买 左 手机 , 一 <CL> 钱 都 无 , 生活 受到 威胁 , 就 觉得 后 悔 啦 !",分,路,-1.0033981800079346,"路, 个, 点","-1.0034, -2.3968, -2.5143"
97,"手机 掉 了 , 里面 哪怕 有 再 重要 的 资料 , 报案 不 说 是 被 偷 的 , 人民 警察 死活 都 不 肯 帮忙 哪怕 只 要 一 <CL> 电话 就 能 找回 。",个,个,-0.6796001195907593,"个, 点, 次","-0.6796, -2.2147, -2.2875"
98,至今 我 还 后怕 的 那 <CL> 橙汁 !,个,个,-0.7202133536338806,"个, 种, 句","-0.7202, -1.8413, -2.7505"
99,"2 你 可以 是 一 <CL> 风景 , 没 必要 总是 仰视 别人 而 叹息 自己 。",道,个,-1.5060386657714844,"个, 家, 所","-1.5060, -2.1882, -2.9360"
100,忙碌 了 一 天 多么 辛苦 呀 追 了 四 <CL> 心情 有点 沉重 了 笑点 只 是 插曲 主 旋律 还是 令 人 发指 的 现实 猛 啊 猛 你 咋变 成 这样,集,个,-0.7176356315612793,"个, 次, 季","-0.7176, -2.0237, -3.3787"
101,"啊啊 啊 , 第一 <CL> 这么 早",次,次,-1.1022820472717285,"次, 个, 名","-1.1023, -2.2864, -2.4207"
102,"珠海 天气 20120122 早 今天 星期日 , 珠海 白天 到 夜间 小 雨 , 气温 148 , 北风 34 <CL> 明天 小 雨 , 气温 118 。",级,级,-0.31243258714675903,"级, 号, 点","-0.3124, -1.6831, -3.7521"
103,"一 <CL> 月 后 , 我们 依然 什么 都 不 是 。",个,部,-2.274672031402588,"部, 家, 本","-2.2747, -2.3137, -2.3768"
104,"还是 做 人 值得 被 信任 总 有 被 咨询 的 需要 , 无奈 有时 自身 能力 不足 , 无法 给予 答案 , 到 这 <CL> 感觉 很 幸福 。",种,样,-1.294230341911316,"样, 个, 种","-1.2942, -1.5226, -2.0361"
105,"仅 半天 没 照理 手机 , 竟 一下 收到 二百多 <CL> 祝愿 和 拜年 , 很 感动 呀 。",条,条,-0.5276174545288086,"条, 个, 封","-0.5276, -1.9940, -2.4766"
106,"候车室 的 书店 看到 一 <CL> 感 兴趣 的 书 , 准备 寒假 拿 回去 实践 一下",本,台,-2.5375940799713135,"台, 行, 场","-2.5376, -2.8434, -2.8502"
107,"闹钟 七 点 就 响 了 , 我 还 在 被窝 里 下 决心 , 我 就 是 <CL> 意志 薄弱 的 人 , 一 想到 又 是 一 天 的 大会 , 更 不 想 起床 了",个,家,-1.7540879249572754,"家, 个, 对","-1.7541, -1.8334, -2.2506"
108,过 了 二十 年 浑浑 噩噩 一 事 无成 的 日子 之后 我 希望 可以 改善 下 这 <CL> 糟糕 情况 不 要 再 这么 混账 下去 了 !,种,个,-0.47212809324264526,"个, 些, 种","-0.4721, -2.1605, -2.3998"
109,很 奇怪 当 听到 那 <CL> 话 的 时候 我 为什么 会 笑 那么 久,句,个,-0.8956600427627563,"个, 些, 句","-0.8957, -1.9709, -2.2881"
110,我 在 这 拜 <CL> 早年 mk 拜年 mk 拜 年,个,下,-2.197739601135254,"下, 个, 堂","-2.1977, -2.2518, -2.5710"
111,视频 打工仔 建 15 <CL> 别墅 赠送 村民 入住 过 新年 分享 自,栋,个,-0.8597292900085449,"个, 栋, 间","-0.8597, -2.5253, -2.6067"
112,帮 爸爸 买 的 彩票 二 <CL> 奖 不过 阿爸 说 那 是 我 下下 学期 的 学费,等,等,-1.556654930114746,"等, 码, 号","-1.5567, -1.6670, -2.1646"
113,明天 还 有 一 大 <CL> 旅途 呢 。,段,个,-1.3291207551956177,"个, 些, 家","-1.3291, -2.5715, -2.6345"
114,吃 了 一 <CL> 泰诺 晕乎乎 的 困醒 去 这 该 是 多 幸福 的 事情吖,粒,本,-2.607997417449951,"本, 家, 个","-2.6080, -2.7430, -2.8747"
115,哈哈哈 笑死 了姐 今天 也 切 了 一 <CL> 愤怒 的 甜椒 好 愤怒 的 样子 。,个,下,-0.8973960876464844,"下, 口, 些","-0.8974, -2.3917, -2.6640"
116,这样 好吗 一 <CL> 方便面 加 茶蛋 给 我 吃 撑 了,袋,样,-2.278346300125122,"样, 等, 个","-2.2783, -2.8272, -2.8865"
117,"世界 最 有名 的 四 <CL> 塔类 建筑物 埃菲尔 铁塔 台北 101 东京 铁塔 迪拜塔 , 你 想去 哪里 ?",幢,个,-0.45442235469818115,"个, 位, 家","-0.4544, -2.2270, -2.8015"
118,后面 那 <CL> 戴 黄 围脖 的 祝 她 快乐 吧,个,面,-1.5261485576629639,"面, 台, 个","-1.5261, -3.1362, -3.2227"
119,读 问好 灌水 表情 灌水 表情 灌水 表情 看到 yanzj 的 博文 一 <CL> 飘 走 的 彩云 有感而发 的 评论 。,朵,下,-1.4063403606414795,"下, 个, 样","-1.4063, -1.7222, -2.4521"
120,"兔年 的 最后 一 天 , 持续 感冒 中 , 我 已经 失去 嗅觉 , 估计 要 吃 一 <CL> 食之无味 的 年夜饭 了",顿,次,-1.7662394046783447,"次, 点, 个","-1.7662, -2.1658, -2.2410"
121,发狼们 太 拽 了 寻遍木 有 开业 了 的 刚刚 全部 吹干 一 <CL> 辣 毛 累死 老娘 我 了 手臂 都 举 不 起来 了,头,遍,-1.113054633140564,"遍, 下, 个","-1.1131, -1.8719, -2.6895"
122,"千 <CL> 激情片 可惜 了 , 美女 老师 被 OOXX 男人 帮 恶夜 惊魂 天堂 口 大情人 疯狂 的 石头 我 的 娜塔莎 Hello 小姐 拿 什么 拯救 你 , 我 的 爱人 刀尖 上 行走 今夜 有 戏 欲望号 列车 写真 毒刺 疯狂 的 石头 青 木瓜 之 味 魔鬼 屠夫 香奈儿 的 秘密 情史",部,行,-2.6988227367401123,"行, 本, 所","-2.6988, -2.8747, -3.0755"
123,各位 过 <CL> 好 年 啊 。,个,家,-2.089613437652588,"家, 本, 个","-2.0896, -2.5605, -2.9188"
124,"父亲 给 小 米 买 了 双 皮鞋 , 一 <CL> 星期 之后 爸爸 问 小米 新 鞋 买 了 , 怎么 不 见 你 穿 呀 ?",个,双,-0.3036542534828186,"双, 次, 路","-0.3037, -3.0525, -3.3866"
125,"身 未 动 , 心 已 远 , 在 风景 展区 发布 20 <CL> 作品",组,张,-1.0437204837799072,"张, 个, 篇","-1.0437, -2.7888, -2.8077"
126,"酒 搞 多 了 , 现在 醒 了 , 口干 舌躁 , 两 <CL> 果汁 , 真 TM 爽 !",杯,眼,-0.8866451382637024,"眼, 手, 头","-0.8866, -1.6320, -2.0312"
127,"六味 地黄丸 , 你丸 我 也丸 , 一 天 六十 <CL> , 发发 有 冲劲儿 不 来 一 发么 ?",粒,粒,-0.5633229613304138,"粒, 次, 颗","-0.5633, -2.3415, -2.4333"
128,"爹娘 给 我 上 了 堂课 , 主题 是 我 要 嫁 <CL> 什么样 的 人 。",个,对,-1.7112741470336914,"对, 个, 家","-1.7113, -1.8475, -2.2773"
129,"但是 两 <CL> 之间 拖 了 六 年 , 结构 已经 荡然无存 。",卷,个,-2.075536012649536,"个, 家, 次","-2.0755, -2.1795, -2.8537"
130,激动 到 我 TV 第三 <CL> 到来 !,季,章,-1.019471287727356,"章, 季, 集","-1.0195, -1.6890, -2.9313"
131,"刚刚 在 德克萨斯 扑克 游戏 中 与 同桌 PK , 以 一 <CL> 葫芦 牌型 赢取 了 2080 筹码 !",手,个,-1.347437858581543,"个, 种, 张","-1.3474, -1.5464, -2.7906"
132,刚才 出门 走 一 <CL> 去 邮局 的 决定 是 对 的 人家 今天 最后 一 天 班 我 不仅 买到 了 邮票 还 把 信 和 明信片 放 在 了 邮局 那 没有 风吹雨淋 的 邮箱 里 不过 估计 人家 年 后 才 会 寄 得 出去 了 。,遭,个,-1.279836893081665,"个, 步, 样","-1.2798, -2.6155, -2.8203"
133,见 着 <CL> 学 的 好 不 如 嫁 的 好 的 活 例 咳 太 负面 太 负面 阿弥陀佛,个,面,-1.8380309343338013,"面, 等, 个","-1.8380, -2.8440, -2.9962"
134,"要 把 它 过得 尽量 像 自己 想要 的 那 <CL> 样子 , 才 对",个,样,-0.013641837053000927,"样, 种, 般","-0.0136, -4.7347, -6.2847"
135,"一 <CL> 气 拖完 , 累",口,部,-2.274672031402588,"部, 家, 本","-2.2747, -2.3137, -2.3768"
136,总结 一 <CL> 字 正 !,个,下,-0.3331533968448639,"下, 篇, 个","-0.3332, -2.9062, -3.1073"
137,一 <CL> 人 那 木 早 回家 好 冷呐,个,部,-2.274672031402588,"部, 家, 本","-2.2747, -2.3137, -2.3768"
138,"冷 到 发抖 , 但是 打开 衣柜 又 不 想 穿 那件 羽绒服 , 于是 下 一 <CL> 吃 汤圆 , 结果 一 吃 , 顿时 整个 人 火 起来 热 !",楼,件,-1.4387829303741455,"件, 次, 步","-1.4388, -1.6274, -2.0006"
139,地球 上 两 <CL> 人 能 相遇 不 容易 作 不 成 你 的 情人 我 仍 感激,个,个,-0.4237336218357086,"个, 种, 座","-0.4237, -3.1995, -3.2291"
140,"两 <CL> 寂寞 嘅男人 系 度 饮野 , 倾 到 无野 倾 开始 倾 魔兽 世界 为了 部落",个,部,-2.2714929580688477,"部, 家, 本","-2.2715, -2.3118, -2.3937"
141,我 参与 了 想 khuntoria 或 其中 一 <CL> 亲临 快乐 大 本营 ?,员,个,-0.24585922062397003,"个, 种, 项","-0.2459, -2.6857, -3.9139"
142,"2 常州市 武进区 6 <CL> 地块 新年 打头阵 , 土地 出让 向 乡镇 蔓延 。",宗,个,-1.717534065246582,"个, 号, 楼","-1.7175, -1.7220, -2.4114"
143,新手 司机 的 72 <CL> 错误 留 着 等 自己 买车 的 时候 能 用 的 上 。,个,个,-0.9600855708122253,"个, 种, 条","-0.9601, -2.3492, -2.7912"
144,"亲爱 的 们来 听 首 歌 吧 , 一 开始 我 还 以为 是 胡 歌唱 的 确实 挺 好听 的 TVT 但是 带 不 回宫 1 的 那 <CL> 感觉 了 听 哭 了 我 也 不 知道 为何 何晟铭佛 说",种,首,-0.8592018485069275,"首, 种, 段","-0.8592, -1.9767, -2.4059"
145,那 人 说 我 七 年 后 会 有 一 <CL> 大 作为 会 吗,番,个,-0.7802663445472717,"个, 次, 些","-0.7803, -2.8346, -3.0014"
146,海鸟 跟 鱼 相爱 只 是 一 <CL> 意外,场,种,-0.8792890906333923,"种, 个, 次","-0.8793, -1.5642, -2.1466"
147,"如果 没有 强大 的 有 公民 意识 的 中产 阶级 的话 , 导致 的 结果 很 可能 不 是 积极 的 治理 而 是 一 <CL> 暴民 治理 。",个,个,-0.5662305951118469,"个, 种, 些","-0.5662, -1.3027, -2.2938"
148,这 几 天 来 家 里 拜年 送礼 的 较 多 刚才 发现 一 <CL> 蒙 牛 纯 牛奶 我 勒个去,箱,个,-1.1227912902832031,"个, 些, 下","-1.1228, -1.3437, -2.9615"
149,今年 照 的 第一 <CL> 照片 !,张,名,-0.5263051986694336,"名, 次, 位","-0.5263, -2.3996, -3.0765"
150,据说 现在 三 <CL> 之 家 到手 月 收入 在 1W 到 1W5 的 家庭 幸福 指数 最高 。,口,个,-1.372102975845337,"个, 代, 点","-1.3721, -2.1317, -2.6030"
151,"小 明 怎么 都 想 不 出来 , 一 看 答案 只 见 上面 写 的 是 一 <CL> 害羞 的 斑马 !",匹,个,-0.5998109579086304,"个, 张, 篇","-0.5998, -2.9144, -3.1449"
152,"连 他 都 这样 说 我 真的 很 伤心 , 我 不 是 没有 反省 我 也 知道 我 说话 不 经过 大脑 , 但是 竟然 没有 一 <CL> 人 理解 我 , 真的 很 伤心",个,点,-0.5889028310775757,"点, 个, 句","-0.5889, -1.8167, -2.7295"
153,"喝 了 一 <CL> 红酒 就 有 点晕 , 我 没有 这么 水货 吧 ?",杯,个,-2.7407619953155518,"个, 本, 台","-2.7408, -2.7704, -2.8816"
154,20120124 第一 <CL> 这 大半夜 地 。,记,次,-0.8402504324913025,"次, 波, 集","-0.8403, -2.2551, -2.4474"
155,"这个 问题 隔天 被 愤怒 的 斑竹 删掉 了 , 于是 有 人 建议 发贴者 如果 你 觉得 有 气 的话 , 给 斑竹 发 <CL> AIDS 病毒 把 他 毒死",个,个,-0.7013421654701233,"个, 条, 帖","-0.7013, -0.9196, -3.1840"
156,它 歸類 在 反 物質 Anti Matter 的 那組 照片 中從 第四 <CL> 左 二 進去 。,排,名,-2.0896265506744385,"名, 位, 次","-2.0896, -2.3673, -2.5798"
157,我 各 <CL> 圆满 了,种,家,-1.5660040378570557,"家, 位, 分","-1.5660, -2.3732, -2.4600"
158,我 在 这里 浦东 国际 机场 1 <CL> 航站楼 出发 相当 的 奢华,号,号,-0.5887590050697327,"号, 楼, 层","-0.5888, -0.9869, -4.7215"
159,中间 要 行驶 14 <CL> 小时 才 能 到 北京,个,次,-1.8918910026550293,"次, 路, 行","-1.8919, -2.1418, -2.4481"
160,"男人 , 永远 不 懂得 好好 守护 那 <CL> 跟 自己 同 甘 共苦 的 女人 。",个,个,-0.3788776397705078,"个, 些, 颗","-0.3789, -2.1972, -2.6999"
161,"好久 没 晒 太阳 了 , 伸 <CL> 懒 腰 晒晒 太阳 , 好 舒服 !",个,个,-2.0004074573516846,"个, 本, 台","-2.0004, -2.2963, -2.6419"
162,"家 里 感觉 真 好 , 哈哈 给 大家 拜 <CL> 早年 ,",个,个,-0.06110547110438347,"个, 门, 下","-0.0611, -4.1472, -4.2813"
163,一 <CL> 没有 爱 过 的 人 是 没有 资格 谈论 爱 的 。,个,部,-2.274672031402588,"部, 家, 本","-2.2747, -2.3137, -2.3768"
164,有些 人 不 用 付出 就 可以 得到 想要 的 又 有些 人 就算 付出 多 大 也 未 必 能 得到 半個小時 的 淚水 足以 我 訴出 多 年 的 委屈 謝謝媽媽 開學 一 個月 我會 做好 自己 給你 看 算是 爲了 某些 東西去 努力 爭取 一 <CL> 嗎,次,些,-1.1788551807403564,"些, 下, 份","-1.1789, -1.2533, -2.2052"
165,IP 地址 的 表示 方法 有 两 <CL> 二进制 和 点 分 十 进制 。,种,种,-0.01936960406601429,"种, 个, 类","-0.0194, -4.2809, -5.7450"
166,"只要 衣服 没有 线头 没有 开裂 没有 破损 , 那么 当 男人 看到 一 <CL> 好 身材 贴身 穿 着 它 时 , 他 永远 不 会 去 想 它 是 啥材料 啥品牌 多少 钱 做工 怎样 。",幅,件,-0.6663745045661926,"件, 条, 个","-0.6664, -1.6739, -2.0125"
167,分 不 开心 的 一 <CL> 晚上,个,个,-1.543149471282959,"个, 面, 种","-1.5431, -1.9441, -2.4677"
168,今日 细佬 穿 了 <CL> 李民浩 在 城市 猎人 里面 的 类似 风衣 的 衣服 。,件,个,-1.4151926040649414,"个, 本, 家","-1.4152, -1.9645, -3.1221"
169,"左侧 从下 数 第一 和 二 <CL> 肋骨 前面 的 肌肉 一 抽 一 抽 的 疼 , 是 为啥 呢 ?",根,个,-1.5913803577423096,"个, 下, 点","-1.5914, -2.0667, -2.2573"
170,讨厌 一 <CL> 人 也许 只 需要 一 瞬间,个,面,-2.2156357765197754,"面, 本, 家","-2.2156, -2.4485, -2.5075"
171,"身价 计算 报告 , 你 现在 的 身价 是 39 万 , 身价 状态 每 年 210 <CL> 的 速度 上涨 快来 算算 你 的 身价 吧 !",分,点,-1.6691019535064697,"点, 个, 次","-1.6691, -1.8712, -1.9295"
172,"外面 已经 亮起 灯 , 十月 的 夜晚 , 你 在 归家 路 上 听 着 张楚 的 城市 之 光 穿 过 你 的 城市 , 对面 有 一 <CL> 火车 驶过 。",列,个,-0.8039243817329407,"个, 座, 条","-0.8039, -1.7049, -3.2460"
173,就 上面 一 <CL> 球 三十五,个,本,-2.035280704498291,"本, 家, 台","-2.0353, -2.5619, -3.1075"
174,"另外 , 每 月 还 将 有 300 <CL> 自己 微博 的 短信 提醒 , 包括 新 粉丝 新 评论 新 私信 的 通知 。",条,名,-0.9468519687652588,"名, 个, 位","-0.9469, -1.3964, -1.9209"
175,欢乐 马戏团 之 三 <CL> 小丑,个,号,-2.1551380157470703,"号, 个, 集","-2.1551, -2.2290, -2.7157"
176,吃完 这 <CL> 开始 减肥 !,碗,本,-2.3306050300598145,"本, 点, 下","-2.3306, -2.5378, -2.7033"
177,"顶 看错 了 , 买 了 <CL> 草莓 的 !",个,顶,-1.9494704008102417,"顶, 对, 只","-1.9495, -2.0528, -2.6020"
178,"这 <CL> 路况 不管 你 伤 得 起 不 , 反正 我 伤 不 起 !",种,部,-2.2652926445007324,"部, 家, 本","-2.2653, -2.3092, -2.4152"
179,"昨晚 做 夢夢 到 一 <CL> 話沒 有 你 , 地球 會運轉 得 更 快 高士喬 。",句,位,-0.993982195854187,"位, 家, 名","-0.9940, -1.7741, -2.6020"
180,"三十 晚 小 墩竟然 画 了 一 <CL> 完整 的 画 , 我 当时 就 泪 奔 了 。",副,个,-1.0026928186416626,"个, 次, 下","-1.0027, -2.0600, -2.8764"
181,小心 6 <CL> 乌龙 搭配 易 引起 疾病 1 海鲜 与 啤酒 搭配 食用 容易 诱发 痛风 。,种,本,-2.398232936859131,"本, 家, 所","-2.3982, -2.7828, -2.9410"
182,"妈咪 说 抹 <CL> 灰 还 喊 累 , 以后 嫁人 怎么 办 。",个,手,-1.002468466758728,"手, 口, 把","-1.0025, -2.2889, -2.7018"
183,没有 一 <CL> 阳光 的 天气 真 讨厌,丝,家,-2.2797722816467285,"家, 部, 本","-2.2798, -2.3328, -2.3949"
184,可能 毁掉 我们 的 十 <CL> 东西 一 没有 责任感 的 享乐 二 不 劳 而 获 的 财富 三 没有 是非 观念 的 知识 四 不 道德 的 生意 五 没有 人性 的 科学 六 没有 牺牲 的 崇拜 七随性 而 出 的 暴躁 八 没有 理性 的 盲从九 没有 克制 的 喜欢 十 恣意 付出 的 恋爱 。,样,个,-0.7680952548980713,"个, 分, 条","-0.7681, -1.3253, -3.5628"
185,拜年 了 祝 龙年 顺顺 畅畅 一 <CL> 龙 !,条,起,-1.2678287029266357,"起, 路, 家","-1.2678, -2.3673, -2.5081"
186,"小 超市 里 前前后后 几 <CL> 排队 结账 的 人 , 手 里 都 拿 着 泡面 , 当然 也 包括 我 。",个,个,-0.7564422488212585,"个, 家, 次","-0.7564, -1.3590, -2.9171"
187,"我 一 <CL> 人 跳舞 , 从 清晨 到 日暮 。",个,部,-2.271115779876709,"部, 家, 本","-2.2711, -2.2926, -2.4095"
188,"试问 有 边 日 会 五 <CL> 黑黑 , 叫 都 五 应 啊 。",面,个,-1.2732669115066528,"个, 点, 分","-1.2733, -2.6472, -2.8601"
189,"我 说 喝 了 一 <CL> 稀饭 , 护士 说 你 这 是 饿 的 胃痛 。",碗,个,-2.06736159324646,"个, 次, 些","-2.0674, -2.8113, -3.0029"
190,可 见 团结 的 重要 如果 几 <CL> 舅 能够 团结 一心 白 家 早 都 兴盛 起来 了 !,个,个,-0.2186209261417389,"个, 点, 位","-0.2186, -3.4893, -3.5276"
191,"哥俩 好 类 , 来 一 <CL> 类 干杯 bofu 拜年",口,个,-1.0407580137252808,"个, 张, 次","-1.0408, -1.5966, -2.9846"
192,55555 介是 肿么 一 <CL> 事 嘛 !,回,个,-0.8535937070846558,"个, 下, 种","-0.8536, -2.8595, -2.8605"
193,"领到 这么 大 一 <CL> 红包 , 太 给力 了 !",个,个,-1.7238689661026,"个, 块, 张","-1.7239, -2.2505, -2.7645"
194,"就 情爱 而 言 , 最 悲惨 的 不 是 目光 相遇 一 人 停留 一 人 做 着 穿越 而 是 两 <CL> 孤独 脆弱 的 灵魂 电光 火石 相互 催眠 , 而 瞬间 即 醒 。",个,个,-0.340510755777359,"个, 位, 种","-0.3405, -3.3242, -3.5513"
195,哈哈 原来 我们 家 的 家谱 编制 成 一 <CL> 书 了 不错 哈哈,本,个,-0.8108182549476624,"个, 套, 张","-0.8108, -2.0113, -2.3931"
196,"错 , 是 我们 领导 的 嘴 , 尼玛 , 一 <CL> 话 把 我们 的 年终 奖 扣掉 一半",句,句,-1.4415812492370605,"句, 个, 张","-1.4416, -1.5866, -2.1166"
197,好久 没 见 你 了 长大 了 不少 噢 三 <CL> 多 月 了,个,个,-1.875502347946167,"个, 点, 楼","-1.8755, -2.3674, -2.4862"
198,同事 赵 老师 的 父亲 今晨 去世 周三 要 去 参加 葬礼 赵 老师 是 <CL> 非常 好 的 老师 !,个,本,-1.7966070175170898,"本, 个, 只","-1.7966, -2.3596, -2.4020"
199,"大海 里 生活 着 一 <CL> 快乐 的 鲸鱼 , 它 很 爱 干净 , 天天 自己 喷水 洗淋浴 , 大家 纷纷 赞叹 它 多 讲 卫生 啊 !",条,个,-0.43712109327316284,"个, 群, 种","-0.4371, -2.4140, -2.9475"
200,"吃 太 饱 睡 不 着 , 带 着 耳机 却 听到 心跳 , 每 一 <CL> 都 好像 巨人 走 过 颤动 着 身体 。",声,次,-1.5524173974990845,"次, 个, 步","-1.5524, -1.8102, -2.2268"
201,我 崩溃 中 我 见到 了 一 <CL> 集志玲 和 大 话 精于 一身 的 姑娘 妈妈咪 呀 谁 也 无法 阻挡 这 姑娘 了,个,个,-0.7163668870925903,"个, 张, 些","-0.7164, -3.1449, -3.1816"
202,"刚才 梳头 , 不 留神 发现 一 <CL> 不 属于 黑色 的 头发 。",根,个,-1.151329517364502,"个, 下, 点","-1.1513, -1.5236, -2.9647"
203,"同事 都 说 我 是 超人 , 各 <CL> 疯狂 加班 , 我 总是 开玩笑 说 老子 要 加班 还债 , 可 谁 又 能 懂 , 我 是 在 用 工作 填补 自己 心 中 的 孤寂 。",种,位,-0.18419380486011505,"位, 种, 个","-0.1842, -2.4812, -2.8651"
204,第 84 <CL> 奥斯卡 提名 名单 揭晓 雨果 艺术家 领跑,届,家,-1.7164443731307983,"家, 行, 等","-1.7164, -2.6853, -3.3251"
205,这 是 我 今天 说 的 第一 <CL> 话 。,句,个,-1.0488545894622803,"个, 点, 句","-1.0489, -1.8881, -2.6452"
206,"必胜客 我 等 你 的 电话 等 得 好 苦 啊 , 要 我 还是 不 要 我 , 给 <CL> 痛 快点 的 答案 啊 行 啊 ?",个,等,-1.6868329048156738,"等, 个, 点","-1.6868, -1.8446, -2.3924"
207,节奏 超快 这 <CL> 足球 超 好看 但是 好 累 啊,种,个,-2.5059654712677,"个, 本, 面","-2.5060, -2.8242, -3.1959"
208,"你妹 的 , 该 死 的 公司 , 老子 年 后 妥妥 不 伺候 你 了 , 过 春节 连 <CL> 假 都 不 给 批 , 去 死 吧 你 , 疯子 老总",个,环,-2.1244959831237793,"环, 班, 个","-2.1245, -2.1849, -2.4609"
209,"一个 <CL> 孩子 结婚 , 有限 的 住房 已 被 分割 得 不能 再 分 , 老人 自己 在 家中 已 无 一块 清静 的 安身之地 , 又 怎 能 再 筑 起 一个 新 巢 呢 ?",个,部,-2.312124252319336,"部, 家, 本","-2.3121, -2.3130, -2.4389"
210,总算 做掉 一 <CL> 事情 了 光速 爬 去 碎 觉 起床 还 得 去 看 牙医,件,本,-2.736093044281006,"本, 行, 部","-2.7361, -2.7907, -2.8040"
211,分享 了 满 88 <CL> 申通 黑 巫女 蕾丝 手链 戒指 套装 女 腕饰 手绳 复古 饰品 2800,包,分,-1.0376282930374146,"分, 条, 个","-1.0376, -1.9502, -2.6138"
212,"新年 第一 天 , 一 <CL> 朋友 窝 在 我 家 看 电影 , 感觉 还 不错 。",群,个,-1.8952782154083252,"个, 家, 本","-1.8953, -1.9743, -2.5752"
213,"美国 的 一 <CL> 新 研究 发现 , 吃 苹果 可以 促进 神经 细胞 相互 传递 信息 , 降低 老年 痴呆症 的 发病率 。",项,个,-0.7490164041519165,"个, 些, 项","-0.7490, -1.6525, -3.0049"
214,自己 家里人 吃饭 都 能 喝 多 不 就 是 斗鸡眼 么敷 <CL> 泥巴 的 时间 也 不 能 浪费 乡村 小姐妹 感情 深,个,个,-1.870783805847168,"个, 面, 种","-1.8708, -2.5020, -2.5162"
215,"我 就 开 10 <CL> 树洞 , 说 的 也 还 是 这些 事儿 。",个,个,-1.2317345142364502,"个, 点, 次","-1.2317, -2.3960, -2.6759"
216,"反 嘴 之 什麼什 麼沒聽清 , 然後 看到 一 <CL> 事問 , 那 女 的 想幹嗎 , 結果 那 女人 跑 的 比 兔子 還快 我 看 她 是 不 想 在 東泰 混 了 。",管,些,-2.49411940574646,"些, 下, 堆","-2.4941, -2.5519, -2.5867"
217,每 一 <CL> 的 煎熬 !,次,部,-2.2349283695220947,"部, 家, 本","-2.2349, -2.2813, -2.3863"
218,"猴哥 的 同学 说 她 哥哥 以前 跟 我 同班 , 她 说 她 哥哥 说 我 超 有 气质 , 心 里 五 <CL> 杂陈 , 记得 也 这样 说 过 , 好 想 问 一下 我 现在 是 不 是 毁 了",味,分,-0.7539099454879761,"分, 个, 点","-0.7539, -1.6156, -2.6965"
219,2011 快乐 女声 长沙 唱区 预选赛 第二 <CL> 0092 刘忻 2011 快乐 女声 可 选 原 画 清晰度 分享自,场,轮,-0.8798590302467346,"轮, 名, 季","-0.8799, -0.9931, -2.2758"
220,"赖声川 透露 , 谢娜 将 在 今年 回归 暗恋 桃花源 的 舞台 , 同时 还 将 出演 他 的 另外 一 <CL> 喜剧",部,部,-0.6766058206558228,"部, 个, 位","-0.6766, -1.5957, -2.4996"
221,"肿得 像 猪蹄 , 还 裹 了 一 <CL> 像 粪便 的 药 。",层,层,-1.1069402694702148,"层, 个, 块","-1.1069, -1.7662, -1.9673"
222,iphone 不 只 是 一 <CL> 手机 !,台,款,-0.8843207359313965,"款, 部, 个","-0.8843, -1.5453, -2.0706"
223,"2011 的 最后 一 天 , 这里 的 天气 还 跟 往年 一 <CL> 恶劣 !",样,样,-0.0035090548917651176,"样, 般, 起","-0.0035, -6.4808, -7.4307"
224,银行 被 疑 泄露 个人 信息 客户 资料 在 内部 几乎 透明 你 有 没 有 被 各 <CL> 垃圾 信息 推销 电话 轰炸 的 经历 ?,类,种,-0.49015921354293823,"种, 位, 个","-0.4902, -2.1628, -2.6177"
225,"雨 中 散步 , 一 <CL> 多么 陌生 而 又 熟悉 的 记忆 。",种,路,-1.0363779067993164,"路, 次, 般","-1.0364, -2.3064, -2.8301"
226,兔泽 又 多 了 <CL> 功能 set up 无线 打印机 呢 。,个,次,-1.8412998914718628,"次, 个, 家","-1.8413, -2.3803, -2.5660"
227,"熬 了 一 <CL> 通宵 白天 上班 , 还 说 回来 试试 昨天 捣腾 来 的 小 红 裙 就 碎 叫 结果 一 打开 衣柜 , 衣柜 崩溃 啊 !",个,个,-2.3272504806518555,"个, 等, 家","-2.3273, -2.6940, -2.9843"
228,明天 起床 希望 我 的 手机 就 变 出来 了 亲 你 生日 许愿 的 时候 分 我 一 <CL> 愿望 保佑 我 新 手机 早日 到手 亲 记得 喔亲,个,张,-1.404778242111206,"张, 个, 块","-1.4048, -1.6375, -2.0090"
229,在 首尔 迎来 2012 D3 路口 的 食店 貌似 不少 韩剧 中 的 男 二 会 经营 一 <CL> 这样 的 小资 餐馆,家,家,-0.6085906028747559,"家, 些, 间","-0.6086, -1.9389, -2.0838"
230,Home sweet home 上 <CL> 回来 是 什么 时候 ?,次,个,-2.33833909034729,"个, 行, 台","-2.3383, -2.6279, -2.6757"
231,今天 开 了 一 天 的 三 <CL> 车手 都 被 抖麻 了,缸,餐,-1.6335359811782837,"餐, 个, 点","-1.6335, -1.8932, -2.3048"
232,"始建 于 1958年 的 鞍钢 冷轧 板 厂 , 是 我国 第一 <CL> 冷轧 薄板 生产 厂家 。",个,家,-0.1877048909664154,"家, 所, 个","-0.1877, -2.7588, -2.8291"
233,"感谢 胖虎 一直 欺负 我 小 夫 一直 向 我 炫耀 , 让 我 和 阿梦 患难 见 真 情 对 不 起 静香 , 我 的 心 里 只 能 装下 阿 梦 一 <CL> 人 。",个,个,-0.7215320467948914,"个, 样, 片","-0.7215, -2.9354, -3.0091"
234,重温 了 一 <CL> 寂静岭 经典 还 是 经典 啊,遍,个,-2.1476027965545654,"个, 本, 次","-2.1476, -2.3096, -2.3125"
235,啊 哈哈哈哈 哪 <CL> 好看 ?,个,个,-0.1464078277349472,"个, 位, 些","-0.1464, -3.3230, -4.1813"
236,"也 对 , 那 <CL> 知名 人士 会 天天 刷微博来 责骂 其他 艺人 及 粉丝 包括 自己 的",个,个,-0.7935159206390381,"个, 些, 样","-0.7935, -1.1639, -2.9715"
237,贱贱 的 过 完 年 了 我 的 小 脸 圆润 了 一 <CL> b 是喜 还 是 悲好,圈,些,-1.1600077152252197,"些, 点, 圈","-1.1600, -1.3754, -1.9733"
238,"恶心 的 东西 我 见 多 了 , 你们 算 <CL> 毛啊",个,个,-0.4740908443927765,"个, 盘, 座","-0.4741, -2.2626, -3.1332"
239,"作为 一 <CL> 公民 , 有 权 对 法官 审判 的 公正 作 一下 质疑 , 有 权 对 本 案 中 司法 的 独立性 作出 更 大 的 质疑 。",个,名,-0.5252002477645874,"名, 个, 位","-0.5252, -1.1440, -2.5609"
240,记得 这 <CL> 照片 吗 ?,张,记,-2.353713274002075,"记, 个, 本","-2.3537, -2.4399, -2.6699"
241,家乐福 停车 已经 停到 上去 的 那 <CL> 坡 啦 !,个,个,-0.5804283618927002,"个, 条, 辆","-0.5804, -3.0167, -3.0530"
242,我 是 <CL> 不 好 的 人 啊 鄙视,个,本,-1.8526160717010498,"本, 个, 家","-1.8526, -2.1853, -2.8421"
243,我 前 两 <CL> 微博 纯 属 屁憋 的 。,条,个,-1.2676347494125366,"个, 次, 家","-1.2676, -2.2817, -2.6898"
244,"传说 如果 找到 四 <CL> 小叶 的 幸运 草 , 就 能 许愿 , 使 愿望 成真 。",片,个,-0.8123540878295898,"个, 位, 条","-0.8124, -2.2743, -2.4762"
245,"赶 在 生日 前 , 希望 能 用心 的 做出 <CL> 像样 的 成品 。",个,所,-0.7166354656219482,"所, 点, 手","-0.7166, -2.7508, -2.8299"
246,"你 是 记忆 中 最 美 的 一 天 , 遗忘 的 或许 会 是 一 <CL> 漫长 等待 的 未来 岁月 。",个,个,-0.6418400406837463,"个, 种, 段","-0.6418, -2.2149, -2.4747"
247,对付 一 <CL> 人 最 好 的 办法 就 是 置之不理 。,个,般,-1.4181644916534424,"般, 手, 家","-1.4182, -2.2932, -2.3842"
248,"沃嘉 旅游 厦门 的 悠闲 与 懒散 最 合 小资 胃口 , 鼓浪屿 尤其 是 <CL> 世外 桃源 。",个,对,-1.0602355003356934,"对, 下, 个","-1.0602, -2.9263, -2.9960"
249,"洛 卡 松 了 口 气 , 这 <CL> 话 他 一直 藏 在 心中 , 现在 说 出来 了 , 他 觉得 自己 死 也 没有 什么 遣 憾 了 。",句,次,-0.9517302513122559,"次, 个, 样","-0.9517, -1.6942, -2.3345"
250,"明天 5 点 那 <CL> 西班牙 国王 杯 的 14 决赛 , 哪 有 转播 吗 ?",场,点,-1.6388282775878906,"点, 个, 本","-1.6388, -2.1771, -2.5883"
251,厦门 也 挺 冷 的 中午 的 当归 米 酒 两 <CL> 下去 这 会 好 头疼,口,杯,-0.5434276461601257,"杯, 碗, 瓶","-0.5434, -1.8889, -2.7416"
252,"一 <CL> 怒火 熊熊 燃烧 , 幸好 有 人 及时 帮 我 浇灭 , tmd 的 已 到 家",团,部,-2.274672031402588,"部, 家, 本","-2.2747, -2.3137, -2.3768"
253,各 <CL> 打架 梦 。,种,部,-2.266786813735962,"部, 家, 本","-2.2668, -2.3141, -2.3853"
254,过 年 啦 这 <CL> 双子 的 宝贝 很 幽默 弄 得 我们 大家 都 笑哈哈,位,对,-2.385687828063965,"对, 家, 节","-2.3857, -2.6719, -2.6954"
255,我 刚 在 MOKO 美空网 发布 了 一 <CL> 新 展示 服装 片杜 达 女装,组,个,-1.1139509677886963,"个, 篇, 些","-1.1140, -1.6834, -2.6201"
256,上传 了 12 <CL> 照片 到 相册 SNSD,张,本,-1.8571805953979492,"本, 个, 下","-1.8572, -2.2649, -2.8655"
257,祭 天公 的 祭桌 四 <CL> 桌脚 都 要 垫金 纸 !,条,季,-1.7790062427520752,"季, 分, 面","-1.7790, -1.9829, -2.9083"
258,"觉得 自己 能 生 在 这样 的 一 <CL> 家庭 , 好 满足 !",个,个,-0.06525479257106781,"个, 种, 家","-0.0653, -4.1967, -5.0399"
259,这 <CL> 对 了 吧 ?,回,部,-2.2652926445007324,"部, 家, 本","-2.2653, -2.3092, -2.4152"
260,"回到 学校 , 本 想 吃 <CL> 开心 的 早餐 , 谁 知道 还是 剩菜剩饭 , 心情 都 没 了",个,点,-0.5650413036346436,"点, 个, 顿","-0.5650, -1.7221, -2.8128"
261,一 <CL> 情缘 一 世 爱 天涯 遥寄 只 为 你 。,世,部,-2.274672031402588,"部, 家, 本","-2.2747, -2.3137, -2.3768"
262,"亚亚 说 : “ 妈妈 , 你 看 , 爸爸 要 我 一定 要 把 这 <CL> 照片 放在 身上 , 千万 不能 弄 丢 , 而且 一定 要 把 你 的 样子 记 清楚 , 这样 , 如果 在 街上 看到 你 , 就 能 认 出来 了 , 不能 会 再 错 过 了 。",张,个,-0.607996940612793,"个, 些, 样","-0.6080, -1.6802, -3.5044"
263,"无知 加 无耻 , 真 tmd 一 <CL> 奇葩 了 !",朵,个,-0.5324930548667908,"个, 群, 副","-0.5325, -2.0309, -3.7294"
264,"如果 你 用 它 来 盛 天 上 的 净水 , 你 就 是 一 <CL> 圣徒 。",个,个,-1.368775725364685,"个, 杯, 位","-1.3688, -1.9828, -2.0922"
265,"今天 , 生理 两 <CL> 妇重点 技能 看完",章,个,-1.507393717765808,"个, 点, 面","-1.5074, -2.6150, -2.6802"
266,我 在 西 二 <CL> 菜户 营桥 到 西直门 桥 。,环,世,-2.409771203994751,"世, 次, 版","-2.4098, -2.5227, -2.6123"
267,"2011 年 9 月 中旬 以来 , 香港 离岸 市场 人民币 CNH 一 改 之前 单向 升值 趋势 , 开始 出现 了 一 <CL> 贬值 走势 。",轮,波,-1.1143298149108887,"波, 个, 轮","-1.1143, -1.5918, -1.7643"
268,"他们 纷纷 涌 向 大桥 , 争 睹 这 <CL> 跨度 423 米 , 名列 世界 第二 的 斜拉桥 的 英姿 风采 。",座,个,-2.1681785583496094,"个, 台, 家","-2.1682, -2.7561, -2.8044"
269,"初 一 圆 明讲 <CL> 参拜 , 遇 世博 一样 的 排队 长龙 , 香火 真 是 旺啊",堂,本,-1.6448867321014404,"本, 次, 道","-1.6449, -2.5946, -2.8532"
270,"第一 <CL> 吃 年饭 系 上 冷饭 的 , 碟饭 如果 用 来 炒饭 简直 一流 。",次,家,-2.239959716796875,"家, 部, 本","-2.2400, -2.2920, -2.4738"
271,我 兴高采烈 地 把 红包 一 <CL> 封地 拆开 然后 再 失望 地 把 钱 重新 放 进去,封,个,-1.4414647817611694,"个, 起, 样","-1.4415, -1.8828, -3.0550"
272,"昨晚 看 着 你 做 家务 的 背影 , 觉得 你 是 <CL> 有担当 的 , 有 肩膀 的 男人 , 被 你 照顾 着 很 幸福 。",个,个,-0.19002364575862885,"个, 只, 家","-0.1900, -3.1122, -3.8759"
273,不 漂亮 的 女生 都 会 一 <CL> 手艺 那 就 是 十字绣 谁 敢 出来 承认 啊 老婆 我 知道 你 会 的 你 太 久 没 露面 了,门,起,-1.2282603979110718,"起, 个, 次","-1.2283, -2.0434, -2.6317"
274,各 <CL> 咸 。,种,部,-2.266785144805908,"部, 家, 本","-2.2668, -2.3141, -2.3853"
275,你 会 给 儿子 找 一 <CL> 新 爸爸 吗 ?,个,个,-1.367453932762146,"个, 家, 次","-1.3675, -2.8684, -2.9224"
276,但 遗憾 的 是 没有 看到 uk vogue 上 他 受 麦姐 那 <CL> 启发 做 的 新款 连身 和 内衣,款,个,-1.3283250331878662,"个, 位, 张","-1.3283, -1.5947, -2.6818"
277,"需要 提醒 的 是 , 银行卡 和 身份证 尽量 不 要 放 在一起 , 如果 不法 分子 同时 获取 这 两 <CL> 东西 , 就 有 可能 成功 办理 提前 取款 手续 。",件,种,-1.0913997888565063,"种, 个, 张","-1.0914, -1.3687, -1.5394"
278,巢湖 工商 查获 一 <CL> 假冒 解百 纳 注册 商标 葡萄酒,批,位,-2.441818952560425,"位, 台, 所","-2.4418, -2.5713, -2.6026"
279,"这个 破 天气 就 没 见 好 过 , 今天 还 是 除夕加 老爸 的 生日 , 要 不 是 为了 交话费 , 我 才 不 愿意 出 这 <CL> 门 !",趟,个,-0.7471724152565002,"个, 样, 种","-0.7472, -2.1074, -2.1941"
280,"爆笑 风格 喜剧 撒旦 女王 二 <CL> 演出 即将 登场 , 2012 年 2 月 7 日 到 2 月 19 日 在 D6 哦 !",轮,号,-1.0007227659225464,"号, 代, 楼","-1.0007, -2.4549, -2.9409"
281,"办公室 的 几 <CL> 女人 叽叽 喳喳 的 讨论 甄环传 , 论调 特别 幼稚 雷 人 程度 令 人 发指 有点 忍 不 住 想 打断 她们 , 不过 还 是 使劲 憋住 了 。",个,个,-0.5584884881973267,"个, 种, 分","-0.5585, -3.0307, -3.5493"
282,"最 讲 卫生 的 家庭 主夫 每 天 洗碗 后 都 要 擦洗 一 <CL> 操作台 , 所以 我 家 的 厨房 特 干净 !",遍,遍,-0.4019422233104706,"遍, 次, 下","-0.4019, -1.3951, -3.0734"
283,"从 另 一 <CL> 角度 拍摄 的 日出 , 你 有 多久 没 看 过 日出 ?",个,部,-1.9176692962646484,"部, 本, 所","-1.9177, -2.7853, -3.1718"
284,"为 哪样 要 喊阿泰 <CL> 世界 和平 , 笑死 我 了 。",个,对,-2.33146333694458,"对, 名, 把","-2.3315, -2.8748, -3.0313"
285,晕无拉拉通 左 <CL> 宵好 无 准备,个,眼,-0.7426647543907166,"眼, 手, 路","-0.7427, -1.5803, -2.7757"
286,"发表 了 博文 2012 年 01 月 21 日 祝福 每 一 <CL> 人 龙年 龙马精神 , 全 家 幸福 , 身体 健康 , 万事如意 , 阿弥陀佛",个,个,-0.39025071263313293,"个, 位, 次","-0.3903, -1.3071, -5.2106"
287,"他 亲情 盈盈 , 不 见 挚爱 , 找 <CL> 小妾 只 挠痒 。",个,回,-1.304247498512268,"回, 家, 个","-1.3042, -1.3836, -2.1455"
288,这 或许 就 是 两 <CL> 人 的 分歧 。,辈,个,-0.5414976477622986,"个, 种, 位","-0.5415, -1.9813, -3.5035"
289,"璇 天才 waitingHee 默默 之中 居然 已经 积累 了 如此 的 人脉 关系 , 2012 <CL> TA 注定 会 是 不 平凡 的 一 年 。",对,级,-2.0955424308776855,"级, 届, 版","-2.0955, -2.4288, -2.7604"
290,", 我 投给 了 韩爸 的 百 倍 影响力 , 粉丝 估计 在 3000 万 这 1 <CL> 选项 。",个,个,-0.5177882313728333,"个, 家, 点","-0.5178, -3.1983, -3.3117"
291,番薯 君 回来 了 遥远 时空 传来 一 <CL> 二 货 的 呼唤,声,个,-1.7588680982589722,"个, 回, 本","-1.7589, -2.5781, -2.8114"
292,16 <CL> 小时 前 到达 威尼斯 。,个,本,-1.6681252717971802,"本, 行, 号","-1.6681, -2.5675, -3.2330"
293,"南宋 晚期 , 咸淳 四年 1268 年 浙江 德清 吴奥墓 出土 的 一 <CL> 龙泉 鬲式炉 和 此 器 类似 。",件,件,-1.3031814098358154,"件, 批, 枚","-1.3032, -1.7957, -2.3249"
294,"切 香肠 是 <CL> 技术活 , 切 得 好看 就 好吃 , 切 得 狗 啃 似 的 就 难吃 。",个,本,-2.3674774169921875,"本, 台, 个","-2.3675, -2.6801, -3.0205"
295,"死神涅 队长 摘掉 面具 后 , 也 是 一 <CL> 大帅 但是 女 下属 , 还是 女 实验品",个,脸,-0.9743854999542236,"脸, 个, 副","-0.9744, -1.8127, -1.9784"
296,对 说 不 解释 一 天刷 了 那么 多 <CL> 微博,条,对,-0.24367766082286835,"对, 个, 次","-0.2437, -3.6325, -3.7611"
297,"祝福 2012 年 我 和 我 的 全 <CL> 人 还 有 所有 亲人 和 朋友 一生 身体 健康 合家欢乐 , 万事 顺利 天天 向上 龙年 吉祥 龙年 恭喜 发大财 。",家,家,-0.15836678445339203,"家, 部, 身","-0.1584, -2.0750, -4.8676"
298,"怪 五 得 <CL> 天 开始 光 啦 , 原来 已经 接近 7 点 。",个,行,-1.8662670850753784,"行, 个, 名","-1.8663, -2.2109, -2.8255"
299,欢迎 下 <CL> 惠顾 淘金 币智 立方 小熊 一 天 趣味 木 书 智力 拼图 玩具 儿童 益智 玩具 1400,次,本,-2.133617877960205,"本, 面, 个","-2.1336, -2.4287, -3.0097"
300,回家 路 上 遇到 什么 事 今天 本來 做好 事 給閨蜜 介紹 去 朋友 的 中華 料理店 打工沒 想到 碰到 朋友 的 一 <CL> 日本 朋友 被 調侃 的 我 也 稀裡 糊塗進 去 打工 了 我 只 是 一個 陪衬 的 人 呀 !,群,位,-0.7024833559989929,"位, 家, 名","-0.7025, -1.5206, -2.3445"
301,"21 <CL> 的 任务书 基本 完成 , 花 了 2 天 半 功夫 , 要 吐血 了 。",页,本,-1.4776190519332886,"本, 所, 行","-1.4776, -2.6433, -3.0239"
302,"汤本味 仅 售 1 元 价值 826 元 瓦罐 汤汤 在 江西 食 在 北京 一 汤 一格百 <CL> 其中 另 有 售价 108 元 4 人 套餐 可选 关注 , 让 我们 团 在一起",味,味,-1.0398242473602295,"味, 道, 分","-1.0398, -2.8379, -2.9432"
303,20120120 直 排 轮 商品 推荐 动感 黑金 三 <CL> VIP 成人 直排轮 轮滑 鞋 溜冰鞋 旱冰鞋 成人 滑冰鞋 20000 元 详情 。,代,轮,-1.5410935878753662,"轮, 号, 款","-1.5411, -2.5652, -2.7772"
304,ChezShea 那 <CL> 鳕鱼 味道 真 不错 练习 慢 节奏 的 好 去处 喜欢 它 的 半圆形 大 窗 外面 是 pike market 有 大风 的 冬日 黄昏室 内 暖和 也 不 嘈杂 象 安全 避风港,道,首,-1.9626291990280151,"首, 些, 台","-1.9626, -2.3793, -2.7032"
305,这 <CL> 图片 我 喜欢,幅,部,-2.2652926445007324,"部, 家, 本","-2.2653, -2.3092, -2.4152"
306,"发表 了 博客 美 的 销售 瘦身 扩至 大 家电 部分 地区 公司 裁员 三成 市场 转冷 人海 战术 葡坎辉 偈视 美 的 这 <CL> 高速 行驶 的 火车 正在 减速 , 以 确保 平稳 穿越 这个 冬天 。",辆,个,-1.5108706951141357,"个, 些, 次","-1.5109, -1.6554, -2.0801"
307,"今晚 幼稚 了 一 <CL> 那些 人 , 我们 一起 追过 的 女孩 , 感觉 还 好 啦",回,本,-1.5964425802230835,"本, 个, 家","-1.5964, -2.3135, -3.1390"
308,"走 万 里 路 胜过 读 万 <CL> 书 , 出门 旅行 是 增长 知识 的 好 时机 , 这 是 很多 出门 旅行者 的 初衷 和 目的 。",卷,卷,-0.11725839227437973,"卷, 篇, 本","-0.1173, -3.7437, -3.9550"
309,"执 着 梦想 追求 , 用 自身 的 努力 感染 和 激发 着 每 <CL> 喜欢 她 的 人 !",个,个,-0.3345962464809418,"个, 位, 名","-0.3346, -1.3793, -4.3752"
310,他 妈 的 一 晚 吃 两 <CL> 顺德 粥城,次,次,-1.1810972690582275,"次, 顿, 餐","-1.1811, -1.4461, -1.9242"
311,看到 三 <CL> 人 吵架 。,组,部,-2.270825147628784,"部, 家, 本","-2.2708, -2.3065, -2.3990"
312,"我擦 , 体坛 快讯 就 等 着 看 <CL> 电视 转播 。",个,下,-2.095292806625366,"下, 个, 点","-2.0953, -2.4144, -2.4167"
313,临睡 前 文艺 一下 但 愿 来生 做 一 <CL> 树 。,棵,个,-0.1968712955713272,"个, 次, 件","-0.1969, -3.2586, -3.3775"
314,今年 最后 一 <CL> 重要 决定 我 要 去 纹身 !,项,个,-0.6074777245521545,"个, 次, 轮","-0.6075, -1.7639, -3.6196"
315,"两 小 无猜 一直 爱到 两 <CL> 斑白 , 面朝 大海 一直 爱到 春暖 花 开 你 依赖 让 你 依赖 , 你 无赖 给 你 耍赖",发,个,-0.566342830657959,"个, 头, 位","-0.5663, -2.3959, -3.3172"
316,"昨天 的邰 先生 凤翔 木板 年画 沙龙 , 孩子们 感受 传统 的 手工 木板 年画 , 亲手 参与 制作 的 过程 , 是 一 <CL> 非常 有 意义 的 事情 。",件,个,-1.3895450830459595,"个, 次, 种","-1.3895, -1.5703, -1.5852"
317,买 <CL> 年货 不 容易 。,个,本,-1.9490405321121216,"本, 家, 个","-1.9490, -2.8716, -3.1112"
318,"如果 , 所有 的 伤痕 都 能够 痊愈 如果 , 所有 的 真心 都 能够 换来 真意 如果 , 所有 的 相信 都 能够 坚持 如果 , 所有 的 情感 都 能够 完美 如果 , 依然 能 相遇 在 某 <CL> 城 。",座,个,-0.2282186895608902,"个, 种, 些","-0.2282, -2.6055, -3.6222"
319,"特别是 十一 <CL> 三 中 全会 以来 , 我国 民航 事业 在 诸多 方面 都 持续 快速 发展 , 取得 了 举世瞩目 的 成就 。",届,个,-1.285555124282837,"个, 节, 号","-1.2856, -1.7312, -2.4204"
320,而 这 两 <CL> 节目 都 是 我 最爱,个,家,-2.261218786239624,"家, 所, 部","-2.2612, -2.7608, -2.8280"
321,有 一 <CL> 大 闸蟹 !,串,部,-2.2543978691101074,"部, 家, 本","-2.2544, -2.2940, -2.4150"
322,"香港 万宁 创意 广告 猫咪 故事 香港 万宁 创意 广告 猫咪 故事 http t cn Sa9Y9L 主人 患病 , 猫咪 千辛万苦 寻找 高 山 雪莲 , 上演 一 <CL> 猫咪 救主人",幕,场,-0.9270729422569275,"场, 幕, 幅","-0.9271, -1.3633, -2.5948"
323,多多 小 <CL> 友,盆,本,-2.3814241886138916,"本, 家, 个","-2.3814, -2.5086, -2.5174"
324,我 刚 试 着 找 几 <CL> 有趣 的 人儿 来 关注 但 实在 是 不 好找 大爷 的 老娘 我 不 干 了 。,个,个,-1.1835882663726807,"个, 次, 张","-1.1836, -1.8417, -2.1049"
325,"夜晚 的 星空 繁星 点缀 , 总 有 一 <CL> 星辰 为 你 指引 方向 。",颗,种,-0.8106547594070435,"种, 个, 些","-0.8107, -1.9192, -2.2791"
326,"推销员 因为 工作 忙 一 <CL> 星期 有 五 天 不 在 家 , 自然 对 太太 有所 歉意 , 想 利用 整个 周末 补偿 她 !",个,个,-1.6523497104644775,"个, 样, 点","-1.6523, -2.0962, -2.0980"
327,"昨天 A 君 带 了 一 <CL> 红 酒 欺骗 我 幼 小 的 心灵 , 说好 带拉菲 , 结果 提上 来 变成 了 国产 的 长城 。",支,个,-1.4634041786193848,"个, 本, 次","-1.4634, -2.6525, -2.8514"
328,乌克兰 团里 又 来 了 怎 一 <CL> 骚字 了 得比 的 上 Dance And Change Kazaky 分享 自,个,个,-1.2469508647918701,"个, 次, 回","-1.2470, -1.2514, -2.5003"
329,"我 已 下载 了 Q <CL> 史记 很 好看 , 和 好 朋友 一下 分享 下",版,页,-2.2826921939849854,"页, 片, 版","-2.2827, -2.3432, -2.3612"
330,"东亚 娱乐 没有 圈 汤唯 身 着 裸色 裙 释放 小 清新 流露 东方 美 2011 年 11 月 11 日 , 上海 , 光棍节 , 汤唯 与 一 <CL> 明星 来到 时尚 秀场 参加 珠宝秀 。",袭,位,-1.3525869846343994,"位, 对, 个","-1.3526, -1.8637, -2.1844"
331,最后 一 <CL> 年夜饭,顿,家,-2.6971869468688965,"家, 本, 部","-2.6972, -2.7776, -3.2487"
332,怜儿 好 聪明 <CL> 香好 狡猾,袭,眼,-1.2163076400756836,"眼, 发, 双","-1.2163, -2.8726, -2.9583"
333,"虽然 被 两 <CL> 魂淡打 的 好 惨 , 但 小忌 你 一定 会 吐 便当 的 对吧 ?",个,位,-1.1537156105041504,"位, 个, 次","-1.1537, -1.5650, -2.0787"
334,"痛经 女性 应该 禁食 哪 三 <CL> 食物 痛经 会 给 女性 朋友 的 工作 生活 造成 很 大 的 影响 , 女性 朋友 在 痛经 时 应 注意 做好 一些 保健 工作 , 比如 注意 一些 饮食 上 的 禁忌 。",类,点,-0.9548835754394531,"点, 项, 种","-0.9549, -1.4726, -1.7116"
335,去年 现在 我 还 在 法国 一 <CL> 人 看 着 腾讯 的 过年 广告 流马尿 。,个,个,-0.4051929712295532,"个, 家, 位","-0.4052, -1.6830, -3.8889"
336,"这 <CL> 宝贝 这 两 天 问 的 人 满 多 独家 美国 专柜 正品 ED HARDY 风格 彩色 纹身 鲤鱼 花纹 打底 连 裤袜 丝 袜子 , 价格 18800 元 , 见",件,部,-2.2652926445007324,"部, 家, 本","-2.2653, -2.3092, -2.4152"
337,为什么 每 <CL> 我 对 自己 许下 的 诺言 都 没有 毅力 去 实现 除了 有关 你 的 现在 还 有 超多 作业 没 做 啊,次,个,-2.597459316253662,"个, 位, 些","-2.5975, -2.6781, -2.6857"
338,话 说 今年 第一 <CL> 桃 花 我 不 喜欢,朵,季,-1.2096587419509888,"季, 名, 次","-1.2097, -2.2682, -2.4843"
339,"这 是 一 <CL> 转运 菩萨 , 龙年 可 踢走 霉运 , 好运 相伴 !",尊,个,-0.6065180897712708,"个, 种, 家","-0.6065, -1.3429, -3.7378"
340,"听 着 李林妲 和 李宛妲 两 小 姐妹 的 歌声 , 看 着 两 <CL> 小精灵 美丽 迷人 的 笑容 , 那 清澈 纯洁 的 歌声 穿透 心灵 , 鼻子 突然 酸酸 的 , 眼泪 在 眼眶 中 打转 !",个,位,-0.5580343008041382,"位, 个, 名","-0.5580, -1.0081, -4.7538"
341,我 参与 了 发起 的 投票 哪 <CL> 穿 越剧 最 合 你 的 胃口 ?,个,个,-1.1918026208877563,"个, 些, 位","-1.1918, -1.3437, -2.4489"
342,发觉 琴晚 自己 又 做 左 <CL> 贼 了 !,个,个,-1.4626352787017822,"个, 手, 班","-1.4626, -2.0915, -2.7207"
343,"中午 , 办公室 , 工作餐 , 一 <CL> 蜿蜒 盘亘 的 秀发 穿梭 在 米饭 中 。",根,个,-1.512433409690857,"个, 般, 顿","-1.5124, -1.8600, -2.4073"
344,你 是 一 <CL> 笨驴 !,头,本,-2.4997715950012207,"本, 家, 个","-2.4998, -2.8752, -3.0176"
345,"在 这 一个 过程 中 , 许多 人 的 个性 被 磨损 、 特色 被 掩盖 , 最后 只 开 了 一 <CL> 平凡 无 奇 的 店面 。",间,个,-0.7636408805847168,"个, 些, 家","-0.7636, -1.9231, -3.0238"
346,"他 算 <CL> 什么 东西 , 值得 您 这样 跟 我 大小声 !",个,本,-1.5316671133041382,"本, 台, 部","-1.5317, -3.0439, -3.0511"
347,", 你 在 晒 许愿瓶 的 100 <CL> 用法 , 赢 ThinkPad 笔记本 电脑 !",种,个,-1.502951979637146,"个, 块, 分","-1.5030, -1.9672, -2.1395"
348,"红 派壹号 处 女座 的 人 超 讨厌 没有 信用 的 人 , 就算 是 鸡毛 蒜皮 的 事 , 别 看 平时 处 女座们 都 一 根筋 , 其实 细心 的 很 , 只要 在乎 的 事 , 就 连 <CL> 标点 符号 都 会 记住 。",个,对,-1.7546510696411133,"对, 只, 家","-1.7547, -2.7437, -2.8548"
349,各 <CL> 绕 !,种,部,-2.266785144805908,"部, 家, 本","-2.2668, -2.3141, -2.3853"
350,捧 <CL> 场 吧,个,部,-2.270047426223755,"部, 家, 本","-2.2700, -2.3207, -2.3812"
351,林 夏 相亲 这 <CL> 太 逗 了,段,季,-2.3928520679473877,"季, 对, 本","-2.3929, -2.5143, -2.7256"
352,去 领取 就 <CL> 勋章 就 可以 点亮 头像 下面 的 小 房子 。,个,行,-0.8224896788597107,"行, 回, 发","-0.8225, -2.2959, -2.3584"
353,没有 了 一 <CL> 晚安 是 谁 说 这个 习惯 一定 不 会 少,句,个,-2.0301856994628906,"个, 所, 家","-2.0302, -2.6862, -2.9985"
354,做 了 <CL> 噩梦 吓 得 我 半死 上网 查 了解 梦 才 知道 是 好 事 万 岁 万 岁 啊,个,本,-2.1473991870880127,"本, 家, 个","-2.1474, -2.6769, -2.6997"
355,"我 参与 了 2012 年 首 <CL> CCTV 网络 春晚 最 想 看到 的 内地 明星 , 投给 了 唐嫣 这个 选项 。",届,次,-1.60464608669281,"次, 季, 届","-1.6046, -2.0292, -2.1328"
356,"人生 就 像 一 <CL> 火车 , 途径 许多 驿站 。",列,个,-0.7226480841636658,"个, 场, 种","-0.7226, -1.3539, -2.9508"
357,解放 了 下 <CL> 星期 就 能 回 武汉 了,个,家,-1.8963191509246826,"家, 面, 台","-1.8963, -2.4177, -2.8044"
358,"昨晚 才 去 的 长安街 龙 凤 海鲜 酒楼 , 今天 B <CL> 就 发来 说 被 烧掉 了 ?",栋,点,-1.6380667686462402,"点, 回, 下","-1.6381, -2.2748, -2.9451"
359,"朝着 那 <CL> 目标 , 前进 !",个,面,-2.6652870178222656,"面, 对, 家","-2.6653, -2.9530, -3.1544"
360,起来 第一 <CL> 事情 都 是 这样 的 嘛 !,件,次,-1.7610406875610352,"次, 个, 章","-1.7610, -1.9934, -2.7041"
361,疯狂 的 一 <CL> 半 小时 美图秀秀 Android 版,个,次,-2.381861448287964,"次, 个, 家","-2.3819, -2.7105, -2.8887"
362,人肉 搜索 是 一 <CL> 很 深 的 学问 到 现在 我 也 不 能 说 我 掌握 得 有 多好 倒 是 希望 以后 我 都 不 会 再 用到 了 最 起码 不 要 再 为 自己 所 用 了,门,种,-0.21445859968662262,"种, 个, 款","-0.2145, -2.1020, -3.4704"
363,"我 在 快乐 购 , 过年 各 <CL> 红 灯笼 挂起",种,种,-0.2808481454849243,"种, 家, 款","-0.2808, -3.1100, -3.3308"
364,也 是 最后 一 <CL> 歌 !,首,次,-0.6071953177452087,"次, 个, 场","-0.6072, -1.9231, -2.1997"
365,"这么 重要 的 时刻 , 发 <CL> 微博 提醒 一下 各位 我 也 很 高调 !",个,起,-0.2810499966144562,"起, 声, 个","-0.2810, -3.3769, -3.7707"
366,"弱智 儿童 欢乐 多 , 做 <CL> 快乐 的 弱智 儿童 吧 !",个,家,-1.3918782472610474,"家, 个, 对","-1.3919, -1.6654, -2.3630"
367,"做 一 <CL> 淡淡 的 女子 , 不浮不躁 , 不争 不 抢 , 不 去 计较 浮华 之 事 , 不 是 不 追求 , 只是 不 去 强求 。",个,行,-2.442004442214966,"行, 个, 家","-2.4420, -2.6652, -2.8821"
368,"买 了 三 <CL> 杯子 , 花 了 50 !",个,本,-2.4732720851898193,"本, 家, 个","-2.4733, -2.9057, -2.9526"
369,后面 还 跟 着 <CL> 警车 。,辆,面,-2.1531858444213867,"面, 个, 等","-2.1532, -2.3736, -2.9216"
370,从 多 <CL> 纬度 对 新浪 微博 和 Twitter 进行 了 比较 。,个,本,-2.2342023849487305,"本, 部, 行","-2.2342, -2.3957, -2.8044"
371,"第一 <CL> 看 了 爱 的 现场 , 完全 被 KAME 征服 了 。",次,家,-2.239959716796875,"家, 部, 本","-2.2400, -2.2920, -2.4738"
372,"一 <CL> 人 孤苦 伶仃 的 , 被 抛弃 的 感觉 很 不 爽啊 !",个,部,-2.274672031402588,"部, 家, 本","-2.2747, -2.3137, -2.3768"
373,第一 <CL> 和谐号 。,班,家,-2.239959716796875,"家, 部, 本","-2.2400, -2.2920, -2.4738"
374,不 要 让 别人 影响 你 对 <CL> 画 的 独特 看法 。,幅,面,-0.43401506543159485,"面, 手, 身","-0.4340, -2.3908, -3.2223"
375,"今天 我 做 了 一 <CL> 艰难 的 决定 , 决定 进入 故宫 做 导游 工作 。",个,个,-1.613397479057312,"个, 本, 家","-1.6134, -2.1899, -2.6906"
376,"大家 新年 快乐 , 我 临 睡 前 抽 <CL> 风 !",个,起,-1.4285179376602173,"起, 点, 身","-1.4285, -2.1824, -2.3927"
377,今天 第一 <CL> 香薰 可是 熏 死 我 了 薰衣草 的 威力 不 可 忽视 啊,次,篇,-1.5949894189834595,"篇, 次, 班","-1.5950, -1.7696, -2.6005"
378,"难得 的 一 <CL> 小 聚会 , 还 搞 起来 腼腆",次,次,-1.4668927192687988,"次, 个, 对","-1.4669, -2.0425, -2.8931"
379,"所以 , 不 要 小看 任何 一 <CL> 人 , 哪怕 是 看上去 天真无邪 的 孩童 , 他们 也 有 自己 的 思想 。",个,家,-1.433847188949585,"家, 件, 位","-1.4338, -1.5505, -2.1014"
380,也 对 得 起 我 龙年 的 第一 天 就 熬 了 <CL> 通宵 看 球 !,个,个,-0.8802991509437561,"个, 点, 些","-0.8803, -2.9535, -2.9592"
381,Lightroom 一 <CL> 比 photoshop 更 好用 的 图片 处理 软件 学院 频道 蜂鸟网,款,般,-1.6844044923782349,"般, 个, 次","-1.6844, -2.5955, -2.7461"
382,"好像 那 <CL> 兄弟们 , 没有 牵挂 的 聚 在一起 , 挥霍 青春 。",班,些,-0.369986891746521,"些, 个, 种","-0.3700, -1.8917, -3.1436"
383,15 <CL> 的 孩子 聚会 改期 了 聚会 是 有 的 也许 过 年 后,班,本,-2.3009660243988037,"本, 行, 家","-2.3010, -2.9343, -2.9636"
384,农行 陷入 拒付 门 储户 2 千 存款 20 年 变 9 万 <CL> 拒付 分享自 ZAKER,遭,起,-2.1904101371765137,"起, 个, 条","-2.1904, -2.4093, -2.7658"
385,所以 像 不 需要 那 <CL> 钱 一样 地 工作 吧 像 从 没 被 伤害 过 地 勇敢 去 爱 吧 像 旁若无人 般 地,笔,些,-0.8661770820617676,"些, 个, 样","-0.8662, -1.5226, -2.2552"
386,"6 <CL> 生活 当 乐趣 , 你 就 会 满怀信心 。",把,位,-2.343743324279785,"位, 所, 部","-2.3437, -2.6483, -2.8282"
387,世 怎么 会 有 这样 不 要 脸 我 明明 做 的 是 长久 的 没到 一 <CL> 星期 就 回复 了 原样 他们 还 说 你 自己 头发 不 好 真 不 要 脸,个,个,-0.8968842029571533,"个, 点, 次","-0.8969, -2.2631, -2.5020"
388,有 时候 不 是 不 信任 只 是 因为 比 别人 更 在乎 更 怕 失去 我们 总 在 寻找 一 <CL> 感动 的 瞬间 以及 那 瞬间 后面 的 人 再 累 再 苦 再 疼 也 只 是 为了 你 能 喜欢 我 而已 现在 我 不 再 爱 你 你 不 值得,个,个,-0.6278926134109497,"个, 种, 些","-0.6279, -1.4915, -2.7432"
389,微博 给 我 安全感 啦啦 啦啦 第一 <CL> 晒 成绩单,次,名,-1.4601212739944458,"名, 次, 位","-1.4601, -1.9004, -2.6725"
390,雨势 今起 渐 掹申城 气温 周五 速 跌 年初一 将 达 0 <CL> 前 申城 出租车 一 车 难 求 叫 车难 可能 持续 至 小 年夜 上海普,节,点,-0.381587952375412,"点, 级, 个","-0.3816, -2.4609, -2.6645"
391,吸血鬼 第三 <CL> 结局 好 恐怖 啊 呼呼,季,季,-0.7929395437240601,"季, 章, 集","-0.7929, -1.0548, -2.6387"
392,用 手机 看 了 一早 上 电影 才 用完 500 M 流量 还 有 1G 要 加油 于是 说 这 <CL> 在 月结 前 不 用完 流量 就 会 觉得 亏 了 的 微妙感 是 怎么回事,种,个,-0.7530151605606079,"个, 次, 张","-0.7530, -1.7757, -2.6934"
393,", 我 把 最 好 的 一 <CL> 朋友 惹 生气 了 我 错 了 我 真的 错 了 。",个,个,-1.6854424476623535,"个, 点, 些","-1.6854, -1.9103, -2.6143"
394,最后 我 买 了 两 <CL> 丑 粮液 !,瓶,个,-1.6479675769805908,"个, 次, 家","-1.6480, -2.8819, -3.0164"
395,"你 知道 自己 从来 不 幼稚 , 只是 有 那么 点 不 理智 , 豁然 后 看到 原来 的 自己 , 还 是 比较 喜欢 那 <CL> 样子 。",个,种,-0.9008215665817261,"种, 个, 些","-0.9008, -1.1588, -1.9451"
396,"八点半 吃 的 早餐 , 现在 九点半 就 肚子 饿 了 , 还 有 两 <CL> 半钟 怎么 过 ?",个,个,-1.3555787801742554,"个, 餐, 点","-1.3556, -1.6940, -2.5447"
397,"人生 真 他妈 是 一 <CL> 华美 的 袍 , 里面 爬满 了 虱子 。",袭,个,-0.5737122893333435,"个, 种, 部","-0.5737, -2.0886, -2.4808"
398,"泥马 啊 , 窝 一 <CL> 火 睡觉 , 睡 死得 了 蛋疼 的 一 比 , 既然 都 说 老娘 是 废物 了 还 干 毛 絮絮叨叨 的 !",肚子,个,-1.0677824020385742,"个, 圈, 起","-1.0678, -2.0761, -2.8831"
399,我 在 這裡万 科 运河东 1 <CL> 一 期 醒 了 。,号,号,-0.2714774012565613,"号, 路, 栋","-0.2715, -3.2651, -3.2770"
400,照 <CL> 像 还 这么 小 傲娇 !,个,片,-0.344139963388443,"片, 例, 门","-0.3441, -2.9886, -3.4970"
401,你 是 第二 <CL> 在 我 面前 掉 眼泪 的 男人,个,个,-1.0698190927505493,"个, 位, 名","-1.0698, -1.6949, -2.1979"
402,要 不 要 去 看 <CL> 电影 呢 。,个,下,-0.5705212354660034,"下, 等, 家","-0.5705, -3.0628, -3.3735"
403,"一 大 <CL> 的 短信 问候 , 电话 一大早 被 打爆 !",堆,家,-2.6453933715820312,"家, 本, 部","-2.6454, -2.8887, -2.9692"
404,送给 一 <CL> 母女,对,个,-2.7638566493988037,"个, 本, 家","-2.7639, -2.7988, -3.2499"
405,我 家 三 <CL> 花,朵,口,-0.6087834239006042,"口, 代, 班","-0.6088, -1.6799, -2.3980"
406,有 <CL> 寂寞 空虚 的 美眉 介绍 给 你,个,部,-2.275024890899658,"部, 家, 本","-2.2750, -2.3019, -2.3976"
407,"一 <CL> 女孩 和 男孩 相亲 , 女孩 见 男孩 高高大大 , 心 中 大喜 , 就 问 男孩 你 有 几 米 高 啊 ?",个,部,-2.274672031402588,"部, 家, 本","-2.2747, -2.3137, -2.3768"
408,下 <CL> 再 也 不 来 了 。,次,部,-2.257434129714966,"部, 家, 本","-2.2574, -2.3107, -2.4347"
409,刚刚 所 发生 的 就 当是 生命 老人 给 我 开 的 一 <CL> 小小 的 玩笑 。,个,个,-1.0298231840133667,"个, 瓶, 张","-1.0298, -2.5701, -2.9914"
410,想 找到 一 <CL> 愿意 陪 我 戴上 属于 我们 的 爱 的 戒指 。,个,个,-1.4646071195602417,"个, 本, 只","-1.4646, -2.9480, -3.0906"
411,"58 <CL> 温馨久久 , 满意 久久 !",团,家,-2.4734225273132324,"家, 部, 行","-2.4734, -2.7508, -2.8224"
412,"铁甲 钢 拳 感觉 很 棒 啊 , 不过 让 我 最 在意 的 还 是 那 萌萌 的 小 男 猪脚 , 各 <CL> 激爆萌 让 身为 正太控 的 我 彻底 喷鼻血",种,种,-0.6724972724914551,"种, 位, 个","-0.6725, -0.8069, -3.3678"
413,嗯 找 <CL> 罗 书 全 这样 的 也 就 算是 天赐 良缘 啦 !,个,个,-1.7642240524291992,"个, 本, 次","-1.7642, -1.9398, -2.9997"
414,"杭州 试 推 小学 期末 免考制 , 游园会 代替 期末考 今年 , 杭州市 10 多 <CL> 小学 推出 期末 免考制 , 代之以 游园会 。",所,所,-0.4200773239135742,"所, 个, 家","-0.4201, -1.7471, -2.6545"
415,"老家 凌晨 5 点 起床 去 挨家挨户 给 长辈 拜年 的 习俗 真 受 不 了 , 我 2 点 多 才 睡 啊 , 才 睡 2 <CL> 小时 啊 。",个,点,-0.5709553956985474,"点, 次, 个","-0.5710, -2.0424, -2.2297"
416,"过年 了 , 领导 送一 <CL> 炮弹 , 说 放 在 办公室 里 避邪 的",颗,份,-0.9503350257873535,"份, 个, 些","-0.9503, -1.3278, -3.1207"
417,谁 给 我 <CL> 网址,个,家,-2.3128693103790283,"家, 管, 把","-2.3129, -2.4315, -2.7269"
418,"每 晚 你 会 通过 手机 给 几 <CL> 人 说 晚安 , 清晨 醒来 你 希望 看到 谁 又 或者 说 希望 谁 正 温柔 地 充满 爱意 地 看 着 你",个,个,-0.7499204277992249,"个, 张, 次","-0.7499, -2.1901, -2.2593"
419,找到 了 可以 学 一 <CL> 的 新歌 水手 怕 水,下,下,-0.1725189983844757,"下, 个, 点","-0.1725, -3.7180, -3.7245"
420,收藏 了 读心 人 第 2 <CL> 视频 快手 分享,季,章,-0.7080974578857422,"章, 卷, 集","-0.7081, -1.9740, -2.6411"
421,中午 和 同事 吃 饭时 照例 海阔天空 一 <CL> 海聊 。,番,样,-0.5742799043655396,"样, 片, 个","-0.5743, -2.2135, -2.6848"
422,"我 的 朋友 通过 我 跟 我 的 朋友 认识 了 , 然后 现在 两 <CL> 人 关系 比 跟 我 还 好 。",个,个,-0.1405211240053177,"个, 位, 次","-0.1405, -2.4065, -5.2180"
423,"下午 跟 姐姐 视频 之后 姐姐们 就 禁 不 住 思乡 情切 马上 开车 回来 , 杭州 回来 1 <CL> 小时 40 分钟 就 到 了 。",个,点,-1.6770949363708496,"点, 次, 个","-1.6771, -1.9287, -2.0530"
424,瞳孔 深红色 于是 世界 沉入 黄昏 头发 银白色 接着 天地 升起 黎明 无数 <CL> 飞鸟 离开 无尽 的 大雪 回来 我 知道 你 站 在 我 背 后 安静 的 站 在 背后 点燃 了 一 整个 重 楼 。,只,次,-0.835844874382019,"次, 个, 眼","-0.8358, -1.7039, -3.0508"
425,而且 一 <CL> 把 的 掉 。,把,家,-2.7108848094940186,"家, 等, 个","-2.7109, -2.7750, -2.8826"
426,"Travel toolkit 里 的 耳塞 派上 用场 了 , 头一 <CL> 除夕夜 睡 得 安稳 , 新年 新 气象 !",遭,次,-0.5965330600738525,"次, 个, 回","-0.5965, -2.0789, -2.4515"
427,苹果 书店 三 天 卖 了 35 万 <CL> 电子 课本 啦 !,册,个,-1.8430511951446533,"个, 本, 台","-1.8431, -2.1304, -2.9161"
428,"有 人 说 有 话 直 说 , 不 要 憋着 , 才 是 兄弟 太 幼稚 了 无话不说 的 兄弟 是 小时候 所谓 兄弟 殊 不 知 一 <CL> 成熟 的 男人 对 朋友 该 拿捏 的 是 什么",个,个,-0.9863046407699585,"个, 句, 点","-0.9863, -2.7684, -2.8135"
429,昨晚 睡觉 冷得 半死 某 人 11 点 多 下班 回来 往 被窝 里 伸进 一 <CL> 热水袋 然后 我 就 暖乎乎 地 一 觉 睡 到 天亮 谢 啦 !,个,根,-1.399072289466858,"根, 把, 只","-1.3991, -1.6038, -1.9862"
430,"要 找 一 <CL> 自己 喜欢 又 喜欢 自己 的 人 在一起 , 又 有 美好 结局 , 实在 太 难 , 叫人 不 敢 期待 。",个,本,-2.2144265174865723,"本, 个, 家","-2.2144, -2.7568, -2.9012"
431,我 应该 感到 很 幸福 才 对 有 <CL> 人 知道 我 没 车 回去 二话不说 就 来 接 我,个,些,-1.3473783731460571,"些, 点, 个","-1.3474, -1.5359, -1.5556"
432,"大年初四 , 财神 兵 分 五 <CL> 正向 你 家 进发东路 招财 , 西路 聚财 , 南路 敛财 , 西路 纳 财 , 中路 发财 。",路,行,-1.9144766330718994,"行, 路, 组","-1.9145, -1.9584, -2.7276"
433,"孤单 只 表示 身边 没有 别人 , 但 寂寞 是 一 <CL> 你 无法 将 感受 跟 别人 沟通 或 分享 的 心理 状态 。",种,种,-0.326006144285202,"种, 个, 份","-0.3260, -1.5615, -4.9559"
434,"刚才 一 <CL> qq 停 在 拐角 角落 , 问题 是 它 对面 也 停 了 车 。",辆,个,-1.7333528995513916,"个, 本, 家","-1.7334, -2.3271, -2.8119"
435,唉哟 的 那 <CL> 马 呀 1327649022477,个,个,-0.45602256059646606,"个, 种, 些","-0.4560, -2.4833, -2.5703"
436,发 了 两 <CL> 菜 居然 有 这个 介货 不 是 种 在 路边 美化 环境 的么 谁 能 告诉 我 这 到底 怎么 吃 啊,箱,发,-1.0446114540100098,"发, 个, 些","-1.0446, -1.7021, -3.3518"
437,你 看 你 那 <CL> 贱样,个,个,-0.815584123134613,"个, 些, 样","-0.8156, -2.1455, -2.4858"
438,"Hardpack 情 義兩 難全 之 玩爆 你 個腎 第 8 <CL> 台灣 下篇 KB 東區 兜個圈 撻嘢 嚇親 范曉萱 萬眾 期待 台灣篇 , 爆 范曉萱 真 係堅 , KB 撻完嘢 走先 , 留 低 萱萱 一 頭煙 , 究竟 KB 去 咗邊 大家 一齊去 睇片 !",回,集,-0.08083253353834152,"集, 季, 段","-0.0808, -4.0733, -4.5763"
439,现在 都 不 演 这 <CL> 类型 的 角色 了 !,种,个,-0.43388381600379944,"个, 样, 些","-0.4339, -2.4389, -2.9326"
440,"亲爱 勒雪 , 虽然 你 清早 八 晨 一 <CL> 电话 打扰 了 我 美 梦 , 但是 我 和婷 还是 最 爱 你勒 !",通,点,-0.8862898349761963,"点, 次, 个","-0.8863, -2.2432, -2.9388"
441,"祝贺 祝贺 马大帅 同学 顺利 通过 第一 关 , 撒 花 撒 花 zeng <CL> zeng 棒 也 预祝 接 下来 得 两 关 顺利 通过 噢 。",棒,下,-2.39591908454895,"下, 班, 等","-2.3959, -2.5645, -2.7976"
442,佩佩 就 是 TM <CL> 人渣 。,个,头,-2.894813299179077,"头, 个, 口","-2.8948, -2.8993, -3.2518"
443,再 和 大家 分享 一 <CL> 外国 给力 的 cos 道具 服装 和 强大 的 后期 想 知道 更 多 外国 cos 推荐 关注 的 微博 喜欢 的 就 转 走 吧 原文 地址,组,家,-1.997259497642517,"家, 分, 个","-1.9973, -2.2620, -2.3552"
444,每 <CL> 深夜 都 不 忘 让 噩梦 吓醒 记 我 记得 那么 清,个,家,-2.384026527404785,"家, 个, 本","-2.3840, -2.5245, -2.6322"
445,"初三 今天 出发 顺德 早起 , 泡 <CL> 热水澡 再 更 衣 !",个,个,-1.4358916282653809,"个, 面, 点","-1.4359, -1.4378, -2.0751"
446,"给 自己 <CL> 教训 , 明天 午饭 晚饭 不 准 吃 了 , 哪儿 也 不 去 了 , 回家 反省 去 大家 找找 我 在 哪 ?",个,个,-1.9549639225006104,"个, 对, 身","-1.9550, -2.8785, -2.9108"
447,"何必 呢 , 总 会 有 那么 一 <CL> 人 出现 的 不 是 吗 ?",个,些,-1.6786452531814575,"些, 个, 次","-1.6786, -2.0446, -2.7335"
448,后来 才 知道 后者 是 前者 旗下 的 另 一 <CL> 牌子 。,个,个,-2.276977777481079,"个, 代, 些","-2.2770, -2.8740, -2.9972"
449,"在 桂平 西山 龙华寺 看到 的 灵芝 , 师父 说 这 是 第四 <CL> 灵芝",株,次,-1.6611207723617554,"次, 层, 世","-1.6611, -2.3110, -2.8810"
450,"做 一 <CL> 坚强 的 女子 , 坦然 面对 , 勇敢 体会 。",个,行,-2.442004442214966,"行, 个, 家","-2.4420, -2.6652, -2.8821"
451,还是 那 <CL> 树 雪后,棵,个,-1.9318170547485352,"个, 些, 所","-1.9318, -1.9833, -2.4490"
452,"原来 感 叫 抓字虱 , 原来 感叫扮 可怜 , 原来 我 已经 学识 每 打 完 一 <CL> 电话 都 爆 粗",次,次,-1.6898434162139893,"次, 个, 篇","-1.6898, -1.6921, -2.7288"
453,"等 遇上 盗猎者 的 时候 , 仅 有 队长 和 记者 , 面对 盗猎 者 数十 <CL> 枪 盗猎者 利诱 的 , 日 泰 队长 依然 毫 不 畏惧 , 最终 命丧 枪口 。",杆,名,-0.39990150928497314,"名, 个, 位","-0.3999, -1.5624, -2.9318"
454,"在 游戏 大树 中 获得 了 成就 紫色 闪电 , 成为 微博 第 18 <CL> 获得 该 成就 的 人 , 你 想 和 TA 比 试 一下 吗",位,位,-1.1019543409347534,"位, 名, 届","-1.1020, -1.5862, -2.2804"
455,"虽然 由于 种种 原因 不 能 回家 过年 , 但 大年 初一 在 和 最 好 的 朋友 一起 游 公园 中 度过 , 原有 的 郁卒 也 渐渐 淡化 , 感觉 也 别 有 一 <CL> 滋味 !",番,番,-0.04874797910451889,"番, 种, 份","-0.0487, -3.6150, -4.2342"
456,"下午 , 年 前 的 最后 一 <CL> 上课 , 结束 以后 就 迎来 真正 的 假期 了 , 加油",次,个,-0.3244006335735321,"个, 次, 餐","-0.3244, -2.1978, -3.4734"
457,皇 马 什么 时候 能 赢 一 <CL> 吖,次,场,-0.6743628978729248,"场, 个, 点","-0.6744, -2.4464, -2.6135"
458,看看 远处 不 一定 爱 你 的 那 <CL> 人 早 就 等 在 那里 。,个,个,-0.7662171125411987,"个, 些, 种","-0.7662, -1.2454, -3.1684"
459,最近 人 都 跑到 哪去 了 连 <CL> 鬼 影都 看 不 到 今天 真 是 差到 了 极点 了,个,家,-2.0236027240753174,"家, 环, 串","-2.0236, -2.1982, -2.4068"
460,"这 <CL> 宝贝 这 两 天 问 的 人 满 多 好客 茶具 大号 孟宗竹 乌金 石 茶盘 茶 具 茶 海特价 67 x 345 x8 , 价格 29800 元 , 见",件,部,-2.2652926445007324,"部, 家, 本","-2.2653, -2.3092, -2.4152"
461,我 很 喜欢 这 <CL> 氛围 。,种,个,-2.4802308082580566,"个, 种, 面","-2.4802, -2.9679, -3.0264"
462,台上 的 十八 <CL> 武艺 是 台下 挤出 空闲 时间 辛苦 排练 的 成果 呀 !,般,位,-0.3804815411567688,"位, 个, 名","-0.3805, -2.8691, -4.1142"
463,"下午 困死 了 , 于是 五点多 开始 睡 , 又 是 乱七八糟 一 <CL> 梦 。",队,堆,-0.8041841387748718,"堆, 点, 个","-0.8042, -2.2031, -2.6575"
464,上传 了 6 <CL> 照片 到 相册 向日葵怂,张,个,-1.8651894330978394,"个, 本, 下","-1.8652, -1.9963, -2.4548"
465,"推荐 给 大家 一 <CL> 不错 的 小 工具 红烧 肉 的 做法 , 实用 又 方便 , 真的 很 赞 哦 !",个,家,-2.059518814086914,"家, 个, 次","-2.0595, -2.0989, -3.2145"
466,旁边 坐 着 一 <CL> 神神 叨叨 不 讲 卫生 的 极品 恶男,个,个,-1.9727925062179565,"个, 面, 家","-1.9728, -2.0801, -3.0534"
467,"熬夜 , 各 种痘 , 各 <CL> 肿好累 , 我 真的 受 不 了 夜生活 了 青瓜 面膜 我 爱 你 , 快点 让 我 的 皮肤 恢复 水嫩 细 滑",种,种,-0.011307811364531517,"种, 个, 处","-0.0113, -5.3112, -6.6151"
468,"我 一直 非常 非常 非常 想要 说 一 <CL> 非常 帅气 的 对白 , 那 就 是 , 这 辈子 我 买 过 房子 , 也 买 过 车子 , 但是 我 买 过 最 贵 的 , 是 梦想 !",句,下,-0.8048039674758911,"下, 句, 个","-0.8048, -1.4032, -1.7249"
469,上传 了 1 <CL> 照片 到 相册 迦南,张,本,-1.494774580001831,"本, 个, 下","-1.4948, -2.3748, -2.9671"
470,一 <CL> 人 开 在 空无一人 的 路 上 。,个,部,-2.274672031402588,"部, 家, 本","-2.2747, -2.3137, -2.3768"
471,原来 每 <CL> 情歌 都 可以 对号 入座 。,首,本,-1.7800488471984863,"本, 次, 个","-1.7800, -1.8576, -1.9973"
472,上传 了 8 <CL> 照片 到 相册 最 臭美 的 人 !,张,个,-1.9346529245376587,"个, 本, 下","-1.9347, -2.0879, -2.3816"
473,既然 如此 那么 好 吧 让 我 好好 睡 一 觉 吧 睡 掉 心 中 的 疑惑 睡去 那 <CL> 力求 真相 的 冲劲 也 睡去 我 那 日渐 加深 的 黑眼圈 吧 。,份,个,-0.7680855989456177,"个, 些, 种","-0.7681, -1.5607, -2.4911"
474,"做 了 梦 如下 带 着 我 去 完成 一 <CL> 艰巨 的 使命 , 每 人 身 上 都 背 有 功率 强大 的 电源 。",项,个,-0.5023089051246643,"个, 次, 件","-0.5023, -2.7407, -2.7494"
475,一 <CL> 迎 春花,组,部,-2.274671792984009,"部, 家, 本","-2.2747, -2.3137, -2.3768"
476,又 要 备战 新 一 <CL> 考试 。,轮,轮,-0.5262302160263062,"轮, 个, 波","-0.5262, -1.0236, -3.7081"
477,"这 <CL> 尺子 只要 你 走 过 就 会 自动 伸长 , 然后 到 直 到 承受 不 住 自身 重量 倒下 。",排,部,-2.2652926445007324,"部, 家, 本","-2.2653, -2.3092, -2.4152"
478,"一 <CL> 菜 半 小时 杀光 , 闲 得 无聊 , 咱就 来 炫炫 富 吧 !",桌,部,-2.274672031402588,"部, 家, 本","-2.2747, -2.3137, -2.3768"
479,"8 <CL> 钟 , 完成 !",个,张,-1.5397244691848755,"张, 种, 个","-1.5397, -1.7214, -3.0696"
480,调 三 <CL> 闹钟 就 不 信 明天 起 不 来,个,味,-2.3627383708953857,"味, 个, 下","-2.3627, -2.3903, -2.4156"
481,"到 最后 就 我 一 <CL> 清醒 的 , 搞 毛 啊",个,个,-2.349771499633789,"个, 家, 只","-2.3498, -2.6842, -3.2946"
482,"我 的 飞车 成就 完成 剧情 任务 飞跃 地平线 英雄 难度 第 8 关 , 又 要 等待 下 一 <CL> 剧情 了 。",个,个,-0.9131535887718201,"个, 章, 次","-0.9132, -2.0991, -2.1651"
483,一 <CL> 野 f 等 住 我 整 。,堆,部,-2.274672031402588,"部, 家, 本","-2.2747, -2.3137, -2.3768"
484,"发 一 <CL> 今天 败 得 水仙 的 照 , 看看 明天 会 开 了 多少",张,个,-2.4054832458496094,"个, 发, 家","-2.4055, -2.5066, -2.6748"
485,"看见 陈大可 她 我 就 想起 了 我 前 <CL> 准 老婆婆 , 我 还 不 能 像 李小璐 那么 面 , 打 起来 就 不 好 了 啦 , 我 这 也 是 为 和谐 社会 做 贡献 , 祝你 早日 找到 大面 瓜 媳妇儿 。",任,世,-0.5594877600669861,"世, 面, 辈","-0.5595, -2.0314, -2.0478"
486,"这 是 游人 曾 为 龙庆峡 拟 的 一 <CL> 对联 , 或许 , 它 道出 了 这 片奇山 丽水 的 底蕴 。",副,幅,-1.590462327003479,"幅, 首, 个","-1.5905, -1.8773, -2.4889"
487,"扇面 墙 背面 塑 有 玲珑 别致 的 须弥山 , 山间 塑有 罗汉 狮象 等 , 中部 有 一 <CL> 明代 彩塑 观音 坐像 , 头 戴 宝冠 , 肩 披 璎珞 飘带 , 胸 臂 裸露 圆润 , 一 足踏莲 , 一 足 踞起 , 双 手 抚膝 。",尊,座,-1.3230645656585693,"座, 个, 幅","-1.3231, -1.8829, -2.3764"
488,四 期 不 看 城画然 後 好像 不 認識 了 翻 兩三頁 就 是 篇 想 假裝 不 是 廣告 的 廣告 大膽 的 配圖 一 大 <CL> 密密麻麻 的 文字 原來 的 小 清新 大 希望 去 哪 兒了,片,堆,-0.41904816031455994,"堆, 片, 波","-0.4190, -2.8480, -2.8611"
489,很 久 没有 坐 过 家 里 的 公车 了 去 问 朋友 结果 朋友 一 <CL> 看 外星人 的 样子 说道 你 还是 不 是 梅州 人好 郁闷 啊,副,个,-1.9390549659729004,"个, 下, 句","-1.9391, -2.0089, -2.1945"
490,"刚刚 在 德克萨斯 扑克 游戏 中 与 同桌 PK , 以 一 <CL> 葫芦 牌型 赢取 了 198 筹码 !",手,个,-1.347437858581543,"个, 种, 张","-1.3474, -1.5464, -2.7906"
491,到头来 我 两 <CL> 妹妹 才 是 最 懂 我 的,个,个,-1.668073296546936,"个, 家, 只","-1.6681, -2.7736, -3.1193"
492,珊记 话 俄 发 左 呢 <CL> 微博 就 有 好 多 好多 人 关注 俄 噶啦 大家 多 D 支持 啊啊 啊啊 啊啊 。,条,个,-1.1137044429779053,"个, 架, 点","-1.1137, -2.3596, -3.1076"
493,这 是 一 <CL> 大大 的 赌注 我 想 知道 答案,个,个,-0.6065180897712708,"个, 种, 家","-0.6065, -1.3429, -3.7378"
494,"六点 准时 走 , 很 亢奋 , 沿海 南 下 , 第一 <CL> 走 。",次,次,-0.5275477170944214,"次, 个, 班","-0.5275, -2.1613, -2.7837"
495,鹏哥 畅姐 喜乐 会 男生 女生 冬季 巨制 鹏哥 畅姐 喜乐 会 新 一 <CL> 活力 星 主播 今晚 继续 为 你 带来 我 是 K 歌王 !,波,季,-0.5389358401298523,"季, 届, 轮","-0.5389, -1.3451, -2.8793"
496,"一 <CL> 面下 肚 , 今天 消耗 比较 大 , 比较 饿 。",碗,部,-2.274672031402588,"部, 家, 本","-2.2747, -2.3137, -2.3768"
497,灌水 表情 灌水 表情 看到 瘦 白鸽 的 博文 一 <CL> 创业者 的 创业 半 年 总结 有感而发 的 评论 。,位,个,-1.708829641342163,"个, 下, 般","-1.7088, -2.0960, -2.6490"
498,"一 <CL> 撕心裂肺 的 声音 在 屋内 回荡 , 走出 房门 依然 萦绕 耳边 。",种,部,-2.274672031402588,"部, 家, 本","-2.2747, -2.3137, -2.3768"
499,"人生 第一 <CL> 手机 是 长虹 A366 , 现在 用 索尼 爱立信 U100i 雅锐 Yari 。",部,本,-2.035998582839966,"本, 所, 行","-2.0360, -2.5733, -2.5860"
500,"如果 你 系 广州 甘 我 年三十 晚 都 唔使 一 <CL> 人 系 屋 企 过 , 特然 觉得 好 Lonely 今晚 好 想 同 你 去 party 啊 。",个,个,-1.1680591106414795,"个, 次, 点","-1.1681, -1.7802, -2.6194"
501,"一 睡 高 枕头 就 落枕 , 一 <CL> 痛 啊 白痴妹",个,个,-1.816935420036316,"个, 下, 次","-1.8169, -2.0837, -2.3105"
502,"过年 第一 <CL> 利是 , 期待 老豆 封",封,次,-1.3616923093795776,"次, 个, 波","-1.3617, -1.9516, -2.3760"
503,对说 四 <CL> 新年 快乐 新 的 一 年 比赛 继续 加油,锅,句,-2.4432735443115234,"句, 种, 个","-2.4433, -2.6664, -2.7597"
504,我 第一 <CL> 自己 挑 的 nike 曾 记得 在 王府井 买 的,双,家,-1.684350848197937,"家, 个, 行","-1.6844, -1.9609, -2.9854"
505,"亲 , 很 棒 的 宝贝 噢 满 468 <CL> 邮丸 美 化妆品 专卖 正品 白金 至 10500",包,分,-2.1552746295928955,"分, 包, 号","-2.1553, -2.6725, -2.8473"
506,爱 欧迪 J3 比较 适合 哪 <CL> 类型 的 音乐 呢 ?,种,个,-0.7833760380744934,"个, 些, 种","-0.7834, -1.7906, -1.9513"
507,"还 记得 去年 也 是 下 着 小 雪 , 地上 积 了 薄薄 的 一 <CL> 雪 。",层,层,-0.026856277137994766,"层, 片, 圈","-0.0269, -4.9283, -5.4789"
508,不 要 等 十几 <CL> 人 把 事情 闹 大 再 去 解决 。,家,个,-1.5547032356262207,"个, 等, 次","-1.5547, -2.2505, -2.8532"
509,"最 难 消化 的 4 <CL> 食物 1 冰激凌 会 影响 肠胃 功能 的 正常 运转 , 造成 食物 很 难 消化 , 容易 损伤 脾胃 。",类,种,-0.4692513644695282,"种, 个, 点","-0.4693, -1.9267, -2.4868"
510,"100 多 <CL> 小 短篇 , 文字 很 美 , 很 柔软 , 淡淡 的 疼惜 和 敏感 的 心 我 所 读到 的 最 温暖 最 孤独 最 伤感 的 书 。",个,个,-1.3248289823532104,"个, 道, 所","-1.3248, -3.1471, -3.4551"
511,系 2 <CL> 主席 。,个,列,-1.019587755203247,"列, 本, 版","-1.0196, -2.4200, -2.9745"
512,"你 设定 的 目标 越 是 高远 , 由于 压力 所 产生 的 动力 也 就 越 大 , 如果 你 能 承受 住 这 <CL> 压力 , 将 激发 出 你 体内 蕴藏 的 极 大 潜能 。",种,些,-0.5935115814208984,"些, 个, 种","-0.5935, -1.5966, -2.0546"
513,"总 有 一 <CL> 明天 就 休假 的 感觉 , 呵呵",种,个,-2.554887294769287,"个, 部, 发","-2.5549, -2.9368, -2.9886"
514,"不管 哪 阵子 , 别 忘 了 , 总 会 有 一 <CL> 不 嫌弃 你 的 人 , 陪 着 你 , 不 是 一 阵子 , 而 是 一 辈子 。",个,个,-0.5786556005477905,"个, 些, 种","-0.5787, -2.0515, -2.8691"
515,"什么 言语 都 没有 , 只有 晚安 两 <CL> 字 , 意味 深长 。",个,句,-0.10048045217990875,"句, 个, 声","-0.1005, -3.5838, -3.9957"
516,昨晚 居然 遇到 一 <CL> 这 高傲 的 乞丐 买 吃 的 给 他 居然 不 要 强滴,个,个,-1.8107823133468628,"个, 家, 本","-1.8108, -2.5525, -2.8222"
517,一 农妇 初 <CL> 进城 !,次,家,-2.6201257705688477,"家, 本, 任","-2.6201, -2.7348, -3.0248"
518,"经过 一 天 的 折腾 终于 回到 家 吃 了 两 大 <CL> 鸡汤 外加 米饭 , 我 的 大肚腩 好像 又 略微 的 鼓 起来 了 哦 。",碗,块,-1.1738533973693848,"块, 碗, 份","-1.1739, -2.0616, -2.4609"
519,上传 了 2 <CL> 照片 到 相册 LOVE,张,本,-1.5574169158935547,"本, 个, 下","-1.5574, -2.2349, -2.4300"
520,居然 还 混 了 <CL> 座儿 嘻嘻,个,个,-2.521794080734253,"个, 只, 本","-2.5218, -2.5607, -2.9824"
521,"每 <CL> 抬头 看 夜空 , 终于 发现 , 最美 还是 从前 。",次,家,-2.384026527404785,"家, 个, 本","-2.3840, -2.5245, -2.6322"
522,"主持 一 <CL> 家 , 劳心 劳力 胼手胝足 , 讲 的 是 毅力 非 手腕 。",个,任,-2.408642292022705,"任, 本, 个","-2.4086, -2.5773, -2.6543"
523,山珍 海味 比 不 起 家裏 的 一 <CL> 簡餐 啊 。,席,些,-0.6551955938339233,"些, 般, 堆","-0.6552, -2.1299, -2.8582"
524,"又 在 抽屉 里 发现 了 这个 , 还 有 一 <CL> 民国 时期 的 铜币 。",枚,个,-0.5903730392456055,"个, 本, 只","-0.5904, -3.1044, -3.3580"
525,准备 年货 过 年 招待 亲友 四 <CL> 坚果 千万 别 买 霉变 坚果 有 致癌 危险 炒焦 的 坚果 可 致癌 美容 的 坚果损 健康 口味 太重 的 坚果 易 变质 。,种,季,-2.1738483905792236,"季, 个, 口","-2.1738, -2.1845, -2.8262"
526,"不 是 我 心眼 小 , 只是 我 心 太 小 , 只 能 装下 一 <CL> 人 。",个,个,-0.6986557841300964,"个, 颗, 堆","-0.6987, -2.2792, -2.9286"
527,能 置 办好 一 <CL> 酒菜 是 种 本事 !,桌,行,-2.463438034057617,"行, 台, 所","-2.4634, -2.7305, -2.8337"
528,若曦 对 十 爷挺 残忍 <CL> 惊心 还行 看 着 嘲笑偶 吧 。,步,对,-2.0825579166412354,"对, 只, 点","-2.0826, -2.2764, -2.3337"
529,姓 胡 的 你 <CL> 混蛋 你 他 妈 的 居然 有 外遇 !,个,个,-2.2540218830108643,"个, 本, 所","-2.2540, -2.4307, -2.7009"
530,", 我 投给 了 佟丽娅 这 1 <CL> 选项 。",个,个,-1.3709429502487183,"个, 张, 只","-1.3709, -2.0236, -2.5272"
531,"国内 的 摇滚圈 , 画面 感 很 强 的 , 中国 摇滚 这么 多 年 , 需要 一 <CL> 本质 摇滚 的 人 来 关注 。",个,个,-0.34461385011672974,"个, 些, 种","-0.3446, -2.7432, -3.2955"
532,不 能 承受 生命 之 轻 我们 身边 有 三 <CL> 人 朋友 敌人 非 敌 非 友 的 人 。,种,个,-0.5512345433235168,"个, 种, 位","-0.5512, -1.5438, -2.1474"
533,"现 已 有 5 <CL> 工人 , 连 我 才 凑 够 满额 。",名,个,-0.4100939929485321,"个, 台, 分","-0.4101, -2.9240, -3.6574"
534,"我 在 龙年 送 大礼 , Ipad 送 你 大 转盘 活动 中 抽 中 二 <CL> 奖 镭拓 腕托 鼠标垫 地址",等,个,-1.790945291519165,"个, 张, 次","-1.7909, -2.0907, -2.1529"
535,嘿嘿 寒假 要 狂 体 电影 今 <CL> 稳人 陪 我 挑战 恐怖片,次,面,-2.5491135120391846,"面, 下, 季","-2.5491, -2.8623, -2.9282"
536,"一 <CL> 同学 非要 给 我 介绍 男朋友 , 我 说 必须 符合 我 的 要求 才 能 去 见面 , 不 能 随随便便 就 去 见 !",个,部,-2.274672031402588,"部, 家, 本","-2.2747, -2.3137, -2.3768"
537,"现在 的 利物浦 一 <CL> 牛逼 人物 , 神锋卡罗尔 大师 亨德森 飞翼 马克西 铁 卫 约翰逊",堆,家,-1.0920920372009277,"家, 般, 通","-1.0921, -1.9905, -3.1298"
538,"我 参与 了 发起 的 投票 每 年 春节 前 你 都 会 做 什么 准备 , 我 投给 了 打扫 房间 , 清 杂物 这 5 <CL> 选项 。",个,个,-0.8781749606132507,"个, 项, 件","-0.8782, -1.8009, -1.8252"
539,第三 <CL> 越狱 。,次,家,-1.7182221412658691,"家, 本, 次","-1.7182, -2.3878, -3.2154"
540,"这 <CL> 冷冷 的 天气 真 不 想 出去 啊 刚 考完 试 也 不 急着 看书 无聊 地 在 床 上 打滚 , 余光 刚好 扫 过 的 3 DS 不 不 行 不 行 不 行 !",种,部,-2.2652926445007324,"部, 家, 本","-2.2653, -2.3092, -2.4152"
541,"脑子 真 疼 初 七 <CL> 小 人 , 回家 歹饺子 哈哈",管,下,-1.853613257408142,"下, 节, 号","-1.8536, -2.0726, -2.7545"
542,"打扮 得 如此 粉嫩 斯文 , 却 在 如厕 后 展示 了 你 颠覆性 的 一 <CL> 临门一脚 冲厕 所 !",面,脸,-1.6260731220245361,"脸, 面, 处","-1.6261, -2.3286, -2.7030"
543,"工作 动态 在 新春 佳节 合家 团聚 之际 , 华山 东路 派出所 也 以 传统 方式 欢度 佳节 全 <CL> 民警 自 除夕 至 年初一 , 全天候 坚守 在 辖区 圆通 寺 圆通山 , 为 群众 平安 进香 快乐 出游 排忧 解难 保驾 护航 。",所,家,-1.6178556680679321,"家, 部, 局","-1.6179, -1.6531, -1.9658"
544,"好不容易 睡 <CL> 懒觉 , 还是 自己 逼 自己 的 , 本来 六点半 就 醒了",个,起,-2.2354493141174316,"起, 行, 家","-2.2354, -2.5229, -2.7837"
545,"她 嫌 男友 当 着 朋友 没有 给 留 面子 , 便 拿起 一 <CL> 汽油 , 用 打火机 点燃 。",瓶,个,-1.6948961019515991,"个, 本, 张","-1.6949, -2.2044, -2.2397"
546,那 一 <CL> 会 笑 的 女孩 她 是 不 是 死 了 。,个,部,-2.2950639724731445,"部, 家, 本","-2.2951, -2.3093, -2.4049"
547,在 存完 压岁 钱 回家 之后 我 偷偷 的 喝 了 一 <CL> 红酒 感觉 头 有 点晕 啊啊 啊 不 会 吧 我 不 会 这么 弱 吧,杯,杯,-0.3811874985694885,"杯, 口, 瓶","-0.3812, -2.5119, -2.7160"
548,发表 了 一 <CL> 转载 博文 转载 单车 万 里 藏 地 行摄 抵达 拉萨,篇,发,-1.5355762243270874,"发, 个, 些","-1.5356, -2.5500, -2.7910"
549,"龙年 第一 <CL> 愿望 , 希望 今天 高速 堵车 !",个,个,-0.9289422035217285,"个, 次, 名","-0.9289, -1.7566, -2.5052"
550,"第一 站 是 民族 博物馆 , 广西 有 12 <CL> 少数 民族 , 这里 展出 了 各 少数 民族 的 衣 食 住行 文化 。",个,个,-0.2846221923828125,"个, 座, 家","-0.2846, -2.4061, -2.7707"
551,我们 这 <CL> 玩 了 10 几 年 的 老友 都 渐渐 迈入 三十 的 队伍 了 。,波,个,-0.7670873999595642,"个, 些, 样","-0.7671, -2.3375, -2.4371"
552,可以 睡 到 现在 真 是 一 <CL> 享受,种,个,-0.5390698909759521,"个, 种, 次","-0.5391, -2.2234, -2.5965"
553,但 几十 <CL> 电杆 经过 努力 还是 全部 运 到位 。,根,个,-1.8816841840744019,"个, 本, 等","-1.8817, -2.8197, -3.0424"
554,"有些 事 只 能 自己 去 度过 , 这 世界 上 根本 没有 一 <CL> 东西 叫 感同身受 。",种,个,-0.28401637077331543,"个, 件, 种","-0.2840, -2.2868, -2.6304"
555,"都 他丫 的 这个 时间 段 了 , 还 TMD 的 放 十万 响 的 那 <CL> 挂鞭 。",种,个,-0.4559490978717804,"个, 种, 些","-0.4559, -1.9822, -2.3458"
556,无奈 被 <CL> 小 女孩 给 喝 倒 了,个,部,-1.657138705253601,"部, 家, 发","-1.6571, -2.8753, -3.0671"
557,只 想 问 一 <CL> 故人 可 安好 ?,句,个,-1.4095399379730225,"个, 些, 种","-1.4095, -2.3731, -2.5122"
558,"年终 奖 什么 时候 才 能 到手 啊 , 缺 钱 , 缺 钱 , 银行 里 还 有 一 大 <CL> 债 等 着 还 那",堆,堆,-0.4441196918487549,"堆, 块, 把","-0.4441, -2.5121, -2.6958"
559,"于是 我 接着 说 : “ 我们 本来 的 地球 是 在 一个 宇宙 里 , ‘ 克丽丝汀 号 ’ 到 达 了 那个 宇宙 的 边缘 , 也 就 是 那 <CL> 黑色 的 带状 物 。",条,个,-0.15261337161064148,"个, 些, 样","-0.1526, -3.1884, -3.4901"
560,印度 要求 5 <CL> 外国 记者 离开 克什米尔,名,名,-1.6880759000778198,"名, 家, 分","-1.6881, -2.1963, -2.2382"
561,"上 周 925 播放 了 品冠 的 后来 的 我们 , 今天 是 起床 , 这 <CL> 概率 很 小 , 而 对 我 有 特殊 意义 的 起床 很少 有 人 知道 。",种,次,-1.1906640529632568,"次, 个, 样","-1.1907, -1.1988, -1.6067"
562,"记录 一下 , 第一 <CL> 工作 电话 , 颜 。",个,次,-0.5365198254585266,"次, 个, 篇","-0.5365, -2.6790, -2.7815"
563,斗 <CL> 地主 我 容易 吗 ?,个,阵,-2.8054263591766357,"阵, 脸, 下","-2.8054, -2.8901, -3.0700"
564,"看到 董卿 报幕 说 , 接下来 为 大家 带来 一 <CL> 充满 激情 的 表演 。",段,个,-1.6440081596374512,"个, 些, 份","-1.6440, -2.1118, -2.2517"
565,"失眠 了 , 昨天 的 一 <CL> 谈话 , 让 我 倍感 压力 之 大 。",席,次,-1.7602312564849854,"次, 些, 下","-1.7602, -1.9480, -2.8392"
566,"新 中国 成立 , 1949 年 9 月 27 日 , 在 中国 人民 政治 协商 会议 第一 <CL> 全体 会议 上 , 通过 使用 世界 上 通用 的 公历 纪元 , 把 公历 的 元月 一日 定为 元旦 , 俗称 阳历年 。",届,届,-0.22453844547271729,"届, 次, 批","-0.2245, -1.9885, -3.8526"
567,董卿 第三 <CL> 衣服 了,套,章,-2.209869623184204,"章, 代, 次","-2.2099, -2.3404, -2.5774"
568,再 推荐 一 <CL> 独立 乐队 Cults 。,个,次,-2.368723154067993,"次, 本, 个","-2.3687, -2.3914, -2.9831"
569,皇冠 信誉 健维士 水 夫人 润年 大豆 异 黄酮 同时 补钙 送 30 <CL> 羊 胎素 6000,粒,粒,-1.7113823890686035,"粒, 颗, 个","-1.7114, -2.3653, -2.4438"
570,"有 好些 同学 , 真的 要 想 一 <CL> 才 能 对 上号 , 惭愧 啊 。",阵,下,-0.0926763266324997,"下, 个, 些","-0.0927, -3.8059, -4.1103"
571,"跟 我 说 这 <CL> 话 的 人 , 你 还 记得 吗 ?",句,个,-0.9575871825218201,"个, 样, 次","-0.9576, -1.9961, -2.6341"
572,"坐 班车 时 碰见 一 <CL> 学生 , 结果 更 一 衣 时 边上 一 人 问 我 你 是 倪老师 吗 我 是 向东 的 学生 。",批,个,-1.0730438232421875,"个, 位, 群","-1.0730, -1.2928, -2.6932"
573,"下午 加 了 点 奶粉 , 夜 里 睡 半 小时 就 醒 , 还 常 放屁 , 哭闹 要 竖 抱 , 应该 是 消化不良 , 刚 喂 了 半 <CL> 妈咪 爱 。",包,点,-1.375166893005371,"点, 个, 次","-1.3752, -1.4699, -2.4316"
574,"传闻 梁洛施 对 李泽楷 下降 头 , 两 <CL> 尸油 分别 擦在 嘴唇 和 舌头 上 。",瓶,次,-1.4380258321762085,"次, 个, 位","-1.4380, -1.6857, -1.8174"
575,粉藍色 Powder blue Vaaleansinisi auml Ljusbl aring 粉藍色 是 一 種淡淡 的 素淨 的 顔色給人 一 種憂郁 的 清新 的 感覺 粉藍讓人 感到 心平氣 和 粉藍讓 人 想到 幾近 透明 的 天空 有 一 <CL> 純潔 的 雲遮擋,片,片,-1.0238306522369385,"片, 些, 股","-1.0238, -1.4503, -2.9538"
576,"今日 虽然 被 M P 喷 了 一 <CL> 口水 , 但 也 算是 有所 突破 了 , 虽然 只 是 一 小 步 。",脸,个,-1.8534095287322998,"个, 本, 家","-1.8534, -2.5159, -3.0751"
577,"没有 吃 晚饭 , 喝 了 两 <CL> 奶 。",次,碗,-1.0728123188018799,"碗, 杯, 次","-1.0728, -1.3799, -2.0122"
578,一 <CL> 人 放 在 心 里 琢磨 。,个,部,-2.274672031402588,"部, 家, 本","-2.2747, -2.3137, -2.3768"
579,"我删 了 那 <CL> 微薄 , 不 代表 事情 不 存在 了 !",条,个,-0.8950549364089966,"个, 些, 张","-0.8951, -2.0177, -2.2077"
580,"看 两 <CL> GA , 我 立刻 觉得 我 又 活 过来 了 。",集,本,-2.1501083374023438,"本, 个, 家","-2.1501, -2.5987, -2.7034"
581,姨妈 家 里 的 几 <CL> 呆 鱼 。,条,个,-0.43287065625190735,"个, 位, 张","-0.4329, -1.8721, -4.0110"
582,你 我 只有 一 <CL> 联络 的 方式 !,种,个,-1.5009156465530396,"个, 本, 只","-1.5009, -2.3603, -2.4903"
583,"早安 面对 阳光 , 忽 的 一 <CL> , 飞奔 公司 , 想 着 不 要 迟到 啊 结果 真 没 迟到 !",声,阵,-0.33347687125205994,"阵, 个, 下","-0.3335, -2.5098, -3.1940"
584,"当 你 想起 这 <CL> 事 不 再 烦恼 或 有 太 多 想法 时 你 就 真的 放下 了 , 开心 开心",件,个,-1.7666045427322388,"个, 些, 所","-1.7666, -2.9330, -2.9476"
585,回来 记得 来 <CL> 信息 电话 微博 !,个,回,-0.51265949010849,"回, 个, 次","-0.5127, -2.8893, -2.9054"
586,"好听 又 好看 的 曲儿 清早 一 听 , 嗨 皮 一 天 自然 卷 坐 在 巷口 的 那 <CL> 男女",对,个,-0.9678537845611572,"个, 张, 家","-0.9679, -2.5380, -2.7535"
587,"要 回家 了 , 静静 说 一起 吃 <CL> 饭 , 是 不 是 要 给 她 说 彭 和 露露 的 事情 , 我 在 纠结 , 是 不 是 该 有 自己 的 小 秘密 ?",个,餐,-0.7438974976539612,"餐, 点, 下","-0.7439, -2.8147, -2.8899"
588,曩谟 三 满 哆母驮喃阿钵啰 底贺 多 舍娑 曩喃怛侄 他 唵佉佉佉呬 佉呬吽吽 入 嚩啰 入 嚩啰钵 啰入 嚩啰钵 啰入 嚩啰 底瑟姹底瑟姹瑟 致哩 瑟致哩 娑癹吒 娑癹吒 <CL> 底迦室 哩曳娑 嚩诃,扇,名,-1.888640284538269,"名, 波, 种","-1.8886, -2.3431, -2.4854"
589,给 大家 介绍 <CL> 新 护肤品 LA MER 海蓝 之 谜,个,家,-1.999537706375122,"家, 些, 个","-1.9995, -2.6302, -2.9017"
590,饭店 门囗 发现 一 <CL> 鸡,只,个,-2.8996646404266357,"个, 台, 家","-2.8997, -2.9215, -3.0006"
591,"看 <CL> 视频 都 要 复制 , 搜索 , 找 youku 的 链接 , 打开 。",个,部,-2.191323757171631,"部, 家, 本","-2.1913, -2.3482, -2.4030"
592,这么 大 <CL> 骨头 !,个,楼,-1.7233164310455322,"楼, 家, 个","-1.7233, -1.9010, -1.9149"
593,岁末 了 还 窝 了 一 <CL> 火,肚子,个,-1.553207516670227,"个, 家, 些","-1.5532, -2.7029, -3.2539"
594,"新 一 年 开始 啦 , 我 不 希望 自己 明年 还 是 这个 样子 , 我 会 努力 抓住 每 <CL> 机会 , 争取 早日 实现 自己 的 短期 目标 !",次,个,-0.10173290222883224,"个, 次, 件","-0.1017, -3.4777, -3.8095"
595,"在 花园 发现 到 一 <CL> 走动 的 物体 在 草地 上 兜圈圈 , 传说 中 的 晨 运",个,台,-2.3343610763549805,"台, 个, 家","-2.3344, -2.5799, -2.9361"
596,仲要 一 <CL> 假 话话 为 你 好 !,口,家,-1.9630279541015625,"家, 次, 架","-1.9630, -2.3963, -2.6686"
597,再 丑 也 是 一 <CL> 青春 无敌 的 样子 !,副,个,-2.158437967300415,"个, 次, 家","-2.1584, -2.2709, -2.8064"
598,"我 竟然 做 了 生命套 , 而且 还 弄 了 <CL> 骑士 护手 。",个,个,-0.4539423882961273,"个, 套, 些","-0.4539, -2.3327, -2.7701"
599,真 系 太 多 謝超哥 送 我 噶 12 <CL> 粟 一 燒宜家 食剩 4 包咯 哈哈 !,包,次,-2.096207857131958,"次, 盒, 架","-2.0962, -2.3311, -3.1837"
600,"初一 凌晨 一 <CL> 人 不 回家 , 聚众 打麻 将 要 通宵 啊 , 好 尴尬",伙,次,-2.8057589530944824,"次, 身, 起","-2.8058, -2.8110, -2.8683"
601,大 清早 的 一 出 小 区 门口 就 看到 一 <CL> 尸体 这 算 RP 嘛,具,家,-1.0548083782196045,"家, 个, 条","-1.0548, -1.2196, -2.8302"
602,"我 只 能 像 <CL> 老人家 一样 瑟瑟 度过 冬天 , 盼望 春天 的 到来 , 春天 来 不 了 , 就 只 能 盼望 尽早 回 广州 了 。",个,只,-1.863165020942688,"只, 个, 家","-1.8632, -2.0835, -2.7737"
603,boss 30 哪 <CL> 国家 脱口而出 百度 一下 。,个,个,-0.6953566670417786,"个, 些, 位","-0.6954, -1.9257, -2.4748"
604,"今天 老公 陪我 逛 了 整天 , 结果 买 的 都 是 他 的 东西 我 只 收获 了 一 <CL> 美食 , 大过 年 的 , 减肥 的 事 回 苏州 再 说 吧",餐,些,-1.6639803647994995,"些, 堆, 个","-1.6640, -1.7596, -1.8161"
605,春卷 吃 <CL> 睡觉觉,点,季,-1.44582200050354,"季, 下, 卷","-1.4458, -2.8304, -3.0277"
606,"距 食 <CL> 软糖 食 得 好 狰狞 , 其实 系 米 距 食 太 多 零食 搞 到 无 胃口 食饭 , 但 家姐话 应该 五 关 事 , 系 距 失恋 , 无 胃口 了 。",粒,环,-0.8163292407989502,"环, 分, 双","-0.8163, -1.2040, -2.4588"
607,"好 喜欢 这 <CL> 皮肤 , 都 来 下载 吧 我 刚 通过 分享 了 搜狗 皮肤 Light year 维尼 夫妇 巧克力 爱 下载 地址",款,个,-2.4189891815185547,"个, 台, 本","-2.4190, -2.4862, -3.0822"
608,"听 妈妈 电话 听 的 我 真 要 崩溃 了 , 我 心 里 真 快 承受 不 了 了 , 这 <CL> 关爱 , 我 快 窒息 了",种,次,-0.8755272626876831,"次, 个, 样","-0.8755, -1.6046, -1.7079"
609,"面對 強國 的 大 <CL> 大款 , 狗 與豬 終於 認衰 !",批,家,-0.755274772644043,"家, 面, 对","-0.7553, -1.9501, -2.3868"
610,"亲们 , 我 家 最近 人气 关注 度 最高 宝贝 新西兰 品牌 原装 进口 Heitiki 婴幼儿 宝宝 奶粉 二 <CL> 金装包邮 分亨 给 大家 , 有 图 有 真相",段,手,-0.8591911196708679,"手, 代, 线","-0.8592, -1.5879, -2.6060"
611,"早上 的 的士 摸样 了 , 拦 了 半 <CL> 小时 拦 不 到 , 好不容易 拦 到 , 快要 上 三环 , 手机 又 忘 拿 了 , 又 回去 拿 !",个,路,-1.187485694885254,"路, 圈, 个","-1.1875, -1.4897, -1.6798"
612,我 爱 丁 先生 156 想 你 的 第三 天 那 <CL> 年,些,个,-0.7262008190155029,"个, 些, 样","-0.7262, -1.5097, -2.7958"
613,"范冰冰 这 <CL> 经典 黑色 组合 凸显 腰身 , 强调 了 S 形 曲线 , 值得 向 大家 推荐 。",身,些,-2.0179574489593506,"些, 样, 本","-2.0180, -2.3342, -2.3841"
614,"剑侠 世界 我 在 电信 吉祥区 葬花吟 武夷山 , 这里 是 五千万 人 的 江湖 , 萝莉御姐 任 你 挑选 , 抱 <CL> 妞儿 回家 过冬咯 !",个,团,-1.117370843887329,"团, 头, 包","-1.1174, -2.2362, -2.9196"
615,这 两 天 粉丝 每 天 一 <CL> 人,个,次,-1.673205852508545,"次, 起, 个","-1.6732, -1.8927, -1.9194"
616,"每 <CL> 人 身体 棒棒 , 感情 也 顺风 顺水 !",个,家,-2.384026527404785,"家, 个, 本","-2.3840, -2.5245, -2.6322"
617,"可以 说 : 现在 农村 市场 的 现状 一方面 是 疲软 , 另一方面 是 有效 供给 不足 , 形成 这样 一 <CL> 局面 的 原因 何在 ?",种,个,-0.24087877571582794,"个, 种, 些","-0.2409, -1.8222, -4.0727"
618,签阿签阿签阿 可以 噶话 果断 签阿之前 阿里纳斯 就 话 区 想来 LA 啦 老 将 底薪区 都 话 受 如果 真 系 签佐班尼斯 慈世平 阿里纳斯 想象 下 尼 三 <CL> 搞 屎棍 系 埋 一齐 会 发生 咩事 分享 图片,件,位,-1.1381251811981201,"位, 个, 名","-1.1381, -2.2851, -2.5730"
619,"咿咿 是 最 下面 的 那 <CL> 大 鸭子 , 呀呀 是 上面 的 小 鸭子 。",个,个,-0.5507364273071289,"个, 句, 种","-0.5507, -1.9444, -3.0770"
620,想起 昨晚 有 人 说 的 关于 光棍 的 一 <CL> 话 顿时 觉得 无限 贴切 。,席,些,-0.9779673218727112,"些, 个, 篇","-0.9780, -1.4740, -2.2846"
621,"还 有 妮妮 , 还 有 那 <CL> 贤慧 的 男朋友 , 还 想 你们 呀 。",个,个,-0.4646482467651367,"个, 些, 位","-0.4646, -1.4799, -2.6528"
622,漂亮 女 老师 惨遭 凌辱 www 517 sese info 疯狂 的 石头 走着瞧 追捕 枪王 之 王 万历 首 辅 张居正 黄炎培 追踪 窃听 风云 丑 女 无敌 第二 <CL> 狗 和 狼 的 时间 贝多芬 病毒 民国 往事 小兵 张嘎 Hello 树 先生 岁月 神偷 牛郎 织女 善德女王 红楼 梦 风声 爱情 公寓,季,集,-1.676001787185669,"集, 章, 季","-1.6760, -1.6877, -1.6996"
623,"需要 一 <CL> 跟 我 一起 奋斗 的 人 , 一起 体验 爱情 里 的 酸甜苦辣",个,本,-2.1721343994140625,"本, 家, 个","-2.1721, -2.3715, -2.7376"
624,今晚 清网 行动 的 战利品 当时 那 <CL> 激动 恐惧 紧张 刺激 啊 想 起来 都 炭炭 zhun,个,个,-1.0500844717025757,"个, 些, 张","-1.0501, -1.3251, -2.4917"
625,"万 诗 言 小 妹妹 , 虽然 不 算 倾国 倾城 , 但 别有 一 <CL> 风味 。",番,番,-0.997012734413147,"番, 种, 份","-0.9970, -1.0665, -1.8721"
626,"微 阅读 周六 下午 , 他 都 会 来 茶楼 点 一 <CL> 龙井 , 坐 在 二 楼 靠 窗 位子 。",壶,杯,-0.7200959324836731,"杯, 点, 个","-0.7201, -2.4381, -2.7151"
627,我 真 想 一 <CL> 手机 砸晕 你 !,台,下,-0.31592100858688354,"下, 次, 句","-0.3159, -2.5485, -3.4258"
628,"大夫山 山地车 亚运 比赛 路径 够 刺激 , 下 <CL> 要 继续 来 挑战 。",次,面,-0.9852930307388306,"面, 次, 班","-0.9853, -1.1989, -2.6260"
629,"想 创业 容易 , 注册 一 <CL> 公司 也 很 简单 , 但 要 活 下去 就 难 了 , 要 做 大 做 强 更 是 难上加难 !",个,个,-0.37763848900794983,"个, 次, 下","-0.3776, -2.7708, -2.9867"
630,我 才 买 了 一 <CL> 多 月 的 新 车子 啊 !,个,个,-1.8345528841018677,"个, 本, 家","-1.8346, -2.5783, -3.0046"
631,"中 二 <CL> 奖 , 希望 转运 , 2012 加油 。",等,班,-0.7411524653434753,"班, 下, 部","-0.7412, -2.6295, -3.0025"
632,若 是 可以 不 想 念 若 是 可以 在 有 那么 一 <CL> 新 的 他,个,个,-0.9652993083000183,"个, 点, 种","-0.9653, -1.4879, -1.9558"
633,真 想来 一 <CL> 真真正 正 的 旅游 啊 。,次,个,-1.5250329971313477,"个, 些, 本","-1.5250, -2.6271, -2.7399"
634,我 感觉 我丫 的 离 中风 这 <CL> 事 越来越 靠边 了 。,档子,个,-0.5660942792892456,"个, 种, 样","-0.5661, -2.7689, -2.8521"
635,"你 送 祝福 我 送礼 新 的 1 年 开始 , 祝 好 事 接 2 连 3 , 心情 4 <CL> 如春 , 生活 5 颜 6 色 7 彩 缤纷 , 偶尔 8 点 小 财 , 烦恼 9 霄 云外 , 请 接受 我 10 心 10 意 的 祝福 !",季,分,-1.2877233028411865,"分, 点, 个","-1.2877, -1.7139, -3.0750"
636,而 这 两 <CL> 东西 绝 不 允许 他 在 十几 岁 的 年纪 选择 爱情 。,样,家,-2.261218786239624,"家, 所, 部","-2.2612, -2.7608, -2.8280"
637,感 薄熙 来说 廉洁 是 一 <CL> 幸福转,种,个,-0.8353497982025146,"个, 种, 项","-0.8353, -1.0578, -3.0125"
638,分享 圖片 这 <CL> 猫 牛 了 它 看见 什么 啦 两 眼 发 清光 了 南瓜,只,个,-0.6830182075500488,"个, 些, 张","-0.6830, -2.0831, -2.9961"
639,你 的 心 是 一 <CL> 墙 。,面,个,-0.9333477020263672,"个, 件, 座","-0.9333, -3.0485, -3.1842"
640,各 <CL> 吃喝 多 了 !,种,部,-2.2667856216430664,"部, 家, 本","-2.2668, -2.3141, -2.3853"
641,长 这么 大 还 是 第一 <CL> 小 年夜 没有 和 家人 在一起 过 。,次,次,-1.016049861907959,"次, 个, 名","-1.0160, -1.3073, -1.5045"
642,第一 <CL> 上 微博 很 高兴,次,家,-2.239959716796875,"家, 部, 本","-2.2400, -2.2920, -2.4738"
643,这 <CL> 耗儿 鱼 确实 好 吃 惨,家,部,-2.2652926445007324,"部, 家, 本","-2.2653, -2.3092, -2.4152"
644,"这 <CL> 国际 礼拜堂 的 圣诞树 , 是 我 今年 见 过 最 美 的 可惜 照片 拍 不 出 它 的 美感 , 只 能 将 就 着 看看",棵,部,-2.2652926445007324,"部, 家, 本","-2.2653, -2.3092, -2.4152"
645,爸爸 妈妈 今年 你 给 了 我 一 <CL> 特别 的 惊喜 !,个,个,-0.6882495880126953,"个, 份, 张","-0.6882, -2.3857, -2.7568"
646,"三 <CL> 同堂 在 微博 , 应该 是 破 纪录 的 了 !",代,部,-2.268050193786621,"部, 家, 本","-2.2681, -2.3103, -2.3948"
647,"这 <CL> 过 的 很 无聊 啊 , 再 也 没有 儿时 对 过 年 的 期盼",节,部,-2.2652926445007324,"部, 家, 本","-2.2653, -2.3092, -2.4152"
648,第二 <CL> 乐 !,波,本,-1.540333867073059,"本, 次, 家","-1.5403, -2.9048, -2.9258"
649,"第一 <CL> 坐到 这个 样子 的 , 看来 还是 南航 比 东航 硬件 给 力阿 !",次,家,-2.239959716796875,"家, 部, 本","-2.2400, -2.2920, -2.4738"
650,"第一 <CL> 在 异地 而且 是 实在 不 乍地 的 酒店 倒头 便 睡 , 看来 我 实在 累得 不 轻 啊 !",次,家,-2.239959716796875,"家, 部, 本","-2.2400, -2.2920, -2.4738"
651,"结果 还 是 只有 自己 承受 , , 原来 只 是 一 <CL> 梦 。",个,个,-0.5388149619102478,"个, 种, 件","-0.5388, -2.1244, -3.1180"
652,今晚 各 <CL> 无奈 啦 !,种,位,-0.31935521960258484,"位, 家, 班","-0.3194, -2.3857, -3.8075"
653,"一 <CL> 感人 的 漫画 谨 以 此 画 祝愿 所有 博友 父母 龙年 身体 安康 , 祝愿 天下 老 人 都 能 感受 后辈 的 关爱 , 如果 有 爱 , 就 让 爱心 表达 传递 !",幅,部,-2.274672031402588,"部, 家, 本","-2.2747, -2.3137, -2.3768"
654,"坐 火车 真 累 , 还 有 十几 <CL> 小时 , 我 一定 要 完成 我 的 理想 , 然后",个,分,-0.5176389813423157,"分, 个, 块","-0.5176, -1.9309, -3.0817"
655,"不 对 称 的 美 另 <CL> 又 特别 , 亮色 的 圆点 生命力 十足 , 轻松 跳进 视线 。",类,类,-0.0881262794137001,"类, 种, 起","-0.0881, -3.6694, -4.8084"
656,小毛 这 <CL> 帽子 真 好看,顶,本,-2.3234145641326904,"本, 家, 个","-2.3234, -2.7512, -2.7990"
657,只有 上 十二 <CL> 小时 夜班 的 人 才 知道 漫漫长夜 有 多 长,个,本,-2.5074403285980225,"本, 个, 所","-2.5074, -2.6234, -2.8847"
658,"今年 过年 影响 最 深刻 的 画面 央视 花上 千万 元 租 了 一 <CL> 直升机 , 跟 拍 广东 农民工 为了 省 钱 骑 摩托车 返乡 的 画面 !",架,个,-0.9359474182128906,"个, 套, 家","-0.9359, -2.0521, -2.1011"
659,"我 如果 真的 爱 一 <CL> 人 , 就 会 让 她 幸福 快乐 。",个,个,-0.10958608984947205,"个, 次, 点","-0.1096, -3.7275, -4.9202"
660,顶 你 大年 初一 卑 人 一 野 灌 半 <CL> 红酒咩 状况 已经 好坚 了 隔离 果 d 全部 训低,瓶,顶,-1.6484191417694092,"顶, 个, 套","-1.6484, -2.0667, -3.0200"
661,2011 年 全 年 CPI 的 平均 在 562010 年 全 年 在 33 也 就 是 增长 了 23 举 例 2010 年 买 一 <CL> 裤子 要 100 元 2011 年 底 买 要 1001231023 真 不 知道 这样 算 对 不 对 了,个,个,-1.3245830535888672,"个, 套, 份","-1.3246, -2.2126, -2.5240"
662,"12 最近 身边 发生 的 人 和 事 , 不得不 让 我 重新 审视 爱情 和 婚姻 , 我 不 明白 一 <CL> 眼 里 只有 孩子 却 把 老公 打入 冷宫 的 女人 , 是 怎样 维持 她 的 爱情 ?",个,些,-0.8212326169013977,"些, 个, 点","-0.8212, -1.2438, -2.2948"
663,"让 trouble 都来 的 更 猛烈 些 吧 , 让 我 一 <CL> 人 静静 的 戴上 耳机 , 让 我 继续 活 在 那些 幻想 中 吧 。",个,个,-1.2716203927993774,"个, 起, 次","-1.2716, -1.9623, -2.3519"
664,国安 海南 训练 过 小 年 吃 饺子 确定 无缘 签 葡超锋霸 尽管 远 在 海南 进行 冬训 国安 也 没 耽误 按 着 老礼儿 过年 专程 随队 过去 的 厨师 就 给 全队 做 了 一 <CL> 饺子 和 炸酱面 让 全 队 也 好好 解 了 解馋 。,顿,个,-1.542950987815857,"个, 份, 道","-1.5430, -1.7544, -2.1617"
665,那些 年 我们 一起 追 的 女孩 mv 电影 完整版 1 <CL> 惊心 吴奇隆 四爷 绝密 档案 康熙 来 了 的 丝 全集 2012 分享 自,步,分,-0.9660329818725586,"分, 集, 张","-0.9660, -1.1990, -2.4326"
666,好 有 基情 的 一 <CL> 浪漫 死 了 !,幕,个,-1.5624949932098389,"个, 组, 对","-1.5625, -1.7351, -2.2393"
667,"帮 非非理 <CL> 发 要 170 , 够大 熊理 一 年 的 发 了 。",个,帮,-0.9890009760856628,"帮, 本, 对","-0.9890, -2.6992, -2.7772"
668,"从 小 到 大 , 我 最后 悔 得 3 <CL> 事 就 是 1 没有 听 父母 话 好好 学习 天天 向上 。",件,个,-0.9014095664024353,"个, 件, 次","-0.9014, -1.7436, -2.1228"
669,还 有 十五 <CL> 小时,个,个,-1.1549137830734253,"个, 点, 条","-1.1549, -2.6342, -2.7465"
670,"时间 真 是 一 <CL> 好 药 , 比 什么 都 管用",副,个,-1.1710914373397827,"个, 种, 段","-1.1711, -1.3532, -3.0141"
671,"妹妹 吃 饺子 发现 是 肉馅 , 吃 了 一半 给 他 老公 了 , 结果 钱 就 在 剩下 的 一半 里 每 年 都 为了 吃 那 <CL> 钱 撑 的 要 死 , 却 每 年 都 吃 不 到 悲催",个,个,-0.6957980990409851,"个, 些, 种","-0.6958, -2.1799, -2.4221"
672,"岁月 不饶人 , 细 英 不 等 我 真的 舍 不 得 徽州 , 对于 宿舍 的 两 <CL> 徽州 女人 , 实在 无 以 言 谢",个,个,-1.2312350273132324,"个, 张, 条","-1.2312, -1.6970, -3.0755"
673,"没 预料 到 这 <CL> 出差 需要 这么 长 时间 , 好 想 写 书法 哈哈 , 好酸 的 假 文化人 。",回,次,-1.3600177764892578,"次, 个, 样","-1.3600, -1.5157, -1.8339"
674,"我 参与 了 发起 的 投票 继威幂恋 后 , 你 希望 哪 对 荧屏 情侣 公开 恋情 , 我 投给 了 这 1 <CL> 选项 。",个,个,-1.4733076095581055,"个, 位, 名","-1.4733, -1.6855, -2.2037"
675,"为了 那 <CL> 十分 可观 的 工资 , 也 得 坚持 住 。",笔,所,-2.4332337379455566,"所, 本, 个","-2.4332, -2.4954, -2.9324"
676,从 我 出生 一 <CL> 月 整整 带 到 我 三 岁 !,个,路,-1.5182229280471802,"路, 起, 个","-1.5182, -2.0811, -2.1718"
677,决定 再 养 <CL> 袖珍 椰子树,盆,台,-2.1501595973968506,"台, 种, 个","-2.1502, -2.4151, -2.4485"
678,"火车 订票 网站 各 <CL> 登 不 上 , 好不容易 登上 了 吧 , 订单 又 提交 不 上 , 是 想 怎样 啊 , 抓 狂暴 走 中",种,种,-1.1074788570404053,"种, 个, 家","-1.1075, -1.2071, -1.7569"
679,"她 一直 希望 我 幸福 , 不管 我 行走 在 那 <CL> 世界 !",个,些,-0.9155327081680298,"些, 个, 路","-0.9155, -2.8288, -2.9273"
680,", 我 投给 了 快要 上课 了 这 1 <CL> 选项 。",个,个,-1.1779650449752808,"个, 次, 张","-1.1780, -2.8099, -2.9667"
681,来 新加坡 之后 真心 的 笑 就 少 了 还 记得 小时候 总是 说 我 一 笑 眼睛 就 成 眯咪 眼 了 好 怀念 一 <CL> 度 过 的 日子 什么 都 不 用 想 现在 是 不 是 什么 都 不 一样 了 没 长 醒 的 男人 都 滚 一边 去 我们 不 要 !,起,下,-0.5471722483634949,"下, 个, 次","-0.5472, -2.2191, -2.4410"
682,"好评 , 这 <CL> 宝贝 最 受 好评 , 快来 看下 原装 OKI 彩粉 OKI 310033003400510096009800 化学粉 100g , 价格 4800 元 , 购买 链接 , 更 多 宝贝 请 看",款,个,-2.5906760692596436,"个, 本, 所","-2.5907, -2.6527, -2.7347"
683,原来 只有 我 自己 一 <CL> 人 的 时候 会 被 人 欺负,个,个,-0.21535448729991913,"个, 家, 样","-0.2154, -2.7125, -3.9834"
684,"三 <CL> 猪 真 能 睡 , , ,",只,部,-2.268050193786621,"部, 家, 本","-2.2681, -2.3103, -2.3948"
685,"又 想到 一 <CL> 问题 , 年后 还 招 不 到 , 就 快 可以 招 应 届 了 , 应届 , 90 后么 。",个,次,-2.0754141807556152,"次, 个, 家","-2.0754, -2.5093, -2.7027"
686,一 <CL> 诺言 占据 了 所有 信任 。,个,部,-2.274672031402588,"部, 家, 本","-2.2747, -2.3137, -2.3768"
687,"这 是 一 <CL> 新年 招财 猫 , 1 分钟 内 转发 此 猫 图 , 新 的 一 年 里 将 好运 连连 , 福气 冲天 原文 地址 y2 Yfi6twU 原文 地址",只,个,-0.6065180897712708,"个, 种, 家","-0.6065, -1.3429, -3.7378"
688,"收拾 东西 , 发现 很多 小时候 穿 过 的 很 可爱 的 衣服 啊 嘻嘻 , 与其 说 是 收拾 东西 , 不如 说 是 疯狂 试 衣服 哈哈 , 新 的 旧 的 , 我 的 妈妈 的 , 有 杀错 没 放 过 啊 不 知道 变换 了 几 <CL> 风格 呢",种,次,-0.25880593061447144,"次, 个, 下","-0.2588, -3.2803, -3.2940"
689,"真的 很 感动 , 地理 老师 今年 最后 一 <CL> 地理 课 跟 我们 玩 游戏 了 , 而且 还 发糖 好 开心",节,次,-0.6073766946792603,"次, 班, 个","-0.6074, -2.4294, -2.4840"
690,"一 <CL> 晚上 , 买 了 年货 , 收拾 了 行李 , 整理 了 房间 , 但 还是 少 了 东西 没 买 , 明早 继续 。",个,部,-2.274672031402588,"部, 家, 本","-2.2747, -2.3137, -2.3768"
691,"我 想 知道 哪天 我 喝 醉 了 酒 , 一 <CL> 人 又 在 大街 上 , 会 歇 撕 底 里 喊出 谁 的 名字",个,次,-1.7959656715393066,"次, 下, 个","-1.7960, -1.9756, -2.2866"
692,那 <CL> 土黄色 我 真 不 DJ 。,个,部,-2.271376132965088,"部, 家, 本","-2.2714, -2.3201, -2.4012"
693,"让 别人 讨厌 自己 , 也 是 一 <CL> 艺术 !",门,种,-0.07965941727161407,"种, 个, 份","-0.0797, -3.1637, -4.7053"
694,"说话 的 声音 又 变 了 , 像 <CL> 男人",个,个,-0.6421476602554321,"个, 点, 声","-0.6421, -2.4295, -2.6512"
695,做 <CL> 鸡蛋 饼,个,家,-2.1751961708068848,"家, 本, 部","-2.1752, -2.4310, -2.4734"
696,本来 想 通宵 的 突然 好困 睡觉 去 做 <CL> 好 梦 吧 dx 拜年 nono 拜年,个,个,-1.153244972229004,"个, 点, 班","-1.1532, -1.6676, -3.1166"
697,"但 愿 每 <CL> 人 都 可以 到 自己 想 去 的 地方 好好 感受 , 开心 游玩 。",个,个,-2.051767349243164,"个, 所, 行","-2.0518, -2.2959, -2.4900"
698,谢 了 哥 几 <CL> 等 哥们 可以 喝 的 时候 一定 不 醉 不 归,个,个,-0.8882461190223694,"个, 次, 位","-0.8882, -2.2424, -3.1258"
699,"我 不 敢 AT 你们 , 这些 话 , 就 这样 湮没 吧 , 看见 也 好 , 看 不 到 也 罢 , 这样 的 心境 , 本 就 不 该 让 你们 感觉 到 呢 我 还 会 以 各 <CL> 笑 的 样子 履行 我 的 承诺 我 一直 会 在 。",种,种,-0.14255043864250183,"种, 位, 个","-0.1426, -2.5239, -3.9890"
700,总理 的 一 <CL> 话 胜过 任何 利好 因素,句,家,-1.973919153213501,"家, 行, 台","-1.9739, -2.7906, -2.8238"
701,表姐们 这 <CL> 赌徒,群,些,-2.209665060043335,"些, 次, 台","-2.2097, -2.4434, -2.6967"
702,祝福 我 的 宝贝们 学习 更 上 一 <CL> 楼 !,层,层,-0.22162826359272003,"层, 步, 楼","-0.2216, -2.2212, -3.0560"
703,一 <CL> 人 在 我 家 牛牛 !,群,部,-2.274672031402588,"部, 家, 本","-2.2747, -2.3137, -2.3768"
704,雨 会 的 台北 故宫 那些 宝物 都 是 俺们 家 的 多 好 台湾 服务业 真心 赞野柳旁 711 相 中 你 好 凯蒂吊饰 被 告知 需 集点 后方 能 换 购 怏怏 走开 又 被 店员 唤回 从 口袋 掏出 一 <CL> 慷慨 赠送 很 感动 遂 晚餐 金门 高梁 助兴 也,枚,个,-1.4213082790374756,"个, 只, 包","-1.4213, -2.3273, -2.5100"
705,记忆 是 <CL> 奇怪 的 东西 。,个,个,-1.3624683618545532,"个, 对, 只","-1.3625, -1.6358, -3.2318"
706,所以 如果 你 发现 一 <CL> 人 很 怕 失去 你 !,个,个,-2.0963823795318604,"个, 所, 家","-2.0964, -2.1682, -2.6110"
707,"补上 甜 食 苦 手 , 6 寸 都 觉得 头疼 不过 买 来 画 30 的 那 <CL> 蓝莓 酱 好 好吃",瓶,个,-1.4030613899230957,"个, 张, 种","-1.4031, -1.5669, -1.6929"
708,赶 不 上 第一 <CL> 人 只好 等 第二 拨人 了 !,拨,名,-0.8991824984550476,"名, 次, 个","-0.8992, -1.7196, -2.7793"
709,这 一 <CL> 吸血鬼 日记 看 的 我 崩坏 了 编剧 你 还 能 再 扯 点么 老 K 你 怎么 就 这样 爱上 C 了 ?,集,家,-2.2703583240509033,"家, 部, 本","-2.2704, -2.3102, -2.4357"
710,"发表 了 博文 从 情苦 中 了 悟 无常 四十二 <CL> 经 云 爱 欲 之 人 , 犹如 执炬 , 逆风 而 行 , 必 有 烧火 之 患 。",章,章,-1.6186226606369019,"章, 种, 条","-1.6186, -1.8202, -2.4465"
711,"市场 上 的 爆款 , 淘宝网 上 热卖 的 2011 新 款 女装 冬装 3926 可爱 围巾 帽 可 脱卸 抽绳 面包 加厚 长 款 棉 价格 20000 元 , 本 店 第一 <CL> 货源 , 降低 中间 环节 成本 , 直接 让利 给 消费者 , 非常 值得 关注 , 分享 给 大家 ,",手,款,-0.6943385601043701,"款, 批, 代","-0.6943, -2.5421, -3.0827"
712,我 想 画 一 <CL> 圈 把 自己 关 在 里面 。,个,下,-1.2351429462432861,"下, 个, 张","-1.2351, -1.5243, -1.6696"
713,一 <CL> 月 后 还 得 离开 还 得 离开 还 得 离开 。,个,部,-2.274672031402588,"部, 家, 本","-2.2747, -2.3137, -2.3768"
714,"不过 我 可 有 点 好奇 , 他 是 不 是 真的 能 过来 , 这 一 人 多 深 的 水 可不 是 闹着玩 的 , 就 一 <CL> 答应 了 , 不过 却 警告 他 : “ 可 别 给 我 玩花样 , 我 不 会 救人 , 更 不 会 人工呼吸 ” 。",口,个,-1.2208062410354614,"个, 点, 条","-1.2208, -2.6279, -2.8280"
715,"看见 一 <CL> 大佛 , 没 拍 到 。",尊,本,-2.2719006538391113,"本, 家, 个","-2.2719, -2.5455, -2.6454"
716,头发 很 长 还 没 剪 我 爱 剪 头发 随便 找 一 <CL> 没 人 的 稍微 修 一下 行不,间,个,-1.0914942026138306,"个, 家, 下","-1.0915, -1.3548, -2.2010"
717,"寻 交通 事故 知情人 1 月 10 日 9 时 20 分许 , 东兴 中路 凯旋门 酒店 对 开 路段 发生 一 <CL> 交通 事故 , 造成 摩托车 驾驶人 当场 死亡 。",宗,起,-0.021282844245433807,"起, 辆, 宗","-0.0213, -4.3220, -6.8406"
718,"你 知 不 知道 难 做 的 事 和 应该 做 的 事 , 往往 是 同 一 <CL> 事 ?",件,个,-1.2285099029541016,"个, 件, 种","-1.2285, -1.4686, -2.0930"
719,啊啊 啊 第一 瓶 要 不 要 那么 大 啊 打 了 一 <CL> 多 钟 才 打 了 一半 啊 肿么 办,个,下,-0.5846704840660095,"下, 阵, 圈","-0.5847, -2.2476, -2.8528"
720,"给 朋友们 发 了 这样 一 <CL> 祝福 信息 , 收到 好多 压岁 钱 了 !",条,个,-1.1333112716674805,"个, 张, 些","-1.1333, -1.9007, -2.0029"
721,站 在 一 <CL> 人 在 家里 。,个,本,-2.601139545440674,"本, 台, 等","-2.6011, -2.8602, -2.8986"
722,怀念 小学 时 900 <CL> 人 就 逼 你 睡觉 。,家,分,-1.5679768323898315,"分, 个, 块","-1.5680, -2.0095, -2.6305"
723,"恰巧 有 <CL> 不 知情 的 医生 路过 , 看到 这 情况 就 说 这 刀 还 开 的 真 久",位,个,-0.8806939125061035,"个, 位, 次","-0.8807, -0.8929, -3.0821"
724,4747 啊 同 4 <CL> 数 甘 有 缘噶 48484848,双,个,-1.9228464365005493,"个, 楼, 下","-1.9228, -2.0904, -2.1559"
725,"只 味好 正 , <CL> 香水樽 的 design 更正 , 深 得 我心",个,味,-0.6044799089431763,"味, 口, 道","-0.6045, -2.2702, -2.3349"
726,"6 点 了 , 一 <CL> 晚上 失眠 。",个,个,-2.0644936561584473,"个, 对, 只","-2.0645, -3.4691, -3.5013"
727,好 厚 一 <CL> 锅盖 。,顶,本,-1.9192090034484863,"本, 个, 行","-1.9192, -2.3811, -2.8135"
728,发表 了 博文 有关 老师 的 几 <CL> 笑话 老师 的 点评 太 精辟 了 !,则,个,-0.5327387452125549,"个, 点, 件","-0.5327, -1.8459, -3.2239"
729,"晚上 才 睡 两 <CL> 小时 , 回家 不 瘦 都 难 。",个,次,-1.0963373184204102,"次, 个, 点","-1.0963, -1.3825, -3.1815"
730,"或许 都 是 一 不 小心 , 就 像 我 一 不 小心 的 病 了 , 足足 做 了 一 <CL> 月 的 病人 。",个,个,-0.9445119500160217,"个, 次, 辈","-0.9445, -1.7534, -3.0141"
731,不过 增加 <CL> 垃圾 分 。,个,个,-2.0996856689453125,"个, 本, 道","-2.0997, -3.0588, -3.0764"
732,今天 生日 居然 有 <CL> 自 说 是 高中生 的 女女 要 和 我 裸聊 !,个,只,-2.1812665462493896,"只, 名, 位","-2.1813, -2.2500, -2.9664"
733,很 高兴 能 当 一 <CL> 宅女 啊哈,个,个,-0.7651269435882568,"个, 名, 位","-0.7651, -0.8956, -2.4777"
734,"跪求 这 <CL> 的 nichkhun 真 人 无 水 印版 啊 , 拜托 拜托 。",张,本,-1.9587509632110596,"本, 等, 面","-1.9588, -2.3473, -2.5364"
735,"但 永远 要 记着 有 <CL> 前提 语言 是 用来 加强 沟通 的 , 而 不 是 用来 制造 交流 双方 之间 的 障碍 的 。",个,个,-1.2888405323028564,"个, 些, 所","-1.2888, -1.4760, -2.4597"
736,"十几 年 来 老爸 的 第一 <CL> 下厨 , 嗯 , 值得 纪念 。",次,次,-0.898432731628418,"次, 个, 任","-0.8984, -1.5139, -2.8956"
737,不 许走 给 我 跳 <CL> 舞 。,个,只,-1.0820446014404297,"只, 路, 家","-1.0820, -2.6130, -2.9823"
738,"发表 了 博文 加勒比海 盗 , 看完 加勒比海 盗 4 , 总 有 一 <CL> 意犹未尽 的 感觉 。",种,个,-0.7297173142433167,"个, 种, 些","-0.7297, -1.7825, -3.0745"
739,办公桌 上 又 多 了 一 <CL> 如意 寓意 着 我 新 的 一 年 称心如意,盆,个,-2.096876859664917,"个, 面, 台","-2.0969, -2.6492, -2.9540"
740,"据 英国 每 日 邮报 报道 一 <CL> 研究 发现 , 人们 在 睡前 玩 手机 , 频繁 发送 电子 邮件 , 会 影响 睡眠 质量 。",项,名,-1.0626050233840942,"名, 家, 位","-1.0626, -1.9022, -2.1709"
741,哦 看到 一 <CL> 萨摩耶 姚明级 的 。,匹,家,-2.427407741546631,"家, 等, 本","-2.4274, -2.4866, -2.6470"
742,一 <CL> 人 平平安安 一起 过 年 才 是 最 快乐 最 幸福 的 !,家,部,-2.274672031402588,"部, 家, 本","-2.2747, -2.3137, -2.3768"
743,晚安 啦 各位 希望 大家 发 <CL> 好 梦 啦,个,个,-1.357802391052246,"个, 帖, 起","-1.3578, -1.9041, -2.5576"
744,"我 的 小 黄 它 终于 拿到 了 , 还 有 车 内 清新 <CL> 羊 同学 穿 拖鞋 出来 给 我 送 真的 雷住 我 了",剂,滴,-1.2245513200759888,"滴, 等, 款","-1.2246, -2.7808, -2.9984"
745,"多少 年 下来 又 有 几 <CL> 人 没有 变化 , 当时 的 初衷 又 守住 了 多少 ?",个,个,-0.5445517301559448,"个, 次, 回","-0.5446, -2.1999, -2.2671"
746,"神探夏 洛克 , 才 看 了 30 分钟 , 就 觉得 很 好看 , 可惜 第一 季 才 三 <CL> , 今天 可以 追 完 了 !",集,集,-0.38185518980026245,"集, 季, 个","-0.3819, -2.4532, -2.7990"
747,今天 输 了 2000 <CL> 钱,块,个,-1.8783345222473145,"个, 本, 家","-1.8783, -2.0692, -2.9931"
748,"温家宝 历史 是 人民 书写 的 没有 一 <CL> 政府 拥有 特权 温家宝 我 之所以 一再 强调 改革 , 不仅 要 进行 经济 体制 改革 , 还 要 进行 政治 体制 改革 , 最 重要 的 就 是 政府 要 密切 联系 群众 , 倾听 群众 的 意见 和 呼声 。",个,个,-0.3466067314147949,"个, 点, 件","-0.3466, -3.0199, -3.1613"
749,"剑侠 世界 我 在 白虎堂 三 <CL> 黄金 , 谁 主 红尘 , 谁 是 英雄 。",层,楼,-2.422443151473999,"楼, 部, 级","-2.4224, -2.5851, -2.6008"
750,"朋友 是 <CL> 幼师 , 人 很 单纯 很 爱 幻想 , 我 一直 觉得 她 工作 很 开心 。",个,个,-1.742382287979126,"个, 对, 家","-1.7424, -2.6711, -2.8303"
751,昨 <CL> 看 了 场 电影 金陵 十三衩 。,个,本,-1.2093602418899536,"本, 家, 台","-1.2094, -2.7113, -3.1176"
752,宫锁 珠帘 只 看 过 <CL> 惊心 的 路过,步,下,-2.3807506561279297,"下, 个, 代","-2.3808, -2.7800, -2.7837"
753,可 根据 客户 要求 制作 各 <CL> 规格 的 羊毛 毡子 !,种,种,-0.14509108662605286,"种, 类, 款","-0.1451, -2.0850, -5.5732"
754,这 三 <CL> 孩纸 都 感冒 了 同病 相怜 辛苦 都 死伤 不 起 啊 新年 愿望 还 是 身体 健康 啊 有 木 有 你 也 肚子 疼 我 也 是 大过 年 的 吃 太 多 了 干净 不 干净 的 往 嘴 里 塞 你 没事 了 吧,个,家,-2.057478189468384,"家, 本, 部","-2.0575, -2.2661, -2.4939"
755,一 <CL> 精美 的 动态 图片,组,部,-2.274672031402588,"部, 家, 本","-2.2747, -2.3137, -2.3768"
756,"你 在 的 时候 , 总 有 一 <CL> 期待 !",种,个,-0.9044182896614075,"个, 种, 些","-0.9044, -1.5735, -1.6964"
757,必胜客 就 是 拿 各 <CL> 理由 搪塞 我 人类 已经 无法 阻止 必胜客 续 杯 了,种,种,-1.3102025985717773,"种, 个, 位","-1.3102, -1.5981, -1.7157"
758,"大 聲公 的 我 的 大 聲公無 與倫 比 聲音 故事 創作 影片 , 感動 了 我 立即 參加 華碩 及 英特 爾無 與倫 比 聲音 故事 影片 分享 活動 , 分享 令 您 感動 的 影片 , 就 有 機會獲 得 配備 第二 <CL> 英特爾 酷睿 i5 處理器 N 系列 周傑 倫驚 嘆號 !",代,代,-0.43561726808547974,"代, 台, 版","-0.4356, -2.3893, -3.3037"
759,香港 连 <CL> 放炮 的 都 没有 我 好 闹 心 !,个,线,-0.14687052369117737,"线, 环, 场","-0.1469, -3.6893, -4.4709"
760,"2012 年 注定 有 大 波折 的 星座 第一 <CL> 射手座 大 波折 感情 上 会 有些 大 波折 , 如果 处理 不 好 , 很 可能 Game Over 。",名,名,-0.17802661657333374,"名, 位, 季","-0.1780, -2.5345, -4.2562"
761,它 有 <CL> 美丽 的 名字 叫 紫气东来 WeicoLomo,个,本,-2.454984664916992,"本, 家, 个","-2.4550, -2.7095, -2.7911"
762,"晚上 取暖 不 小心 把 鞋 底 烧 了 , 今早 就 看见 老爸 在 那儿 纳鞋 底 , 他 那 一 <CL> 的 人 真 是 心灵 手巧 持家 顾家 , 家里 有 他 很 踏实 , 平实 中 有 暖意 , 过 生活 的 。",辈,个,-2.419708490371704,"个, 把, 点","-2.4197, -2.6383, -2.8641"
763,真心 想 吧 这 <CL> 坑 爹 的 雪 露 蓝 军装 出出 去 不过 实在 是 不 上 价 啊 留 着 闹 心 不 留 价格 闹心,套,等,-2.166668176651001,"等, 对, 行","-2.1667, -2.1832, -2.2515"
764,谢谢 谢谢 大半夜 唱歌 给 我 听 的 那 <CL> 仁兄 哈哈哈 可以 安心 躺下 了 晚安,位,个,-1.4406055212020874,"个, 种, 句","-1.4406, -1.9168, -1.9839"
765,"过 年 第三 <CL> 看人 在 Jiong 途 发现 我 虽然 不 能 回家 , 但是 也 没 象 他们 一样 惨 。",遍,季,-1.7377028465270996,"季, 次, 名","-1.7377, -2.1154, -2.2457"
766,"警察 叫 来 了 大楼 的 保安 , 当 他 翻 了 半 天 终于 找到 能 打开 邻居 房门 的 那 <CL> 钥匙 时 , 我 注意 到 它们 都 已经 锈迹 斑斑 。",串,个,-0.5301283001899719,"个, 间, 家","-0.5301, -2.8202, -3.2630"
767,补上 照片 护士长 的 几 <CL> 这个 笑脸 给 病人 希望,笔,张,-0.5144643187522888,"张, 个, 位","-0.5145, -1.6638, -3.3185"
768,一切 一切 也 都 是 为 你 而 做 你 想 以 呢 <CL> 暧昧 关系 继续 落去 嘛 ?,种,等,-1.408684492111206,"等, 对, 样","-1.4087, -2.0419, -2.4537"
769,"430 起床 , 洗漱 , 早餐 500 出 家门 , 打 的 去长 客站 530 <CL> 溪 沈阳 客车 出发 620 到达 沈阳 打 的 去 桃仙 机场 650 到达 机场 领 登机牌 进 候机室 800 登机 准备 起飞",本,路,-1.3982324600219727,"路, 点, 号","-1.3982, -2.3999, -2.6031"
770,上传 了 17 <CL> 照片 到 相册兮陌 。,张,本,-1.711702585220337,"本, 个, 下","-1.7117, -2.4320, -2.7391"
771,蓝色 S 曲线 诱惑 高清 无水印 7 <CL> 下载,张,集,-1.8473738431930542,"集, 分, 个","-1.8474, -2.3534, -2.6470"
772,"每 <CL> 人 都 有 他 的 秘密 , 能 告诉 别人 的 秘密 还 算是 秘密 吗 ?",个,家,-2.384026527404785,"家, 个, 本","-2.3840, -2.5245, -2.6322"
773,这 <CL> 上涨 的 主要 原因 和 动力 是 什么 ?,波,部,-2.2652926445007324,"部, 家, 本","-2.2653, -2.3092, -2.4152"
774,原来 中间 少划 了 一 <CL> 额,刀,个,-1.726109266281128,"个, 样, 本","-1.7261, -2.2296, -2.7046"
775,换 <CL> 账号 就 行 !,个,部,-2.280132532119751,"部, 家, 本","-2.2801, -2.2886, -2.4112"
776,每 <CL> 人 都 在 勉强 自己 。,个,家,-2.384026527404785,"家, 个, 本","-2.3840, -2.5245, -2.6322"
777,你 妹鱼 后门 跟 战场 一 样样 的 干啥 我们 这儿 一 过 年 跟 打仗 似 的 你妹 各 <CL> 妹,种,个,-0.8762308359146118,"个, 种, 位","-0.8762, -1.0082, -3.0277"
778,"那 <CL> 说 不 行 , 你 毛太多嘞 。",个,部,-2.271376132965088,"部, 家, 本","-2.2714, -2.3201, -2.4012"
779,两 <CL> 都 到齐 了 真 期待 Moonlight 戴 上去 的 效果 还 有 我 想 说 的 是 水水家 的 客服 真心 好 支持 你 家,幅,部,-2.2714929580688477,"部, 家, 本","-2.2715, -2.3118, -2.3937"
780,"在 群里聊 舞蹈 , 突然 想到 了 这个 , 第五 <CL> CCTV 舞蹈 大赛 技巧 展示 环节 , 妹子 小哥们 的 技巧 身段 风姿 无 一 不 醉 人 啊 , 只 可惜 没 找到 高清 版本 , BGM 也 很 给力 , 推荐",届,个,-1.665093183517456,"个, 次, 章","-1.6651, -1.8297, -2.4508"
781,"转自 , 在 一 <CL> 远房 亲戚 家 住 了 两 天 。",个,个,-0.7083303928375244,"个, 起, 些","-0.7083, -2.6224, -2.9831"
782,悲剧 卡 里面 还 剩 2 <CL> 01 毛,块,张,-0.20676448941230774,"张, 个, 点","-0.2068, -2.3054, -3.8769"
783,我 正在 参加 宝岛 Eye 上 幸福 圆梦 伦敦 活动 现 正 在 伦敦 嗯 一 <CL> 人 好 寂寞 你 快来 陪 我 吧,个,个,-0.9790626764297485,"个, 场, 次","-0.9791, -1.6059, -2.8882"
784,这 是 一 <CL> 艰难 的 博弈,场,个,-0.6065180897712708,"个, 种, 家","-0.6065, -1.3429, -3.7378"
785,"这 <CL> 构图 具有 突出 主体 , 使 画面 趋向 均衡 的 特点 。",种,部,-2.2652926445007324,"部, 家, 本","-2.2653, -2.3092, -2.4152"
786,"开门 , 开灯 , 开窗 , 给 我 的 草换 上 清水 , 给 自己 泡 一 <CL> 暖暖 的 茶 。",杯,杯,-0.7788244485855103,"杯, 壶, 个","-0.7788, -1.4692, -2.4993"
787,"126708 目前 西 二 <CL> 官园 桥 上 南 向 北方 向 有 事故 , 请 后 车 注意 避让 。",环,环,-1.6853357553482056,"环, 套, 部","-1.6853, -2.4426, -2.6440"
788,"和 打 了 一 <CL> 电话 , 聊 了 很多 , 可 现在 的 心情 突然 变得 很 down 。",路,本,-2.5875244140625,"本, 个, 家","-2.5875, -2.6561, -2.8623"
789,下 <CL> 住這 家 試試 。,次,部,-2.257434129714966,"部, 家, 本","-2.2574, -2.3107, -2.4347"
790,贝宁送 的 烟灰缸 不 敢 用 导致 每 天 一 <CL> 烟灰缸 昨天 纸杯 今天 八宝粥 罐,种,瓶,-1.8518017530441284,"瓶, 包, 个","-1.8518, -1.8784, -2.3083"
791,"好像 我们 的 手机 要 成 街机 了 , 越来越 多 , 火车 上 我 旁边 一 人 还 用 <CL> 白的",个,手,-1.060438871383667,"手, 起, 下","-1.0604, -2.4701, -2.5723"
792,亲爱 的 出差 北京 回来 正好 给 我 带回 了 一 <CL> 红 帽子 。,顶,个,-1.4851319789886475,"个, 本, 张","-1.4851, -2.0887, -2.3227"
793,"今天 考试 , 我 要 加油 , 你 地伍 信 我 考到 全 级 前 100 , 哼 , 我 就 考 比 你睇 , 话 晒 伊 两 <CL> 星期 都 认真 左 , 我 要 加油 , 204 加油",个,个,-0.9419347047805786,"个, 位, 次","-0.9419, -2.5670, -3.7139"
794,"我 擦终于 打完 了 , 这 <CL> 决赛 没有 失败者 , 非常 经典 的 比赛 。",场,个,-1.0893465280532837,"个, 次, 张","-1.0893, -1.4700, -2.6843"
795,"花瓣网 每 日 精选 易知难 , 歌唱 演员 , 80 年代 成都 艺术圈 中 非常 抢眼 的 一 <CL> 女子 。",个,个,-0.6065123081207275,"个, 位, 张","-0.6065, -1.3510, -3.8008"
796,睡 了 五 <CL> 小时 车 上 再 睡 一会,个,个,-1.2747704982757568,"个, 家, 间","-1.2748, -3.1491, -3.2264"
797,今晚 hcmcc 历 <CL> 老板 齐聚 北海,届,届,-1.64466392993927,"届, 次, 行","-1.6447, -2.3316, -2.7033"
798,", 我 投给 了 杨幂 和 谁 在一起 都行 这 1 <CL> 选项 。",个,个,-1.0398705005645752,"个, 张, 条","-1.0399, -1.9166, -2.2965"
799,"对于 湖人队 今日嘅 表现 , 我 只 能够 用 两 <CL> 字嚟 形容 失望",个,次,-1.075337290763855,"次, 场, 分","-1.0753, -1.7266, -1.9608"
800,"继续 讲 回 吃 的 , 档次 上去 了 , 东 西 实在 就 是 贵 字 , 例如 吃 着 一 <CL> 再 普通 不 过 的 卤水 鹅 头 , 后 , 哥 报价 是 300 大 元 !",盘,顿,-1.7236316204071045,"顿, 点, 个","-1.7236, -2.2283, -2.2354"
801,"我 难得 看 一 <CL> 新闻 联播 , 就 是 想 看看 她 肿么 说 马英九 连任 , 结果 它 什么 都 没 说",次,眼,-1.0547670125961304,"眼, 次, 下","-1.0548, -1.3475, -1.9184"
802,"今晚 再次 接到 那 <CL> 吓人 的 电话 , 尼玛 的 干嘛 泄露 我 的 号码 , 尼玛 的 你们 惨 了",个,位,-1.6605496406555176,"位, 次, 些","-1.6605, -1.8732, -1.9523"
803,2 <CL> 苹果 。,个,分,-1.7410132884979248,"分, 个, 张","-1.7410, -2.7282, -2.8965"
804,女 童蕾 丝 花边 毛衣 儿童 毛衣 女 8800 元 近期 售出 2 <CL> 地址,件,件,-0.01516856998205185,"件, 套, 个","-0.0152, -5.1769, -6.2547"
805,"第一 <CL> 见面 你 就 把 我 笔 盒 上 的 樱桃 小 丸子 贴纸 撕掉 在 上面 写 谁 是 你 的 白马王子 , 你 真的 很 讨厌 好 不 好 !",次,家,-2.239959716796875,"家, 部, 本","-2.2400, -2.2920, -2.4738"
806,", , , 猜猜 我 画 的 是 什么 , 提示 3 <CL> 字 港 台 演员 。",个,个,-1.4576220512390137,"个, 分, 点","-1.4576, -1.7552, -2.4586"
807,我 没有 期待 你 说 什么 没有 没 有 期待 个屁 以后 别 发 短信 给 我 了 我 没 资格 理解 你 别 回 了 这 三 <CL> 字 太 刺眼 !,个,句,-1.313591480255127,"句, 个, 点","-1.3136, -1.4086, -1.6070"
808,"与 其 听 那些 痛彻 心扉 的 悲情 情歌 , 想 着 对方 的 变化 , 转身 , 离开 , 然后 用 委屈 的 泪水 淹没 自己 , 还 不 如 听听 能 给 你 力量 , 让 心 能 长出 另 一 <CL> 翅膀 的 旋律 。",双,颗,-1.5277199745178223,"颗, 个, 种","-1.5277, -1.6651, -2.1377"
809,啥时 给 搞 <CL> Thinkpad 学生机 ?,个,个,-1.1641100645065308,"个, 点, 下","-1.1641, -1.8327, -2.5280"
810,"母亲 为 惨死 女儿 求助 女儿 17 岁 半夜 惨死 在 南北 广场 出租 屋 12 <CL> 坠下 不明不白 , 她 双 手 握 拳 死 不 瞑目 。",楼,楼,-0.11313878744840622,"楼, 层, 号","-0.1131, -3.6699, -4.0444"
811,"操 了 , 总 有 那么 一 <CL> 傻逼 出现 在 老子 的 梦里 , 你 凭 什么 ?",个,次,-2.338035821914673,"次, 个, 些","-2.3380, -2.3441, -2.4394"
812,如今 A <CL> 迎来 了 龙年 。,股,个,-2.326774835586548,"个, 行, 家","-2.3268, -2.4643, -2.8270"
813,某 <CL> 神亲 说 的 原话,位,本,-1.8708722591400146,"本, 家, 个","-1.8709, -2.3969, -2.4638"
814,"第六 印 是 序幕 , 第七 印 的 前 四 <CL> 号筒 才 是 真正 的 試煉 。",枝,行,-1.2670321464538574,"行, 章, 排","-1.2670, -1.4047, -2.7056"
815,老伴 和 两 <CL> 女儿 苦口 婆心 地 督促 我 到 户外 爬爬山 看看 海 打打拳,个,个,-0.21415823698043823,"个, 位, 名","-0.2142, -1.9137, -4.1066"
816,"一 <CL> 话 情书 有时 , 我 只 是 想 能 有 个人 , 紧紧 抱 着 我 不 放 , 直 到 我 的 心情 真的 好 起来 。",句,部,-2.274672031402588,"部, 家, 本","-2.2747, -2.3137, -2.3768"
817,要 像 <CL> 爷们 一样 的 生活,个,个,-1.6427462100982666,"个, 头, 面","-1.6427, -2.0590, -2.8469"
818,"一 <CL> 人 , 还 真 有点 怕 呀",个,部,-2.274672031402588,"部, 家, 本","-2.2747, -2.3137, -2.3768"
819,我 爱 你 两 年 零三 <CL> 月 822 days 最 好 的 笑 给 你,个,个,-1.018715739250183,"个, 分, 次","-1.0187, -2.4818, -2.7880"
820,"重 回 儿时 回忆 , 买 <CL> 老虎 衣 过 年 , 哈哈哈哈 , 好 喜欢 的 , 特别是 帽子",件,回,-1.4207342863082886,"回, 家, 点","-1.4207, -2.1951, -2.2199"
821,"市内 压车 已经 崩溃 了 , 还是 不 出门 好 啊 , 中山 这 <CL> 人 贴 人 车贴 车 了",面,个,-0.5685725212097168,"个, 些, 种","-0.5686, -2.5775, -2.6892"
822,人生 就 是 一 <CL> 选择题 呀 !,道,个,-1.8549953699111938,"个, 本, 所","-1.8550, -2.7267, -2.8667"
823,"如果 U <CL> 坏 了 , 可以 尝试 这样 找到 相应 的 芯片 工具 重新 刷一遍",盘,个,-2.0431292057037354,"个, 下, 对","-2.0431, -2.3440, -2.7525"
824,足彩妖 刀 周日 西 甲 重心 推荐 3 <CL> 赫塔菲桑坦德 马拉加,场,分,-1.8855574131011963,"分, 点, 个","-1.8856, -2.3297, -2.4178"
825,每 <CL> 杀 完人 总是 还 要 沉浸 在 对 与 错 里面 很 久 今天 思路 还 不 够 清楚 呀呀呀,次,家,-2.384026527404785,"家, 个, 本","-2.3840, -2.5245, -2.6322"
826,"想起 一 <CL> 歌词 , 最 怕 自己 从今以后 什么 都 不 相信 。",句,起,-0.791588544845581,"起, 个, 些","-0.7916, -2.2381, -3.0077"
827,上传 了 5 <CL> 照片 到 相册 森林 公园,张,个,-1.9112787246704102,"个, 本, 下","-1.9113, -2.0554, -2.5136"
828,"前年 我 喜欢 小 德 , , , , , 没 想到 真 是 <CL> 汉子",条,个,-1.320664882659912,"个, 把, 对","-1.3207, -1.7176, -2.0953"
829,救命 我 爸 爱上 王力宏 X 李云迪 了 QAQ 现在 每 天 只要 有 重播 的 春晚 都 要 看 那 <CL> 节目 然后 特别 嗨 并且 表示 这 是 他 最 喜欢 的 节目 没有 之一,个,个,-1.0181176662445068,"个, 些, 台","-1.0181, -1.8487, -2.0247"
830,"1 下午 我 娘 电话 , 貌似 过年 走 了 几 <CL> 亲戚 被 逼急 了 , 接 其 电话 就 问 我 你 到底 有 没 有 结婚 的 可能 ?",个,次,-1.2923544645309448,"次, 趟, 步","-1.2924, -1.5529, -1.6950"
831,那 是 第一 <CL> 使用 了 漂亮 印刷 字体 的 电脑 。,台,次,-0.5551337003707886,"次, 位, 名","-0.5551, -2.6741, -2.8850"
832,"我们 说 女性 在 她 的 一生 中 会 发生 一 <CL> 不同 于 男性 的 生理 的 变化 , 那么 在 这些 生理 变化 的 过程 中 您 也许 注意 不 到 因此 而 带来 视力 上 的 问题 。",系列,些,-0.5671632289886475,"些, 个, 种","-0.5672, -1.4894, -2.7525"
833,"折腾 了 几 天 总算 把姐 嫁 出去 了 , 深刻 的 体会 到 择偶 条件 里 多 <CL> 本 地区 人 是 多么 重要",个,种,-1.0077598094940186,"种, 个, 些","-1.0078, -1.8563, -2.2967"
834,"真 好 , 看完 真 想 穿 过去 真 美 , 你 就 是 我 心 中 那 <CL> 口 中 念 着 岁月 静 好 的 甄嬛 爱 你",个,个,-0.18383720517158508,"个, 颗, 位","-0.1838, -3.2969, -3.4773"
835,空 无 一 人 的 九 <CL> 市场部,层,尾,-2.4399685859680176,"尾, 号, 门","-2.4400, -2.6585, -2.6798"
836,"不 怕 不 怕 不 怕 , , , 还 有 一 <CL> 补考 机会 。",次,个,-1.831607699394226,"个, 些, 种","-1.8316, -2.1239, -2.7490"
837,让 我们 来 看看 2011 年 Billboard 前 十 <CL> 单曲 的 详细 排名 吧,位,名,-0.1197277083992958,"名, 位, 个","-0.1197, -2.7035, -4.0313"
838,至少 要 花上 多少 <CL> 年头 才 能 学会 爱情 是 什么 东西,个,次,-1.2528966665267944,"次, 分, 刀","-1.2529, -2.4938, -2.9365"
839,"复 <CL> 习 , 容易么 ?",个,本,-1.7638365030288696,"本, 次, 回","-1.7638, -1.8843, -2.8144"
840,第一 <CL> 收甘多 利市 !,次,家,-2.239959716796875,"家, 部, 本","-2.2400, -2.2920, -2.4738"
841,"Norman , 今日 繼續 放送 TV drama 確認 逃亡者 第二 <CL> 青山 倫子 渡辺 大福 本 清 三",回,季,-0.851292610168457,"季, 集, 部","-0.8513, -1.7583, -2.5146"
842,"生命 就 像 一 <CL> 火车 , 朋友 就 像 车 上 的 旅客 , 不 是 所有 人 都 能 陪 你 到 终点 。",列,个,-0.47050586342811584,"个, 种, 场","-0.4705, -2.3953, -3.4996"
843,连 看 <CL> 病 都 不 能 坚持 的 我 还 能 做 什么 !,个,本,-1.5526041984558105,"本, 家, 个","-1.5526, -2.5822, -2.7156"
844,"我 是 <CL> 变态 的 家伙 , 别 惹 我",个,本,-1.8526160717010498,"本, 个, 家","-1.8526, -2.1853, -2.8421"
845,微 博转 了 一 <CL> 看到 很多 纠结 难耐 的 状态 真心 地 感叹 自己 拥有 拿 的 起放 的 下 的 本领 是 有 多 好 啊,圈,本,-1.8414920568466187,"本, 个, 发","-1.8415, -2.6529, -3.2497"
846,哦哟 您 八二年 就 没 当 医生 了 自己 背 完 汤头 还 要 药性 歌括 四百 <CL> 点 背 茯苓 ?,味,章,-2.3799874782562256,"章, 卷, 个","-2.3800, -2.3873, -2.5120"
847,"手机 没 电 了 , 漫长 的 16 <CL> 小时 怎么 办 ?",个,个,-0.4525362253189087,"个, 分, 间","-0.4525, -1.6188, -3.5129"
848,"让 人 幸福 的 三 <CL> 事情 有 人爱 , 有 事 做 , 有所 期待 。",件,个,-0.8501728177070618,"个, 件, 种","-0.8502, -1.8477, -1.8552"
849,"父辈 倒 是 自 幼 于 此 地 长大 , 与 此 地 感情 深厚 , 不过 我 就 没啥 感觉 了 , 同辈 之间 年龄 或者 相差 太 大 或者 三 观 差异 过 多 , 总的来说 无 太 多 的 交集 , 不过 本着 都 是 一 族 亲戚 的 出发点 , 一 <CL> 总不",门,般,-1.6834251880645752,"般, 路, 族","-1.6834, -1.9449, -2.0322"
850,"我 没 什么 大 的 愿望 , 只 希望 一 <CL> 人 能 整整齐齐 健健康康 快快乐乐 地 生活 在一起 。",家,个,-0.3714708089828491,"个, 点, 些","-0.3715, -2.2883, -3.6358"
851,北京 抽样 5000 <CL> 家庭 算出 去年 城镇 居民 增收 7 新闻 腾讯网,户,张,-1.8185582160949707,"张, 名, 个","-1.8186, -1.8776, -2.2996"
852,"像 横断 山脉 中 所有 的 峡谷 一样 , 位 于 云南 迪庆 藏族 自治州 香格里拉 的 巴拉格 宗 大 峡谷 也 是 南北 走向 , 新 造山 运动 把 岗曲河河 水 深深 地 <CL> 压 在 海拔 仅 一千多 米 的 谷底 。",剂,把,-1.6779948472976685,"把, 封, 下","-1.6780, -1.8101, -2.5945"
853,"昨天 是 土牛 他们 一 <CL> 从 小 到 大 的 兄弟 来 家里 作夜 , 喝酒 , 到 了 十二点 以后 , 敲锣 打鼓 挨家挨户 要 酒喝 , 很 是 热闹 。",拨,起,-1.0160460472106934,"起, 家, 个","-1.0160, -2.1046, -2.1198"
854,"刚 开始 我 觉得 你 是 <CL> 拘谨 , 不苟言笑 的 男孩子 。",个,个,-0.3081029951572418,"个, 只, 点","-0.3081, -2.2254, -4.1355"
855,自嘲 是 一 <CL> 高 层次 的 幽默 。,种,个,-1.5128253698349,"个, 家, 种","-1.5128, -2.3998, -2.9324"
856,"我 在 净慈寺 , 这个 春节 要 跑 多少 <CL> 庙 啊",个,趟,-1.081870198249817,"趟, 路, 次","-1.0819, -1.1660, -1.9029"
857,望到 佢好 饱仲 一 <CL> 名牌,身,个,-1.1071470975875854,"个, 餐, 点","-1.1071, -2.3070, -2.3803"
858,"一 <CL> 绳子 轻松 瘦 腿侧站 踢腿 针对 肌肉 腿大肌 及 外侧肌 动作 借助 椅背 支持 身体 , 侧向 坐椅 站直 , 把 健身 带捆 在 双脚 脚跟 位置 。",根,部,-2.274672031402588,"部, 家, 本","-2.2747, -2.3137, -2.3768"
859,"我 毫 不 掩饰 倾诉 对 你 的 爱 , 千 <CL> 柔情似水 , 百依百顺 在 你 的 面前 。",般,次,-2.154881000518799,"次, 般, 种","-2.1549, -2.1957, -2.4392"
860,"给 大家 推荐 一 <CL> 金星 园 二手房 , 18600 平米 的 3 室 2 厅 2 卫 , 65000 万 。",套,家,-2.401480197906494,"家, 个, 本","-2.4015, -2.8289, -3.0570"
861,看 完 春晚 节目单 各 <CL> 觉得 不 必要 看但 从 节日 角度 考虑 看 春晚 又 是 一 必须 参与 的 项目 好 吧 重 在 参与,种,台,-1.8404563665390015,"台, 位, 组","-1.8405, -1.8617, -1.8622"
862,企鹅 罐 rar 这 <CL> 应该 是 对 的 吧,次,个,-0.48832449316978455,"个, 样, 些","-0.4883, -2.7473, -2.7623"
863,连续 睡 不 到 五 <CL> 小时 哪天 会 猝死 在 地铁 里 吧 这么 辛苦 是 为 哪般 啊,个,个,-1.051959753036499,"个, 次, 种","-1.0520, -1.7491, -3.2428"
864,国内 恶 银行 好 气西 了 <CL> 那 火 哈堵 !,册,行,-1.2333894968032837,"行, 台, 家","-1.2334, -2.0201, -2.1365"
865,肋膈角 那 <CL> 窝窝 疼 的 好 厉害 。,个,部,-1.566928744316101,"部, 下, 面","-1.5669, -1.8952, -2.1476"
866,来 一 <CL> 5 年 内 的 目标 !,张,本,-2.5606322288513184,"本, 个, 所","-2.5606, -2.5932, -2.7717"
867,"对 省委 的 前 几 <CL> 老 书记 , 对 那些 经验 丰富 、 德高望重 的 老同志 , 新 班子 至今 还 经常 向 他们 登门 请教 。",任,届,-1.5388009548187256,"届, 名, 次","-1.5388, -1.6505, -1.8995"
868,"临 走时 , 保安室 的 哥们 又 给 了 我 三 <CL> 很 水 我 也 不 墨迹 , 知道 自己 的 情况 , 客气 了 下 就 收下 了 。",支,个,-1.3569774627685547,"个, 块, 张","-1.3570, -1.4168, -2.8281"
869,"我 现在 尿布 也 用 花王 了 , 爱 婴室 两 大 <CL> 300 元 怎么样 啊 ?",包,类,-0.8478920459747314,"类, 门, 块","-0.8479, -2.3486, -2.7364"
870,"哎呀 哎呀 , 回家 炒 第一 <CL> 菜 , 手忙脚乱 的 , 额",顿,个,-1.4659141302108765,"个, 次, 锅","-1.4659, -2.2055, -2.6686"
871,"我 刚刚 在 爱 问 共 享 资料 上 传 了 资料 , 欢迎 大家 下载 分享 20102011 学年度 七 年级 数学 上 <CL> 期 中 试题 及 答案 doc 更 多",册,册,-0.08739597350358963,"册, 下, 线","-0.0874, -3.0602, -5.3618"
872,"过期 一 <CL> 多 月 了 , 我 还 吃么 ?",个,部,-2.5135443210601807,"部, 季, 个","-2.5135, -2.5750, -2.9334"
873,"五 年 了 , 三 <CL> 月 的 疯狂 , 走到 最后 , 反而 默默 的 安静 下来 , 难道 真 的 是 因为 大家 的 离别 和 淡忘么 , 还是 自己 所 期望 的 呢 ?",个,个,-0.7000048756599426,"个, 次, 点","-0.7000, -2.2906, -3.1020"
874,我 做 了 <CL> 不 重要 的 决定 什么 负 责任 的 恋爱 者 滚 你 奶奶 的 吧 我 就 是 一 混蛋 混蛋,个,个,-1.7135696411132812,"个, 本, 家","-1.7136, -2.4754, -3.0424"
875,"只 是 我 也 迟迟 看 不 到 你 让 我 融进 你 的 生活 , 在 你 朋友 那里 , 有 我 这么 一 <CL> 人 吗 ?",号,个,-0.14774425327777863,"个, 位, 颗","-0.1477, -3.0939, -4.5672"
876,余文乐 吧 每 日 签到 2012 年 1 月 17 日 可 乐 签到 <CL> http t cn z0ep6 MO 各位 早安 起床 啦 早餐 时间 到,帖,记,-1.4303258657455444,"记, 页, 排","-1.4303, -2.5973, -2.8610"
877,去年 我国 43 亿 <CL> 遭受 自然 灾害 1126 人 死亡,人次,个,-1.4785027503967285,"个, 台, 分","-1.4785, -2.5279, -2.8152"
878,樱花妹 这 <CL> 福利 真好,次,台,-3.01743745803833,"台, 本, 些","-3.0174, -3.0931, -3.1545"
879,最后 一 <CL> 岗 。,班,家,-2.697187662124634,"家, 本, 部","-2.6972, -2.7776, -3.2487"
880,被 一 個惡夢 驚醒 了 出 了 一 <CL> 汗 真的 不 是 非 一般 真實 看來 今晚 我 是 睡 不 著 的 了,身,次,-1.037670612335205,"次, 件, 堆","-1.0377, -2.5604, -2.9315"
881,"对 文昌 宫 、 文昌 君 不 感 兴趣 , 说 我 木然 , 那 等 你 看到 我 对 七 <CL> 山 边 的 那些 古柏 感 兴趣 的 样子 , 你 定然 会 认为 我 的 脑子 有 毛病 。",曲,楼,-2.409029960632324,"楼, 号, 股","-2.4090, -2.8399, -2.8472"
882,总是 那 <CL> 脸 。,张,些,-0.9385857582092285,"些, 种, 个","-0.9386, -1.4102, -1.6193"
883,目的 : 有助于 触 球 时 的 方正 <CL> 面 。,杆,面,-1.2377468347549438,"面, 线, 位","-1.2377, -2.0592, -2.5240"
884,"发表 了 博文 回归 好久 没有 玩 新浪 博客 了 , 回来 看看 , 补充 <CL> 资料 爱好 , 同步 微博 。",些,下,-0.14964595437049866,"下, 点, 些","-0.1496, -2.3770, -3.7137"
885,湖南 卫视 在 放 着 上 一 年 快乐 大 本营 言承旭 我 的 第一 <CL> 偶像 。,个,次,-1.8431823253631592,"次, 首, 张","-1.8432, -2.2016, -2.4461"
886,"没有 撑到 十二点 , 因为 要 赶早 <CL> 飞机 回 上海 对 不 起 哈 祝 乃 一 年 比 一 年 高 富帅 等 我 到 家 送图 给 乃么么哒",点,起,-0.6303358674049377,"起, 回, 点","-0.6303, -1.5017, -2.1031"
887,"高 一 寒假 全 科 强化班 网校 课程 在 现有 优惠 上 , 再 享受 88 折 优惠 包括 高 一 上 下 学期 语文 数学 英语 物理 化学 生物 地理 等 全部 课程 , 共 11 <CL> 课程",个,个,-1.840355634689331,"个, 门, 套","-1.8404, -2.1103, -2.3691"
888,早起 这 <CL> 事 是 要 多 痛苦 有 多 痛苦,档子,次,-2.372877836227417,"次, 起, 本","-2.3729, -2.5527, -2.6988"
889,"金秋 时节 , 层林尽染 , 依山傍水 的 徽派 古 村落 形成 了 一 <CL> 天人合一 的 水墨 山水画 , 显得 静谧 悠远 。",幅,个,-0.9053664207458496,"个, 处, 座","-0.9054, -1.5618, -2.2123"
890,肥 了 两 <CL> 回到 汕头 当站 上 体重 秤 的 那 一 瞬间 尼玛 什么 的 都 阻止 不 了 我 减肥 的 步伐 !,圈,个,-0.8014024496078491,"个, 台, 身","-0.8014, -2.5882, -2.6361"
891,刘俐俐 张绍 刚 场 上 互掐 俩 <CL> 人 都 有 错 。,个,个,-1.4267313480377197,"个, 张, 对","-1.4267, -1.7802, -1.8363"
892,好 彩有哩 <CL> 微博 可以 让 硪对伱 表白 吖吖 好 中意 伱吖吖 !,个,味,-2.076881170272827,"味, 路, 尾","-2.0769, -2.7227, -2.8637"
893,"我 希望 永远 不 要 再 听到 希望 工程 这 四 <CL> 字 , 这 都 应该 是 政府 的 基础 工程 。",个,个,-0.8813323378562927,"个, 句, 位","-0.8813, -1.7744, -2.9547"
894,今天 又 是 一 <CL> 大 丰收 !,个,个,-1.6956908702850342,"个, 次, 本","-1.6957, -2.4856, -2.8995"
895,还 有 <CL> 经典 的,个,个,-2.4860048294067383,"个, 些, 本","-2.4860, -2.5629, -2.5944"
896,黑 的 这 几 <CL> 我 还 蛮 喜欢 的 其他 的 个人 觉得 莎拉伯顿 的 设计 太 纯净 了 有点 唯美 不 像 麦昆 一向 的 诡异 和 黑暗 亚历山大 麦昆 海洋 生物 的 艺术 之 作 17,套,本,-1.6854076385498047,"本, 个, 家","-1.6854, -2.3735, -3.0018"
897,"这 <CL> 人 会 间歇 的 尝试 与 人 亲近 接触 , 但 却 常常 失败 。",类,部,-2.2652926445007324,"部, 家, 本","-2.2653, -2.3092, -2.4152"
898,打 了 <CL> 下午 篮球 。,个,本,-2.740769147872925,"本, 个, 家","-2.7408, -2.8427, -2.8788"
899,"我 亲爱 的 妈 有 <CL> 异于 常人 的 本领 , 就 是 在 你 心情 灿烂 的 时候 能够 让 你 突然 抑郁 沉沦 , 觉得 昏 天地 暗 的 !",个,个,-1.0963678359985352,"个, 家, 位","-1.0964, -1.3912, -3.1798"
900,"剩余 两 天 课 一 天 早起 , 两 <CL> 省考",次,次,-1.0245472192764282,"次, 个, 点","-1.0245, -1.4519, -2.1066"
901,晨 锅 这 <CL> 你 不 是 亮点 亮点 是 你 后面 的 内位 姐姐 哇 表情 帝丫,次,面,-1.74562406539917,"面, 锅, 本","-1.7456, -2.5718, -2.7860"
902,"沉睡 在 E <CL> 中 的 苍老师 , 阔别 多日 , 你 还 好么 ?",盘,下,-1.769887089729309,"下, 家, 面","-1.7699, -2.0100, -2.3243"
903,等 采访 一 <CL> 代表 。,个,本,-2.2572176456451416,"本, 家, 所","-2.2572, -2.8212, -3.0284"
904,"今天 董事长 在 睡午觉 , 和 他 老爸 行走 在 讨债 的 康庄 大道 上 , 收回 一 <CL> 白条 !",张,个,-1.8419243097305298,"个, 些, 笔","-1.8419, -2.3959, -2.5115"
905,"意大利 倾覆 游轮 乘客 称 场景 如 泰坦尼克 惨剧 1 <CL> 豪华 游轮 在 意大利 近海 触礁 倾覆 , 幸存 乘客 描述 称 , 当时 大部分 乘客 都 在 用 晚餐 , 突来 的 巨响 打断 了 欢乐 气氛 。",艘,号,-1.271875023841858,"号, 次, 版","-1.2719, -2.6562, -2.6801"
906,回家 四 <CL> 钟 又 长安 !,个,回,-0.10095956176519394,"回, 家, 个","-0.1010, -2.7875, -5.4770"
907,"看到 微博 有 这么 一 <CL> 话 你 总怪 我 , 对 你 过分 依赖 , 很 奇怪 没有 你 我 该 怎么 办 。",句,篇,-1.33201265335083,"篇, 个, 段","-1.3320, -1.8095, -2.4538"
908,"VICTIM 2012 年 春夏 系列 新品 型录 日本 品牌 Victim 在 今日 揭露 明 年度 春夏 新品 的 型录 , 可以 看到 一 <CL> 轻便 而 有形 的 薄 外套 , 以 皮革 材料 与 帽夹 的 搭配 为主 也 有 轻便 具 机能性 的 风衣 外套 , 可 搭配 出 具有 outdoor 风格 的 穿 搭 。",系列,些,-1.2166404724121094,"些, 个, 款","-1.2166, -1.6512, -2.1917"
909,炮火连天 啊 过 年 的 气息 就 是 这样 满 天 的 火药味 买 了 几 <CL> 旺旺 大礼包 送 人 你 旺 我 旺 大家 旺,包,盒,-0.9334114789962769,"盒, 个, 包","-0.9334, -2.0694, -2.7960"
910,准备 第三 <CL> 喔耶,轮,步,-1.1648167371749878,"步, 章, 节","-1.1648, -2.3070, -2.6198"
911,"新年 第一 天 , 我 做 了 一 <CL> 浪漫 的 梦 , 醒 了 。",个,个,-0.960534930229187,"个, 些, 次","-0.9605, -2.0067, -2.6000"
912,大年 初一 因为 要 上班 又 是 一 <CL> 人 在 家 好 不 开心 啊,个,个,-0.4435667097568512,"个, 次, 阵","-0.4436, -2.9544, -3.7267"
913,穿上 一 <CL> 帅气 的 西装 。,身,季,-1.1314315795898438,"季, 件, 次","-1.1314, -1.8639, -2.6073"
914,"一 生 最 重要 的 三 <CL> 日子 世界 上 有 你 的 那 天 , 世界 上 有 我 的 那 天 , 我 和 你 成为 我们 的 那 一 天 。",个,件,-0.01851153001189232,"件, 个, 次","-0.0185, -5.5582, -5.7265"
915,中国 大人 秀 居然 把 冠军 给 了 一 <CL> 唱 男人 歌 还 走音 的 女人 。,个,个,-0.33493873476982117,"个, 位, 家","-0.3349, -2.0321, -4.2444"
916,138 我 想 是 那 <CL> 坚强 又 美丽 的 人 。,种,个,-0.45958900451660156,"个, 位, 样","-0.4596, -2.4340, -2.8642"
917,"上海 中医药 大学 药学院 副院长 陶建生 曾 道破 天机 考验 一 <CL> 药品 能否 服用 , 无非 看 两 点 一 是 疗效 , 一 是 安全 。",种,个,-2.1082842350006104,"个, 次, 位","-2.1083, -2.1433, -2.3093"
918,"5 在 中央 空调 室内 摆放 一 <CL> 水 或 使用 保湿机 , 避免 泪液 蒸发 过 多",盆,个,-0.9014896750450134,"个, 张, 台","-0.9015, -1.8781, -2.2181"
919,"结果 11 点 去 到 根据 点 , 又 给 灌 了 近 2 <CL> 啤酒 。",支,个,-1.5553514957427979,"个, 次, 瓶","-1.5554, -1.5677, -1.6360"
920,老娘 法眼 一 开 就 知道 你 是 <CL> 妖孽 了 。,个,个,-0.7698416709899902,"个, 家, 对","-0.7698, -1.8912, -3.0722"
921,"也许 错过 了 就 错过 了 , 时间 会 帮 我 换 一 <CL> 新 的 梦 !",个,次,-0.7993185520172119,"次, 个, 下","-0.7993, -1.8879, -2.1343"
922,"过敏 体质 的 人 伤 不 起 中午 吃 了 <CL> 桂林 米粉 , 脸 又 红 又 肿跟 猪头 一样 , 主管 第一 反应 就 是 嫌 我 丑",碗,下,-2.232192277908325,"下, 身, 个","-2.2322, -2.5741, -2.7065"
923,隔离 玩 单机 游戏 果 <CL> 就 免 提 啦嘉骅 话斋 so what,个,盘,-0.7079694271087646,"盘, 片, 个","-0.7080, -3.1814, -3.2334"
924,"6 生活 太 艰难 了 , 为了 多 掌握 一 <CL> 吃饭 的 手艺 , 我 正在 练习 左 手 使 筷子 。",门,些,-0.5890715718269348,"些, 点, 下","-0.5891, -1.3526, -2.6202"
925,分享 一 <CL> 来自 酷狗 音乐 的 歌曲 许巍 曾经 的 你 分享 自 酷 狗 音乐,首,下,-0.08688398450613022,"下, 次, 篇","-0.0869, -3.9060, -3.9910"
926,"今天 的 春节 愿望 姐要 热 血 地 好好 学习 , 积极 向上 , 立志 做 一 <CL> 视 钱财 如 粪土 的 屎壳郎 , !",个,个,-0.5618647336959839,"个, 名, 位","-0.5619, -0.9563, -4.2263"
927,"来 乡下 吃 餐饭 , 也 要 带 着 目的 来 的 , 都 是 一 <CL> 想 巴结 黑暗 的 官僚主义 的 无良 商人 , 也 有 想 寻找 财路 物识 商人 的 父母官 , 官臭 加上 铜臭 的 社会 早 已 猥亵 了 我们 美好 的 理想",伙,家,-1.2234679460525513,"家, 个, 样","-1.2235, -1.4649, -2.7520"
928,各 <CL> 红包 塞进 口袋 。,种,部,-2.2667856216430664,"部, 家, 本","-2.2668, -2.3141, -2.3853"
929,我 自己 处理 这 <CL> 事 好 了 。,件,个,-1.2483574151992798,"个, 些, 样","-1.2484, -1.3213, -2.3088"
930,有 没有 哪 一 <CL> 人 愿意 为了 自己 的 女朋友 而 不 抽烟 呢,个,个,-1.9865940809249878,"个, 些, 家","-1.9866, -2.2756, -2.5780"
931,"新年 注册 <CL> 微博 , 说说 身边 的 事 。",个,册,-0.5054296255111694,"册, 本, 个","-0.5054, -2.8446, -3.4433"
932,他 在 信 的 末尾处 写道 祝 你 度过 一 <CL> 愉快 的 晚年 !,个,个,-0.2713557481765747,"个, 段, 些","-0.2714, -1.9488, -3.5746"
933,"此后 罗马 天主教 曾 派出 七 <CL> 主教 来华 协助 孟德 高 维 诺 传教 , 其中 有 三 人 到达 , 并 开辟 了 泉州 等 主教 区 。",个,个,-1.4395002126693726,"个, 名, 位","-1.4395, -1.4805, -1.4928"
934,以 一 <CL> 旅行者 在 路 上 的 心态 入眠 !,个,部,-2.2990310192108154,"部, 家, 本","-2.2990, -2.3395, -2.4131"
935,但 我 至少 捡到 了 一 <CL> 爱 。,份,个,-0.896795392036438,"个, 些, 件","-0.8968, -2.7162, -2.8156"
936,"早上 五点 起床 , 给 孩子们 化妆 , 给 他们 找 10 <CL> 楼 考点 , 和 他们 一起 排 长长 的 队 , 和 他们 说 加油 , 看 着 他们 进 考场 , 希望 他们 都 能 考 个好 成绩 。",号,个,-1.0315688848495483,"个, 块, 张","-1.0316, -1.7673, -2.2179"
937,"早上 搬 行李 , 又 跑到 其他 <CL> 傻乎乎 说 怎么 开 不 了 门 。",栋,家,-0.7463186383247375,"家, 处, 行","-0.7463, -1.2925, -3.2898"
938,三星路 <CL> 香酥 鸡咯,次,家,-2.3755886554718018,"家, 路, 个","-2.3756, -2.4307, -2.5357"
939,"远远 望去 , 地点 好像 就 是 旅馆 门口 , 战战兢兢潜 过去 , 原来 是 抓 了 三 <CL> 墨西哥 偷 车 小 贼 。",个,个,-0.6221137642860413,"个, 名, 只","-0.6221, -2.5907, -2.9874"
940,我 爱 死 这 <CL> 日志 了,篇,个,-2.595111846923828,"个, 本, 家","-2.5951, -2.7553, -2.8082"
941,很 讨厌 有些 人 半夜 三 <CL> 烧 炮长 !,间,餐,-0.8176702260971069,"餐, 点, 分","-0.8177, -1.3551, -2.3589"
942,7 两 <CL> B 型 血 的 人生 出 的 孩子 是 2 B 的 吧 ?,个,个,-1.5636709928512573,"个, 双, 分","-1.5637, -3.1320, -3.2446"
943,我 是 <CL> 保守 的 人 。,个,本,-1.8526160717010498,"本, 个, 家","-1.8526, -2.1853, -2.8421"
944,除夕 最 大 愿望 就 是 一 亲戚 给 我 一 <CL> 薄薄 的 红包 对 我 说 钱 太 多 了 装 不 进去 里面 有 张卡密码 是 你 生日 自己 去取 哈哈 有 同 感同 鞋 的 转发,个,个,-0.3601606786251068,"个, 份, 张","-0.3602, -2.3588, -2.7272"
945,"过 了 起飞 时间 还 有 十二 <CL> 人 没有 登机 , 争分夺秒 的 春运 啊 , 伤 不 起",个,分,-0.5046569108963013,"分, 点, 个","-0.5047, -1.0326, -3.8781"
946,"终于 到家 了 , 还是 家 里 好 啊 , 虽然 没 暖气 可 是 杭州 的 那 <CL> 暖和 多 了 !",间,种,-1.143017053604126,"种, 个, 些","-1.1430, -1.2903, -2.1335"
947,"我 讨厌 别人 跟 我 说 呵呵 , 讨厌 别人 跟 我 说 对 不 起 , 如果 是 这 两 <CL> 词 , 我 宁愿 你别 跟 我 说话 , 我 用 不 着",个,句,-0.6269882917404175,"句, 个, 种","-0.6270, -1.6149, -1.9192"
948,等 一 <CL> 晴天,个,等,-1.4776902198791504,"等, 家, 所","-1.4777, -2.4439, -2.8283"
949,刚 在 南京 见 了 一 <CL> 粉色 哑光 奔驰 真 骚包,个,个,-2.2229878902435303,"个, 本, 样","-2.2230, -2.7423, -2.9618"
950,发表 了 博文 完美 婚恋 关系 的 三 <CL> 标准 !,个,种,-0.7780292630195618,"种, 个, 点","-0.7780, -1.1146, -3.0408"
951,"我 刚刚 通过 下载 了 安信 证券 宏观 研究 2012 年 1 月 产能 周期 理论 概述 之 二一 <CL> 基于 国际 收支 变化 的 分析 框架 pdf , 推荐 给 大家 !",个,章,-1.5217866897583008,"章, 篇, 节","-1.5218, -2.7191, -2.7407"
952,上传 了 1 <CL> 照片 到 相册 animation,张,本,-1.494774580001831,"本, 个, 下","-1.4948, -2.3748, -2.9671"
953,"她 不必 问 寒 道 暖 , 光是 那 一 <CL> 微微的 笑容 就 把 就餐 者 浑身 的 疲惫 、 枯燥 的 心田 熨 得 平展展 的 。",缕,句,-1.647680640220642,"句, 个, 丝","-1.6477, -1.8425, -2.6253"
954,"万 能 的 微博君 , 赏 我 <CL> 结局 呗",个,个,-1.573229432106018,"个, 点, 下","-1.5732, -1.7508, -2.4202"
955,比 一 <CL> 还 堵 。,环,个,-1.9984720945358276,"个, 家, 对","-1.9985, -2.5607, -2.7198"
956,每 天 看 几百 <CL> 厚 的 书 而且 还 有 密密麻麻 的 理论 公式 和 定理 记人 名都 怪难 的 什么 凯恩斯 恩格尔 云云 你们 好好 在 西方 做 研究 为何 还 来 毒害 我们 ?,页,个,-1.587196707725525,"个, 次, 所","-1.5872, -2.6284, -3.1051"
957,跟萌 妹子 一 下午 连刷 了 两 <CL> 几么 圆满 哈 皮,遍,次,-0.8890076875686646,"次, 个, 张","-0.8890, -1.5506, -2.4799"
958,"换 了 两 <CL> 地铁 , 都 坐 过 站 。",趟,个,-1.6302943229675293,"个, 面, 次","-1.6303, -2.6797, -3.3853"
959,"生日 快乐 啊 甘 多 年 啦 , 中 记得 第一 <CL> 参加 你 生日 party 间 麦当劳 衣家 都 已经 拆 左咯 , 不过 我 地 之间点 都 系 吾 变嘎 , 今日 同 吾 到 你 庆祝 啦 , 不过 你 今日 同 以后 都 要 开开 心心",次,次,-0.6794605851173401,"次, 个, 张","-0.6795, -1.5959, -3.1128"
960,大家 快 D 来海珠 花市 C132 档 之前 有条 微 薄 话 转 左 有 奖品 原来 系真噶 我 抽 中 左 <CL> HelloKitty 大家 快 D 来 啊,个,个,-1.0554410219192505,"个, 下, 次","-1.0554, -2.8969, -2.9856"
961,"饿 的 失眠 , 好 想 <CL> 火锅 。",次,发,-1.3852800130844116,"发, 起, 回","-1.3853, -1.9876, -2.0401"
962,"小 年 来 了 以前 过 小 年 的 时候 , 要 往 灶 门 上 涂 红糖 , 现在 终于 知道 这 是 为什么 了 据说 这 一 天 , 灶王爷 都 要 上天 向 玉皇大帝 报告 这 一 <CL> 人 的 善恶 , 让 玉皇大帝 赏 罚 。",家,次,-1.4543699026107788,"次, 点, 节","-1.4544, -1.6036, -2.6677"
963,首 <CL> 张宗昌 大骂 读书人 是 狗屁,发,次,-2.3352248668670654,"次, 本, 面","-2.3352, -2.6044, -3.2930"
964,今晚 开车 那 <CL> 很 怀念 很 怀念 的 感觉,段,个,-0.4590352177619934,"个, 些, 句","-0.4590, -2.6708, -3.7113"
965,"如果 天气 不 好 , 就 在 家 泡 <CL> 茶 , 看看 书 , 听听 歌 。",壶,个,-0.2573466897010803,"个, 面, 杯","-0.2573, -2.5938, -3.8347"
966,女人 一定 要 找 <CL> 会 欣赏 自己 的 男人 !,个,个,-2.0560266971588135,"个, 家, 所","-2.0560, -2.8602, -3.3008"
967,"受 苹果 公司 的 iPod 和 iPhone 等 一 <CL> 产品 的 影响 , 以 英文 字母 i 开头 俨然 已经",系列,些,-1.202201247215271,"些, 般, 批","-1.2022, -1.9543, -2.4945"
968,生命 不 是 一 <CL> dota 。,局,个,-0.7843366265296936,"个, 件, 种","-0.7843, -1.8140, -1.8222"
969,我 家 的 沙滩 变得 一点 也 不 漂亮 了 不 喜欢 了 像 <CL> 垃圾堆 一样,个,个,-0.728786826133728,"个, 点, 头","-0.7288, -2.3540, -2.5146"
970,"向 我 弟弟 请教 英语 , 还 帮取 我 了 一 <CL> 英文 名 。",个,下,-1.4514009952545166,"下, 个, 本","-1.4514, -2.0348, -2.3226"
971,http t cn h4QJCa 我 用 魔幻 古筝 演奏 了 一 <CL> 动听 的 梅花 三 弄 。,曲,段,-0.7007859349250793,"段, 首, 曲","-0.7008, -1.8371, -2.3982"
972,世界 上 的 另 一 <CL> 我 心理氧 吧 心理网,个,个,-1.5795698165893555,"个, 面, 些","-1.5796, -1.8708, -2.0163"
973,"一 <CL> 好 鞋 不 要 在乎 外观 是 不 是 好看 精致 , 穿 的 是否 合脚 只有 自己 知道 。",双,部,-2.274672031402588,"部, 家, 本","-2.2747, -2.3137, -2.3768"
974,是 这 <CL> 话,句,本,-2.317379951477051,"本, 家, 等","-2.3174, -2.6406, -2.8365"
975,大早 上 打 电话 说 少 给 他 一 <CL> 运费 !,笔,个,-1.2877556085586548,"个, 次, 点","-1.2878, -1.3395, -2.3656"
976,收 了 <CL> 红包 嘎嘎,个,本,-2.4474563598632812,"本, 个, 家","-2.4475, -2.5729, -2.6145"
977,"肤色 黝黑 的 空少 一 <CL> 短 打扮 , 开始 兜售 酒水 饮料 方便面啥 的 。",身,名,-1.2800381183624268,"名, 个, 位","-1.2800, -1.5908, -1.8511"
978,"朋友 都 回去 了 , 只 剩下 我 一 <CL> 人 了 , 唉 !",个,家,-0.5818374156951904,"家, 位, 起","-0.5818, -2.7025, -3.2563"
979,你们 快 去 看 我 人人 分享 的 那 <CL> 文章 !,篇,些,-1.1188782453536987,"些, 个, 篇","-1.1189, -1.2828, -2.0751"
980,今晚 葛个 婚礼 真系 好 浪漫 啊 好 温馨仲 好 感动 啊 搞到 d 观众 都 泪 汪汪 甘 呢 <CL> 婚礼 够 晒 豪华咯 羡慕 不 来,个,声,-2.3051087856292725,"声, 点, 等","-2.3051, -2.7423, -2.8460"
981,"只 是 突然 极 心疼 在 这 一 行 工作 了 那么 久 的 爸爸 , 等 休息 了 一定 要 买 <CL> 最 好 的 护手霜 给 他 。",个,个,-0.9935023188591003,"个, 点, 下","-0.9935, -1.5802, -2.0893"
982,拐弯 是 前进 的 一 <CL> 方式,种,种,-0.5306295156478882,"种, 个, 步","-0.5306, -1.2673, -3.4773"
983,晚上 不 上 婆度 食 饭利 是 少 了 几十 元 妈 稳 借口 话利 是 掉 了 婆话 距 发 钱 行 特别扭 鸡 哈哈妈 去 打 麻雀 <CL> 人 比利 是 又 无比 翻 我,滴,家,-1.5542773008346558,"家, 行, 对","-1.5543, -2.3897, -2.8155"
984,"让 人 感觉 末日 之 桥 , 带来 <CL> 希望 。",丝,个,-2.712790012359619,"个, 次, 道","-2.7128, -2.7567, -2.8043"
985,Lucy 张芯晨 又 完成 了 一 <CL> 市民 的 心愿 。,个,个,-1.4016069173812866,"个, 次, 篇","-1.4016, -2.2782, -2.3299"
986,"在 必胜客 吃 披萨 , 讨 <CL> 好 彩头",个,个,-0.8505620956420898,"个, 点, 分","-0.8506, -2.4663, -2.9255"
987,"三 <CL> 要 记住 吃一堑 长一智 , 经 一 事 长 一 能 , 交 一 友 结 一 缘 。",个,部,-2.268050193786621,"部, 家, 本","-2.2681, -2.3103, -2.3948"
988,好 大 几 <CL> 酒 哦,缸,个,-0.8508630990982056,"个, 层, 块","-0.8509, -2.6612, -2.7290"
989,估估 <CL> G 糸画 上去 定纹 上去 既 ?,个,本,-1.3156226873397827,"本, 个, 位","-1.3156, -2.3084, -3.2407"
990,"倾城 之 泪 全 家 福将 曝光 明星 客串 齐贺 岁 一 <CL> 寒流 让 国内 普遍 降温 , 而 北方 大部 地区 也 频现 冬日 雪景 。",股,起,-2.025310754776001,"起, 家, 族","-2.0253, -2.1942, -2.4152"
991,"撑死 了 , 到底 有 几 <CL> 菜 都 忘记 了 , 晚饭 不 吃 了 。",道,个,-0.6517969965934753,"个, 分, 点","-0.6518, -2.2600, -2.9604"
992,妈 的 跑 了 半 <CL> 小时 现在 腿 还 疼,个,路,-1.2807819843292236,"路, 圈, 个","-1.2808, -1.3075, -1.8076"
993,"一会儿 有 他 最 爱 的 飞机 餐 , 还 能 把 我 那 <CL> 也 吃 了 , 能 不 激动 不 ?",份,个,-0.6519491076469421,"个, 些, 张","-0.6519, -2.2415, -2.6404"
994,"并 拍 下下面 一 <CL> 照片 , 说 真的 我 看后 流泪 了 !",组,下,-1.9436793327331543,"下, 本, 面","-1.9437, -2.1433, -2.5281"
995,而 我 又 怎 能 忘 了 你们 亲爱 <CL> 嫂子们 挑 个 吧 等 我 回去 领走 !,滴,所,-1.6710423231124878,"所, 家, 等","-1.6710, -2.1336, -2.3050"
996,"但 看看 这个 插座 , 再 原有 的 基础 上 再 加上 了 2 <CL> USB 接口 , 充电 不 仅仅 靠 电脑 的 USB 接口 了 。",个,个,-0.1946503221988678,"个, 根, 座","-0.1947, -3.3562, -4.1873"
997,除了 玩游戏 还 能 干 <CL> 别 的 不 。,点,个,-1.3413381576538086,"个, 本, 面","-1.3413, -1.8047, -3.3029"
998,一 <CL> 罗汉 坐 在 大堂 咖啡厅 茶 喝喝,群,部,-2.274672031402588,"部, 家, 本","-2.2747, -2.3137, -2.3768"
999,"吃 了 一 <CL> 麻酱 凉皮 , 那 滋味 比 想象 的 差远 了 。",碗,本,-2.607997417449951,"本, 家, 个","-2.6080, -2.7430, -2.8747"
1000,"专家 认为 当前 的 市场 状况 , 与其 说 是 豪华车 的 盛宴 , 不如 说 更 像 一 <CL> 品牌 的 狂欢 。",场,场,-0.215618297457695,"场, 个, 次","-0.2156, -2.9518, -3.0802"
1001,要 想 照顾 每 <CL> 人 的 感受 。,个,个,-1.1996445655822754,"个, 家, 点","-1.1996, -2.6153, -2.8442"
1002,"那 我 就 给 <CL> 机会 你 了解呗 , 反正 , 我 是 要 追到 你 的 。",个,个,-1.7594789266586304,"个, 对, 所","-1.7595, -2.9422, -3.0927"
1003,"跑到 荥经 买 了 <CL> 小 砂锅 , 顺便 吃 了 传说 中 好吃 到 爆 的 凉粉 , 小米辣 伴 着 凉粉 入口 , 确实 很 爽正宗 的 哒哒面 和 棒棒 鸡 都 因 过 年 关门 没 吃 成 雅西 高速 到 荥经 就 封闭 了 据说 3 月 才 正式 通车",个,个,-2.2651896476745605,"个, 发, 家","-2.2652, -2.3398, -2.4131"
1004,"你 说 你 一 <CL> 月 给 我 打 了 多少 电话 , 你 的 话费 就 多少 可是 从今以后 你 的 手机 再 也 不 会 有 拨 出去 的 号码 , 我 的 手机 再 也 不 会 有 你 的 已 接来 电",个,个,-1.9306023120880127,"个, 所, 家","-1.9306, -2.6353, -2.7625"
1005,"一 <CL> 眼神 足以 表达 一切 , 还是 你们 豆豆 懂 你 啊 !",个,部,-2.274672031402588,"部, 家, 本","-2.2747, -2.3137, -2.3768"
1006,"艾丽 公主 奥兰 <CL> 毛呢 大衣 2011 新 款 冬装 外套 风衣 女装 服饰 22800 元 热销 中 , 别 错过 哦",朵,丝,-1.310412049293518,"丝, 朵, 波","-1.3104, -1.5927, -1.6884"
1007,"我 参与 了 发起 的 投票 2011 年 360 公司 我 最 喜欢 的 年会 节目 微 评选 , 我 投给 了 2360 军情 解密 这 1 <CL> 选项 。",个,个,-0.7643790245056152,"个, 篇, 条","-0.7644, -2.6820, -2.8302"
1008,却 又 开始 惴惴不安 的 怕 被 谁 截去 一 <CL> 天荒地老 。,个,个,-1.648518443107605,"个, 段, 条","-1.6485, -2.4923, -2.9136"
1009,"都 射 了 6 <CL> 了 , 这个 女 的 还 要 http t cn z0gw3vv 我 的 娜塔莎 爱情 公寓 Hello 小姐 大卫王 与 贵妃 军情 解码 天天 向上 杀 虎口 客服 很 忙 假如 爱 有 天意 乌托邦 办公室 狐步 谍影 禁止 的 游戏 历史 的 进程兔 宝宝 超级 巨星 青 木瓜 之 味 戒烟 不 戒酒",次,个,-2.088543653488159,"个, 次, 台","-2.0885, -3.2126, -3.2383"
1010,扫盲 <CL> 2011 之 微博 十 大 热门 段子,帖,面,-2.790417432785034,"面, 分, 本","-2.7904, -2.8385, -2.8972"
1011,20111223 一 生 一 <CL> 合家欢 之 东 成西 就 2012 陈翔 比武 招亲 摄 by 土土 分享 自,世,世,-0.09024707227945328,"世, 次, 路","-0.0902, -3.6094, -4.5207"
1012,我 不 想 三 四 <CL> 月 都 无 球 可 打 。,个,点,-2.2846412658691406,"点, 分, 下","-2.2846, -2.2979, -2.3622"
1013,"雪域 天晴郎 , 腊梅 处处 香 , 吃 完 烤鱼 , 买 <CL> 腊梅 回家 去",束,点,-0.9247778058052063,"点, 回, 个","-0.9248, -1.6258, -2.0396"
1014,又 是 一 <CL> 下雨天,个,次,-2.5934860706329346,"次, 个, 所","-2.5935, -2.7720, -2.8439"
1015,半夜拉 肚 纸 真 不 是 <CL> 好 事 接着 睡 了,件,只,-1.9495965242385864,"只, 个, 脸","-1.9496, -2.0599, -2.6151"
1016,这 2 天 每 天 做 梦 都 在 锻炼 麻痹 昨天 梦到 和 沃伦 一 <CL> 练手 臂 难道 真 是 我 太 寂寞 了,起,起,-0.19530586898326874,"起, 样, 块","-0.1953, -1.9645, -3.9003"
1017,终於 都 解放 了 呢 妈咪 你 快 <CL> 来呀,滴,点,-0.21209825575351715,"点, 回, 分","-0.2121, -2.3922, -4.2916"
1018,漂亮 女 老师 惨遭 凌辱 http t cn z0gzl3B 小鹿斑比 万 有 引力 画壁 单身 女王 英雄 梦幻曲 七十二 <CL> 租客 粤语 版 铁石心肠 我 的 野蛮 女友 2 夜 店 告密者 新 电影 传奇 特工 008 拆弹 部队 武林 外传 香奈儿 的 秘密 情史 恋人 絮语 老马家 的 幸福 往事 花木兰 铁面 歌女,家,首,-0.8401480317115784,"首, 集, 曲","-0.8401, -2.6334, -2.6543"
1019,"送 一 大 <CL> 白 玫瑰 虽然 浪漫 , 但 让 我 觉得 有点 奢侈 啊 !",束,家,-2.735722780227661,"家, 所, 道","-2.7357, -2.9278, -3.0083"
1020,"读书 时 , 以前 那 <CL> 中午 午睡 晚上 早睡 早上 六点半 到 校 的 我 到 之后 每 天 早上 七 点 起来 经常 差点 迟到 的 我 。",个,个,-0.9662805795669556,"个, 些, 种","-0.9663, -1.1288, -2.4857"
1021,"几 <CL> 知道 女儿 爱 自己 的话 , 爸爸 抱 着 我 , 他 哭 我 哭 妈妈 哭 小姨 哭 。",句,个,-1.6465232372283936,"个, 些, 本","-1.6465, -2.2690, -2.8088"
1022,天翼 快讯 1 铁道部 启动 新 一 <CL> 客票 系统 规划 及 设计 。,代,轮,-0.0735449567437172,"轮, 批, 代","-0.0735, -3.4730, -4.0763"
1023,"这个 新年 似乎 还 没 玩够 睡够 就 匆匆 要 打包 行李 了 , 带 着 一 <CL> 的 不舍",肚子,个,-1.3864824771881104,"个, 堆, 些","-1.3865, -1.7318, -2.3120"
1024,限制级 为 4 <CL> 的 大片 http t cn z0eom40 盘 龙 卧虎 高 山顶 暗香 内线 上 错 花轿 嫁对郎 小兵 张嘎 鲜花 朵朵 女 神捕 聚宝盆 还 珠 格格 2 欢喜 婆婆俏 媳妇 沧海 蜗居 浙版 西游记 永 不 瞑目 铁 梨花 大 境门 说好 不 分手 杨光 的 快乐 生活 3 命运 兵峰 聊斋 3 黑 冰,级,级,-1.438961386680603,"级, 个, 次","-1.4390, -1.6542, -2.3513"
1025,社会 逼迫 我 要 带 一 <CL> 面具 天使 香烟,层,个,-1.431779146194458,"个, 家, 些","-1.4318, -2.5573, -3.0655"
1026,"不 难 发现 , 我 每 <CL> 博文 包括 转发 都 是 有 目的 的 。",篇,次,-0.47328823804855347,"次, 个, 分","-0.4733, -1.3120, -4.5943"
1027,"生命 是 一 <CL> 过程 , 可悲 的 是 它 不 能 重来 , 可喜 的 是 它 不 需要 重来 。",个,种,-0.5566508173942566,"种, 个, 件","-0.5567, -1.2201, -4.0051"
1028,接 下来 发 一 <CL> 80 年代 徐家汇 的 照片,组,家,-2.4841558933258057,"家, 个, 等","-2.4842, -2.5545, -2.6976"
1029,"新年 到来 , 我 也 结束 了 一 <CL> 感情 , 希望 新 的 一 年 有 新 懈逅",段,个,-1.0339150428771973,"个, 些, 般","-1.0339, -2.1893, -2.6932"
1030,"山西 静乐 县委 书记 因 女儿 吃空饷 5 年 被 免职 太原 1 月 15 日 电 因 父亲 是 地方 官员 , 竟 让 读书 的 女儿 吃 财政 空饷 长 达 5 年 , 1 月 15 日 , 这 <CL> 身为 县委 书记 的 父亲 因此 被 免职 。",位,位,-0.8199325799942017,"位, 名, 个","-0.8199, -1.4127, -2.1040"
1031,"分享 我 的 POCO 作品 福布斯 寰球 价码 最高 10 <CL> 名模 , 快来 看 呀",位,分,-1.491331934928894,"分, 个, 位","-1.4913, -1.8044, -2.4524"
1032,"就算 这 牌子 没 怎么 见 过 , 看 这 <CL> nokia , 国内 要 卖 800 人民币 左右 。",款,个,-0.686981737613678,"个, 些, 张","-0.6870, -1.9713, -2.9231"
1033,"纵使 你 有 千 <CL> 的 苦 , 那 有 能 表明 你 有 多 在乎 ?",番,个,-1.0176987648010254,"个, 种, 层","-1.0177, -2.5340, -3.0028"
1034,"宁 士高 跳 过 警卫 的 尸体 大 叫 道 , 这时 前面 传来 三 <CL> 枪 响 。",声,个,-0.9232369661331177,"个, 声, 名","-0.9232, -1.2247, -2.2287"
1035,睡 了 五 <CL> 小时 又 爬 起来 了,个,个,-1.2747704982757568,"个, 家, 间","-1.2748, -3.1491, -3.2264"
1036,昨天 做 了 <CL> 梦梦 到 我 放弃 了,个,个,-1.4010975360870361,"个, 本, 对","-1.4011, -1.4242, -3.2415"
1037,"周末 就 是 福利哇 , 难得 我 又 睡 了 <CL> 好 觉 , 虽然 内心 的 矛盾 并 未 消散 , 但 我 真 的 真的 快乐 轻松 了 不少 。",个,个,-0.3955354690551758,"个, 下, 点","-0.3955, -3.1224, -3.5580"
1038,你 舍得 起身 未 打佐 6 <CL> 电话俾 你 啦,个,次,-2.5041325092315674,"次, 点, 分","-2.5041, -2.9002, -3.1721"
1039,"十九 <CL> 的 孩纸 今天 你们 英语 课 怎样 啊 因为 生病 关机 了 , 碰巧 英语 老师 有 事 回家 , 她 的 交待 短信 我 木 有 收到 , 啊 希望 课 过 得 还 可以 吧 对 不 起 了",班,部,-1.2976162433624268,"部, 本, 家","-1.2976, -2.5026, -2.9632"
1040,"2012 年 春节 期间 , 我 来到 了 一 <CL> 山里 乡村 2012127 乡村 生活 体验 中 !",个,个,-1.3618206977844238,"个, 本, 次","-1.3618, -3.0736, -3.1454"
1041,"送 祝福 喜 迎 新春 转发 得 小 米 F <CL> 祝福 所有 米粉 龙年 大吉 学业 节节 高升 , 爱情 甜甜蜜蜜 , 事业 顺顺 利利 , 家庭 美美 满满",码,发,-1.7272577285766602,"发, 包, 点","-1.7273, -3.2048, -3.2056"
1042,真 是 一 <CL> 有 阳光 的 温暖 假日 !,个,个,-2.2381997108459473,"个, 家, 次","-2.2382, -2.6836, -2.7949"
1043,"如果 电影 都 需要 有 一 <CL> 主题 的话 , 金陵 十三钗 的 主题 必须 是 救赎 。",个,个,-0.3887122869491577,"个, 段, 种","-0.3887, -2.9053, -2.9459"
1044,"我 参与 了 发起 的 投票 乐排网 TOP 看 音乐 第 27 期 , 我 投给 了 陈楚生 爱情 是否 依然 这 1 <CL> 选项 。",个,个,-1.1180135011672974,"个, 张, 条","-1.1180, -2.4588, -2.4724"
1045,"打扫 卫生 洗衣 做饭 虽然 累 , 可 这 <CL> 家 的 感觉 好 幸福 !",种,次,-1.1548097133636475,"次, 个, 样","-1.1548, -1.4897, -2.2539"
1046,粤语 歌 真 难学 虽然 好听 但 这 到底 是 哪 <CL> 发明 的 语种 我 学得 快 疯 了 !,个,个,-0.9504444599151611,"个, 些, 种","-0.9504, -1.9972, -2.0220"
1047,"经过 13 <CL> 小时 的 奔波 , 终于 到 我 家 的 小 县城 了",个,个,-0.39937928318977356,"个, 次, 分","-0.3994, -2.3562, -3.2946"
1048,"撑 麦王 争霸 , 下 <CL> 我 要 参加",次,面,-1.2141554355621338,"面, 线, 场","-1.2142, -2.2216, -2.7544"
1049,两 <CL> 小孩 在 洗澡 挨 我 偷拍 一直 喊 冷,个,部,-2.2714929580688477,"部, 家, 本","-2.2715, -2.3118, -2.3937"
1050,"小 朋友们 玩 的 也 欢乐 , 代币 是 一 人 二十 <CL> 瓜子",个,块,-0.13845813274383545,"块, 个, 分","-0.1385, -3.5522, -3.7135"
1051,公司 吃 团圆饭 抽 中 三 <CL> 奖 !,等,个,-1.3821579217910767,"个, 次, 颗","-1.3822, -1.6297, -2.2791"
1052,"一 生 中 的 7 <CL> 点 1 应当 多 一点 善心 , 少 一点 心眼 。",个,个,-0.7726951837539673,"个, 件, 种","-0.7727, -0.8684, -3.3496"
1053,有 时候 自己 就 会 想 这样 的 生活 什么 时候 才 是 <CL> 头 啊 ?,个,家,-1.8344053030014038,"家, 对, 个","-1.8344, -1.9489, -2.0867"
1054,"酷毙 了 视觉 系 米拉乔沃维奇 , 虽然 你 经常 演 生化 危机 , 拍 <CL> 法国 名酒 广告 也 不 必 搞 得 这么 The End Of The World 吧 , 闪电 龙卷风 海啸 地震 冰风暴 , 整 得 跟 代言 2012 似 的 高清 组图",个,片,-1.6698349714279175,"片, 个, 下","-1.6698, -1.7515, -2.4732"
1055,"你 地 T 几 乱 , 多谢 感夜仲系街 打包 比 我 <CL> 朋友",个,家,-1.552669644355774,"家, 包, 发","-1.5527, -2.7331, -3.2437"
1056,"明天 是 老爸 生日 , 因为 亲友 太 多 , 我们 决定 去 餐馆 订餐 , 并且 多 点 <CL> 素菜 , 帮 亲友们 解解 油腻 , 亲友们 都 赞成 这个 提议 , 说 真的 吃 不 动 大",些,点,-0.8006209135055542,"点, 餐, 些","-0.8006, -0.8408, -4.2193"
1057,"谢谢 今天 姐夫哥 为 我 唱 的 那 <CL> 歌 , 听 的 很 心酸 , 爱 你们 ,",首,首,-0.14930279552936554,"首, 个, 句","-0.1493, -3.3039, -3.5397"
1058,"热 热 的 糯米 园子 出锅 了 , 我 和 妈咪 第一 <CL> 杰作 !",次,次,-0.24187292158603668,"次, 个, 顿","-0.2419, -2.9043, -3.4205"
1059,"人生 感悟 与 朋友 闲聊 , 他 说 很 想 抽点 时间 多 读 <CL> 书 , 以 充实 自己 。",点,些,-0.7721704244613647,"些, 点, 下","-0.7722, -0.8891, -3.1913"
1060,"iphone4s 就 这个 <CL> 为什么 那么 令 人 疯狂 , 求 解释",样,样,-1.5476579666137695,"样, 个, 点","-1.5477, -1.7382, -1.8517"
1061,天啊 我们 四 <CL> 吃 了 多少 啦 撑死 啦,个,个,-0.3390336334705353,"个, 位, 家","-0.3390, -2.4442, -3.6902"
1062,"还 有 几 <CL> 小时 我 就 会 回到 你 身边 , 等 着 我",个,些,-1.3465399742126465,"些, 个, 所","-1.3465, -2.4939, -3.1386"
1063,"大年 初一 , 老天爷 给 了 大家 好 天气 , 出 了 大 太阳 , 阳光明媚 今年 会 是 <CL> 好 兆头 噢",个,个,-0.23321323096752167,"个, 家, 些","-0.2332, -3.9024, -4.0990"
1064,"亚 只 有 沉溺 工作 , 不 让 自己 有 一 <CL> 喘息 的 机会 想起 远 。",丝,个,-0.8766910433769226,"个, 种, 点","-0.8767, -1.8877, -2.1010"
1065,被 两 <CL> 男人 的 基情 刷屏 了 !,个,个,-1.2280162572860718,"个, 位, 名","-1.2280, -1.7110, -1.7868"
1066,"所谓 光鲜 的 时尚 产业 , 其 生产 过程 是 劳苦 和 一 <CL> 不 苟 的 。",丝,般,-1.2874888181686401,"般, 个, 些","-1.2875, -1.2988, -1.8962"
1067,"我 真 的 , 好 想 再 用 那 <CL> HP 同 人 的 调调 写 SS , 呵呵 呵呵 呵呵",个,些,-0.9462230205535889,"些, 句, 位","-0.9462, -1.5638, -3.2736"
1068,传闻 一 <CL> 赣南 机械厂 的 退休 老 工人 把 尸体 的 乳房 和 阴部 割 下 带 回家 。,名,个,-1.2560988664627075,"个, 名, 位","-1.2561, -1.7683, -2.3174"
1069,为什么 费翔 不 唱 冬天 一 <CL> 火 天 干 物燥 小心 火烛 连 春晚 都 迷信 了,把,曲,-1.4976557493209839,"曲, 样, 首","-1.4977, -1.9878, -2.5762"
1070,只 是 她 需要 碰上 一 <CL> 懂事 的 男人 。,个,个,-1.251882791519165,"个, 次, 起","-1.2519, -2.0327, -2.6381"
1071,清純 妹妹 脱衣 苍天 有 泪 双面 女友 喜羊羊 与 灰 太 狼 之 给 快乐 加油 爱 到底 安娜卡列尼娜 一 <CL> 把 你 打到 菜市口 乞者 胆小鬼 疯狂 的 石头 大 汉 天子 单身汉 与 时髦 女郎 闯荡 赤焰 战场 喋血 北平 大 路 之 歌 番茄 姐弟 武林 风 白色 情人节,拳,个,-1.49040949344635,"个, 路, 起","-1.4904, -2.4157, -2.4867"
1072,早点 休息 明天 初一 新 的 一 年 希望 你 有 一 <CL> 新 的 开始,个,个,-0.16679193079471588,"个, 份, 次","-0.1668, -3.1052, -3.9409"
1073,"希望 有 个人 , 在 我 嘴里 说 没事 的 时候 , 看出 我 不 是 真的 没事 有 <CL> 人 , 在 我 强颜欢笑 的 时候 , 知道 我 不 是 真的 开心",个,点,-1.1169168949127197,"点, 只, 所","-1.1169, -2.0253, -2.1557"
1074,30 <CL> 小时 。,个,次,-2.487781286239624,"次, 个, 台","-2.4878, -2.5532, -2.7892"
1075,一 <CL> 葡萄酒 却 勾 不 起 一点 睡意,瓶,部,-2.274672031402588,"部, 家, 本","-2.2747, -2.3137, -2.3768"
1076,"本来 今天 是 不 怎么 开心 的 刚好 碰到 个人 以为 他 可以 下午 陪 我 聊聊天 的 , 谁 知道 那 <CL> 家伙 居然 闹 失踪",个,个,-0.4869799315929413,"个, 位, 家","-0.4870, -1.1787, -4.3930"
1077,"谢谢 制作 这 <CL> 小片 的 亲 , 因为 太 喜欢 所以 转 了 , 想 让 更 多 的 粉看到 。",部,个,-0.540948748588562,"个, 篇, 张","-0.5409, -1.8380, -2.6076"
1078,"不 一定 过 着 优雅 豪华 的 生活 , 我 愿意 在 平凡 的 生活 中 寻求 那 <CL> 淡然 !",份,份,-0.5500816106796265,"份, 种, 些","-0.5501, -1.4296, -2.1913"
1079,"爸 邀 我 和 妈 打牌 , 只 到 现在 结束 , 他 就 没 给 我们 几 <CL> 做庄 的 机会 。",次,个,-1.213957667350769,"个, 分, 次","-1.2140, -1.4578, -2.0486"
1080,"沈思 博转山 转 水 转 过 庄凝 这 <CL> 佛塔 , 只 为 遇见 谢端 , 情 若 锦瑟无端 , 长 不过 执念 , 短 不过 善变 , 走完 执念 , 庄凝 的 尽头 便 是 齐 享错 过 你 为 遇见 谁",座,本,-2.147324800491333,"本, 个, 等","-2.1473, -2.8281, -2.9528"
1081,我 还 是 <CL> 男人 吗 ?,个,所,-2.3169569969177246,"所, 个, 家","-2.3170, -2.4156, -2.7820"
1082,喝喝喝哈搓搓 的 你 是 不 是 <CL> 缺 心 眼 哦,个,只,-1.8595471382141113,"只, 把, 手","-1.8595, -2.2285, -2.3787"
1083,我 的 世界 跟 你们 不 在 一 <CL> 平行线 上 没有 任何 交集,个,起,-0.04151627793908119,"起, 样, 个","-0.0415, -4.5967, -5.1478"
1084,"今天 跟 老妈 两 <CL> 人 在 家 , 所以 做 了 牛肉饭 。",个,个,-0.21253567934036255,"个, 口, 位","-0.2125, -2.6315, -3.3031"
1085,"怪 之 得 锦 头晕 啦 , 原来 我 训左 三 <CL> 钟 有 多 了",个,个,-1.1604692935943604,"个, 班, 架","-1.1605, -3.1783, -3.1851"
1086,阿婆 屋 企 多 左 一 <CL> 传销 佬有 距 讲 无 人 讲 啊,个,位,-0.9569060802459717,"位, 家, 名","-0.9569, -1.7601, -2.4825"
1087,"得 拉 , 先 是 年 前 一 <CL> 星期 电脑 坏 , 离 过 年 两 天 摩托车 坏 , 现在 电视 又 坏 , 你 到底 想 我 怎么样咯 ?",个,个,-1.7215934991836548,"个, 次, 下","-1.7216, -1.7884, -3.1187"
1088,到达 土耳其 给 我 第一 印象 一 <CL> 现代 欧洲化 的 城市 比 我 想 得 强 多 了,座,个,-0.6903467178344727,"个, 般, 下","-0.6903, -1.7640, -2.7517"
1089,"大过 年 的 , 让 我 在 机场 看见 范伟 了 , 哈哈 , 他 不 上 春晚 也 来 多伦多 过年 啊 还 跟 老爹 一 <CL> 飞来",趟,起,-0.31817156076431274,"起, 样, 家","-0.3182, -1.7075, -3.6630"
1090,"我们 要 好好 生活 因为 世界 上 只有 一 <CL> 你 所以 别 亏待 自己 , 没有 人 能 控制 你 的 情绪 只有 你 自己 , 开心 就 笑 不 开心 就 叫 。",个,世,-1.3954873085021973,"世, 所, 个","-1.3955, -2.2719, -2.3303"
1091,"担心 一 <CL> 人 , 担心 她 是否 安好 , 担心 她 是否 心情 好 了 , 担心 她 是否 还 会 害怕 , 担心 她 是否 已经 深入 睡眠 , 担心 她 是否 已 忘 却 不 快 , 妞 , 开心 起来 , 肥 才 开心 。",个,家,-1.9328081607818604,"家, 所, 个","-1.9328, -2.6535, -2.9650"
1092,上传 了 2 <CL> 照片 到 相册 乓乓 乒乒,张,本,-1.5574169158935547,"本, 个, 下","-1.5574, -2.2349, -2.4300"
1093,这 <CL> 这个 我 要 Keep Keep !,次,部,-2.2652926445007324,"部, 家, 本","-2.2653, -2.3092, -2.4152"
1094,"记者 想 , 有 4 <CL> 词 可以 勾勒 出 他们 的 面庞 刻画 出 他们 的 心灵 , 那 就 是 忠诚 奉献 深情 和 追求 。",个,个,-0.7669863700866699,"个, 家, 位","-0.7670, -1.9271, -2.3328"
1095,"这个 时候 , 我 睡 <CL> 午觉 吧",个,下,-0.6865254044532776,"下, 个, 起","-0.6865, -2.2550, -2.7710"
1096,108 <CL> 玫瑰 。,朵,部,-2.5562968254089355,"部, 本, 家","-2.5563, -2.6908, -2.7699"
1097,欧阳 夏丹 真 是 <CL> 全 才 !,个,个,-1.8816614151000977,"个, 本, 家","-1.8817, -2.0093, -2.8410"
1098,"社会 新闻 9 岁 女孩 学艺 4 年 成 剪纸 高手 妙手 剪 双龙贺 新年 龙年 来 了 , 滨东 小学 二 年级 的 张晗 小 姑娘 花 3 天 时间 , 用 红 纸 剪出 这 <CL> 直径 约 70 厘米 的 双 龙 戏珠 。",幅,个,-1.105115532875061,"个, 幅, 张","-1.1051, -2.0065, -2.3846"
1099,"突然 想起 李鸫 老板 的 一 <CL> 话 多 搭桥 , 少 树 墙 。",句,些,-1.3387789726257324,"些, 段, 篇","-1.3388, -1.4210, -1.9316"
1100,你 讲 得 啱啊 你 就 系贱 你 真 系贱 你 系 一 <CL> 贱人 甘鸠 无辜 甘柒 可 怜 你 就 犯人 变 被害人 我 就 被害人 变 犯人 你 好 嘢咯,个,个,-0.649945855140686,"个, 点, 般","-0.6499, -3.0117, -3.5075"
1101,"目前 的 感觉 是 微博 至少 有 两 <CL> 功能 , 一 是 狐朋狗友 互相 捧臭脚 , 二 是 提供 一点 原创 , 我们 专业 叫 UGC 。",个,条,-0.8009155988693237,"条, 个, 次","-0.8009, -1.1639, -3.1614"
1102,"韩寒 对 掐方 舟子 方舟子 说 我 相信 如果 是 在 一 <CL> 公正 的 法庭 , 我 是 不 会 败诉 的 。",个,个,-0.9100797176361084,"个, 起, 块","-0.9101, -0.9727, -3.8818"
1103,发表 了 一 <CL> 转载 博文 转载 一 失足 成千古恨 图,篇,发,-1.5355762243270874,"发, 个, 些","-1.5356, -2.5500, -2.7910"
1104,"我 好 担心 啊 , 她 第一 <CL> 关 机关 那么 久 , 好 无助 啊 !",次,次,-0.2954227328300476,"次, 个, 眼","-0.2954, -2.1449, -3.7559"
1105,"我 在 盛大 起点 中文网 找到 一 <CL> 神 书 足球 圣徒 , 精彩 好 书 一定 不 要 错过 啊 。",本,个,-0.5814306139945984,"个, 家, 本","-0.5814, -2.6964, -3.1097"
1106,我 擦这集 竟然 有 两 <CL> 小时 都 成 电影 了,个,个,-0.9152709245681763,"个, 集, 位","-0.9153, -1.2238, -2.6430"
1107,"帮 朋友 处理 一 <CL> 淘宝 商品 的 售后 问题 , 买来 没 几 天 坏 了 找 客服 , 我 随手 点 了 下 交易 详情 , 瞬间 我 就 不 淡定 了",宗,个,-2.4173264503479004,"个, 本, 家","-2.4173, -2.5434, -2.5871"
1108,3 <CL> 尺寸 可 供 选择 。,种,分,-1.136583924293518,"分, 个, 家","-1.1366, -2.7981, -3.1079"
1109,"细佬 发烧 , 漏夜送 医院 吊针 , 细佬 想 听 歌 , 罗出 打晒 结嘅 耳机 , 老豆 即刻 就 抢 左 去 为 据解 结 我 鼻 一 <CL> 酸 , 然后 好 想 喊 , 父母 对 你 的 爱 就 是 无微不至 !",阵,个,-2.061809778213501,"个, 头, 下","-2.0618, -2.6620, -3.1650"
1110,体育课 班 傻仔 打爆咗 <CL> 波,个,班,-2.2351202964782715,"班, 家, 所","-2.2351, -2.5276, -3.1035"
1111,CF 好像 仿照 战争 机器 了 看 兽族 皮肤 和 后面 那 <CL> 机器 兽,个,个,-1.0076504945755005,"个, 些, 张","-1.0077, -1.6053, -2.0381"
1112,来 吧 第二 <CL> 通宵 让 通宵 来 的 更 猛烈 些 吧 !,个,章,-0.8465602993965149,"章, 季, 集","-0.8466, -1.5757, -3.1322"
1113,职职 居然 出现 了 十八 <CL> 灯 全 亮 的 选手 !,盏,个,-1.9088302850723267,"个, 条, 点","-1.9088, -2.5704, -2.6492"
1114,一 <CL> 一刀剜 在 你 心口 上 。,刀,部,-2.274672031402588,"部, 家, 本","-2.2747, -2.3137, -2.3768"
1115,这 <CL> 照片 貌似 在 哪里 见 过 。,张,部,-2.2652926445007324,"部, 家, 本","-2.2653, -2.3092, -2.4152"
1116,"过年 打扫 卫生 有感 当 打扫 完 二 <CL> 卫生 的 时候 , 三 楼 的 又 来 了 , 打扫 完 三 楼 后 , 四 楼 的 又 没 打扫 , 这样 下来 要 想 打扫 完 家 里 的 卫生 也 需要 好 几 天 。",楼,楼,-0.6977061629295349,"楼, 次, 手","-0.6977, -1.6430, -2.9747"
1117,刚 订 了 mcqueen 的 两 <CL> 东西 !,样,张,-1.784720778465271,"张, 个, 款","-1.7847, -2.1850, -2.5756"
1118,"为 解决 此 问题 , 牛顿 潜心 研究 创立 了 微积分 , 将 一 <CL> 名 叫 高等 数学 的 新 科目 设为 全 校 的 必修课 , 并 规定 不 及格者 来 年 必须 缴费 重修 直 到 通过 。",门,个,-0.9368795156478882,"个, 种, 般","-0.9369, -1.7138, -1.8803"
1119,外面 的 各 <CL> 炮声 不断 2012 来 喏各位 同仁 新年 快乐 !,种,种,-0.3368417024612427,"种, 位, 个","-0.3368, -2.3808, -2.4951"
1120,"粉丝 颁奖 典礼 最近 转发 了 我 88 <CL> 微博 , 获得 了 我 颁发 的 最 爱 转发 奖 , 获得 提名 的 还 有 谢谢 你们 一路 陪 着 我 !",条,张,-1.7067549228668213,"张, 个, 篇","-1.7068, -1.7543, -2.7766"
1121,为什么 命运 要 让 两 <CL> 不 可能 在一起 的 人 相遇,个,个,-0.3682183027267456,"个, 位, 次","-0.3682, -2.4217, -3.4505"
1122,"今年 要 红红火火 , 新年 快乐 , 放 <CL> 鞭炮先 。",个,眼,-0.6832696795463562,"眼, 个, 手","-0.6833, -2.2948, -2.2992"
1123,"堵车 一团麻 的 二环 , 不 说 好多 都 回家 了 吗 , 咋还 一 天 比 一 天 <CL> 的 我 火大 。",堵,堵,-0.02141181193292141,"堵, 下, 发","-0.0214, -5.2861, -5.5317"
1124,"才 12 <CL> 红包 , 我 决定 要 调 自己 的 胃口 , 回到 广州 才 打开 。",个,个,-2.2988061904907227,"个, 本, 台","-2.2988, -2.4247, -2.7782"
1125,再度 重 遇 国内 唯一 一 <CL> 天花 可 变 色温 的 737800 客机,台,家,-0.5212472677230835,"家, 个, 间","-0.5212, -2.7767, -2.7892"
1126,补眠 补眠 晚安 了 做 <CL> 好梦,个,个,-1.2402899265289307,"个, 起, 家","-1.2403, -1.9417, -1.9787"
1127,此刻 肚子 饿 了 才 想起 自己 今天 一 天 都 没 吃 什么 只 是 中午 吃 了 两 <CL> 糖 现在 要 去 煮饭 了 等 爸 妈 还 有 哥 回来 吃饭 噢噢 我 是 幸福 的,粒,次,-1.4388123750686646,"次, 个, 碗","-1.4388, -1.8722, -2.2723"
1128,"外面 烟花 噼里啪啦 的 , 春节 的 气息 浓烈 啊 , 亲爱们 , 望 你们 能 过 <CL> 十全十美 的 幸福 龙年",个,个,-0.18759401142597198,"个, 点, 些","-0.1876, -2.8802, -2.9954"
1129,"到处 都 是 背起 行囊 赶车 回家 的 人 , 归心似箭 , 家 的 含义 就 是 , 不管 你 有 多 难过 , 多 疲惫 , 到 了 那 <CL> 被 称为 家 的 地方 , 立即 满 血 复活",个,个,-0.37026116251945496,"个, 些, 家","-0.3703, -2.3760, -2.3955"
1130,"心 香 一 瓣 永远 不 会 没有 人 爱 你 , 因为 世上 最 爱 你 的 人 就 是 你 的 身体 , 无论 你 多 <CL> 离弃 它 伤害 它 , 它 也 没有 微言 继续 支持 你 , 养活 你 。",番,样,-0.7162653207778931,"样, 棒, 次","-0.7163, -1.4185, -3.5922"
1131,"她 的 背 轻轻 倚 在 沙发 靠 上 , 身体 坐 直 , 微 红 的 脸上 浮 起 一 <CL> 笑意 , 对着 余 宏 。",缕,个,-1.3575544357299805,"个, 张, 幅","-1.3576, -1.6311, -2.4484"
1132,有时候 我 只 是 需要 一 <CL> 说话 的 人 。,个,个,-1.2581082582473755,"个, 只, 些","-1.2581, -2.0623, -2.3251"
1133,"喜欢 一 <CL> 人 , 似乎 也 不 一定 都 是 幸福 的",个,家,-2.416011095046997,"家, 部, 本","-2.4160, -2.4541, -2.6582"
1134,"谢谢 我 妈生 了 我 , 还 给 我 一 <CL> 这么 漂亮 的 眼睛 双眼皮 长 睫毛 哦咦 嘻嘻 玩 笑啦",双,个,-0.577784538269043,"个, 颗, 辈","-0.5778, -2.8782, -3.3198"
1135,"中午 管理 人员 餐厅 的 四 <CL> 菜 茄子 青菜 炸鸡腿 肉 , 我 只 能 吃 青菜 , 什么 天理 啊 我 跟 老妈 说 她 笑 了",样,个,-0.8834189176559448,"个, 楼, 层","-0.8834, -1.5880, -2.8036"
1136,如果 是 你 在 这个 处境 下 请用 四 <CL> 字 形容 您 的 感觉,个,个,-1.2607630491256714,"个, 种, 次","-1.2608, -2.5472, -2.6000"
1137,"在 所有 的 维生素 中 , 维 C 是 人体 每 天 需要量 最 多 的 维生素 , 因为 维 C 比 其它 维生素 或 矿物质 更 多 地 耗用 于 各 <CL> 人体 肌能 。",种,种,-0.03402262553572655,"种, 类, 个","-0.0340, -4.1584, -4.4459"
1138,"我 在 盛大 起点 中文网 找到 一 <CL> 神 书 无 限 斩杀 , 精彩 好 书 一定 不 要 错过 啊 。",本,个,-0.5814306139945984,"个, 家, 本","-0.5814, -2.6964, -3.1097"
1139,"我 弟 手 里 的 相机 , 像 一 <CL> 时光 流逝机 。",台,台,-1.3770278692245483,"台, 个, 部","-1.3770, -1.7592, -1.9092"
1140,"似乎 不 是 , 你 看 他 乒乓球 打 得 多 好 , 还 养 了 <CL> 儿子 , 呵呵 控制 能力 蛮好 的",个,个,-0.5118962526321411,"个, 家, 些","-0.5119, -2.0500, -2.9699"
1141,"继续 着 我 的 失眠 之 痛 , 冰冷 的 雨 , 洋洋洒洒 的 沥下 城市 就 像 是 一 <CL> 腐城 , 开始 变 得 灰暗 不已 。",座,场,-0.8757309317588806,"场, 个, 种","-0.8757, -1.9921, -3.0985"
1142,我 参与 了 发起 的 投票 你 最 喜欢 MIC 的 那 <CL> 歌 ?,首,首,-1.146417260169983,"首, 个, 种","-1.1464, -1.2555, -1.9603"
1143,发表 了 一 <CL> 转载 博文 转载 二十一 度母 礼赞 文 大宝 法王 率领 僧众 唱颂,篇,发,-1.5355762243270874,"发, 个, 些","-1.5356, -2.5500, -2.7910"
1144,想 做 <CL> 守时 的 人但 就 我 个人 守时 了,个,所,-2.49196195602417,"所, 个, 家","-2.4920, -2.6143, -2.6502"
1145,"9700 拍摄 用 手头 的 黑莓 9700 拍 同样 一 <CL> 景 , 模式 不同 , 味道 也 大 不 一样 。",处,张,-1.0673980712890625,"张, 样, 个","-1.0674, -1.5194, -1.9350"
1146,"还 有 两 <CL> 小时 就 下班 了 , , 上班 下班 都 无聊 。",个,个,-1.8091527223587036,"个, 些, 面","-1.8092, -2.3681, -2.7606"
1147,"经过 一 <CL> 折腾 终于 把 它 摆平 了 , 邻居 都 过来 询问 。",番,部,-2.4099857807159424,"部, 本, 家","-2.4100, -2.5193, -2.6727"
1148,今年 除夕 还是 一 <CL> 人 在一起 吃饭 唯一 的 遗憾 是 爷爷 的 离开 回想 去年 的 今天 他 还 在 我 的 身边 心 好 痛 好痛 我 多么 希望 时光 倒回 让 我 再次 拥有 你 你 一定 要 在 天堂 好好 的,家,个,-0.40725642442703247,"个, 般, 样","-0.4073, -2.9811, -3.1732"
1149,"有 一 <CL> 女人 真 不 适合 带回 家 外日 , 我 真 错 了",种,部,-2.2543978691101074,"部, 家, 本","-2.2544, -2.2940, -2.4150"
1150,看上 一 <CL> 法兰克 穆勒,款,本,-2.0836496353149414,"本, 个, 面","-2.0836, -2.8015, -2.9887"
1151,"饮 多 两 <CL> 已经乜 也 都 唔知 , 无 晒 知觉 唔知 发生 乜也事 。",杯,行,-2.2527759075164795,"行, 本, 次","-2.2528, -2.5378, -2.7086"
1152,"今天 把 一 <CL> 齐 腰 的 长发 剪 了 , 还 破天荒 的 拉直 了 才 发现 曾经 的 头发 是 有 多 干 哪 , 不过 剪 了 短发 , 还 延 不 习惯 的",头,个,-1.6721199750900269,"个, 起, 点","-1.6721, -2.1949, -2.9624"
1153,"饿死 了 , 没 吃午饭 , 现在 才 下班 回家 , 车上 怎么 一 <CL> 麻辣烫 的 味道 呀 受 不 了 !",股,个,-1.3741682767868042,"个, 点, 阵","-1.3742, -2.1076, -2.5008"
1154,吃 <CL> 饭麻 将 给 它 搞起 !,个,等,-2.852142095565796,"等, 下, 家","-2.8521, -2.8797, -2.9509"
1155,"在 六班 的 最后 一 <CL> 课 , 我 竟然 错过 了 。",节,班,-1.0694634914398193,"班, 名, 个","-1.0695, -1.8934, -2.2531"
1156,"内 眼线 画法 6 步骤 一 学 就 会 第 1 <CL> 抬起 眼皮 , 用 眼线 笔 从 眼 尾 开始 描绘 。",步,步,-0.13586686551570892,"步, 章, 页","-0.1359, -3.8873, -4.1839"
1157,开心 团购 春节 不 打烊 199 抢购 原 1288 的 彩贝儿 摄影 2012 乖 宝宝 套餐 服装 3 <CL> 其成 都 团购团 26,套,件,-1.7805001735687256,"件, 包, 个","-1.7805, -2.1013, -2.4724"
1158,"面对 着 不 完整 的 曾经 的 喜欢 的 人 试验 饰演 恋人 , 只 能 拥有 一 <CL> 不 完整 的 世界 。",个,个,-0.24534572660923004,"个, 位, 种","-0.2453, -3.1580, -3.6212"
1159,"我们 在 旁边 观察 , 哪 一 <CL> 人 将来 能 有 成就 , 哪 一 看到 一 念 菩提心 的 博文 转载 净空 法师 能 不 能 成就 都 在 谦敬 有感而发 的 评论 。",种,个,-0.7541769742965698,"个, 点, 种","-0.7542, -2.5860, -2.7787"
1160,爱 变成 了 一 <CL> 枷锁 。,把,个,-2.046259880065918,"个, 本, 家","-2.0463, -2.7453, -2.8609"
1161,"第一 <CL> 感谢 皇马 , 让 我 惊出 了 一 身 冷汗 !",次,家,-2.239959716796875,"家, 部, 本","-2.2400, -2.2920, -2.4738"
1162,"系 哩个 时刻 我 林 起 了 正在 上 夜班 的 你 再 过 一 <CL> 钟 就 要 起身 跑步 了 , 点算训 未 ?",个,个,-1.1722862720489502,"个, 次, 下","-1.1723, -1.7432, -2.5947"
1163,"本来 以为 这 <CL> 行程 的 时间 会 非常 充裕 , 但是 才 是 一 不 小心 稍稍宅 了 一 天 而已 , 一 天 而 已 啊 。",次,本,-0.40904292464256287,"本, 个, 样","-0.4090, -2.9987, -3.4443"
1164,足球史 上 最 诡异 的 十 <CL> 进球,粒,个,-0.5359210968017578,"个, 种, 位","-0.5359, -1.6013, -2.8911"
1165,没 水 过 一 <CL> 囫囵觉 !,个,次,-1.3477619886398315,"次, 下, 般","-1.3478, -1.8241, -2.4061"
1166,"泸州 夜晚 妖气 冲天 , 哈批 , 你 <CL> 日龙 , 你 电话 不 接 被 妖魔 鬼怪 抓 进 水帘 洞 关起 了 啊 ?",个,对,-1.0567691326141357,"对, 家, 把","-1.0568, -1.8381, -1.8433"
1167,饭局 也 疯狂 一 <CL> 拥有 很 深刻 的 政治 讽刺 倾向 的 恶 搞 喜剧片 。,部,下,-1.3705452680587769,"下, 样, 点","-1.3705, -1.8179, -2.0970"
1168,今晚 又 无 节目 啦 不过 为 佐初 四 <CL> 晚 我 会 努力 稳,个,声,-2.3333353996276855,"声, 下, 节","-2.3333, -2.4369, -2.9634"
1169,"珠珠 看 他 又 拿出 那 <CL> 劲道 来 了 , 便 不再 说 下去 。",股,个,-1.6434195041656494,"个, 些, 次","-1.6434, -1.6990, -2.5835"
1170,"发表 了 博文 2010 年 5 月 11 日 D9 雍 布拉康 昌珠寺 2010 年 5 月 11 日 D9 雍 布拉康 昌珠寺 今天 一早 起来 退房 , 很 奢侈 地 花 了 10 <CL> 钱 打车 去 尼泊尔 大使馆 , 匆匆 在 大使馆 门口 的 照相馆 照",块,分,-0.8747512698173523,"分, 个, 点","-0.8748, -2.0350, -2.4695"
1171,谁 饮 一 <CL> 月光 ?,壶,个,-1.6210294961929321,"个, 本, 所","-1.6210, -2.5617, -2.6427"
1172,"李思思 凭 什么 主持 央视 春晚 原本 六 人 行 的 主持群 朱军 配 周涛 , 李咏 配董卿 , 毕福剑 的 加入 是 最 大 特色 , 可 春晚 新人 李思思 的 亮相 更 是 增色 不少 , 俨然 为 春晚 主持界 带来 一 <CL> 清新 之 风 。",股,股,-0.6934650540351868,"股, 阵, 波","-0.6935, -2.5125, -2.9687"
1173,"吃 <CL> 药药 睡觉 , 希望 这个 安眠药 有 效果 , 晚安 。",粒,等,-2.852142095565796,"等, 下, 家","-2.8521, -2.8797, -2.9509"
1174,湖 人 三 <CL> 投手 太 弱 了,分,个,-1.5736005306243896,"个, 季, 部","-1.5736, -2.4404, -3.2218"
1175,"不 应该 是 谁 走进 我 的 心 , 而 是 谁 能 让 我 爱上 他 , 说不定 人家 的 心 也 是 冻结 的 呢 , 爱情 是 两 <CL> 人 一起 经营 的 。",个,个,-0.6590155363082886,"个, 种, 条","-0.6590, -1.8024, -2.4243"
1176,我 在 www damai cn 发现 了 一 <CL> 非常 不错 的 演出 2012 南亚 之门 大型 群星 演唱会 昆明站 时间 是 20120218 场馆 在 昆明市 体育场 强烈 推荐 !,个,个,-1.1185638904571533,"个, 台, 本","-1.1186, -2.2880, -2.9392"
1177,"分享 图片 另 一 <CL> 灿烂 生活 , 爱 你 韩承羽 !",种,个,-1.506813883781433,"个, 张, 页","-1.5068, -1.5277, -1.8594"
1178,"圣者 约翰克里斯多夫 终于 渡过 了 河 , 他 的 肩上 扛 着 一 <CL> 孩子 , 他 放下 孩子 , 叹 口 气 问 孩子 , 你 多 重 啊 !",个,个,-0.6756567358970642,"个, 只, 把","-0.6757, -2.7023, -2.7977"
1179,新 伊 兰特 双门 版谍 照 曝光 有 望 引入 国内 网 上 车市 西安 分站 讯 近日 国外 媒体 再次 曝光 了 全新 伊 兰特 双门版 的 路 试 谍照 与 之前 不同 此 <CL> 曝光 车型 没有 采用 任何 伪装 这 也 可以 让 我们 更加 清晰 的 了解 此 款 车型 。,次,次,-1.309251308441162,"次, 款, 处","-1.3093, -1.4141, -2.1852"
1180,泪 奔 四 <CL> 故事 过度 得 太 好 了 !,个,次,-1.533154010772705,"次, 点, 个","-1.5332, -2.2166, -2.5711"
1181,"晒 一下 当时 在 游 凤凰 古城 时候 , 小小 牺牲 自己 色相 的 而 赢得 的 奖励 两 <CL> 酒吧券",张,张,-0.2772727310657501,"张, 个, 次","-0.2773, -2.2824, -4.3402"
1182,"不 能 再 让 心情 这么 坏 下去 了 , 长久 的 失眠 只 会 让 自己 气 血 淤滞 得 更 厉害 , 让 自己 这 <CL> 脸 越来越 不 成样 了 。",张,个,-1.178702473640442,"个, 种, 些","-1.1787, -1.3220, -1.7787"
1183,"韩寒 和 郭敬明 刚好 代表 80 后 价值 取向 的 两 <CL> 郭敬明 要 名声 钱 虚荣 , 这 是 好 事情 我 不 想 贬低 他 。",面,个,-0.7018463015556335,"个, 位, 种","-0.7018, -0.9358, -4.0649"
1184,民主 的 表现 为 中央 与 地方 的 二 <CL> 选举 制度 。,级,次,-0.9644157886505127,"次, 级, 种","-0.9644, -1.5487, -2.4590"
1185,"回来 了 回来 了 开开 心心 过 年 , 就算 回来 时间 短 , 总 比 一 <CL> 人 在 那里 好 , 嘎 !",个,个,-0.962002694606781,"个, 起, 下","-0.9620, -2.0623, -2.2960"
1186,新 还 珠 格格 之 人儿 何处 归 20 <CL> 享自,分,张,-1.4244805574417114,"张, 回, 点","-1.4245, -2.8514, -2.9022"
1187,"2012 年 1 月 8 日 , 广西 桂林 , 在 6 <CL> 全 副 武装 的 公安 特警 的 护送 下 , 阳桥 附近 一 通信 营业厅 的 工作 人员 曾 小姐 带 着 30 万 元 现金 安全 来到 银行 。",名,楼,-1.1002219915390015,"楼, 点, 号","-1.1002, -1.4936, -1.8789"
1188,250 克 好 利源 脆皮 软糖 鲜 乳球 混 合口味 580 元 近期 售出 103 <CL> 地址,件,件,-1.4918216466903687,"件, 个, 份","-1.4918, -2.5978, -2.6838"
1189,儿女 双 全 是 不 是 <CL> 梦 ?,个,只,-0.9083734154701233,"只, 对, 家","-0.9084, -1.3462, -2.7581"
1190,"男人 从 女人 那 最 想 得 到 10 <CL> 东西 , 看似 平淡 , 却 最 最 真实 !",种,个,-0.5202445387840271,"个, 分, 种","-0.5202, -2.1885, -2.5737"
1191,分享 图片 一 <CL> 天 起火 啊 咋办尼,线,组,-1.516525149345398,"组, 张, 起","-1.5165, -2.3037, -2.3608"
1192,第一 <CL> 听到 那么 正常 的 声音 !,次,家,-2.239959716796875,"家, 部, 本","-2.2400, -2.2920, -2.4738"
1193,还 没来 的 及 开通 短信 功能 的 我 表示 今天 享受 不 到 这 <CL> 快感 了 。,种,种,-1.032963514328003,"种, 个, 样","-1.0330, -1.0896, -2.2931"
1194,"刚 准备 打 电话 , 发现 手机 里 的 电话 号码 全 没 了 , , 昨天 晚上 睡前 没 事 做 , 看看 手机 里 那 <CL> 什么 云 备份 , 通通删 了 , 结果 电话 薄 里 的 号码 全 都 没 了 , 这下 怎么 办 噢 , 烦躁 !",个,个,-0.28665730357170105,"个, 张, 些","-0.2867, -2.5315, -2.7214"
1195,一大早 麻麻 就 各 <CL> 不 高兴 。,种,回,-1.7630329132080078,"回, 位, 家","-1.7630, -1.7890, -2.0729"
1196,"如果 那 年 , 我们 多 对 或者 多 错 两 <CL> 题 , 那么 现在 会 不 会 在 不同 的 地方 , 认识 完全 不同 的 人 , 做 着 完全 不同 的 事 果然 , 高考 的 迷人 之 处 , 不 是 在于 如愿以偿 , 而 是 阴差阳错 。",道,次,-0.42751407623291016,"次, 个, 对","-0.4275, -1.8492, -2.9778"
1197,"微博 就 是 一 <CL> 横跨 心灵 的 桥 , 走 过 了 无数 代沟 , 猜忌 , 不信任 还 有 差异",座,个,-1.4101008176803589,"个, 本, 些","-1.4101, -3.0023, -3.0537"
1198,比 你 见 下 <CL> 大 场面 哦,滴,面,-1.8714239597320557,"面, 对, 等","-1.8714, -2.3107, -2.4038"
1199,"内心 充满 忌妒 , 心 中 不 坦白 , 言语 不 正 的 人 , 不 能 算是 一 <CL> 五 官 端正 的 人 。",位,个,-0.558618426322937,"个, 种, 般","-0.5586, -1.3662, -3.3137"
1200,现在 还 有 谁 能 和 我 聊 三 <CL> 钟 呵呵,个,句,-1.591097116470337,"句, 下, 遍","-1.5911, -1.7633, -1.7759"
1201,"虽然 比分 没有 改写 , 可 球员们 都 很 积极 , 都 在 不遗余力 的 奔跑 另外 , 小 胡安 来 了 就 好好 的 踢意杯 , 别 让 副队 再 出场 了 , 那么 大 年纪 了 万一 伤 弄 <CL> 伤退 就 不 好 了",个,个,-1.43928861618042,"个, 起, 下","-1.4393, -2.1755, -2.6348"
1202,新年 第一 <CL> 讨到 的 红包,拨,家,-2.232240676879883,"家, 篇, 批","-2.2322, -2.9367, -2.9692"
1203,"我 在 这里 攀枝 花 火车站 热 的 心 发慌 , 四 <CL> 人 一 包厢 , 看书 的 看书 , 耍 手机 的 耍 手机 , 就 我 无聊 , 要 回家 了 , 把 过 年长 的 肉 甩掉 吧",个,季,-1.086116909980774,"季, 处, 个","-1.0861, -1.4165, -2.1949"
1204,"很 喜欢 的 一 <CL> 话 , 什么 时候 学会 相互 理解 , 那 将 会 是 永恒 的 乌托邦 。",句,个,-1.462392807006836,"个, 款, 张","-1.4624, -2.7549, -2.7593"
1205,"有些 人 是 一辈子 做 不 了 淑女 的 , 因为 做 淑女 不 是 说说 , 想 装 就 能 装 的 , 而 是 由 内 而 外 的 一 <CL> 气质",种,种,-0.12035071104764938,"种, 个, 套","-0.1204, -3.0181, -4.4517"
1206,"维生素 C 不 足 也 会 降低 免疫力 , 人们 可以 从 柑橘类 水果 中 摄取 这 <CL> 营养素 。",种,些,-0.5886257290840149,"些, 种, 个","-0.5886, -1.4002, -2.9429"
1207,"Then , 猜猜 这 <CL> 美女 1 路 车 让 我们 等 得 好 辛苦 谢谢樊 阿姨 的 礼物 , 无敌 精致 的 鞋垫 , 叫 我 怎么 忍心 垫脚丫子 捏 ?",位,个,-0.6661826372146606,"个, 样, 张","-0.6662, -2.2231, -3.1501"
1208,看到 这 阳光 灿烂 蓝天 白云 我 脑子 里 只 蹦出 一 <CL> 话 !,句,个,-0.33964788913726807,"个, 句, 张","-0.3396, -2.8599, -3.4315"
1209,新年 快乐 趁 老豆 开工 前 拿佐 两 <CL> 斟茶利 是 先 哈哈多 谢 爹娘 祝 你 地 身体 健康 财源 广进 嘻嘻 继续 训觉,封,个,-1.3079160451889038,"个, 张, 杯","-1.3079, -2.0523, -2.6239"
1210,"有 香浓 的 咖啡 和 美味 的 蛋糕 , 有 淡淡 的 书香 , 有 轻轻 的 音乐 萦绕 耳旁 , 门口 放 着 几 <CL> 小 花 。",盆,张,-0.9758213758468628,"张, 本, 个","-0.9758, -1.7097, -2.0594"
1211,無聊 沒事幹 一 <CL> 利 是 都 沒收 到 不 想 收懶 得 出去,封,起,-1.1813085079193115,"起, 下, 般","-1.1813, -2.0115, -2.5046"
1212,第四 <CL> 的 抢 七 精彩 精彩 紧张 !,盘,本,-1.9929395914077759,"本, 家, 任","-1.9929, -2.5578, -2.8416"
1213,"我 可 不 想 让 这 <CL> 函数 突然 坍缩 , 所以 最 好 的 办法 就 是 不 观察 。",波,个,-0.6409517526626587,"个, 些, 位","-0.6410, -2.0633, -2.7821"
1214,我 想 吃 双 <CL> 雪糕 北冰洋哒,棒,面,-1.3041846752166748,"面, 双, 眼","-1.3042, -1.6468, -2.8237"
1215,"点击 参与 每 天 一 <CL> 希望 能 中 , 我 超 喜欢 这 双 红色 的 本命年 啊",次,点,-2.1528725624084473,"点, 个, 行","-2.1529, -2.7891, -2.9396"
1216,"半 <CL> 月 后 再 见 , 我 亲爱 的 表哥",个,部,-2.367003917694092,"部, 家, 本","-2.3670, -2.5169, -2.6561"
1217,"6 岁 以下 儿童 , 可以 有 一 <CL> 家长 在 医院 陪护 。",名,个,-0.3229858875274658,"个, 张, 名","-0.3230, -2.7414, -3.0652"
1218,"每 <CL> 过 年 我 妈 就 会 提起 我 那 抹 不 掉 的 回忆 , 呵呵 , 那些 年 的确 是 幸福 甜蜜 的 , 感谢 你 我 的 7 仔",次,家,-2.384026527404785,"家, 个, 本","-2.3840, -2.5245, -2.6322"
1219,一 <CL> 身 就 见到 哩件 野,起,部,-2.274672031402588,"部, 家, 本","-2.2747, -2.3137, -2.3768"
1220,喜欢 那 <CL> 手机 彩铃 。,个,个,-2.3114335536956787,"个, 种, 些","-2.3114, -2.4629, -2.7734"
1221,面牽 一 綫吃 今年 既 第一 <CL> 冰震 奶茶 好好 味 我 在 這裡 银座 广场,餐,次,-1.3824588060379028,"次, 款, 餐","-1.3825, -2.2342, -2.5127"
1222,去 北京 的 路 上 还 有 7 <CL> 小时 加油 啊 开车 开 的 腰酸 想 你 呀 乖乖 等 我 回家,个,个,-1.0049729347229004,"个, 辆, 点","-1.0050, -2.3588, -2.3810"
1223,搞 了 这么样 一 <CL> 好 天气 。,个,个,-0.6162340044975281,"个, 堆, 次","-0.6162, -3.1021, -3.2298"
1224,"身价 计算 报告 吴美娜 , 你 现在 的 身价 是 26 万 , 身价 状态 每 月 395 <CL> 的 速度 上涨 快来 算算 你 的 身价 吧 !",块,个,-2.1105542182922363,"个, 次, 块","-2.1106, -2.4017, -2.4276"
1225,这个 深夜 我 做 了 一 <CL> 很 勇敢 的 事情 没错 觉得 值得 就 去 做 争取 自己 想要 的 跟 着 感觉 走,件,个,-0.8094106912612915,"个, 次, 些","-0.8094, -1.9867, -2.9873"
1226,"列车员 推 着 蛋糕 瓜子 和 武侠 言情 凶杀 小说 在 车厢 过道 里 来来往往 , 许久 不见 有 一 <CL> 生意 。",笔,次,-1.2728586196899414,"次, 个, 种","-1.2729, -1.6281, -2.5633"
1227,不 要 浪费 生命 在 痛苦 的 选择 上 听 说 模联 这 <CL> 女士 必须 穿 裙装,次,个,-0.5831947326660156,"个, 样, 家","-0.5832, -2.2502, -2.4204"
1228,"今天 的 主要 剧情 就 是 大早 上 就 拿 着 滑板 满 街 的 跑 , 原本 好好 的 说 出来 吃 个 早点 , 现在 早点 没 吃 着 还 闹 出来 这些 <CL> 事 , 真 TM 愤青 。",些,点,-1.972109079360962,"点, 种, 对","-1.9721, -2.2969, -2.3800"
1229,"6 年 , 父母 的 委屈 , 我 的 恨 , 以及 当年 太 奶奶 的 含恨 而 终 , 就 在 你们 的 自相 残杀 中 慢慢 报 了 长子 有 什么 用 , 长孙 有 什么 用 , 最终 敌 不过 一 <CL> 利字",个,个,-0.46606385707855225,"个, 代, 群","-0.4661, -2.6627, -3.2467"
1230,"这 两 袋 猫 粮 价格不菲 , 一 <CL> 吃 了 一半 另 一 袋 还 没 开封 的 。",袋,袋,-0.6242170929908752,"袋, 盒, 粒","-0.6242, -2.9608, -3.0063"
1231,比 平时 晚到 家 一 <CL> 小时 啊,个,次,-0.5979354977607727,"次, 个, 点","-0.5979, -1.9594, -2.4060"
1232,"我们 第一 <CL> 到 临海 , 后面 的 , 要 加油 了 !",个,个,-1.1592744588851929,"个, 次, 名","-1.1593, -1.4259, -2.9104"
1233,与 三 <CL> 不 知名 大叔 玩起 了 狼人,位,位,-2.0690646171569824,"位, 代, 个","-2.0691, -2.1161, -2.1697"
1234,以前 多 清新 的 一 <CL> 脸 哇,张,些,-1.2495496273040771,"些, 点, 款","-1.2495, -2.2434, -2.6016"
1235,"每 <CL> 看完 北爱 , 心 里 就 难受 的 睡 不 着 。",次,家,-2.384026527404785,"家, 个, 本","-2.3840, -2.5245, -2.6322"
1236,"今天 打给 她 , 希望 正 如 她 所 讲 的 一样 , 梦 与 现实 是 相反 的 , 2012 <CL> 大运 。",行,版,-1.6920757293701172,"版, 个, 对","-1.6921, -2.4180, -2.4197"
1237,祥哥 像 你 那 <CL> 玫瑰 花瓣 不 啊,个,样,-0.4731225371360779,"样, 般, 个","-0.4731, -2.4809, -2.7135"
1238,我 参与 了 发起 的 投票 你 喜欢 哪 5 <CL> NBA 球队 ?,支,个,-0.6768313050270081,"个, 张, 条","-0.6768, -2.4818, -2.6326"
1239,这 才 是 迟到 的 第一 <CL> 新年 快乐 啦啦 啦啦 爱 你们,波,步,-0.1691974550485611,"步, 次, 点","-0.1692, -2.9595, -3.8552"
1240,活活 60 <CL> 抽 奖 名额 都 愣是 坚持 没 中 。,个,分,-1.8137611150741577,"分, 下, 个","-1.8138, -2.3123, -2.7402"
1241,"在 乡下 , 看见 一 <CL> 爷爷 正在 做 扫 把 , 原来 是 这么 做 的 , 好像 拔河 比赛 !",个,个,-0.8321329355239868,"个, 位, 家","-0.8321, -1.2950, -2.5629"
1242,龙年 你 可以 减肥 了 我 很 认真 <CL> 跟 你 讲 !,滴,对,-1.1916884183883667,"对, 等, 滴","-1.1917, -2.6119, -2.8377"
1243,"预订款 还 没 开售 预计 一 周 之后 可 代 到 , Micro 和 Nano 两 <CL> 尺寸 都 有 , 颜色 绝对 抢眼 , 连 平时 只 喜欢 暗色系 的 我 都 有点儿 心动 , 够 尖儿 !",个,种,-0.8743516206741333,"种, 款, 个","-0.8744, -1.5694, -1.9436"
1244,观众 对 魔术 揭秘 这 <CL> 空前 的 求知欲 。,种,个,-1.129901647567749,"个, 些, 样","-1.1299, -2.3247, -2.4859"
1245,你 妈妈 你们 一 <CL> 都 不 要 动 !,个,家,-1.7190148830413818,"家, 个, 起","-1.7190, -1.9112, -2.3233"
1246,吵架 是 生活 里 的 调味 <CL> 痛苦 但 也 要 快樂 地 活 著 !,剂,剂,-0.026547985151410103,"剂, 道, 片","-0.0265, -5.7935, -5.8417"
1247,往年 感觉 你 总 买 一 大 <CL> 花 回来 要 我 帮忙 清理 装饰 什么 的 很 烦 。,堆,堆,-1.5200225114822388,"堆, 把, 块","-1.5200, -1.8574, -2.5582"
1248,"并 用 手 捧 水 向 脸上 泼 , 记得 用 冷水 泼 脸 20 <CL> 左右 就 可以 了 。",次,分,-0.8776889443397522,"分, 次, 下","-0.8777, -0.9201, -2.9037"
1249,三元桥 就 一 <CL> 班 车 。,辆,本,-2.4038944244384766,"本, 个, 台","-2.4039, -2.4156, -3.0969"
1250,"面条 之 路 一 <CL> 纪录片 , mark",部,面,-0.8875057101249695,"面, 家, 路","-0.8875, -2.8541, -3.1206"
1251,"爱情 是 会 冷却 的 , 在 平淡 的 日子 里 , 最 重要 的 是 经常 给 两 <CL> 相互 依偎 的 心 加加 温爱情 是 会 沉淀 的 , 在 相处 的 日子 里 , 要 记得 时不时 摇晃 一下 盛装 爱情 的 水杯 !",颗,个,-0.1573340743780136,"个, 位, 句","-0.1573, -3.7087, -3.7157"
1252,"家人 都 不 认同 我 谈 朋友 , 这 是 怎么 一 <CL> 事 ?",回,个,-1.1823017597198486,"个, 种, 回","-1.1823, -1.3845, -1.4094"
1253,新年 第一 <CL> 祝愿 大家 龙年 发大财,帖,家,-2.232240676879883,"家, 篇, 批","-2.2322, -2.9367, -2.9692"
1254,起身 啦 起身 啦 玩 咖啡 恋人 啦 虽然 唔知几 时 会 唔玩 但是 宜家 仲系度 玩仲 有 边 鬼 <CL> 玩噶 ?,个,家,-1.9607324600219727,"家, 声, 台","-1.9607, -2.4707, -2.5930"
1255,"这 是 日本 Epoch 开发 的 一 <CL> 运动 感应 游戏 或称 独立 游戏机 , 不 隶属于 nitendo s box 阵营 , 游戏者 扮演 机器 猫 或 称多 拉 a 梦 或者 大雄 或称康 夫囧 等 人 , 在 游戏 中 戴 着 竹蜻蜓 飞行 寻宝 。",个,个,-0.5985826253890991,"个, 种, 项","-0.5986, -1.6727, -2.1671"
1256,"人 在 雾 中 走 , 一切 都 隐隐约约 , 影影绰绰 , 思绪 飘然 疑 似 自己 如 一 <CL> 秋 叶 , 随 秋风 漂 失 , 不 知会 吹 落 到 何处 ?",片,个,-0.6576672792434692,"个, 幅, 位","-0.6577, -2.1184, -2.8701"
1257,"发表 了 博文 胃 靠 养 之 冬季 养 胃 心得 人体 有 众多 的 器官 , 血管 , 四肢 , 骨头 , 关节 , 要 想 身体 整体 健康 , 那么 每 一 <CL> 单元 的 健康 必不可少 。",个,个,-0.4510684907436371,"个, 件, 种","-0.4511, -2.5470, -3.2827"
1258,在 這新春 佳節 大 年 三十 <CL> 應和 家人 其樂 融融 的 吃 完 年夜飯 看看 春節 聯歡 晚 會什麼 的 那 是 多麼 美好 的 事兒 呀 !,本,把,-1.5444202423095703,"把, 下, 分","-1.5444, -2.0683, -2.5461"
1259,等 我 睇个 新 天生 一 <CL> 先,对,个,-0.9933609962463379,"个, 样, 下","-0.9934, -2.6241, -2.8109"
1260,"回家 的 路 上 , 困死 啦 困死 啦 困死 啦 跟 <CL> 兄嫂 同 车 , 又 无聊 又 尴尬 , 唉唉唉",堂,家,-1.0814480781555176,"家, 路, 下","-1.0814, -2.3596, -3.2479"
1261,成 <CL> 事 真係 笑 中 有淚 向前 望,件,本,-2.4864895343780518,"本, 个, 行","-2.4865, -2.7312, -3.0215"
1262,", 明年 给 她 找 <CL> 儿媳妇 随便 他们 去 逛 。",个,个,-1.6244531869888306,"个, 本, 些","-1.6245, -2.8341, -3.1154"
1263,"红 嘴 鸟 包 邮韩版 磨砂 真皮 钨钛金 双 <CL> 牛皮 花瓣 咖色 单肩 斜挎 女式 包包 21500 元 热销 中 , 别 错过 哦",层,面,-0.6043988466262817,"面, 层, 手","-0.6044, -2.2272, -2.7058"
1264,甘肃 武威 地区 发生 31 <CL> 地震 分享 自,级,行,-2.572103261947632,"行, 份, 发","-2.5721, -2.6803, -2.7483"
1265,"平时家 在 心 里 此刻家 在 眼前 泸州 老窖 伴 您 回家 离 回家 还 有 2 天 我 的 祝福 乘 着 除夕 的 钟声 飞向 你 , 愿 你 新 的 一 年 快乐 笑 <CL> 高幸福 美满 全 家 好 快来 和 我 一起 参加 泸州 老窖 伴 您 回家 的 活动 吧 !",步,起,-1.497265338897705,"起, 脸, 声","-1.4973, -1.5152, -2.1531"
1266,究竟 谁 该 拥有 那 <CL> 火车票,张,些,-0.7910574078559875,"些, 个, 所","-0.7911, -2.3434, -3.0859"
1267,"九寨沟 海拔 在 2 千 米 以上 , 遍布 原始 森林 , 沟 内 分布 一百零八 <CL> 湖泊 , 有 童话 世界 之 誉九寨沟 为 全 国 重点 风景 名胜区 , 并 被 列入 世界 遗产 名录 。",个,个,-0.9808375835418701,"个, 条, 处","-0.9808, -1.2908, -1.8799"
1268,用心 去 做 每 一 <CL> 事 !,件,所,-1.8965541124343872,"所, 些, 种","-1.8966, -2.5088, -2.5354"
1269,MY LOVE 中 非常 中意 的 一 <CL> 歌 请 你 给 我 好 一点 的 情敌 田馥甄 分享 自,首,个,-0.7134653329849243,"个, 种, 位","-0.7135, -1.8388, -2.6502"
1270,"昨晚 梦见 穿 新 鞋 , 起来 趁 还 没 忘记 赶紧 周公 解梦 一下 , 一 看 就 乐 了 未婚 女子 梦见 穿 新 鞋 , 会 嫁给 一 <CL> 宽宏 大量 聪明 能干 的 男子 。",位,个,-0.241598442196846,"个, 位, 家","-0.2416, -2.7073, -3.3037"
1271,晚上 在 家么 事 泡 <CL> 脚 神马 的 真 是 舒服 !,个,面,-0.5048330426216125,"面, 个, 脸","-0.5048, -2.6740, -3.0680"
1272,"不 去 思考 , 不 去 怀念 , 只是 爱 体验 这 <CL> 感觉 。",种,个,-0.5981349349021912,"个, 份, 种","-0.5981, -1.8489, -2.0641"
1273,", 我 投给 了 风声 吴 大队长 这 1 <CL> 选项 。",个,个,-1.5305445194244385,"个, 只, 张","-1.5305, -2.1384, -2.4401"
1274,哈哈 我 要 进 地铁 的 时候 先 看到 你 脚 下 的 鞋 脑海 第一 <CL> 浮现 肯定 是 B BOY 抬头 一 看 居然 是 你 哈哈够 搞笑 的 我 还 刚 从 华强 北练 完舞,个,张,-1.357527256011963,"张, 个, 次","-1.3575, -1.5953, -2.4956"
1275,"试 了 三 <CL> 包子 , 肉包 比 对面 好吃 , 香菇包 跟 菜包 则 不 及 , 豆脑 更 可 无视 。",种,家,-2.642573595046997,"家, 部, 本","-2.6426, -2.8003, -2.8659"
1276,"余 则 成 的 潜伏 之 道 1 <CL> 牢 嘴 , 少 议 同事 , 多崇 上级 。",管,条,-1.4311912059783936,"条, 个, 章","-1.4312, -2.8745, -2.9731"
1277,看到 逸能 石缘 的 博文逸 能 石缘 奇石 100 <CL> 36 洪福齐天 有感而发 的 评论 。,枚,分,-2.1711580753326416,"分, 个, 块","-2.1712, -2.4651, -2.5103"
1278,"刚刚 百 度 了 一下 , 加智齿 应该 是 32 <CL> 牙齿 。",颗,位,-0.026670224964618683,"位, 版, 码","-0.0267, -5.6580, -6.0033"
1279,"西媒曝 2 中 超 队 邀古蒂 加盟 财力 雄厚 砸 重金 购金 狼 据 西班牙 媒体 称 , 除了 之前 传出 的 上海 申花 外 , 还 有 另 一 <CL> 财力 雄厚 的 中超球队 向 金狼 发出 了 邀请 。",支,家,-0.8502792119979858,"家, 支, 个","-0.8503, -1.3064, -2.6815"
1280,"今天 一早 起来 , 赚 死 了 , 有 木 有 尤其 那 两 <CL> 粉嫩 粉嫩 的 让 人 特别 开心 , 谢谢 啦亲 记得 新 的 一 年 要 事事 顺心哟",封,个,-1.0243487358093262,"个, 张, 句","-1.0243, -2.1524, -2.2988"
1281,快 来 看看 的 微博 傻子 一 <CL> 围观 !,枚,个,-2.459442138671875,"个, 下, 篇","-2.4594, -2.5416, -2.7427"
1282,"这 <CL> 宝贝 这 两 天 问 的 人 满 多 2011 年 夏装 韩版 夏威夷 沙滩裤 五分裤 男士 花裤 迷彩裤 纯 棉 , 价格 3900 元 , 见",件,部,-2.2652926445007324,"部, 家, 本","-2.2653, -2.3092, -2.4152"
1283,"每 天 都 要 吸收 <CL> 养生 知识 , 过 年 也 不 能 例外 !",些,个,-2.0384087562561035,"个, 面, 次","-2.0384, -2.3276, -2.4049"
1284,梦见 一 <CL> 境 。,场,个,-0.8828197121620178,"个, 世, 种","-0.8828, -2.3802, -2.5999"
1285,"在 河源 很 无助 , 今晚 一 <CL> 人 在 翔丰 的 麦当劳 过夜 , 麦当劳 没 开 暖气 很 冷 , 时间 再 快点 吧 !",个,起,-1.2520250082015991,"起, 点, 个","-1.2520, -1.5139, -2.5392"
1286,"杨贰佰叁 拾 陆宝 大 <CL> 花 盛开 我 的 今夏 , 来自",朵,门,-1.3922001123428345,"门, 家, 队","-1.3922, -1.7461, -2.4175"
1287,和 两 <CL> 鸡巴 佬搞基,个,个,-1.104858636856079,"个, 位, 对","-1.1049, -1.7274, -2.3915"
1288,"一 <CL> 曾经 熟识 , 现今 却 并 无 联系 的 人 , 跋山涉水 , 风尘仆仆 , 汇于一堂 。",群,部,-2.274672031402588,"部, 家, 本","-2.2747, -2.3137, -2.3768"
1289,啾啾啾 9 现在 成为 了 一 <CL> 市长 !,名,个,-0.5560036301612854,"个, 名, 位","-0.5560, -2.0381, -2.3526"
1290,第一 <CL> 发 压岁 钱 啊 !,次,家,-2.239959716796875,"家, 部, 本","-2.2400, -2.2920, -2.4738"
1291,"当 上班 的 心情 比 上坟 还 要 沉重 的 时候 , 职场 教会 我们 三 <CL> 事 要么 忍 , 要么 狠 , 要么 滚 。",件,个,-0.35660481452941895,"个, 位, 点","-0.3566, -2.4945, -3.0222"
1292,"昨夜 烟 花卷 卷舒 , 团圆 除夕 一 <CL> 亲 。",家,起,-0.9520001411437988,"起, 家, 个","-0.9520, -2.0021, -2.4689"
1293,所有 的 车 都 只 能 绕过 这 <CL> 车 从 两 边 小心翼翼 地 驶过 。,辆,个,-0.9118762016296387,"个, 些, 次","-0.9119, -1.9745, -2.6194"
1294,"网 上 的 富 二 <CL> 斗富 , 看 了 你 会 傻眼 的 吧 。",代,手,-0.3170151710510254,"手, 楼, 次","-0.3170, -2.5905, -3.3536"
1295,迎 财神 这 <CL> 神圣 的 任务 就 交给 我 老爸 了,项,台,-1.5907478332519531,"台, 本, 家","-1.5907, -2.3536, -2.9621"
1296,你 睇下 依 种 是否 你 上 <CL> 想要 果 种 果仁,次,班,-2.0877444744110107,"班, 下, 次","-2.0877, -2.1164, -2.7692"
1297,"美文 故事 人生 有 三 <CL> 东西 是 无法 隐瞒 的 咳嗽 贫穷 和 爱 你 想 隐瞒 , 却 欲盖祢彰 。",样,种,-0.7124376893043518,"种, 个, 分","-0.7124, -1.9829, -3.1213"
1298,第一 <CL> 用 肯德基 网 上 订餐 。,次,家,-2.239959716796875,"家, 部, 本","-2.2400, -2.2920, -2.4738"
1299,"真的 不 是 生气 , 就 是 感觉 你 这 <CL> 人 怎么 配 活 在 这个 世界 上 , 把 你 的 所 做 所 为 拍成 电视剧 全 世界 人 都 得 买 机票 来 沈阳 朝 你 吐口水 。",种,个,-0.663533091545105,"个, 种, 样","-0.6635, -2.3075, -2.3366"
1300,"此后 , 马来营 给 杜保乾 夫妇 送 过 各 <CL> 高档 服装 , 以至 禁 不 住 向 杜保乾案 办案 人员 感叹",种,种,-0.07317684590816498,"种, 类, 项","-0.0732, -3.7671, -4.4876"
1301,古巨基 都俾 你 窒死 一 <CL> 有 文化 咖人 的 幽默 林敏聪 你 系 得噶 人才,个,次,-0.8765631318092346,"次, 段, 下","-0.8766, -2.9428, -3.2491"
1302,你 知道么 刚刚 看到 一 <CL> 很 有意思 的 问题 那里 可以 买 尼泊尔 佛像 ?,个,个,-2.283501148223877,"个, 道, 本","-2.2835, -2.7494, -2.8845"
1303,", 我 投 给 了 激烈 的 PVP 战场 竞技场 这 1 <CL> 选项 。",个,个,-1.0157777070999146,"个, 次, 只","-1.0158, -2.3205, -3.1019"
1304,"走出 教堂 , 迎面 看见 了 这 <CL> 树 , 是 谁 种下 的 ?",棵,面,-2.257718563079834,"面, 个, 堂","-2.2577, -2.9762, -3.1759"
1305,"哎 , 擦了 <CL> 肩 !",个,个,-1.6757527589797974,"个, 次, 些","-1.6758, -2.9296, -3.1217"
1306,找 一 <CL> 好 老婆 是 我 一 生 的 追求 。,个,个,-2.3115074634552,"个, 本, 家","-2.3115, -2.4713, -2.8738"
1307,月 塘小禾 又 完成 了 一 <CL> 市民 的 心愿 。,个,个,-1.8999829292297363,"个, 篇, 次","-1.9000, -1.9917, -2.0647"
1308,"所谓 的 拜年 就 是 在 这 <CL> 吃点 东西 再 跑到 那家 吃点 东西 , 回家 的 时候 就 饱 了 。",家,个,-0.7647886276245117,"个, 些, 家","-0.7648, -2.4973, -2.7206"
1309,"一大早 起来 搞 卫生 , 出 一 <CL> 汗 , 真 舒服 !",身,个,-1.2933804988861084,"个, 件, 堆","-1.2934, -2.5979, -2.6352"
1310,你 啥时候 能 不 一 <CL> 贱样 啊 喂 !,脸,起,-1.373717188835144,"起, 样, 下","-1.3737, -1.8645, -1.9265"
1311,"当日 , 安徽 黄山 风景区 雪后 放晴 , 罕见 的 瀑布 流云 从 始信峰 的 山坳 中 奔腾 而 下 , 汹涌澎湃 , <CL> 山峰 在 云海 中 若隐若现 , 美轮美奂 , 似 海市蜃楼 , 蔚为 壮观 。",座,把,-2.406583547592163,"把, 下, 任","-2.4066, -2.5909, -2.9494"
1312,我 当时 那 叫 一 <CL> 晕啊 笑 语录 我 正 在 玩 微博 精选 看 短信 发微 博,个,个,-0.42695853114128113,"个, 句, 声","-0.4270, -2.2000, -2.4251"
1313,"昨天 碰到 一 <CL> 朋友 , 她 女儿 去年 考上 了 P , 这 让 我 无比 的 羡慕 , 因为 P 是 这 附近 最 好 的 私立 学校 。",个,个,-1.5854084491729736,"个, 本, 家","-1.5854, -1.8203, -2.6963"
1314,噬魂师 粤语版 在 线 观看 噬魂师 粤语版 第 038 <CL> 噬魂师 粤语版 全集 天 上 人间 动漫网,集,集,-0.367358922958374,"集, 章, 季","-0.3674, -1.3051, -4.0670"
1315,史 上 春节 前 最后 1 周 行情 揭秘 15 年 中 14 <CL> 翘尾 财经 频道 东方 财富 网 分享 自,次,个,-1.0580613613128662,"个, 股, 条","-1.0581, -2.0094, -2.0781"
1316,"老公 酒醒 以后 早上 醒来 , 丈夫 对 妻子 说 , 咱们 家 有 鬼 , 昨晚 我 回到 家 , 去 厕所 , 一 开门 灯 就 自己 亮 了 , 还 有 一 <CL> 寒气 逼 来 !",股,个,-1.1893213987350464,"个, 次, 点","-1.1893, -1.5960, -2.5302"
1317,"到 一 狒狒 <CL> 前 , 飞晏 指 着 笼子 和 梁爽 说 看 , 佛佛 。",笼,家,-1.6428959369659424,"家, 群, 所","-1.6429, -2.3449, -3.0074"
1318,食 饭 就 吃 鸡 鸭 鹅 过 <CL> 年姐 用 不 用 天天 鸡 鸭 鹅 本来 我 很 喜欢 吃 鸡 的 衣架 听到 都 厌食 饭食 鸡食 饭食 鸭 食 饭食 鹅 我 要 海鲜,个,门,-2.27435302734375,"门, 节, 道","-2.2744, -2.5181, -2.5677"
1319,我 一 <CL> 人 一口气 喝 了 大 半瓶 竹叶青 。,个,部,-2.271115779876709,"部, 家, 本","-2.2711, -2.2926, -2.4095"
1320,初一 到 初五 中国 教育 一 <CL> 晚 十一点半 怪兽 档案,台,般,-1.1095738410949707,"般, 线, 级","-1.1096, -2.2371, -2.2868"
1321,"在 我 的 出走 计划 前 , 我 可以 有 <CL> 放松 的 地方 !",个,个,-0.5919965505599976,"个, 所, 些","-0.5920, -2.4067, -2.7017"
1322,"假期 真 不 适合 忙 工作 , 半天 写 不 出 一 <CL> 字",行,篇,-0.49043533205986023,"篇, 页, 点","-0.4904, -2.6271, -2.7336"
1323,"小 米 自动 醒 了 亲昵 两 <CL> 趴 我 身上 继续 睡 , 夜 静悄悄 人 的 思路 也 异常 清晰 , 喝 杯 温水暖胃 , 感觉 很 好 , 早安 !",下,个,-1.3657169342041016,"个, 次, 下","-1.3657, -1.5399, -2.4268"
1324,"gc 是 第二 天 同学 去 找 那 老板 说 要 退碟 , 那 老板 还 小声 的 嘀咕 了 一 <CL> 为什么 要 退 啊 , 唱 的 蛮好 的 蛮好 的 。",句,句,-0.8071655631065369,"句, 下, 声","-0.8072, -1.2428, -2.2110"
1325,"又 是 一 <CL> 人 , 接个 十 年 不 见 的 亲人 , 听 生辰 快乐 真 是 悲喜 交集 。",伙,次,-2.5934860706329346,"次, 个, 所","-2.5935, -2.7720, -2.8439"
1326,"厚 涂 的 质感 真心 很 棒 , 不过 Flash 永远 都 画 不 到 这 <CL> 效果 了 。",种,张,-1.099257469177246,"张, 个, 样","-1.0993, -1.5892, -2.0026"
1327,"小姨 生 了 <CL> 妹妹 , 哈哈 , 六 斤 二 两 !",个,个,-1.9867804050445557,"个, 对, 次","-1.9868, -2.5762, -2.5974"
1328,"2 佛像 若 是 以 挂图 的 形式 , 应该 剪 一 <CL> 一 元 大小 的 红 纸 贴 在 佛祖 莲座 上 或 座位 上 , 以 示 吉祥选 。",张,张,-0.7870639562606812,"张, 个, 下","-0.7871, -2.3370, -2.4313"
1329,"终于 做 了 <CL> 了 决定 , 不管 对 不 对 都 不 能 后悔 , 也 回 不 了 头 了 , 只是 我 会 为 此 付出 代价 失去 最 亲 最 爱 的 宝贝 , 或许 只有 这样 才 能 回到 以前 , 很 痛苦 很 心疼",个,次,-2.387583017349243,"次, 个, 行","-2.3876, -3.1318, -3.1869"
1330,"推荐 给 大家 一 <CL> 不错 的 小 工具 眼 保健操 , 实用 又 方便 , 真的 很 赞 哦 !",个,家,-2.059518814086914,"家, 个, 次","-2.0595, -2.0989, -3.2145"
1331,"Julia Fullerton Batten 的 青春期 故事 在 很多 摄影展 中 出现 过 , 她 巧妙 地 利用 逼真 的 电影 模型 场景 , 以 一 <CL> 超",种,种,-1.0040638446807861,"种, 个, 些","-1.0041, -1.0881, -2.2122"
1332,"有 消息 说 , 由 於 精确 制导 炸弹 的 广泛 应用 , 美国 根本 不必 投入 六 <CL> 航母 就 可 达到 很 好 的 作战 效果 。",艘,些,-1.8222941160202026,"些, 个, 种","-1.8223, -2.6496, -2.7615"
1333,"新 既 一 年 , 我 最 大 的 愿望 就 系 <CL> 死 鸡眼 好 翻太 烦 人 了",粒,通,-1.1851202249526978,"通, 把, 回","-1.1851, -2.1900, -2.2388"
1334,Oh 贞姐 的 重阳 各 <CL> 美啊,种,位,-1.6942083835601807,"位, 家, 节","-1.6942, -2.0569, -2.2709"
1335,想 家 一 <CL> 没有 欺骗 可以 擦干 眼泪 的 地方 。,个,家,-0.914833664894104,"家, 个, 种","-0.9148, -2.2491, -3.1405"
1336,"Moumoon 哈雷路亚 最近 好 爱 这 <CL> 歌 , 很 好听",首,个,-0.8868368864059448,"个, 家, 张","-0.8868, -1.6356, -2.4278"
1337,"红衣 女孩 叫 静宜 , 几 年 前 她 跟 穆林 的 那 <CL> 邂逅 可能 是 老天 早就 注定 了 的 姻缘 。",次,个,-0.7481723427772522,"个, 位, 次","-0.7482, -1.5986, -2.8519"
1338,"就 是 早上 喝 了 一 <CL> 珍养 牛奶 , 是 不 是 要 用 冷酸 灵 ?",瓶,次,-2.012897491455078,"次, 个, 本","-2.0129, -2.1435, -2.6403"
1339,我 那 <CL> 烂 苹果 愁 了 我 一 晚上,个,个,-1.2071267366409302,"个, 些, 样","-1.2071, -2.3989, -3.2016"
1340,那 <CL> 爱 着 油画家 的 我 。,个,部,-2.271376132965088,"部, 家, 本","-2.2714, -2.3201, -2.4012"
1341,"我 参与 了 发起 的 投票 您 的 上网 主页 是 , 我 投给 了 其他 这 1 <CL> 选项 。",个,个,-0.4021143615245819,"个, 家, 项","-0.4021, -3.1584, -3.3733"
1342,"今天 早晨 多亏 烧 锅炉 大爷 没烧 , 不 给 我 冻醒 都 赶 不 上 回家 的 2 <CL> 汽车",路,点,-0.9992501735687256,"点, 号, 楼","-0.9993, -1.6870, -2.4977"
1343,原来 Think Different 这 <CL> 话 是 Lee Clow 和 他 的 团队 策划 出来 重塑 Apple 形象 的,句,本,-2.294548749923706,"本, 台, 个","-2.2945, -2.3412, -2.4555"
1344,"大年 初一 的 , 打 了 三 <CL> 小时 的 球 。",个,个,-0.5873221755027771,"个, 次, 遍","-0.5873, -1.4964, -3.6531"
1345,就 像 给 空喊 口号 者 当头 一 <CL> 棒喝 。,记,棒,-1.569611668586731,"棒, 句, 样","-1.5696, -1.7551, -2.4181"
1346,"翻到 了 好早 以前 微薄 的 一 <CL> 测试 , 以前 以为 自己 真的 会败 , 而 现在 决定 赢 了 它 !",个,本,-0.23478853702545166,"本, 页, 篇","-0.2348, -2.5307, -3.8836"
1347,每 一 <CL> 生意 上 的 成绩 突破 超标 我 都 好 开心 !,次,部,-2.2349283695220947,"部, 家, 本","-2.2349, -2.2813, -2.3863"
1348,"于是 他 每 天 写 一 <CL> 情书 放进 他 信箱 , 因为 他 知道 他 只 是 随口 说说 不 会 去 翻 信箱 。",封,篇,-0.7073355913162231,"篇, 个, 些","-0.7073, -2.5564, -2.6063"
1349,"已经 几 <CL> 不 起来 昨天 是 几 点 入睡 的 , 昏昏 沉沉 的 一 觉 睡 到 现在 。",记,个,-1.9134175777435303,"个, 台, 些","-1.9134, -2.3122, -2.8226"
1350,"有 降落伞 , 蝴蝶结 , 旋风 , 各 <CL> 礼炮 , 火花式 , 还 有些 不 知道 是 什么",种,种,-0.09985184669494629,"种, 类, 款","-0.0999, -2.7720, -4.2934"
1351,"看完 了 铁甲 钢 拳 , 有 <CL> 儿子 真好",个,点,-0.6610363125801086,"点, 些, 个","-0.6610, -1.8780, -2.7809"
1352,几 多 <CL> 可以 爱到 几 多 岁,对,些,-0.8104620575904846,"些, 个, 本","-0.8105, -1.9023, -3.1677"
1353,"赵本山 惜别 春晚 舞台 , 有点 惋惜 , 他 是 一 <CL> 人 记忆 中 的 人物 。",代,个,-0.2643510103225708,"个, 位, 名","-0.2644, -1.8473, -3.5918"
1354,我 觉得 我 是 <CL> 妈 !,个,个,-0.5506536960601807,"个, 只, 家","-0.5507, -2.0280, -3.2973"
1355,过 年 就 不 要 提 那 <CL> 贱女人 。,个,些,-0.7190797328948975,"些, 个, 种","-0.7191, -0.8735, -3.2095"
1356,"明天 晚上 有 重大 活动 , 但愿 老天 能 帮忙 , 能够 一 <CL> 小时 不 下雨 。",个,起,-0.1092352569103241,"起, 个, 路","-0.1092, -3.5729, -4.0409"
1357,今天 目睹 了 大 悦 城 zara 一 <CL> 血战 我 只 能 说 那 姑娘 很 好 的 保护 了 她 爷们儿,场,家,-1.7189056873321533,"家, 楼, 样","-1.7189, -2.2511, -2.9604"
1358,"设计 生活 发现 新鲜 小 叶子 , 大 用途 p Every leaf traps CO2 每 一 <CL> 叶子 都 能 吸收 二氧化碳 , 拯救 树木 , 拯救 环境 , 拯救 地球 拯救 你 !",片,个,-0.43813541531562805,"个, 步, 件","-0.4381, -2.6642, -3.3297"
1359,"整 <CL> 人 就 我 喝酒 , 喝 了 快 五 瓶 , 晕",桌,家,-2.213839530944824,"家, 部, 本","-2.2138, -2.2712, -2.3397"
1360,我 还是 觉得 那 <CL> 傻夫夫 的 单纯 的 男生 更 让 人 倾心 阿,种,个,-0.42571237683296204,"个, 些, 样","-0.4257, -2.4036, -3.1986"
1361,"012712 向 苏昌茂 发起 竞技 挑战 , 成功 , 获得 了 20 点 经验值 , 20 <CL> 银币",枚,点,-0.013396366499364376,"点, 个, 级","-0.0134, -5.5775, -5.8239"
1362,"100 泰 <CL> , 零钱",株,股,-1.0312087535858154,"股, 分, 起","-1.0312, -2.1744, -2.4921"
1363,"海南 这 <CL> 天气 , 你 是 想 怎样 ?",种,个,-1.8855468034744263,"个, 本, 面","-1.8855, -2.2833, -2.5300"
1364,"我 就 去 了 , 是 不 是 就 是 有 的 人 非 得 让 金 希澈 每 <CL> 想 亲近 中饭 的 行动 都 变 恶心 啊 ?",次,次,-0.2905679941177368,"次, 个, 位","-0.2906, -1.6573, -5.0519"
1365,"边 <CL> 去 宵夜 啊 , 求 陪同",个,台,-2.6926136016845703,"台, 本, 面","-2.6926, -2.9620, -2.9892"
1366,"这 两 <CL> 照片 太 坑 爹 了 , 以后 我们 可以 不 要 把 人 拍 那么 小 嘛 ?",张,部,-2.272017478942871,"部, 家, 本","-2.2720, -2.2796, -2.4398"
1367,"都 是 你 , 大半夜 的 喊 吃 面 , 我 撑死 了 , 又 刷 了 一 <CL> 牙 , 臭 猫 猫",遍,次,-1.5176081657409668,"次, 下, 遍","-1.5176, -2.1687, -2.2313"
1368,"也 真的 好 想 你们 , 谁 让咱 不 能 一 <CL> 电话 就 能 见 呢",个,起,-0.17639555037021637,"起, 个, 路","-0.1764, -3.1786, -4.0543"
1369,是 不 是 过 了 一 <CL> 难忘 的 激动 的 十八 生日 呢 亲亲亲 哈哈张 总 策划 比 你 还 激动 类 还 有 最后 被 我 逼 出来 的 压轴 好 戏 真 幸福 可爱 这些 都 是 送给 你 的 pub 神马 的 知道 你 不 期 啦,个,个,-2.0353972911834717,"个, 家, 些","-2.0354, -2.6670, -2.7239"
1370,"第二 <CL> 出锅 , 有 小宝 最 喜欢 的 腊肠 包",笼,本,-1.5403327941894531,"本, 次, 家","-1.5403, -2.9048, -2.9258"
1371,年货 太 多 <CL> 里 也 只有 我 能 扛 起 吃光 它们 的 重任 了 !,家,家,-2.422412157058716,"家, 味, 包","-2.4224, -3.1062, -3.2706"
1372,"世事 匆匆 过 , 每 <CL> 人 都 经历 着 不 一样 的 酸甜苦辣 , 或许 甘甜 , 或许 苦涩 , 只是 我们 都 要 面对 介已 有的 事实 , 接受 并 迈向 更 美好 的 地方 。",个,回,-1.0706677436828613,"回, 个, 次","-1.0707, -1.7541, -2.0464"
1373,今年 的 最后 一 <CL> 菜 简直 就 是 经典 啊 好香,道,个,-0.37938305735588074,"个, 次, 届","-0.3794, -2.0073, -3.7360"
1374,"冷 笑话 拍卖会 上 , 一 <CL> 阔佬 对 大家 宣布 他 不慎 将 自己 的 钱包 丢 在 了 会场 , 内 有 现金 10000 元 , 谁 能 将 钱包 送 还 给 他 , 他 将 出 酬金 100 元 。",位,个,-0.9923380613327026,"个, 位, 名","-0.9923, -1.6113, -2.0073"
1375,失眠 有 <CL> 想 自杀 的 感觉,种,所,-0.8793941736221313,"所, 些, 点","-0.8794, -2.1456, -2.9905"
1376,今天 亲自 下手 做 了 一 <CL> 子 菜 不错 哈哈,桌,个,-1.9016880989074707,"个, 本, 家","-1.9017, -2.8735, -2.9627"
1377,"说 爱 我 , 在 我 的 耳边 对 我 说 , 我 已经 真的 太 久 忘 了 这 <CL> 心动 。",种,个,-0.9682804942131042,"个, 句, 样","-0.9683, -1.7280, -2.2367"
1378,"人 地 放假 一 <CL> 身 就 得 中午 下午 同 晚上 , 而 我 一起 身 就 剩翻 下午 同 晚上",起,个,-2.0571913719177246,"个, 行, 本","-2.0572, -2.3205, -2.7361"
1379,还 有 一 大 <CL> 树叶 等 着 我 扫 呜呜 手 又 要 痛 了,堆,个,-2.089906930923462,"个, 些, 本","-2.0899, -2.6064, -2.7531"
1380,卡卡 又 名 一 <CL> 花,支,名,-2.1173923015594482,"名, 般, 个","-2.1174, -2.4148, -2.8492"
1381,"7300 多 万 <CL> 的 中外 参观 者 , 在 中国 上海 世博会 联手 托举 了 一个 冉冉 升起 的 环球 梦想 。",人次,个,-1.7621588706970215,"个, 台, 把","-1.7622, -1.8793, -2.5493"
1382,"把 两 人 重叠 的 感觉 越来越 强烈 是 怎么回事 陌生 又 熟悉 的 怦然心动 , 果然 认真 喜欢 起 一 <CL> 人 来 , 有些 感觉 是 比 恋爱 也 来 得 真实 的 。",个,个,-1.6694121360778809,"个, 起, 首","-1.6694, -1.7627, -2.7336"
1383,在 厦门 担心 五 元 买 不 到 一 <CL> 面包 于是 给 了 十 元 只 是 在 遇到 他 又 向 路人 索要 面包 钱 时 不得不 感慨 厦门 物价 之 高,个,个,-1.5372073650360107,"个, 块, 张","-1.5372, -2.0990, -2.9020"
1384,"一 <CL> 善于 浪漫 的 男人 , 必然 经历 过 很多 女人 的 训练 , 他们 的 浪漫 是 种 技巧 , 可以 对 你 , 也 可以 对 别人 。",个,部,-2.274672031402588,"部, 家, 本","-2.2747, -2.3137, -2.3768"
1385,"一 黑人 司 机载 了 一 <CL> 白人 母子 , 孩子 问 为什么 司机 伯伯 的 肤色 和 我们 不同 ?",对,个,-1.5969549417495728,"个, 辆, 班","-1.5970, -1.9099, -2.4661"
1386,1500 <CL> 酒店 休息 。,回,张,-1.7834999561309814,"张, 个, 回","-1.7835, -2.5037, -3.0379"
1387,"后来 抽奖 , 又 抽到 一 <CL> 笔 , 虽 不 算 好 , 总 比 什么 都 没有 的 人 强 。",盒,个,-0.5119484663009644,"个, 张, 位","-0.5119, -2.7703, -3.2374"
1388,"从 材料 的 角度 讲 , 找 一 <CL> 能 把 咖啡 吸附 的 类似 冰块 的 材料 应该 不 是 难事 。",个,个,-0.7050006985664368,"个, 些, 种","-0.7050, -2.4058, -2.9772"
1389,给 大家 推荐 <CL> 地方 是 上上 上 周 我 去 参加 朋友 搞 的 圣诞 派对 的 地方 游艇 俱乐部 在 老 码头 附近 又 一 装 B 圣地,个,个,-2.5419058799743652,"个, 家, 间","-2.5419, -2.6178, -3.1804"
1390,刘俐俐 张绍 刚 场 上 互掐 两 <CL> 人 的 心理 素质 都 不 咋地 。,个,次,-1.477972388267517,"次, 个, 张","-1.4780, -1.8489, -2.8193"
1391,"在 公交车 上 , 你 会 选择 哪 一 <CL> 位置 坐 ?",个,个,-0.8338245153427124,"个, 种, 辆","-0.8338, -1.8111, -2.3377"
1392,上传 了 14 <CL> 照片 到 相册 一 花 一 世界 。,张,本,-2.023747444152832,"本, 下, 个","-2.0237, -2.1083, -2.3026"
1393,27 <CL> 逆转 啊 !,分,部,-2.277297019958496,"部, 家, 本","-2.2773, -2.2856, -2.4011"
1394,是 自己 亲手 造就 了 这 <CL> 模样 。,幅,个,-2.0204856395721436,"个, 本, 身","-2.0205, -2.4470, -2.9514"
1395,"说 不 出口 我 有 多么 喜欢 你 , 这 多 无奈 , 可是 我 不 后悔 , 这 <CL> 路 , 我 从来 没 想 过 自己 会 后悔",条,样,-1.0850286483764648,"样, 些, 个","-1.0850, -1.4365, -1.7122"
1396,"为什么 妇女 同志 的 聊天 内容 总是 別家 的 钱 啊 , 房子 啊 , 还 得 整 <CL> 楼 都 听到 的 声调 , 为 毛呢",幢,个,-0.39692848920822144,"个, 家, 点","-0.3969, -3.0993, -3.4867"
1397,"好久 没 认真 看 两 <CL> 我 生命 中 最 亲 最 亲 的 人 , 我 似乎 从 不 敢 与 他们 四 目 相对 , 就 好像 对 他们 我 亏欠 了 前世 今生 。",个,集,-1.796316385269165,"集, 次, 遍","-1.7963, -2.0667, -2.2336"
1398,"我 在 年货 大街 开 吃 啦 doggy 在 小小 乐园 开 了 一 <CL> 年货 大街 , 免费 吃 免费 玩 新年 过 太爽 !",条,个,-1.0626963376998901,"个, 家, 间","-1.0627, -1.0975, -2.4229"
1399,原来 挂彩 了 扇子 也 废 了 睡觉 睡觉 准备 下 一 <CL> 刘小婷 要 hold 住,场,张,-1.5825015306472778,"张, 篇, 个","-1.5825, -1.5880, -2.2613"
1400,又 看 了 一 <CL> 青春期 。,部,次,-2.296977996826172,"次, 个, 本","-2.2970, -2.5100, -3.0212"
1401,"刚刚 顾客 给 了 我 几 <CL> 巧克力 饼干 , 也 不 推让 很 厚 脸皮 的 就 顺手 收下 了 !",包,个,-0.85809326171875,"个, 分, 张","-0.8581, -2.2353, -2.6497"
1402,lowlow 这 素 不 素 你 的 那 <CL> 电摩 ?,辆,个,-0.7039910554885864,"个, 些, 句","-0.7040, -2.0805, -2.5469"
1403,"学生 时代 让 人 头疼 的 各 <CL> 符号 阿尔法 贝塔 伽玛 德尔塔 伊普西隆泽塔伊塔西塔约 塔卡帕兰姆达米 欧纽克 西欧 米克隆 派柔西格玛 陶玉 普西隆弗爱凯普赛 , 大家 能 读出 多少 呢 ?",种,种,-0.05673165246844292,"种, 类, 个","-0.0567, -3.9868, -4.1792"
1404,"清 茶 一 <CL> 送 闲人 , 余香 一 缕 伴君眠 。",盏,次,-2.3999276161193848,"次, 杯, 个","-2.3999, -2.4964, -3.0268"
1405,穆里尼奥往 队员 手上 塞 小 纸条 三 <CL> 锦囊 上面 写 了 啥图 分享 自,条,个,-1.5026482343673706,"个, 分, 次","-1.5026, -1.5928, -2.0136"
1406,睡 三 <CL> 钟头,个,个,-1.8702337741851807,"个, 行, 次","-1.8702, -2.5366, -2.6450"
1407,"路虎 音速 飞行 时间 最 能 激发 我 极 速 渴望 的 3 <CL> 歌曲 是 Don t Stop Believin Counterpoint Centerfield , 你 的 呢 ?",首,个,-0.5564520955085754,"个, 种, 点","-0.5565, -2.2635, -2.3427"
1408,一 <CL> 桔子 。,盆,部,-2.274671792984009,"部, 家, 本","-2.2747, -2.3137, -2.3768"
1409,"感冒 了 真 难受 , 鼻子 里 <CL> 的 脑袋 昏昏 的 。",堵,面,-0.49026167392730713,"面, 头, 堵","-0.4903, -1.9798, -2.2552"
1410,在 平沙 真心 求 各 <CL> 节目 啊 。,种,位,-0.4882720410823822,"位, 家, 所","-0.4883, -2.6571, -3.1176"
1411,回 <CL> 家 总 那么 惊心动魄 !,个,回,-0.6984905004501343,"回, 本, 个","-0.6985, -3.1081, -3.4055"
1412,牺牲 这 <CL> 东西 才 不 重要 !,种,本,-2.3822317123413086,"本, 家, 所","-2.3822, -2.9313, -3.1252"
1413,"其实 , 自 上月 开始 , 印尼 方面 就 曾 表示 , 将 对 非法 进入 印尼 海域 进行 捕鱼 的 外国 渔船 采取 严厉 措施 , 印尼 海军 总司令 前 <CL> 时候 也 曾 警告 说 , 印尼 海军 将 击沉 在 印尼 海域 非法 捕鱼 的 外国 渔船 。",些,副,-0.7825313210487366,"副, 任, 部","-0.7825, -1.6755, -2.6410"
1414,“ 你 车上 有 二 <CL> 第一流 的 配备 啊 !,套,个,-1.914182186126709,"个, 台, 位","-1.9142, -1.9741, -2.3585"
1415,这 是 哪 <CL> 学校 啊,间,个,-0.42848193645477295,"个, 位, 家","-0.4285, -2.0802, -2.8165"
1416,一 <CL> 好 刀会 让 厨师 得心应手 !,把,部,-2.274672031402588,"部, 家, 本","-2.2747, -2.3137, -2.3768"
1417,"剑侠 世界 我 在 万 花 谷 副本 , 这里 是 五千万 人 的 江湖 , 萝莉御姐 任 你 挑选 , 抱 <CL> 妞儿 回家 过冬咯 !",个,团,-1.752907156944275,"团, 头, 起","-1.7529, -2.4094, -2.9494"
1418,"人人 都 戴 着 一 <CL> 面具 , 我 的 面具 是 真实 。",个,个,-2.470795154571533,"个, 家, 行","-2.4708, -2.6240, -3.2014"
1419,"收 手机 就 收 手机 啦 , 随便 了 , 反正 时间 很 快 过大 不 了 一 两百 <CL> 弄 部 二手 的 来",块,块,-0.7561489343643188,"块, 个, 分","-0.7561, -2.1189, -2.4394"
1420,"专心 做事 能够 耐 得 住 一 <CL> 时间 暂时 的 寂寞 的 人 , 往往 可以 得到 较 长 时间 的 精彩 人生 !",段,个,-2.1013808250427246,"个, 些, 种","-2.1014, -2.3616, -2.4018"
1421,"那 时候 的 我 就 会 尴尬 的 看 着 他 , 他 每 <CL> 都 笑 着 点头 承认 。",次,次,-0.026377534493803978,"次, 个, 回","-0.0264, -4.1072, -6.1901"
1422,"OMG , 原来 菠萝 欧 Yi 然 一生 可能 会 爱上 9 <CL> 人 , 还 不 赶快 来 看看 你 一 生 会 爱上 多 少 人",个,个,-0.9233561158180237,"个, 次, 只","-0.9234, -1.1226, -3.9461"
1423,修修 你 看 你 那 <CL> 样 !,个,个,-0.7074494361877441,"个, 些, 家","-0.7074, -2.0408, -3.5879"
1424,"他 是 这块 大 陆上 一个 新 的 传奇 , 不仅仅 勾 动 了 众多 女孩 的 心 , 还 引来 了 无数 <CL> 嫉妒 的 眼睛 。",双,个,-0.8977787494659424,"个, 名, 位","-0.8978, -1.5087, -1.9526"
1425,58 <CL> 正宗 川味 仅 125 元 !,团,家,-2.4734225273132324,"家, 部, 行","-2.4734, -2.7508, -2.8224"
1426,"今天 上午 去办 身份证 , 下午 两 <CL> 课 没 上 , 微开 心呐 明天 最后 一 天 了 更 开心 了",节,点,-0.019762074574828148,"点, 个, 次","-0.0198, -4.8208, -5.4165"
1427,漂亮 女 老师 惨遭 凌辱 http t cn z0eh6iY 儿 本色 走着瞧 Hello 树 先生 第一 <CL> 血 4 黑暗 终结者 画 壁 万 有 引力 恶夜 惊魂 叶 问 前 传 一 夜 未 了 情仁寺 洞 丑闻 疯狂 的 赛车 男儿 本色 嫩模 写 真 德云社 weibo com 上线 男儿 本色,滴,次,-1.6047823429107666,"次, 章, 个","-1.6048, -1.8392, -2.2992"
1428,第一 <CL> 见面 就 那么 亲热 真 是 让 人 受宠若惊,次,家,-2.239959716796875,"家, 部, 本","-2.2400, -2.2920, -2.4738"
1429,现在 发现 这 140 <CL> 字 的 小 空间 里 已经 不 能 圆满 的 表达 我 的 想法 了 过好 每 一 天 。,个,个,-2.1197381019592285,"个, 家, 发","-2.1197, -2.6087, -2.6630"
1430,"现在 去 北京 这 <CL> 中途 还 能 flyback 的 短差 居然 超重 5KG , 而且 感觉 里面 什么 都 丢 不 得 我 的 年龄 增长 都 体现 在 行李 重量 上 了 我 在 这里 首都 机场 T3 航站楼",种,个,-2.6800832748413086,"个, 台, 本","-2.6801, -2.9045, -2.9371"
1431,博阿滕 太 虎 奇兵 一 <CL> 奎花 有点儿 软 可 有 可 无 。,员,般,-2.1816020011901855,"般, 个, 种","-2.1816, -2.3409, -3.0382"
1432,"吃饱 了 , 这 <CL> 韩国 纸上 烧烤",点,点,-2.4476141929626465,"点, 家, 本","-2.4476, -2.5604, -2.8075"
1433,"第一 <CL> 坐 磁悬浮 , 妈妈 , 我 回来 了",次,家,-2.239959716796875,"家, 部, 本","-2.2400, -2.2920, -2.4738"
1434,"最近 进步 多 5 <CL> 半月 , 近来 安谷 有 不少 新 进步 , 如 前天 开始 便便 突然 变 条状 了 看 别人 吃喝 东 西 小 嘴巴 会 抿 啊 抿 , 好像 自己 嘴 里 也 有 好吃 的 一样 , 还 会 很 认真 盯住 别人 手 里 的 食物 研究 。",个,分,-1.3921842575073242,"分, 次, 个","-1.3922, -1.4354, -2.0200"
1435,家 里 一 <CL> 少女 都 变成 已婚 妇女 了 。,个,家,-1.2219359874725342,"家, 个, 部","-1.2219, -2.7961, -2.9321"
1436,"包括 2012 <CL> 的 多 看 也 有 人 反应 说 字体 发虚 , 看来 原 系统 也 不 是 那么 不 好 的 。",版,版,-0.6037400364875793,"版, 个, 下","-0.6037, -3.3890, -3.5179"
1437,每 <CL> 不 爱 舌吻 的 姑娘 都 是 因为 没有 遇上 真正 深爱 的 男人 陆琪,个,家,-2.384026527404785,"家, 个, 本","-2.3840, -2.5245, -2.6322"
1438,找 <CL> 女友 回家 过年 。,个,所,-2.3725812435150146,"所, 章, 等","-2.3726, -2.5507, -2.8818"
1439,"录制 番茄 春晚 的 当时 , 丝玛普 还 玩 了 抻面 的 呀 , 五 <CL> 人 玩 的 哈皮 极 了 。",个,个,-1.0524609088897705,"个, 分, 次","-1.0525, -1.7692, -3.0908"
1440,"做 了 <CL> 新 头发 , 喜欢",个,本,-2.1473991870880127,"本, 家, 个","-2.1474, -2.6769, -2.6997"
1441,"到 日本 两 天 了 , 分享 一些 见闻 , 1 住 的 前面 有所 小学 , 这么 冷 的 天 所有 小朋友 全 是 短裤 短 裙 , 一 <CL> 长袖 校服 , 没有 毛衣 , 更 别 说 棉袄 , 真 是 太 佩服 !",件,个,-1.4092172384262085,"个, 路, 般","-1.4092, -1.9366, -2.1809"
1442,貌似 是 人生 第一 <CL> 穿 牛仔裤 。,次,次,-0.617499053478241,"次, 个, 名","-0.6175, -2.3609, -2.9208"
1443,"唔 记得 带 手机 , 俾多 <CL> 你 电话 我 我 就 到 了",次,个,-1.6159230470657349,"个, 架, 次","-1.6159, -2.1412, -2.4296"
1444,"別 了 我 的 两 <CL> 宝贝 , 想 你们 。",个,个,-0.8478817343711853,"个, 条, 次","-0.8479, -2.4320, -2.9007"
1445,分享 音乐 <CL> 祝福 卓依婷,声,分,-1.3095022439956665,"分, 页, 回","-1.3095, -3.1536, -3.2923"
1446,把 它 从 一 楼 搬到 五 <CL> 累死 我 了 !,楼,楼,-0.27085375785827637,"楼, 层, 个","-0.2709, -2.5599, -3.3718"
1447,"那些 嘴里 说 着 怕 对方 伤心 所以 不 愿意 拒绝 的 人 , 根本 就 是 想 脚踏 两 <CL> 船 , 享受 被 人爱 的 滋味 。",条,步,-1.1589572429656982,"步, 层, 面","-1.1590, -2.3745, -2.7852"
1448,你 说 对 我 是 谁 我 凭 什么 要求 你 按照 我 嘅喃法 去 做 再 一 <CL> 心淡,次,次,-0.2221207171678543,"次, 遍, 个","-0.2221, -2.3511, -3.7588"
1449,"不管 哪 <CL> 说法 , 既然 是 关虎屯 , 和 老虎 肯定 是 脱 不 了 干系 的 。",种,个,-0.4397844970226288,"个, 家, 位","-0.4398, -1.5801, -3.0293"
1450,"老师 的 短篇 小说 已经 出 了 好几 <CL> 合集 了 没有 犯人 的 杀人 之 夜 , 交警 之 夜 , 怪笑 小说 ,",本,本,-0.3302340507507324,"本, 部, 篇","-0.3302, -2.1310, -3.1559"
1451,"岛 上 资源 丰富 , 植被 茂盛 , 并 有 四 <CL> 淡水 泉 。",眼,个,-1.0465705394744873,"个, 处, 季","-1.0466, -1.7389, -2.2828"
1452,"2012 赢 诺亚 方舟 船票 推荐 一 <CL> 不错 的 活动 迎 2012 年 , 有 奖 转发 赢取 海洋 航行者 号 5 天 4 晚 免费 船票",个,张,-1.1562037467956543,"张, 下, 般","-1.1562, -2.3115, -2.7288"
1453,"当 老爸 苦恼 着 穿 哪 <CL> 裤子 去 拜年 时 , 一旁 已经 被 问 得 不 耐烦 的 老妈 来 了 句 穿 你 妈 给 你 的 皮 。",条,个,-1.6205079555511475,"个, 套, 些","-1.6205, -1.6469, -2.4253"
1454,"自从 老爸 老妈 来 了 以后 , 我 家 的 绿色 植物 明显 长势 明显 好转 , 还 多 了 一 <CL> 水仙 , 老爸 老妈 好叻 。",盆,些,-0.7987516522407532,"些, 棵, 盆","-0.7988, -2.0961, -2.4429"
1455,"冰糖 银耳羹 , 去火 的 我 现在 的 伙食 待遇 和 孕妇 一 <CL> 标准 了",个,样,-0.018156876787543297,"样, 般, 起","-0.0182, -5.0243, -5.4260"
1456,做 了 一 <CL> 子 菜 就 为 吃 我 的 红油 卤水 牛肉粉 啊 !,桌,家,-2.5128767490386963,"家, 个, 本","-2.5129, -2.5686, -2.6918"
1457,"突然 想去 看 日出 很 想 去 感受 一下 日出 东方 无限 梦想 天马行空 的 感觉 , 一 <CL> 大 笨 鸟 冲上 云霄 , 与 云层 摩擦 发出 充满 力量 的 声音 , 踏上 直 奔 梦想 的 航道 我 是否 在 描述 飞机 呢 ?",架,种,-0.7433148622512817,"种, 个, 路","-0.7433, -1.5551, -2.4933"
1458,"附近 有 <CL> 二 逼 我 怀疑 不 是 发 神经 就 是 喝醉酒 , 大半夜 的 在 那 唱歌 , 还 跑调 , 喔 不 神 啊 , 救救 我 吧 , 让 我 睡觉 吧",个,本,-2.398113250732422,"本, 路, 所","-2.3981, -2.5960, -2.6995"
1459,"顺着 靴子 往 上 望去 , 一身 黑衣 , 衬 得 白 靴 更为 刺眼 , 手臂 中 还 高高 地 举 着 一 <CL> 马 鞭 , 只是 因为 老 驿卒 爬 起 得 快 , 这 一 鞭 才 没有 抽 下来 。",条,个,-1.1713550090789795,"个, 只, 把","-1.1714, -2.0549, -2.6345"
1460,"楼下 有 两 <CL> 野猫 在 叫春 , 有点 吓人 。",只,楼,-1.5348637104034424,"楼, 面, 个","-1.5349, -1.6254, -2.9339"
1461,想起 第一 <CL> 见 你 的 时候 已 被 深深 吸引 你 的 一举一动 你 的 一颦一笑,次,次,-1.1292593479156494,"次, 句, 集","-1.1293, -2.6292, -2.7422"
1462,"自从 离家 来 港 后 , 每逢 入夜 , 望 着 那 <CL> 静谧 地 亮 着 的 街灯 , 总会 想起 上海 家中 的 灯光 ... ...",盏,个,-1.4081699848175049,"个, 些, 张","-1.4082, -1.4915, -2.6198"
1463,今天 早上 被 一 <CL> 韭菜 饺子 打倒 了 !,个,次,-1.7360503673553467,"次, 家, 个","-1.7361, -2.4470, -2.5799"
1464,发表 了 帖子 各 <CL> 十 大 201112 赛季 NBA 十 大 中锋 !,类,位,-0.4855794608592987,"位, 种, 楼","-0.4856, -2.1398, -2.9672"
1465,"我 没有 多么 高尚 , 这个 世界 只有 自己 才 会 珍惜 自己 , 别人 的 假面 <CL> 言辞 都 是 他 妈 的 狗屁 , 我 要 让 自己 变 得 更加 强大 , 我 你 看 不 透",具,下,-0.4426720440387726,"下, 只, 对","-0.4427, -1.6000, -3.2340"
1466,铭记 心 又 完成 了 一 <CL> 市民 的 心愿 。,个,次,-1.2467045783996582,"次, 个, 篇","-1.2467, -1.6419, -2.2482"
1467,现在 吃 <CL> 早饭 好 难 啊,个,家,-2.0630271434783936,"家, 本, 个","-2.0630, -2.4792, -2.5285"
1468,谁 会 为 我 流 一 <CL> 眼泪 ?,滴,眼,-0.7738116383552551,"眼, 滴, 次","-0.7738, -1.9970, -2.3875"
1469,如果 再 洒 <CL> 桂花 在 上面 就 完美 了 。,些,点,-0.8265149593353271,"点, 些, 个","-0.8265, -1.4634, -2.3846"
1470,先 喝 <CL> 海鲜 汤解 解馋,个,面,-2.537550687789917,"面, 等, 家","-2.5376, -2.6315, -2.8017"
1471,休息 下 老公 买 了 两 <CL> 鸡腿,个,个,-1.0681565999984741,"个, 瓶, 件","-1.0682, -2.0320, -2.7283"
1472,"肆哲 周五 下班 手 捧 包子 在 落 小 雨 的 街 上 走 , 去 赴 一 <CL> 拼音 授课 , 看 起来 落寞 又 悲惨 , 心 里 却 觉得 生活 对 我 足够 好 。",趟,个,-2.0150465965270996,"个, 场, 家","-2.0150, -2.3337, -2.4713"
1473,这 一 刻 回想 了 下 过去 的 一 年 突然 好 感动 啊 经历 了 年 前 的 诸多 不 顺和 各 <CL> 挫折 终于 还是 笑 着 迎来 了 2012 家庭 和睦 最 重要 希望 来年 顺顺 利利 亲人 和 朋友们 都 身体 健康 事业 更上一层楼 努力 成为 农 商行 小开,种,种,-0.06932756304740906,"种, 位, 个","-0.0693, -3.1840, -4.4567"
1474,2 <CL> 触动 了 而已 。,次,分,-1.7410120964050293,"分, 个, 张","-1.7410, -2.7282, -2.8965"
1475,"第四一六 学 区 , 四一一八 <CL> 毕业 学员 终于 获得 最后 的 自由 。",届,章,-0.6114621162414551,"章, 分, 条","-0.6115, -2.9237, -3.2656"
1476,"在 一 <CL> 感情 中 比 控制 不 住 自己 情绪 更 可怕 的 事情 还 有 很 多 , 比如 彼此 失去 信任 。",段,部,-2.2757019996643066,"部, 家, 本","-2.2757, -2.3135, -2.4230"
1477,qq <CL> 208891444 希望 大家 能 家 哦 。,群,家,-2.827346086502075,"家, 个, 行","-2.8273, -2.9518, -3.0542"
1478,"已 进入 龙年 , 愿 今年 自己 和 家人 有 <CL> 好 身体 好 心情 好 空间 。",个,个,-0.24852114915847778,"个, 所, 份","-0.2485, -2.6279, -3.3884"
1479,"那些 年 , 我们 一起 追 的 女孩 为什么 那 一 <CL> 请 你 继续 喜欢 下去 没有 说出口咧 !",句,个,-0.7412446141242981,"个, 季, 代","-0.7412, -2.5983, -2.6132"
1480,"新 老师 头型 像 <CL> 老 太太 要是 心里 有 点 堵 , 那 就 上 山 打 老虎 !",个,头,-0.6614914536476135,"头, 个, 样","-0.6615, -1.9878, -2.9988"
1481,每 <CL> 喜欢 榴莲 的 人 你 都 伤 不 起 啊 !,个,家,-2.384026527404785,"家, 个, 本","-2.3840, -2.5245, -2.6322"
1482,"昨晚 做 了 <CL> 好 真实 的 梦 , 醒来 后 把 我 给 吓 得 啊",个,本,-1.3699421882629395,"本, 个, 对","-1.3699, -1.9418, -2.9901"
1483,"原谅 我 , 这样 一 <CL> 遥望 幸福 的 傻 女孩",个,个,-0.9500361680984497,"个, 样, 种","-0.9500, -2.7204, -2.8583"
1484,也 不 知道 会 是 哪 <CL> 店 。,个,个,-0.5353745222091675,"个, 家, 位","-0.5354, -2.0449, -2.0895"
1485,简直 是 一 <CL> 惩罚 !,种,个,-0.6516821384429932,"个, 种, 场","-0.6517, -2.4464, -3.5653"
1486,"尼玛 的 , 谁 在 骂 我 , 今天 打 了 十几 <CL> 喷嚏 了 。",个,个,-0.9882388710975647,"个, 次, 块","-0.9882, -1.4121, -3.1682"
1487,"世界 上 最 有 内涵 的 一 <CL> 图 对 , 又 是 凤姐 , 仔细 看图 找 亮点 !",张,个,-1.2696068286895752,"个, 些, 点","-1.2696, -2.3405, -2.4234"
1488,今年 过 年 去 老 公家 不 知道 冷 不 冷 心里 一直 有些 忐忑 这 可以 第一 <CL> 不 在 爸 妈 身边 过 年 有 总 有点 怪怪 的 感觉 !,次,次,-0.6730900406837463,"次, 个, 名","-0.6731, -2.2123, -3.2121"
1489,我 要 出去 吃 东西 啊 吃 东 西 邓米 花卷粉 泸州 白糕 泡菜 抄手 冷 <CL> 豆腐 鱼 如果 可以 的 话 也 吃吃 刨冰 吧 hiahia 还 有 神马 好吃 的,串,面,-0.32663410902023315,"面, 锅, 门","-0.3266, -2.0734, -3.2619"
1490,"现在 心 中 已经 有 <CL> 目标 , 靠 自己 , 我 行 的 。",个,个,-1.736100435256958,"个, 对, 种","-1.7361, -2.4831, -2.5441"
1491,"前 几 天 拍 的 Pika 这 <CL> 我 大 爱 啊 , 卡哇伊 !",张,张,-0.15353849530220032,"张, 个, 次","-0.1535, -2.6502, -4.2486"
1492,想 睡 <CL> 一 天 一 夜 了,个,起,-1.883671760559082,"起, 个, 种","-1.8837, -2.0408, -2.9492"
1493,"如果 一切 尽如人意 , 我 不 敢 想象 那 <CL> 未来 。",种,些,-0.8045881390571594,"些, 个, 种","-0.8046, -1.0445, -2.5219"
1494,"除夕夜 十二点 , 和 小学 同桌 初 中 同桌 发 小 迎 着 新年 首 <CL> 雪上 大龙山 烧 香 !",场,个,-1.3627525568008423,"个, 轮, 次","-1.3628, -2.0653, -2.1771"
1495,限制级 为 4 <CL> 的 大 片 白雪雪 清純 妹妹 直播 可怜 的 富家 小 姑娘 露露 公主 金钻鼠 王千 年 之 爱 大力士 麦当娜 相爱 的 人 啊 世界 大物 雕龙 记 无敌 降落伞 要员 双 雄 雅典娜 战争 女神 日照 重庆 80 后 奋斗 记 终极 挑战 国语 版 忽然 情人,级,级,-1.438961386680603,"级, 个, 次","-1.4390, -1.6542, -2.3513"
1496,原来 三 <CL> 月 了 。,个,本,-2.0154385566711426,"本, 个, 家","-2.0154, -2.0638, -2.7047"
1497,是否 壓力 太過 了 導致 莪嚴重 失眠 呢 請賜 予莪 一 <CL> 神仙 聖水,支,份,-1.1893306970596313,"份, 次, 段","-1.1893, -1.7699, -3.0151"
1498,我 在 这里 虹桥 机场 2 <CL> 航站楼 出发 回家 路上,号,号,-0.5129910707473755,"号, 楼, 层","-0.5130, -1.1339, -4.1844"
1499,"半夜 起来 喂奶 , 渐渐 习惯 了 这 <CL> 痛苦",种,种,-1.2631124258041382,"种, 个, 样","-1.2631, -1.3115, -2.1190"
1500,"新年 的 第一 <CL> 饭 , 我 的 杰作 !",桌,个,-1.4896985292434692,"个, 次, 波","-1.4897, -1.9670, -1.9708"
1501,"早起 的 鸟儿 有 虫 吃 , 虽然 出面 好 冻 同 好好 眼训 , 但 依然 返 去 拜年 , 拿 <CL> 好 彩头 啦 !",个,个,-2.3019323348999023,"个, 手, 回","-2.3019, -2.4003, -2.5558"
1502,"有 谁 可以 介绍 好看 的 电视剧 给 我 看 , 随便 那 <CL> 年代 !",个,个,-0.36784520745277405,"个, 些, 种","-0.3678, -2.0839, -2.6264"
1503,年货 新疆 特产 和 田 枣红枣 特级 500g 新疆枣 和 田 大 枣子 2 <CL> 包邮 批发 5488,件,个,-1.3902910947799683,"个, 盒, 包","-1.3903, -2.1882, -2.2099"
1504,"但 为 表明 此 <CL> 捐助 的 透明 程度 , 全程 一对一 , 捐款 直接 交付 刘挚斌 家属 , 汇款 也 请 直接 打入 刘挚斌 个人 帐号 。",次,处,-0.8655474185943604,"处, 点, 项","-0.8655, -1.4498, -2.7809"
1505,在 预计 2012 年 会 售出 的 800 万 <CL> EV 及 HEV 中 恐怕,辆,张,-1.8875833749771118,"张, 台, 部","-1.8876, -1.9810, -2.0510"
1506,"分别 的 时刻 终于 到 了 , 第一 <CL> 离开 的 朋友 祝你 前程似锦 。",个,次,-0.8530654907226562,"次, 个, 句","-0.8531, -1.6846, -2.7510"
1507,在 各 <CL> 瓶子 中间 看 西游记,种,位,-0.6044125556945801,"位, 家, 族","-0.6044, -2.7762, -3.1585"
1508,"针对 本 <CL> 调控 中备 受 影响 的 房地产业 , 央行 行长 周小川 日前 表示",轮,版,-0.9032219052314758,"版, 次, 类","-0.9032, -1.6004, -3.4174"
1509,他们 两 <CL> 各 方面 都 很 相似 !,个,个,-2.1409213542938232,"个, 家, 对","-2.1409, -2.7715, -2.9349"
1510,"算命 暗喜 因为 我 用 的 是 2012 <CL> 新浪 微博客 户端 , 周边 的 人 上面 有 你 的 样子 和 天翼 智能 手机 标识 !",版,版,-0.7583749294281006,"版, 号, 个","-0.7584, -2.3823, -2.8673"
1511,"农历 除夕 和 正月 初一 , 从 南国 椰岛 到 北部 边陲 , 从 东海 前哨 到 雪域 高原 , 全 军 和 武警 部队 精心 安排 官兵 节日 生活 , 确保 官兵 过 一 <CL> 欢乐 祥和 充实 而 有 意义 的 新春 佳节 。",个,个,-0.12918853759765625,"个, 份, 节","-0.1292, -3.7758, -3.9835"
1512,爱情 是 两 <CL> 人 相互 的,个,个,-0.8723932504653931,"个, 种, 段","-0.8724, -2.1439, -2.6301"
1513,一 <CL> 简单 的 创意 菜 鸡蛋 碰 石头 一 转眼 就 剩下 了 石头 。,道,部,-2.274672031402588,"部, 家, 本","-2.2747, -2.3137, -2.3768"
1514,总算 开始 了 快乐 大 本营 仔仔 新 天生 一 <CL> 仔仔 加油 永远 爱 你,对,个,-1.341554045677185,"个, 起, 次","-1.3416, -2.4911, -2.6662"
1515,给 你 喜欢 的 角色 穿上 你 现在 穿 的 衣服 谁 来 把 我 拖 出去 打死 OTL 我 不 想 活 了 谁 来 给 我 几 <CL> OTL,拳,个,-0.9893143773078918,"个, 张, 分","-0.9893, -2.3365, -2.4768"
1516,我 听 过 这 <CL> 专辑 MIKI 中谷美紀,张,个,-2.4529521465301514,"个, 家, 对","-2.4530, -2.4702, -2.9853"
1517,"可 刚才 一 听 到 妈妈 电话 , 才 说 几 <CL> 话 就 想 哭 了 。",句,句,-0.21650449931621552,"句, 声, 次","-0.2165, -2.3598, -3.4442"
1518,"我 在 这里 , 农家 草鸡 汤 , 老豆腐 , 坐 等 老板 自己 腌制 的 第一 <CL> 咸肉 我 在 这里 苏州市 吴中区",缸,道,-0.6770796179771423,"道, 手, 碗","-0.6771, -2.0785, -2.7257"
1519,"一早 陪 外婆 去 医院 开药 , 看到 一 <CL> 瘦小 的 婆婆 背 着 比 它 大 一 倍 的 老公 来 看 医生 !",个,个,-0.960902988910675,"个, 些, 家","-0.9609, -2.4622, -2.8749"
1520,花 了 70 <CL> 的 冤枉钱 。,块,个,-2.766864061355591,"个, 台, 等","-2.7669, -3.0284, -3.2058"
1521,"爱情 都 是 自私 的 , 有的 人 哪怕 爱情 已 成 陌路 , 也 不 愿 放 爱 一 <CL> 生路 。",条,个,-0.8208291530609131,"个, 段, 次","-0.8208, -2.3917, -2.8529"
1522,"哇 , 两 <CL> 波 丧命 对攻 , 打到 光芒 四 射 !",队,个,-2.175915241241455,"个, 台, 家","-2.1759, -2.5991, -2.7091"
1523,"可敬 可爱 的 李 老师 , 是 你 引 我 走 进 知识 宝库 的 大门 , 也 是 你 把 枯燥 的 数学 变成 了 甘甜 的 清泉 , 让 我 这 <CL> 幼苗 茁壮 成长 。",棵,个,-0.9539562463760376,"个, 位, 颗","-0.9540, -0.9945, -3.3600"
1524,"那样 很 烦 我 不 想 带 目的 的 去 接近 一 <CL> 人 对味 就 当好 朋友 一心一意 处 , 不 对味 话多 不 必 多 说",个,个,-0.4911206066608429,"个, 些, 下","-0.4911, -2.4660, -3.1050"
1525,", 我 投给 了 AYUMI 这 5 <CL> 选项 。",个,个,-0.6373468637466431,"个, 张, 条","-0.6373, -2.9519, -3.1404"
1526,看来 我 不 能 不 吃早饭 10 <CL> 水饺 下肚 好 满足 KISS,个,餐,-1.9817019701004028,"餐, 点, 个","-1.9817, -2.8958, -2.9247"
1527,起 了 <CL> 大早 赶 火车,个,个,-2.146268844604492,"个, 起, 家","-2.1463, -2.8629, -2.9043"
1528,"天 冷 的 时候 , 去 看 一 <CL> 英伦 的 房子 。",所,下,-0.23420482873916626,"下, 趟, 个","-0.2342, -2.6077, -3.6405"
1529,"集团 客户 部 有 美女 以前 从来 没 见 过 诶 , 看来 时 不时 的 还是 要 到 6 <CL> 晃荡 晃荡 !",楼,点,-0.7432502508163452,"点, 楼, 号","-0.7433, -1.2000, -3.0656"
1530,"幸好 找 老公 单位 安排 了 一 <CL> 迪拜 办事处 的 宿舍 , 解决 了 大 问题 。",间,个,-1.3498575687408447,"个, 家, 本","-1.3499, -2.2097, -3.1957"
1531,这 <CL> 的 明信片 统一 是 新年 祝词 了 啊哈,批,部,-2.2652926445007324,"部, 家, 本","-2.2653, -2.3092, -2.4152"
1532,"孩子 就 是 <CL> 入侵者 , 先 是 入侵 身体 , 后来 是 入侵 生活 !",个,家,-1.443933367729187,"家, 个, 对","-1.4439, -1.5261, -2.7554"
1533,"所 认啊 , 喝 酒 这 <CL> 事儿 , 跟 工作 和 学习 是 一样 一样 地 。",档子,个,-0.46898123621940613,"个, 些, 位","-0.4690, -2.2953, -2.9118"
1534,"对 此 , 相关 债权人 表示 质疑 , 认为 这 是 一 <CL> 骗局 。",场,种,-1.2545139789581299,"种, 个, 项","-1.2545, -1.8065, -2.1850"
1535,尼玛 的 我 只 坐 到 过 火车站 你 给 我 来 <CL> 中山 北路,个,回,-0.9933246374130249,"回, 个, 下","-0.9933, -1.4839, -2.5199"
1536,三 <CL> 女人 饿疯 了 。,个,部,-2.268050193786621,"部, 家, 本","-2.2681, -2.3103, -2.3948"
1537,回家 就 是 吃吃喝喝 rz 明天 还 得 跟 我 爹 一 <CL> 吃 饭 愁 死 了 。,起,起,-0.11310141533613205,"起, 样, 块","-0.1131, -3.2576, -3.5344"
1538,限制级 为 4 <CL> 的 大片 http t cn SaaXSy 疯狂 的 赛车 请 你 原谅 我 情书 我 相信 甜蜜 的 生活 相亲齐 上阵 幸福 不 拒绝 眼泪 哈 皮 父子 山楂树 之恋 双子 神偷 疯狂 的 背后 北非 海岸 的 火焰 真 假 医生 毛毛 的 故事 罗马 帝国 沦亡 录 Badboy 特 攻,级,级,-1.438961386680603,"级, 个, 次","-1.4390, -1.6542, -2.3513"
1539,老婆 其实 还 有 很多 话 要 说 却 一时 忘记 要 说 了 只有 默默 的 看 着 你 再 见 老婆 我 会 想 你 的 一 <CL> 月 后 见,个,个,-1.6320910453796387,"个, 起, 辈","-1.6321, -2.4198, -2.5902"
1540,"我 隐隐约约 听见 表哥 和 徐 媚 在 客厅 里 说 着 什么 , 接着 似乎 争吵 了 起来 , 我 挣扎 着 想 爬 起来 , 却 一 <CL> 又 栽 在 了 床 上 。",头,阵,-1.1236495971679688,"阵, 个, 声","-1.1236, -2.2563, -2.5225"
1541,看看 这 <CL> 混血儿 混美 可 不 可 爱 啊 !,只,部,-1.7957971096038818,"部, 些, 等","-1.7958, -2.4473, -2.7666"
1542,"一 <CL> 眼睛 打动 , 中国 输 了 。",局,部,-2.274672031402588,"部, 家, 本","-2.2747, -2.3137, -2.3768"
1543,我们 三 <CL> 的 家当 这个 钱 蛮 好看 。,个,个,-0.10459425300359726,"个, 位, 口","-0.1046, -3.5442, -4.0966"
1544,爸爸 怕 料 不 够 问 那 大叔 说 一 <CL> 料 能 给 它们 吃 多久 ?,包,下,-0.9758622646331787,"下, 句, 个","-0.9759, -1.4525, -2.4726"
1545,"我 只 想 做 一 <CL> 有 主见 的 女生 , 有 着 普通 的 外表 和 淡定 的 灵魂 。",个,个,-0.576423704624176,"个, 些, 件","-0.5764, -3.0036, -3.0039"
1546,"我 的 简介 改为 怂月 一 <CL> 岩扉松 径 长 寂寥 , 惟有幽人 自来 去 。",枚,号,-0.14542509615421295,"号, 起, 次","-0.1454, -3.9391, -4.1880"
1547,"韩国 经典 恐怖 电影人 形师 The Doll Master 2004 沈亨泽金 有 美林 恩京 五 <CL> 模特 受到 美术馆 馆长 邀请 来到 位于 森林 的 美术馆 , 这个 美术馆 收藏 和 制作人 偶",位,世,-2.1660196781158447,"世, 位, 代","-2.1660, -2.3294, -2.4796"
1548,"今日 士嘉堡 东区 Malvern Town Centre 的 一 <CL> 理发店 内 遭 枪击 , 已 无 生命 迹象 , 警方 正在 寻找 疑犯 。",间,个,-0.5207887887954712,"个, 部, 段","-0.5208, -1.9306, -3.1207"
1549,父母 永远 喜欢 凌驾于 子女 头 上 摆出 一 <CL> 高高 在 上 神圣 不 可 侵犯 的 姿态 。,副,个,-1.2272847890853882,"个, 副, 张","-1.2273, -2.0661, -2.5492"
1550,我 才 买 了 <CL> 红衣吖 !,件,个,-1.706688642501831,"个, 台, 本","-1.7067, -2.7566, -2.9065"
1551,"今晚 我 在 丈母娘 家 里 偷 了 一 <CL> 旺仔 牛奶 , 我 想 去 打麻 将 就 可以 拿 出来 喝 , 没 人 看到 我 就 拿 起来 塞进 衣袋 把 拉链 拉上 !",罐,件,-1.5472967624664307,"件, 个, 套","-1.5473, -2.3345, -2.5837"
1552,"昨晚 做 了 <CL> 让 我 无颜 以 对 梦 , 梦中 的 我 竟然 对 怀中 的 他 说 我 好 怕 死 , 如果 我 死 了 , 你 会 陪 我 一起 吗 ?",个,本,-1.3699421882629395,"本, 个, 对","-1.3699, -1.9418, -2.9901"
1553,下 <CL> 的 酒 在 龙年,次,部,-2.257434129714966,"部, 家, 本","-2.2574, -2.3107, -2.4347"
1554,"测测 能 代表 你 2012 运势 的 字 掐指一算 , 测 出来 是萌 , 解读 为 瞬间 勾萌 , 万千 宠爱 于 一身 , 一 <CL> 受宠 。",世,个,-1.3315978050231934,"个, 张, 起","-1.3316, -2.7419, -2.8110"
1555,我 就 是 一 <CL> 白痴 。,个,本,-1.7237820625305176,"本, 家, 个","-1.7238, -2.1064, -2.6095"
1556,"我 竟然 是 最后 一 <CL> 离开 公司 的 人 , 要 不 要 这样 敬业 啊 , 关 电脑 关灯 关门 , 明年 见 啦 福 到 啦 招财",个,个,-1.898604393005371,"个, 次, 家","-1.8986, -2.8110, -3.0232"
1557,是 一 <CL> 以 雄险 的 山景 为 主体 特色 并 具有 一定 历史 文化 内涵 的 山岳型 国家级 风景 名胜区 。,处,家,-2.4843943119049072,"家, 所, 行","-2.4844, -2.8718, -3.1814"
1558,"外婆 终于 可以 睡 <CL> 好 觉 了 粑粑 还 是 睡 的 那么 香 , 任凭 宝宝 哭 得 再 响 都 听 不 到 。",个,个,-1.9918779134750366,"个, 家, 次","-1.9919, -2.0601, -2.3349"
1559,"壮观 看 中国 10 大 地标 建筑 水 立方 不仅 是 一 <CL> 优美 和 复杂 的 建筑 , 她 还 能 激发 人们 的 灵感 和 热情 , 丰富 人们 的 生活 , 为 人们 提供 记忆 的 载体 。",幢,个,-0.274999737739563,"个, 座, 种","-0.2750, -2.2877, -3.3623"
1560,水 为 财 一 <CL> 水 鱼 从化 来,班,分,-1.5214345455169678,"分, 般, 行","-1.5214, -2.5297, -2.6930"
1561,"祝福 你 , 愿 你 有 <CL> 安详 的 晚年 。",个,个,-0.9902597665786743,"个, 家, 份","-0.9903, -1.9822, -2.7256"
1562,发表 了 博文 死亡 真相 死亡 真相 死后 是否 会 到 另 一 <CL> 世界 继续 生存 ?,个,个,-0.38786861300468445,"个, 种, 位","-0.3879, -3.0999, -3.4286"
1563,失眠 啊 完全 没有 睡意 肿么 办 各 <CL> 听 没 效果 干瞪眼 儿 中,种,位,-0.669876217842102,"位, 种, 个","-0.6699, -0.8083, -3.5612"
1564,今日 一 <CL> 人 去 细 姨屋 企玩 !,家,本,-0.7848784923553467,"本, 个, 下","-0.7849, -2.9949, -3.5012"
1565,"如果 可以 拥有 一 <CL> 特异 功能 , 我 想 要 瞬间 转移",项,个,-1.6440995931625366,"个, 所, 本","-1.6441, -2.9257, -2.9510"
1566,跟 着 我 的 三 <CL> 女人 媳妇 闺女 和 丈母娘 一起 过 大年 。,个,个,-1.4547863006591797,"个, 步, 分","-1.4548, -2.7402, -3.0502"
1567,"在 一 <CL> 上升 的 趋势 中 , 你 选择 做 多 , 正确 的 几率 会 很 大 , 失败 的 几 率 却 很 低 。",波,部,-2.2757019996643066,"部, 家, 本","-2.2757, -2.3135, -2.4230"
1568,"谁 来 一 <CL> 打晕 我 , 这样 明天 就 不 用 上班 啦",拳,杯,-1.3809187412261963,"杯, 个, 起","-1.3809, -1.6100, -2.3995"
1569,"表面 相敬如宾 , 暗地 互 称 傻逼 这 是 一 <CL> 什么 境界 ?",种,个,-1.2298589944839478,"个, 种, 部","-1.2299, -1.9977, -2.1734"
1570,"国际 影星 汤唯 受邀 赴 台 担任 台北 电影节 颁奖人 , 7 月 9 日 她 出席 主演 的 电影 晚秋 记者会 , 再度 被 问及 那 一 <CL> 长 达 5 分钟 的 吻戏 时 , 汤唯 忆起 拍摄 过程 , 直言玄彬 很 害羞 。",幕,个,-1.687865972518921,"个, 部, 次","-1.6879, -1.9550, -2.3258"
1571,"鞭炮声 阻挡 不 了 我 的 事业 , 一 觉 睡 了 十七 <CL> 小时 , 新 纪录 啊",个,分,-0.6698304414749146,"分, 点, 个","-0.6698, -1.8602, -2.0425"
1572,"公司 5 <CL> 蔓延 着 很 诡异 , 危机感 浓烈 的 气氛 。",楼,家,-1.4522438049316406,"家, 个, 分","-1.4522, -1.7764, -2.7420"
1573,"快 过年 了 , 打算 在 网 上 买 我 鬼妞 的 一 <CL> 书 , 好好 犒劳 下 自己 , 因为 我们 这 木 有 卖妞 的 东西",本,套,-1.4008910655975342,"套, 件, 些","-1.4009, -1.5343, -2.3236"
1574,"一 <CL> 带毛 的 大痣长 那里 , 就 知道 传 是非 , 挑拨 离间 。",颗,部,-2.274672031402588,"部, 家, 本","-2.2747, -2.3137, -2.3768"
1575,复习 概率 的 孩子 看到 亨利 站 在 温布利 球场 重新 穿上 阿森纳 的 队服 心底 就 是 一 <CL> 莫名 的 感动 啊 welcome home henry,阵,种,-0.7924948334693909,"种, 个, 阵","-0.7925, -1.7066, -2.3416"
1576,看 你 曾经 看 过 无数 <CL> 的 风景 。,遍,次,-0.1365928053855896,"次, 个, 眼","-0.1366, -2.6252, -4.7854"
1577,"下文 男生 对 昨夜 球场 摆酷 , 看见 恐龙 撞 树 , 恐怖 恐怖 , 可怜 那 <CL> 小 树 !",棵,个,-0.5398141145706177,"个, 位, 些","-0.5398, -2.0999, -3.4308"
1578,我 在 爱奇艺 高清 看 了 铠甲 勇士 刑天 第 60 <CL> 最后 的 战役 分享 自,集,集,-0.04993775114417076,"集, 季, 章","-0.0499, -3.8183, -4.3922"
1579,"发表 了 博文 播阳镇 人民 政府 助纣为虐 见证 地方 邪恶 势力 以 有碍 风水 强拆 的 合法性 播阳镇 人民 政府 助纣为虐 见证 地方 邪恶 势力 以 有碍 风水 强拆 的 合法性 今天 早上 上网 , 映入 眼帘 的 第一 <CL> 新闻 就 是 村委",则,张,-1.2362356185913086,"张, 页, 个","-1.2362, -1.9036, -2.4218"
1580,"不 是么 , 一 <CL> 的 梨花带 雨 , 一 宿宿 的 夜不成眠 , 以及 所有 的 惆怅 迷茫 , 困惑 忧伤 , 狠狠 的 冲刷 着 我 的 内心 , 最终 现出 梦想 的 俊朗 模样 , 留 这 更 坚实 的 部分 陪 我 颠沛流离 , 斩 获 希望 。",次,家,-2.8106279373168945,"家, 本, 个","-2.8106, -2.8854, -3.0597"
1581,执 着 这 两 <CL> 字 有 这么 难 吗,个,个,-0.9620838165283203,"个, 句, 件","-0.9621, -2.2204, -2.4455"
1582,施华洛世奇 旋转 水滴 批发 60203800 元 近期 售出 2 <CL> 地址,件,件,-1.13958740234375,"件, 个, 张","-1.1396, -1.4938, -3.0608"
1583,"一 <CL> 狼籍 , 一边 收拾 一边呕",片,部,-2.274672031402588,"部, 家, 本","-2.2747, -2.3137, -2.3768"
1584,"如果 我 是 導演 , 跳兩 <CL> 就夠 了 中時 20120113",次,次,-1.25980544090271,"次, 下, 段","-1.2598, -1.3995, -1.7554"
1585,"脑海 转瞬 即逝 学时 嬉戏 雪地 画面 让 心生 一 <CL> 波澜 , 但 很 快 回复 平静 。",季,种,-1.3227291107177734,"种, 个, 片","-1.3227, -1.9853, -2.0572"
1586,"哈哈 , 刚才 做 了 一 <CL> 52 心理 年龄 测试 , 发现 我 的 心理 年龄 27 岁 , 与 我 的 实际 年龄 相差 5 岁 。",次,个,-1.2132775783538818,"个, 次, 下","-1.2133, -1.8908, -2.1740"
1587,上传 了 1 <CL> 照片 到 相册 我们 仨,张,本,-1.494774580001831,"本, 个, 下","-1.4948, -2.3748, -2.9671"
1588,如果 有幸 我 想 嫁给 一 <CL> 会 照相 的 人 他 不 一定 是 摄影师 但是 在 他 眼 里 我 是 最 美 的 风景 。,个,个,-0.17650099098682404,"个, 位, 名","-0.1765, -2.1681, -4.7202"
1589,爆潮 VANS ERA 海蓝 浅蓝 配色 显 的 超级 清爽 干净 HF 钢印 大 底 尺码 37 <CL> 内 长 235 特价 298 样品 鞋,码,码,-1.7048369646072388,"码, 号, 个","-1.7048, -1.7829, -2.8890"
1590,你们 还 有 几 <CL> 草莓 啊 ?,锅,些,-1.9594027996063232,"些, 本, 个","-1.9594, -2.5076, -2.7353"
1591,昨晚 做 了 一 <CL> 奇怪 的 梦但 景色 狠 美 。,个,本,-1.47184419631958,"本, 个, 对","-1.4718, -1.7212, -3.2917"
1592,"怕 我 爱 的 人 不 出现 , 出现 的 人 不 喜欢 , 又 不 愿 改变 对 爱 的 执着 , 静静 地 等待 着 那 <CL> 天荒地老 。",份,个,-0.8786211609840393,"个, 些, 份","-0.8786, -1.4563, -1.6606"
1593,我 竟然 被 <CL> 惊心 感动 的 哭哭啼啼 !,步,套,-2.6349785327911377,"套, 发, 封","-2.6350, -2.6739, -2.9117"
1594,怎么 感觉 在 说 某 <CL> 学院 ?,间,个,-1.2649061679840088,"个, 种, 位","-1.2649, -1.4260, -2.3877"
1595,"我 哥们 说 他们 全家 在 攒钱 买 骨灰盒 和 坟地 , 想 活 这 住 得 憋许 , 死 了 弄 <CL> 宽敞 的 盒子 和 坟地 , 也 装会爷 。",个,个,-0.4325665235519409,"个, 些, 点","-0.4326, -2.6292, -3.5978"
1596,闻到 那 <CL> 酒味 真心 喝 不 下去 !,股,次,-1.9394452571868896,"次, 个, 道","-1.9394, -2.6089, -2.6688"
1597,"吃 咖啡 额宁 年年 要 闻 着 那 <CL> 刺鼻 的 大蒜 味儿 , 痛苦 得来 一 天 世界 !",股,些,-1.0671255588531494,"些, 股, 种","-1.0671, -1.6028, -2.1000"
1598,"迪斯尼 的 一旦 里面 有 缺货 的 , 给 我 一 <CL> 25 off 的 code , 又 来 诱惑 我",个,个,-0.7211706042289734,"个, 张, 些","-0.7212, -3.1483, -3.2891"
1599,ZARA 进门 就 是 两 <CL> 穿 了 打折 的 模特 哈哈,排,个,-1.397301197052002,"个, 条, 张","-1.3973, -1.7785, -1.8553"
1600,知 不 知道 是 什么 棉花糖 啊 物 <CL> 去,块,种,-1.7972660064697266,"种, 等, 发","-1.7973, -2.4431, -2.5807"
1601,明天 上 完 最后 一 <CL> 班 !,个,本,-2.0277397632598877,"本, 个, 下","-2.0277, -2.4155, -2.7766"
1602,", 我 投给 了 金贤 重 这 3 <CL> 选项 。",个,位,-0.9264289140701294,"位, 个, 名","-0.9264, -1.1532, -2.5946"
1603,", 我 投给 了 文科 给力 这 1 <CL> 选项 。",个,个,-0.8191472291946411,"个, 名, 位","-0.8191, -2.3160, -3.0042"
1604,"江西 九江 龙 凤 胎 一 死 一 伤 1 月 10 日 , 都 昌 周溪镇 家家福 超市 门 前 摆放 着 一 <CL> 男婴 尸体 , 身边 是 圣元 优 博 奶粉 。",具,辆,-1.1354464292526245,"辆, 起, 批","-1.1354, -1.9165, -2.8283"
1605,"小 废物 于 大 废物 没有 分开 , 只是 她们 去 了 另外 一 <CL> 空间 。",个,个,-0.9077968001365662,"个, 家, 处","-0.9078, -1.9134, -2.0019"
1606,"我 今天 从 龙湖 西苑 走路 到 软件园 , 那 不 是 一般 两 <CL> 的 远 。",般,个,-1.229703664779663,"个, 次, 条","-1.2297, -1.9353, -2.6545"
1607,2012 春运 我 觉得 28 <CL> 放票 就 该 实名制 怎么 就 不 怕 垄断 老百姓 就 不 怕 买 不 到 票 了,号,个,-1.0440937280654907,"个, 号, 分","-1.0441, -2.0652, -2.2656"
1608,推荐 一 <CL> 纯 音乐 风 居住 的 街道 风住街,曲,下,-2.142423391342163,"下, 般, 家","-2.1424, -2.3179, -2.3705"
1609,今 个儿 终于 睡 了 <CL> 懒觉 。,个,个,-1.1401647329330444,"个, 起, 些","-1.1402, -2.7239, -3.2843"
1610,对 说亲 你 加 我们 QQ 群 一起 玩 你 画 我 猜 我们 需要 你 这 <CL> 高 玩 !,位,个,-0.6501983404159546,"个, 样, 些","-0.6502, -1.5724, -2.8366"
1611,逗 馒头 大 笑 秘笈 1 做 鬼 脸 2 <CL> 怪声 3 做 鬼 脸 加发 怪声 。,发,个,-2.5143778324127197,"个, 张, 下","-2.5144, -2.5324, -2.7843"
1612,"南方 周末 在 哈佛 谈 辛亥 辛亥 革命 100 周年 , 正 值 哈佛 建校 375 年 纪念 , 哈佛 大学 一 周 之内 连续 举办 了 两 <CL> 有关 辛亥 革命 的 研讨会 。",场,次,-0.5392698049545288,"次, 场, 届","-0.5393, -1.7040, -1.8498"
1613,", 我 投给 了 王珞丹 据说 开场 舞 这 1 <CL> 选项 。",个,个,-1.4052884578704834,"个, 首, 张","-1.4053, -2.3662, -2.7087"
1614,"在 我 生日 这 一 天 替 你 许 <CL> 愿 , 祝 你 有 风 无 浪 你 懂 的 !",个,下,-0.07022219896316528,"下, 声, 道","-0.0702, -4.4428, -4.5631"
1615,iPhone 4S 今日 开售 看 着 那些 排队 去 买 4 s 的 人 真的 跟 穷 二 <CL> 没什么 两样,代,代,-2.0631844997406006,"代, 家, 楼","-2.0632, -2.5415, -2.8191"
1616,"成 一 <CL> 人物 小品 , 款 为 诸法无相 , 能 除 一切 苦 。",张,本,-2.541592597961426,"本, 个, 行","-2.5416, -2.6757, -2.6944"
1617,下午 三节 课 两 <CL> 课 看 电影 哈哈,节,节,-1.0406110286712646,"节, 个, 下","-1.0406, -1.2170, -2.8633"
1618,"想到 我 八月 了 的 大 熱天 下午 三點 去 拿 花 , 三 <CL> 去 仟吉領 蛋糕 , 自己 選半天 的 香水 和 裙子 , 為除 了 我 媽以外 的 人 策划 半個月 的 生日 。",次,分,-1.1802268028259277,"分, 点, 餐","-1.1802, -2.5206, -2.7258"
1619,U <CL> 坏 左 啊 。,盘,家,-2.93579363822937,"家, 所, 下","-2.9358, -3.0380, -3.0860"
1620,"一 脸 错愕 的 司机 和 一 <CL> 你 看 我 干嘛 的 我 对视 了 良久 , 我 才 啊啊 啊啊 啊 莫 不 是 天 太 冷 把 脑子 冻坏 了",脸,家,-2.427213430404663,"家, 起, 个","-2.4272, -2.6503, -2.8479"
1621,颠沛流离 两 <CL> 半 小时 终于 从 虎门 回到 南城,个,头,-2.1003966331481934,"头, 次, 眼","-2.1004, -2.2004, -2.3023"
1622,"总局 不 让 拍 穿 越剧 , 这 春晚 就 弄 出来 一 <CL> 批判 穿越 的",个,个,-0.6863071322441101,"个, 套, 部","-0.6863, -2.0483, -2.0557"
1623,"想到 那些 成绩 优秀 的 , 比 自己 强 的 都 是 从 小 生活 在 音乐 的 环境 里 , 我 的 童年 却 是 八 <CL> 环书 , 所谓 的 知识 的 海洋 。",面,个,-0.7047327756881714,"个, 分, 点","-0.7047, -2.1733, -2.5788"
1624,"跟 聊 了 3 <CL> 小时 的 电话 , 从 高中 认识 聊 到 现在 的 生活 , 能 跟 你 一起 走 过 , 笑 过 , 哭过 的 朋友 真的 不 多 珍惜 所有 我爱 的 你们",个,次,-0.21535803377628326,"次, 回, 篇","-0.2154, -3.4759, -3.7956"
1625,"4 刘禅 的 经历 告诉 我们 富 二 <CL> 自己 没有 本事 , 即使 有 再 牛 的 职业 经理人 也 难免 被 兼并 的 命运 。",代,代,-0.0010041866917163134,"代, 路, 辈","-0.0010, -9.3673, -9.4283"
1626,三 <CL> 奖 出现,等,部,-2.268049955368042,"部, 家, 本","-2.2680, -2.3103, -2.3948"
1627,"拉倒 , 一 <CL> 人 怎么 做 !",个,下,-1.250739336013794,"下, 次, 把","-1.2507, -1.6972, -2.2674"
1628,成 <CL> 巡逻队 甘,个,本,-2.48648738861084,"本, 个, 行","-2.4865, -2.7312, -3.0215"
1629,就 这个 灰机 让 我 等 了 十五 <CL> 小时,个,分,-0.22935278713703156,"分, 个, 次","-0.2294, -2.2150, -3.4356"
1630,"春运 期间 数十亿 <CL> 的 流动 , 怎么 弄 也 运 不 完 。",人次,个,-1.6256461143493652,"个, 次, 名","-1.6256, -2.0683, -2.2706"
1631,只 係饮 左 一 <CL> 块面 就 红 到 马骝屎 忽咁 打工 的 孩子 伤 不 起 呀,罐,杯,-1.2234169244766235,"杯, 瓶, 碗","-1.2234, -2.3802, -2.6529"
1632,"每 <CL> 月 总 有 那么 几 天 心情 不 好 , 别 惹 我",个,家,-2.384026527404785,"家, 个, 本","-2.3840, -2.5245, -2.6322"
1633,上传 了 15 <CL> 照片 到 相册 高高 高丽棒,张,本,-1.7934257984161377,"本, 个, 片","-1.7934, -2.4193, -2.6308"
1634,"今天 一 <CL> 男 的 问 我 要 照片 , 我 多 羞涩 的 给 他 说 我 长 得 太 丑 了 , 冒 得 勇气 照相 啊 。",个,本,-1.2988221645355225,"本, 下, 家","-1.2988, -2.6660, -2.6910"
1635,"一 夜 醒来 , 满 眼 银装素裹 , 白色 雪 下 , 一 <CL> 红 花 含苞 待放",枝,片,-1.246073603630066,"片, 个, 阵","-1.2461, -1.7862, -2.9410"
1636,坤記 果然 無改錯 <CL> 明顯 是 人 的,名,版,-1.769775629043579,"版, 下, 本","-1.7698, -2.5406, -2.7207"
1637,本 想 来 <CL> 优雅 淡定 的 旅途 的 。,个,本,-0.2445487529039383,"本, 个, 则","-0.2445, -3.2788, -4.7091"
1638,十二 星座 隐藏 最 深 的 一 <CL> 白羊座 很 居家 金牛座 耍心眼 双 子座 默默 落泪 巨蟹座 超级 冒险 家 狮子座 装傻 处 女座 花心 好色 天秤座 小气 鬼 兼 007 天蝎座 常 被 骗 射手座 原则 不 改 摩羯座 浪漫 多情 水瓶座 低调 双 鱼座 理性 的 工作狂 点 开大 图 更 精彩,面,点,-1.0448534488677979,"点, 个, 颗","-1.0449, -1.4967, -2.2820"
1639,"寒潭 锦鲤 , 始终 热爱 这 <CL> 清冽 深潭 独自 游弋 的 小 鱼 。",尾,个,-1.0772560834884644,"个, 种, 些","-1.0773, -2.1895, -2.2372"
1640,"真 幸福 , 跟 弟弟 去扫 了 些 吃 的 , 哈哈哈 那 是 一 <CL> 劲儿 的 高兴 啊 !",个,个,-1.3037153482437134,"个, 家, 次","-1.3037, -1.7997, -3.0378"
1641,"原来 跟 超市 收银员 , 差头 司机 这些 不 认识 的 人 说 新年 快乐 是 <CL> 很 快乐 的 事 啊 !",件,个,-1.102325201034546,"个, 对, 只","-1.1023, -1.1257, -2.5369"
1642,镜中 张枣 只要 想起 一 生 中 后悔 的 事 梅花 便落 了 下来 比如 看 她 游泳 到 河 的 另 一 岸 比如 登上 一 <CL> 松木 梯子 危险 的 事 固然 美丽 不如 看 她 骑 马 归来 面颊 温暖 羞涩 。,株,座,-0.7429635524749756,"座, 艘, 个","-0.7430, -1.8217, -2.0189"
1643,我 一定 是 傻 了 玩 这么 <CL> 毫 无 营养 的 游戏 玩 到 现在 都 这么 晚 了 赶紧 睡觉 去,个,样,-1.6322195529937744,"样, 个, 下","-1.6322, -2.1755, -2.6854"
1644,"乔布斯 表示 不 甘 示弱 视频 比尔盖茨 向 我国 人民 拜年 恭贺 新 禧 新春 之 际 , 微软 创始人 比尔盖茨 也 不 忘 向 中国 人民 恭贺 新禧 , 道 一 <CL> 春节 快乐 。",声,声,-0.47709545493125916,"声, 句, 个","-0.4771, -2.3632, -2.6103"
1645,"对 鞋 湿嗮 , 浸嗮 水 , 今日仲 提前 买佐 <CL> 饭 返工 , 返 到 餐厅 换 完衫 , 跟 着 就 俾人 cut 佐班 。",个,名,-2.6667966842651367,"名, 本, 面","-2.6668, -3.1166, -3.1656"
1646,"又 是 一 <CL> 闪电 , 将 眼 前 的 树林 照 得 如 白昼 , 赵辰 的 心 跳动 得 如 叶尖 急速 滴落 的 雨点 一样 快 。",道,次,-2.5934860706329346,"次, 个, 所","-2.5935, -2.7720, -2.8439"
1647,只有 我 和 白薯 二 <CL> 人 。,个,位,-1.6276451349258423,"位, 代, 手","-1.6276, -2.3964, -2.4808"
1648,"昨儿 和 LG 去 血 拼 了 一下 , 哈哈 收获 木 老老滴有哇 , 给 我 从 内 到 外 都 买 新 得 了 , 哈哈 , 不过 可 怜 <CL> LG 大大 的 出血 呀",滴,家,-2.064478635787964,"家, 下, 点","-2.0645, -2.3098, -2.6415"
1649,"同 看 那些 年 , 我 們一起 追 的 女孩 雖然 我們 很 失望 , 因為 把 好看 的 三 <CL> 鐘刪 了 但 我 們懷 著 好看 的 心情 去 看 的 。",分,部,-0.8888720273971558,"部, 集, 本","-0.8889, -1.8872, -1.9920"
1650,"我 参与 了 发起 的 投票 你 希望 龙俊亨 和 具荷拉 在一起 吗 , 我 投给 了 只要 龙 喜欢 这 1 <CL> 选项 。",个,个,-0.9440462589263916,"个, 张, 位","-0.9440, -1.5916, -2.6589"
1651,"大家 都 写 字 画画 的 , 偶 就 来 放 <CL> 孔明 灯 吧 !",个,点,-0.9045161008834839,"点, 个, 些","-0.9045, -1.4904, -2.2706"
1652,讨厌 这 <CL> 不 下雨 地上 还 湿湿 的 天气 。,种,个,-1.0827014446258545,"个, 样, 些","-1.0827, -1.7283, -2.2519"
1653,"某 人 用完 我 手机 后 , 我 QQ 头像 变成 一 <CL> 奶牛 和 一 草原 了",头,个,-0.35395166277885437,"个, 张, 种","-0.3540, -1.7824, -3.9719"
1654,"大半夜 的 竟然 还 有 很多 加 V 的 的 童鞋们 没有 睡觉 大部分 还 是 官方 微博 真的 很 想 问 一 <CL> 亲 大半夜 的 加班 , 有 3 倍 工资么 ?",句,下,-0.18862852454185486,"下, 个, 句","-0.1886, -2.6605, -3.0393"
1655,这里 向 您 推荐 一 <CL> 隐藏 餐厅 的 设计 方案 。,个,本,-2.4970266819000244,"本, 个, 家","-2.4970, -2.7561, -2.8694"
1656,烦 得 一 <CL> CNM,笔,个,-1.9524537324905396,"个, 家, 等","-1.9525, -2.3179, -3.0133"
1657,"第一 <CL> 专门 录视频 , 讲 得 自己 都 没有 信心 了 。",次,家,-2.239959716796875,"家, 部, 本","-2.2400, -2.2920, -2.4738"
1658,最后 一 <CL> 班会 。,个,家,-2.6971869468688965,"家, 本, 部","-2.6972, -2.7776, -3.2487"
1659,明天 要 知道 语文 成绩 了 怎么 办 一 想到 改卷 老师 会 耻笑 我 的 作文 水平 是 如此 低下 我 就 想 滚 地 明天 会 不 会 被 肥强 和 思娟 骂 <CL> 狗血淋头 呢 但 愿 不 会 吧 求全 级 前 50,个,个,-0.9500406980514526,"个, 下, 脸","-0.9500, -2.5823, -2.8945"
1660,"下班 前 在 58 上 发 了 一 <CL> 雷 人 的 招聘 , 结果 奇迹般 在 回家 的 路 上 就 接到 面试者 的 电话 问 应聘 邮箱 。",则,发,-1.9506850242614746,"发, 个, 间","-1.9507, -2.2778, -3.0072"
1661,"在 睡觉 的 时候 来 <CL> 电话 , 你 想 怎样 。",个,回,-1.1328437328338623,"回, 下, 起","-1.1328, -2.1212, -2.1555"
1662,"妈 的 真想 换 <CL> 号码 都 这么 晚 了 还 吵 无聊 , 幼稚",个,个,-2.7320945262908936,"个, 次, 等","-2.7321, -2.7868, -2.9088"
1663,一 <CL> 人 在 赌博 老家 每 天 都 能 看到 这个,堆,部,-2.274672031402588,"部, 家, 本","-2.2747, -2.3137, -2.3768"
1664,"老爸 你 说 的 是 真的 还 是 假 的 , 你 说 给 我 弄 <CL> 爱 疯 4S 是 真的 还 是 假 的 啊",个,个,-0.6139203906059265,"个, 点, 下","-0.6139, -2.1688, -2.1714"
1665,在 你 寂寞 无助 的 时候 给 你 <CL> 关怀 !,丝,发,-1.7763081789016724,"发, 帮, 把","-1.7763, -2.0241, -2.1609"
1666,"首先 , 先 将 隔离 霜倒 一些 在 手心 回温 , 一 <CL> 的 用量 大概 是 1 元 硬币 的 大小 。",次,般,-0.575385570526123,"般, 次, 起","-0.5754, -2.5700, -2.7577"
1667,"看 了 微 电影 我 愿意 , 感觉 那 <CL> 导演 很 白痴 。",个,个,-1.1063531637191772,"个, 种, 些","-1.1064, -1.2260, -1.6083"
1668,你 在 有 奖 转发 活动 祝福 拾衣网 正式 上线 转发 有 礼 中 抽 中 一 <CL> 奖 价值 1000 元 时尚 靓包 中 奖 编号 3738440 。,等,个,-1.1414484977722168,"个, 份, 张","-1.1414, -2.4553, -2.6109"
1669,今天 了 了 <CL> 心事 。,桩,家,-2.049424171447754,"家, 个, 本","-2.0494, -2.1121, -2.5396"
1670,准备 睡觉 系列 睡眼 朦胧 头发 乱 <CL> 睡衣 调 小 浓,笼,发,-0.863671064376831,"发, 头, 码","-0.8637, -2.8137, -2.9739"
1671,"岁月 轮回 , 繁华 殆尽 , 不 变 的 仍 是 自己 那 <CL> 不 服输 的 心 ?",颗,个,-1.1827322244644165,"个, 颗, 份","-1.1827, -1.3883, -1.7310"
1672,"看 完 电影 回家 已经 十二点 多 了 , 电梯 一 <CL> 处 站 了 不少 人 。",楼,楼,-0.8162445425987244,"楼, 层, 下","-0.8162, -1.3897, -2.5305"
1673,"为了 拥有 一 <CL> 随时 可秀 的 美腿 , 可 得 勤加练习 , 做好 每 日 的 必修 课 哦 !",双,所,-2.345306396484375,"所, 个, 名","-2.3453, -2.4828, -2.9679"
1674,"凡 事 都 要 一分为二 , 文凭 确实 是 <CL> 好 东西 , 但 好 东西 未必 能 让 我们 成为 什么 东西 !",个,个,-0.44412338733673096,"个, 件, 种","-0.4441, -3.0282, -3.4433"
1675,5 <CL> 我 宝贝 的 歌,页,分,-2.0608901977539062,"分, 个, 种","-2.0609, -2.0786, -2.5491"
1676,"都 射 了 6 <CL> 了 , 这个 女 的 还 要 http t cn z0DNZ5v 命运 万 有 引力 画壁 单身 女王 恋人 国王 与 我 风月 大刀 钟楼 怪人 爱情 公寓 2 夜 店 告密者 雪之女王 泡沫 之 夏 电影 唐山 大 地震 李春天 的 春天 禁忌 的 女人 衣冠 禽兽 恋爱 通告 海洋 天堂 铁面 歌女",次,个,-2.088543653488159,"个, 次, 台","-2.0885, -3.2126, -3.2383"
1677,"天目湖 旅游 度假区 位 于 江苏省 常州市 溧阳 城南 8 公里 处 , 被 誉为 江南 明珠 绿色 仙景 , 是 首 <CL> 国家 AAAA 级 景区 点 之一 , 是 江苏省 省级 旅游 度假区 。",批,个,-1.0093806982040405,"个, 家, 批","-1.0094, -1.3171, -1.4237"
1678,你 以后 最好 只 对 我 一 <CL> 人 心 软 。,个,次,-1.5916106700897217,"次, 个, 对","-1.5916, -1.8642, -2.4852"
1679,"咳咳参 北斗 哇 , 越来越 多 没 <CL> 头 说 走咱 就 走 啊 , 你 走 他 走 我 也 走 啊 。",个,发,-1.611103892326355,"发, 脸, 把","-1.6111, -1.6538, -2.7783"
1680,今年 春晚 是 不 是 很 那 <CL> 好看 呢 ?,个,个,-1.1376028060913086,"个, 些, 种","-1.1376, -1.4523, -2.0173"
1681,"昨儿 剥 牛 赢 了 115 , 今天 就 输 了 60 , 只 赚 了 <CL> 小钢炮 的 饭钱",个,点,-1.4594157934188843,"点, 个, 下","-1.4594, -2.3830, -2.8326"
1682,"岁月 流逝 , 一 晃 就 是 五 年 , 我 终于 怀着 一 <CL> 异样 的 心情 和 一个 令 我 一直 耿耿于怀 的 悬念 , 带 着 我 的 丈夫 还有 孩子 , 回到 家乡 探亲 。",种,个,-1.0800859928131104,"个, 种, 颗","-1.0801, -1.6296, -1.8467"
1683,"现在 的 孟聚 也 是 一样 , 看 了 50 <CL> 的 样子 , 突然 发现 , 咦 , 这 Y 是 高手 。",章,个,-1.3832765817642212,"个, 次, 分","-1.3833, -1.9196, -2.5416"
1684,"这 <CL> 宝贝 这 两 天 问 的 人 满 多 古玩城 铜 钱 钱币 大 钱 开光 纯 铜 五 帝 钱 , 价格 800 元 , 见",件,部,-2.2652926445007324,"部, 家, 本","-2.2653, -2.3092, -2.4152"
1685,"今年 我 就 要 立 得 拍 吧 , 过 完 年 就 去 富士 挑 很 快 我 就 会 有 一 <CL> 相片 墙 了 o",面,个,-0.6688056588172913,"个, 家, 部","-0.6688, -2.9223, -2.9980"
1686,"给 女友 庆生 , 儿子 趁 母亲 外出 时 溜进 她 的 房间 企图 偷 走 母亲 最后 一 <CL> 存款 。",笔,次,-0.9258667826652527,"次, 件, 个","-0.9259, -1.9786, -2.6803"
1687,"我 蜷沙发 玩 平板 , 胖子 继续 啃书 , 旁边 好几 <CL> 打 扑克 的 。",桌,个,-0.3836917579174042,"个, 桌, 位","-0.3837, -2.2681, -2.6009"
1688,一 <CL> 忍 不 住 的 心烦 头晕 出汗 想 砸烂 所有 的 东西 。,阵,部,-2.274672031402588,"部, 家, 本","-2.2747, -2.3137, -2.3768"
1689,这 一 <CL> 人品 太 好 了 啊 !,阵,家,-2.2703583240509033,"家, 部, 本","-2.2704, -2.3102, -2.4357"
1690,"后来 分开 的 时候 , 我 剪 了 一 <CL> 短发 。",头,个,-1.9291629791259766,"个, 刀, 次","-1.9292, -2.0175, -2.5359"
1691,"传统 那 一 <CL> 已经 不 行 了 , 我们 上 小学 时 所 接受 的 教育 , 今天 大家 已经 不 信 了 , 怎么 办 ?",套,个,-1.2618950605392456,"个, 套, 种","-1.2619, -1.5365, -1.6015"
1692,"一 <CL> M 豆 , 小豆 嗨皮 了 。",桶,部,-2.274672031402588,"部, 家, 本","-2.2747, -2.3137, -2.3768"
1693,"张绍刚 再 曝毒舌 视频 我 觉得 张绍刚 很 2 呀 , 2 的 不得了 , 之前 那 <CL> 经典 的 段子 完全 适用 于 他",个,个,-0.7198333740234375,"个, 位, 张","-0.7198, -2.0565, -2.1159"
1694,"重 看 了 一 <CL> 五 年 前 的 十兄弟 天賜良兒 , 還是 很 喜歡 老四 , 要 不 要 這麼萌 呀 , 還穿 我 Like 的 史迪奇 的 衣服",遍,次,-2.655048370361328,"次, 本, 个","-2.6550, -2.8208, -3.1009"
1695,"晚上 , 猪头 给 我 狂 买 了 五十多 <CL> 的 零食 , 我们 在 得克士 摆开 场子 边 吃 边 聊天儿 , 感觉 真 爽快 。",块,块,-1.2159099578857422,"块, 个, 张","-1.2159, -1.4371, -2.2173"
1696,"Love 也 是 有 两 <CL> 刷子 的 , 也 不 是 靠 单纯 的 刷数据",把,个,-0.6299239993095398,"个, 种, 条","-0.6299, -1.3656, -3.1943"
1697,健康 年夜饭 一 <CL> 范志 红原 创 营养 信息,例,餐,-1.1827329397201538,"餐, 起, 顿","-1.1827, -1.9309, -2.0919"
1698,"立下 大志 以后 再 穷 也 得 赚 钱 盖 书房 , 还 要 有 窗 有 阳光 四 <CL> 如春 !",季,季,-0.7508193254470825,"季, 处, 面","-0.7508, -1.1158, -2.5124"
1699,"最近 天天 这些 , 真的 牙齿 受 不 了 了 , 这 <CL> 准备 海鲜 , 客厅 那 边 是 牛肉 火锅 , 任君 选择 !",桌,个,-0.9029296040534973,"个, 些, 次","-0.9029, -1.8354, -1.8766"
1700,"要 把 学生 到 农村 实习 参加 医疗 预防 工作 实践 , 作为 对 毕业生 考核 的 一 <CL> 重要 内容 。",项,项,-0.9987378120422363,"项, 种, 个","-0.9987, -1.0268, -1.5283"
1701,"再见 了 骚年 , 再见 了 那 <CL> 充满 幻想 的 地方",个,个,-0.860502302646637,"个, 些, 位","-0.8605, -1.1633, -2.8807"
1702,"今天 感觉 , 应该 看中 的 不 是 做 与 不 做 的 事儿 , 而 是 如何 去 做 , 怎么 做 方 能 做 的 更 好 , 不然 , 做 了 就 是 不 彻底 , 虽然 与 不 做 是 两 <CL> 性质 , 但是 效率 就 被 打上 了 折扣 啊",码,个,-1.1377698183059692,"个, 种, 件","-1.1378, -1.4752, -1.9346"
1703,李玉刚 新 贵妃 醉 酒 金美儿 冬天 里 的 一 <CL> 火 费翔 故乡 的 云唱 的 都 不错 。,把,个,-1.0429682731628418,"个, 种, 场","-1.0430, -2.4364, -2.6648"
1704,把 那 <CL> 米 从 阳台 扛 厨房 去 。,袋,部,-2.2476232051849365,"部, 家, 本","-2.2476, -2.2924, -2.4376"
1705,"觉得 自己 越来越 像 霍金 了 , 每 天 窝 在 椅子 或 床上 , 歪 着 脖子 , 呆滞 的 望 着 前面 , 然后 偶尔 用 几 <CL> 手 指 。",下,个,-1.5873360633850098,"个, 次, 张","-1.5873, -1.7793, -1.8291"
1706,出 <CL> 成绩 至于 吗 ?,个,口,-1.7074792385101318,"口, 行, 家","-1.7075, -2.0927, -2.8661"
1707,我 发现 我 真的 是 <CL> 巨 纠结 无比 的 人 诶艾,个,个,-1.3407244682312012,"个, 对, 发","-1.3407, -2.1079, -2.2959"
1708,等等 一 <CL> 再等,等,部,-2.275822877883911,"部, 家, 本","-2.2758, -2.3116, -2.3780"
1709,"士 看见 骑 着 脚踏车 的 信差 将 一 <CL> 情报 进 花园 门口 的 信箱 , 他 顺着 思路 怜悯 起 这个 信差 来 。",封,个,-1.5978325605392456,"个, 位, 名","-1.5978, -2.5151, -2.6263"
1710,"一 不 留神 又 两 点 多 了 , 这 几 天 的 生物钟 各 <CL> 混乱 , 就 没 调整 过来 , 要 是 过 几 天 开学 可 就 死定 了 !",种,种,-0.28331688046455383,"种, 个, 类","-0.2833, -2.0773, -3.8325"
1711,德州市 首 <CL> 网络 春晚 分享自,届,次,-1.3159050941467285,"次, 名, 页","-1.3159, -2.3076, -2.5823"
1712,"笑话 幽默 吃客 为什么 这 <CL> 菜 里 都 是 泥? 侍者 这 是 最 新鲜 不过 的 菜 , 刚 从 泥里拔 出来 呢 。",碗,样,-0.10140810161828995,"样, 个, 点","-0.1014, -3.0163, -4.7146"
1713,原来 邓小平 说 那 <CL> 话 是 错 的 先 让 一部分 人 富 起来 我们 怎么 办 啊 穷穷穷,句,个,-0.5156850218772888,"个, 些, 句","-0.5157, -2.0987, -2.5453"
1714,"亲亲 我 的 小 张杰 , 下 <CL> 月 就 要 走 了 , 恭喜 你 哈 !",个,面,-0.5398620367050171,"面, 次, 班","-0.5399, -1.2564, -2.8419"
1715,"哈哈 转发 微博 , 有 <CL> 人 过 年 不 给 我 红包 。",个,本,-1.3381301164627075,"本, 个, 发","-1.3381, -2.3931, -2.7198"
1716,"btw , 有 没有 哪位 借 我 一 <CL> 车 , 我 需要 接人 !",辆,个,-1.913029432296753,"个, 下, 张","-1.9130, -1.9928, -2.3481"
1717,"广德 真人 为 要 使 一般 人 都 信仰 他 、 爱护 他 , 所以 有 施 水 治 疫 的 那 <CL> 举动 。",番,种,-0.2998383045196533,"种, 个, 位","-0.2998, -2.4957, -3.3658"
1718,"就 现在 坐 在 屋头 , 我 胃 还 是 一 <CL> 翻涌 的 感脚 啊 老子 不 喝 酒 了 !",阵,个,-0.6495254635810852,"个, 样, 种","-0.6495, -2.7379, -3.1736"
1719,纠结 看 <CL> 惊心 怎么 突然 觉得 跟 若曦 一样 很 纠结 呢 ?,步,等,-2.1269452571868896,"等, 个, 部","-2.1269, -2.5475, -2.8317"
1720,"Lina Medina 是 首 <CL> 被 发现 的 早熟 病例 , 她 的 儿子 起初 一直 认为 她 是 他 的 姐姐 , 直 到 10 岁 才 得知 事实 。",例,曲,-1.2981351613998413,"曲, 首, 部","-1.2981, -2.5643, -2.9365"
1721,"亲 , 龙蛋 里面 有 料 哦 , 饱 含 温馨 与 如意 , 见 了 快乐 又 健康 , 用 了 <CL> 高升 哦 !",步,家,-1.5182156562805176,"家, 对, 点","-1.5182, -2.0709, -2.5732"
1722,"尽管 去 了 <CL> 医院 , 但是 今天 该 干得 事 也 没 耽误 。",趟,次,-1.8028154373168945,"次, 只, 对","-1.8028, -2.3590, -2.4145"
1723,"最近 发现 我 只 要 一 大 <CL> 孔 她 , 她 就 马上 低头 嘟嘴 , 还 扁扁 嘴 , 样子 很 是 可 怜 。",声,块,-2.0709080696105957,"块, 碗, 包","-2.0709, -2.1014, -2.2851"
1724,"四 皇 里面 的 一 <CL> 狮子 都 悬赏 金 3 亿 3 千万 , 真 想 知道 红发 的 那些 主力 的 悬赏 金 啊 。",头,个,-1.6058205366134644,"个, 家, 面","-1.6058, -2.4518, -2.4569"
1725,"宋城 景区 19 <CL> 线上 活动 2012 不 是 世界 末日 , 许心愿 赢取 宋城 景区 免费 门票",楼,点,-1.2638459205627441,"点, 楼, 张","-1.2638, -1.8030, -2.4034"
1726,因为 她 知道 珍惜 知道 不 放弃 一 <CL> 的 努力 需要 多 大 信心 和 坚持 你 有 没 有 看到 她 的 心里 去 你 能 帮帮 她 嘛 ?,层,个,-0.35742950439453125,"个, 起, 种","-0.3574, -3.3126, -3.3840"
1727,本来 上 一 <CL> 的 事 轮 不 到 我们 小 的 插嘴 但是 我 实在 看 不 过 眼 心肝 不 好 的 人 就 是 低 不 得 人家 过 得 好 !,辈,本,-0.6773701310157776,"本, 个, 样","-0.6774, -2.1237, -3.6091"
1728,倒 <CL> 熄火 加 压线 的 居然 合格 。,桩,面,-2.2872538566589355,"面, 行, 个","-2.2873, -2.9877, -3.1460"
1729,达 人 秀 <CL> 因事 退出 没 来 看 的 有点 无趣 啊 所以 我 还 有空 看些 有的 没 的,波,对,-2.04874849319458,"对, 场, 台","-2.0487, -2.5867, -2.6639"
1730,迫于 种种 压力 关闭 了 企鹅 空间 伴随 了 我 七 年 多 的 一 <CL> 窗 关上 了,扇,段,-1.2033084630966187,"段, 个, 些","-1.2033, -1.2584, -2.3584"
1731,"尼玛 , 第一 <CL> 醒 这么 早 今年 是 外面 还 有 鸡叫 呢",次,名,-0.7143624424934387,"名, 个, 次","-0.7144, -1.8890, -2.0667"
1732,今年 的 全 明星赛 是 哪 <CL> 时刻 呢,个,个,-0.19235247373580933,"个, 些, 家","-0.1924, -3.0797, -3.8718"
1733,"火车 上 , 一 <CL> 男孩 拿 着 手机 发微 博 , 他 在 微博 上 写 着 在 火车 上 , 我 对 她 一见 钟情 。",位,个,-0.8166441917419434,"个, 位, 名","-0.8166, -1.4345, -1.8989"
1734,我 坐 呢 <CL> 船 过 海咖 !,艘,等,-1.2227116823196411,"等, 个, 位","-1.2227, -1.9899, -2.7757"
1735,"我 参与 了 发起 的 投票 2012 , 你 最 想 去 的 中国 地 城市 篇 , 我 投给 了 桂林 寄情 山水 不 醉 不 归 这 2 <CL> 选项 。",个,个,-0.6967689990997314,"个, 家, 张","-0.6968, -2.2257, -2.2807"
1736,"大红 灯笼 高高 挂 , 传统 节日 有时候 还是 需要 这 <CL> 小 俗气 才 热闹 。",种,个,-1.2207454442977905,"个, 些, 种","-1.2207, -1.3193, -1.4058"
1737,"离开 西安 就 不 再 回来 , 那些 幻想 过 的 , 努力 过 的 , 爱 过 的 , 伤 过 的 , 错过 的 , 就 随风而逝 吧 一 <CL> 人 的 路 上 , 我 也 可以 走 的 很 精彩 !",个,路,-0.9894022345542908,"路, 起, 个","-0.9894, -1.8359, -2.4643"
1738,发表 了 一 <CL> 转载 博文 转载 疯狂 渣土 车 莽撞 的 社会 运行,篇,发,-1.5355762243270874,"发, 个, 些","-1.5356, -2.5500, -2.7910"
1739,"我 在 这里 杭州市 西湖区 西湖 边 , Pizza Inn 大餐 , 晚上 吃 第二 <CL> , 罪恶 阿 !",顿,顿,-1.1086370944976807,"顿, 家, 次","-1.1086, -1.9638, -1.9760"
1740,"为什么 那 <CL> 小麦 煮 了 那么 久 , 小麦 还 那么 硬 ?",锅,样,-0.6977035999298096,"样, 个, 些","-0.6977, -1.3034, -2.4860"
1741,"早安 , 索尼 的 两 <CL> 新机 还 是 值得 期待 的 , 不过 还 是 定制机 啊 , Xperia Arco hd 的 三 防 功能 和 高清屏 是 亮点",款,位,-1.456615686416626,"位, 个, 台","-1.4566, -1.4728, -2.0249"
1742,"对 说 您 好 , 我 有 问题 咨询 , 去 哪儿 网 上 的 超值 自由 飞 我 买 了 你们 那 <CL> 券 。",个,家,-0.6751211881637573,"家, 个, 种","-0.6751, -1.0141, -3.5117"
1743,"在 已 代表 萨斯菲尔德 出战 两 <CL> 阿甲 春季 联赛 的 情况 下 加盟 紫 百合 佛罗伦萨 , 但 半 年 来 仅 一 球 入账 。",场,场,-0.8605872988700867,"场, 次, 届","-0.8606, -0.9067, -2.5587"
1744,看见 那 <CL> 人 就 觉得 恶心 。,个,个,-2.1248183250427246,"个, 种, 次","-2.1248, -2.4586, -2.5460"
1745,限制级 为 4 <CL> 的 大 片 万 有 引力 野鸭子 恶夜 惊魂 欲望号 列车 刀尖 上 行走 衣冠 禽兽 情迷 大话 王野 鸭子 妹妹 恋人 魔鬼 屠夫 写真 倩女幽魂 断 喉弩 衣冠 禽兽 万 有 引力 美女 欲望号 列车 男儿 本色 喋血 孤城 断 刺画 壁 金枝玉叶 迷幻 公园 倩女 幽魂 魔鬼 屠夫 倩女 幽魂,级,级,-1.438961386680603,"级, 个, 次","-1.4390, -1.6542, -2.3513"
1746,"我 华丽丽 的 失眠 袅珊 同学 , 姐很 愧疚 的 告诉 你 , 你 开导 了 那么 多 , 貌似 作 无 用功 了 明早 还 有 四 <CL> 课 四 节课 , 孩子们 看 电影 的 时候 我 估计 可以 补眠 zZ",节,点,-1.1853281259536743,"点, 个, 分","-1.1853, -1.2061, -1.8493"
1747,"新年 期间 , 玩 狮子 , 舞龙 , 演戏 , 说书 , 高跷 , 旱船 等 各 <CL> 娱乐 活动 五彩缤纷 , 绚丽 夺目 。",种,种,-0.17100484669208527,"种, 类, 项","-0.1710, -2.1114, -3.5612"
1748,"打 了 第一 <CL> 场 说 赶 不 过来 , 打 了 湖南 某 新闻 电台 说 记者 睡觉 派 不 出来 , 打 了 省 政府 公安厅 的 无 人 接听 , 无语 !",线,次,-2.1361119747161865,"次, 个, 本","-2.1361, -2.4701, -2.7857"
1749,一 <CL> 单 皮鞋 !,双,部,-2.2746710777282715,"部, 家, 本","-2.2747, -2.3137, -2.3768"
1750,"老师 听 了 一 <CL> 耳光 给 小 刚 打去抄 的 什么 作业 , 拿 出来 。",个,个,-2.3804008960723877,"个, 家, 面","-2.3804, -2.4915, -2.7817"
1751,麻烦 大家 给 支 <CL> 招儿 。,个,支,-1.1283848285675049,"支, 点, 个","-1.1284, -1.7866, -2.4044"
1752,"昨晚 到达 羽田 机场 , 向 机场 服务 人员 打探 酒店 位置 , 是 一 <CL> 身 着 笔挺 制服 , 头发 花白 的 老者 , 态度 相当 和蔼 , 怕 我们 搞 不 明白 , 直接 和 酒店 通 了 电话 , 然后 又 陪 我们 到 乘车 点 , 嘱咐 了 半天 , 才 回去 。",位,家,-0.3949647545814514,"家, 个, 位","-0.3950, -1.6931, -3.8850"
1753,"过 自己 追求 的 生活 , 并不 是 每 <CL> 人 都 能 做到 。",个,个,-0.03556482121348381,"个, 位, 次","-0.0356, -3.9088, -5.8385"
1754,"今天 都 在 市中心 办事 , 而 alin 今天 不 忙 且 订 明天 走 , 而 我 明天室 里 团年 白天 都 空 , 我 可以 和 她 再 吃 三 <CL> 饭 。",顿,餐,-0.3244765102863312,"餐, 顿, 次","-0.3245, -2.4770, -2.5675"
1755,喝完 那么 多 酒 只 是 更 清醒 我 根本 不 会 让 自己 喝 醉 的 只 是 听说 这 <CL> 洋酒 后劲 很 凶 只 是 反而 愈发 的 思念 你 。,种,个,-0.9952322840690613,"个, 次, 样","-0.9952, -1.2205, -3.0197"
1756,第一 <CL> 带 男朋友 见 家长 想不到 对 你 的 印象 几 好 喔 今天 我 很 开心 呢 谢谢 你 老公 我 爱 你,次,家,-2.239959716796875,"家, 部, 本","-2.2400, -2.2920, -2.4738"
1757,吃 了 好几 <CL> 肉 !,盘,次,-1.7574429512023926,"次, 个, 些","-1.7574, -2.2021, -2.7832"
1758,"她 身上 有 多 <CL> 纹身 , 永远 朋克会 驾驶 飞机 。",处,名,-2.069359064102173,"名, 下, 次","-2.0694, -2.3246, -2.5150"
1759,就 像 是 一 <CL> 纤细 的 丝 。,根,个,-0.48308831453323364,"个, 种, 张","-0.4831, -2.4868, -3.7198"
1760,你 不 知道 的 事 每 <CL> 听 都 很 感动,次,件,-0.6759436726570129,"件, 个, 次","-0.6759, -1.2975, -2.3486"
1761,"杜氏 家族 今年 添 了 几 <CL> 新丁 , 全体 姑娘 翻来 煮禄堆 。",枚,个,-1.048360824584961,"个, 位, 名","-1.0484, -1.0537, -3.3849"
1762,"终于 跑 完 最后 一 <CL> 亲戚 , 年 也 就 过 完 了 , 明天 开工 上班",家,个,-2.1065468788146973,"个, 次, 点","-2.1065, -2.4363, -2.4928"
1763,"这 将 从 多 <CL> 方面 带来 创新 , 并 减轻 美国 学生 书包 的 重量 。",个,个,-0.21156837046146393,"个, 种, 家","-0.2116, -3.3764, -4.0244"
1764,"总爱 睡 了 几 <CL> 小时 后 , 就 开始 睡 不 着 , 又 是 这 钟 数 慢慢 地 我 开始 厌倦 这 钟 无休止 习惯 的 习惯 生活",个,个,-0.9752964377403259,"个, 起, 些","-0.9753, -3.0037, -3.0817"
1765,"人 就 是 应该 有 梦想 , 然后 用 一生 努力 把 梦想 变成 现实 , 很多 事 需要 一 <CL> 成功 , 只 盼 在 稳固 中 拔得头筹 。",次,个,-0.7002826929092407,"个, 种, 起","-0.7003, -2.0609, -2.7366"
1766,我 在 中影 国际 影城 签到 20 <CL> 大闹 大闹,次,分,-0.8315268158912659,"分, 个, 张","-0.8315, -2.0168, -2.5380"
1767,还 得 一 <CL> 人 收拾 这 破 公司 。,个,个,-1.993133306503296,"个, 家, 些","-1.9931, -2.5054, -2.8135"
1768,"在职场 中 就 应该 像 柯 南 那样 , 有 一 <CL> 走到 哪 就 让 别人 死到 哪 的 霸气 。",种,个,-1.4669569730758667,"个, 种, 次","-1.4670, -1.4754, -2.0546"
1769,"想 我 长 得 这么 帅 , 改卷 老师 绝对 不 会 给 我 低分 的 , 因为 我 是 孤独 的 风 中 一 <CL> 狼 。",匹,个,-1.8759716749191284,"个, 曲, 般","-1.8760, -2.6038, -2.8858"
1770,"老 朋友 见面 , 狠狠 的 亲切 , 记得 当年 一 <CL> 的 年轻 , 嘿嘿 。",起,个,-1.4139894247055054,"个, 次, 起","-1.4140, -1.5765, -2.1643"
1771,"在 游戏 梦想 商业街 中 获得 了 成就 社会 活动家 , 成为 微博 第 31 <CL> 获得 该 成就 的 人 , 你 想 和 TA 比 试 一下 吗",位,位,-0.893986165523529,"位, 名, 届","-0.8940, -1.5397, -1.5534"
1772,"污染 指数 12 月 的 时候 买 了 口罩 , 出门 3 天 , 平均 下来 每 天 户外 活动 约 1 <CL> 小时 , 口罩 如下",个,次,-0.3842240571975708,"次, 个, 圈","-0.3842, -2.0279, -2.6619"
1773,"电影 里 , 只 需 镜头 切换 , 字幕 上 出现 几 <CL> 小字 二十 年 后 , 然后 红颜 白发 , 一切 都 有 了 结局 , 而 现实 的 人生 , 三 年 五 载 , 其中 哪 一 秒钟 不 需要 生生 地捱",行,个,-0.40539470314979553,"个, 张, 幕","-0.4054, -2.9316, -3.2159"
1774,"男 女 朋友 睡 一 <CL> 房间 , 女 的 划 了 条线 过线 的 是 禽兽 。",个,起,-0.20661799609661102,"起, 次, 套","-0.2066, -3.2132, -3.9442"
1775,我 在 香港 永祥烧腊 餐厅 虹口 店 没 <CL> 吃 只 能 外卖 了 麻痹 皇 马 又 输 了 窝色 吃 回来,堂,点,-0.9657580256462097,"点, 发, 对","-0.9658, -3.3185, -3.5527"
1776,重 器 精品 海南 黄花油 梨红色 油梨 竹节型 把 <CL> 摆件 2012129 分享自,件,手,-0.3103512227535248,"手, 把, 具","-0.3104, -2.0244, -3.4590"
1777,"我们 一 <CL> 课 的 作业 , 5 分钟 很 简单 的 问题 , 帮忙 做做 不 ?",门,家,-1.9270528554916382,"家, 个, 行","-1.9271, -2.1547, -2.9494"
1778,我 要 把 自己 裹 得 暖暖 的 管 他 臃肿 与否 帽子 围巾 靴子 大衣 各 <CL> 上阵 我 要 暖暖 暖暖 暖暖,种,种,-0.285127192735672,"种, 位, 个","-0.2851, -2.3681, -3.1823"
1779,这 <CL> 天气 就 跟 屎 一样 我 的 感性 细胞 又 要 泛滥 的 扩散 了 我 要 疯 了,种,部,-2.2652926445007324,"部, 家, 本","-2.2653, -2.3092, -2.4152"
1780,"好不容易 为 我们 争取 到 的 座位 还 要 被 你 嫌弃 , 本 以为 告诉 你 会 是 <CL> 喜讯 , 算 了 , 我 不 重要 , 不 重要 。",个,个,-0.4038727581501007,"个, 只, 点","-0.4039, -1.7156, -4.0948"
1781,向 提问 提问 周董 我 是 内蒙古 的 歌迷 什么 时候 是 下 一 <CL> 巡演 ?,次,个,-0.7038244009017944,"个, 代, 位","-0.7038, -1.6572, -2.4358"
1782,"据 俄罗斯 媒体 报道 , 在 日本 政府 推进 的 俄罗斯 东 西伯利亚 到 太平洋 沿岸 的 石油 管道 建设 计划 中 , 日本 保证 “ 将 向 俄方 以 每天 100万 <CL> 的 数量 进口 原油 ” 。",桶,辆,-1.7660672664642334,"辆, 个, 条","-1.7661, -2.2727, -2.6639"
1783,看完 这个 视频 我 把 F <CL> 外加 移动 硬盘 都 清空 了 。,盘,把,-1.5297961235046387,"把, 点, 个","-1.5298, -2.8330, -2.8498"
1784,"某 个人 的 电话 害 的 我 失眠 , 在 床 上翻 了 几百 <CL> 身 还 是么 睡 着 。",个,遍,-0.690386176109314,"遍, 页, 本","-0.6904, -0.8618, -3.5613"
1785,"京东 商城 网购 晒 单 我 买 了 <CL> 飞科 FLYCO 电吹风 系列 FH 6218 感觉 不错 哦 优点 价格 便宜 , 够用 缺点 暂时 还 没 发现 缺点 哦 !",个,个,-1.7163162231445312,"个, 本, 次","-1.7163, -1.8476, -2.7291"
1786,"人生 就 像 一 <CL> 舞会 , 教会 你 最初 舞步 的 人 , 却 未必 能 陪 你 走到 散场 !",场,个,-0.7226480841636658,"个, 场, 种","-0.7226, -1.3539, -2.9508"
1787,下雪咯 2012 第一 <CL> 雪,场,次,-1.0341272354125977,"次, 篇, 个","-1.0341, -1.9577, -2.5203"
1788,MAC 魅可 圣诞 限量 英伦 皇家 底妆 6 <CL> 套刷 化妆 包 格子 的 拼接 好 别致 喜欢 点 这,件,个,-1.940080165863037,"个, 包, 枚","-1.9401, -2.4334, -2.6094"
1789,"这 <CL> 小 青蛙 皮肤 颜色 红 黑 相间 , 微小 螨虫 为 食 。",种,部,-2.2652926445007324,"部, 家, 本","-2.2653, -2.3092, -2.4152"
1790,果果 自己 和 乒乓球 疯 了 一 <CL> 小时 后 终于 累咯,个,个,-1.9675265550613403,"个, 本, 台","-1.9675, -2.1796, -2.5983"
1791,我 怀念 高中 大家 每 天 一起 吃 饭 每 <CL> 暑假 每 天 泡 一起 双 扣 的 日子 。,个,个,-1.100319504737854,"个, 次, 班","-1.1003, -1.1311, -2.7792"
1792,一 <CL> 人 乾福会 改善 伙食,家,部,-2.274672031402588,"部, 家, 本","-2.2747, -2.3137, -2.3768"
1793,你 期待 一 <CL> 怎样 的 春节 ?,个,部,-2.2677180767059326,"部, 家, 本","-2.2677, -2.2689, -2.4274"
1794,"在 扇形 的 大礼堂 内 , 一 <CL> 教授 象 背书 一样 , 把 本来 生动 迷人 的 历史 讲 得 枯燥 无味 。",位,个,-0.7884783744812012,"个, 座, 条","-0.7885, -1.8492, -3.7419"
1795,"爱情 固然 是 每 <CL> 少女 所 渴求 的 , 但 没有 绝对 顺利 的 爱情 。",个,个,-0.2474258840084076,"个, 种, 位","-0.2474, -3.2157, -3.6802"
1796,"祝福 朋友 , 天天 快乐 春节 快乐 表情 看到 雪 又 一 <CL> 太阳 的 博 文明 天 我 将 去 远行 有感而发 的 评论 。",轮,次,-0.6441969871520996,"次, 起, 个","-0.6442, -2.8156, -2.8822"
1797,支持 你 谢天华 现在 正在 看 你 的 洪武 32 千 <CL> 大人 也 很 棒 !,户,篇,-2.975456953048706,"篇, 页, 首","-2.9755, -2.9875, -3.0168"
1798,"郭德纲 痛揍卓伟 , 大 快 , 各位 可否 还 记得 当年 窦唯怒 烧 报馆 , 当时 无 良 记者 就 叫 卓伟 , 求证 是 不 是 一 <CL> 人 。",个,个,-0.9263882040977478,"个, 种, 句","-0.9264, -3.3073, -3.3639"
1799,我 于是 也 会 在 心 中 盼望 着 生命 里 会 出现 那 <CL> 人 像 李大仁 那样 的 人 会 在 我 最 寂寞 最 难受 最 憋屈 想 找 人 聊 一 聊 的 时候 就 会 随时 出现 的 人,个,个,-0.378862589597702,"个, 些, 位","-0.3789, -2.1051, -2.5118"
1800,"听 刘欢 的 歌词 , 我 的 第一 <CL> 想法 是 大叔 , 你 是 淘宝 请来 的 救兵 吗 ?",个,次,-0.7740640640258789,"次, 个, 首","-0.7741, -1.7663, -1.7697"
1801,我 吃 了 一 <CL> 周 黑鸭翅 啦 没 水 喝 呀 哎呦 。,盒,个,-1.8202428817749023,"个, 本, 样","-1.8202, -2.8752, -3.0905"
1802,"法国 《 回声 报 》 11月 20日 写道 , 这次 欧安会 首脑 会议 首先 是 两 <CL> 大国 共管 时期 结束 的 象征 , 一方面 , 莫斯科 在 请求 财政 援助 , 另 方面 , 华盛顿 在 要求 为 其 海湾 远征 提供 支持 。",个,个,-0.48107120394706726,"个, 次, 位","-0.4811, -2.3708, -2.6329"
1803,达 人 福利恩 我 想要 好看 的 袜子 凑 <CL> 热闹,个,包,-2.1362996101379395,"包, 手, 发","-2.1363, -2.6126, -2.7102"
1804,又 陪 家裡 的 小 朋友 看 了 一 <CL> 三個 傻瓜 。,遍,下,-0.8603907823562622,"下, 遍, 次","-0.8604, -1.5254, -1.9826"
1805,"跟 着 一 <CL> 小 朋友 一起 收 红包 , 我 这个 大 朋友 也 有 红 包收",群,个,-2.1482245922088623,"个, 等, 所","-2.1482, -2.9353, -2.9714"
1806,极度 讨厌 自己 喝 <CL> 酒 就 跟 白痴 一样 再 改 不 了 坏 习惯 就 戒酒 !,点,对,-2.7356455326080322,"对, 部, 本","-2.7356, -2.7727, -2.7864"
1807,"树叶 , 树枝 , 草茎 上 , 已经 结上 了 薄冰 , 残留 的 几 <CL> 棉花 , 也 披上 了 晶莹 的 外衣 。",朵,分,-1.2383872270584106,"分, 块, 滴","-1.2384, -2.3086, -2.3749"
1808,"我 总 觉得 , 你 的 生活 会 很 美好 , 下 <CL> 春天 一定 不 远 。",个,次,-0.21875865757465363,"次, 面, 班","-0.2188, -2.3724, -2.9645"
1809,"测试 最 适合 你 的 爱情 急救丸 当 爱情 指数 一直 在 低谷 徘徊 , 许久 不 见 起色 , 你 应该 吃上 一 <CL> 什么 急救丸 , 让 你们 的 爱 重新 容光焕发 呢 ?",颗,顿,-2.1707139015197754,"顿, 份, 碗","-2.1707, -2.1883, -2.3428"
1810,"这 <CL> 疾病 的 共同 特点 就 是 血液 中 活性 凝血酶 的 生成 出现 功能 障碍 , 进而 使得 血液 凝固 时间长 , 在 生命 过程 中 遇到 轻 微创",类,部,-2.2652926445007324,"部, 家, 本","-2.2653, -2.3092, -2.4152"
1811,"作为 普通 一 警 , 能够 登上 春晚 的 舞台 , 虽然 只有 短暂 几 <CL> 镜头 , 我 已 很 满足 , 我 会 以 此 为 动力 , 前行 的 路 上 更加 努力 , 不 辜负 大家 的 关心 。",个,次,-0.6693013906478882,"次, 个, 分","-0.6693, -1.6693, -2.3168"
1812,睡 了 十四 <CL> 小时,个,个,-1.364721417427063,"个, 行, 家","-1.3647, -2.5356, -3.0888"
1813,"连夜 赶 了 五 <CL> 小时 的 路 , 到 了 客户 的 工厂 已经 是 凌晨 三点 了",个,个,-0.7113550901412964,"个, 次, 点","-0.7114, -1.4514, -3.2638"
1814,真心 喜欢 兰芝 Lanige 的 这 两 <CL> 面膜 。,款,款,-0.8015143871307373,"款, 个, 瓶","-0.8015, -2.3384, -3.0844"
1815,好 想 再 淋 一 <CL> 灰 谷 的 雨 !,场,次,-1.3791766166687012,"次, 个, 等","-1.3792, -2.1322, -3.0719"
1816,怎么 了 我 半夜 穿 着 睡衣 起床 上 <CL> 厕所 后 老 打喷嚏 我 不 要 感冒 啊 !,个,班,-0.5435717701911926,"班, 面, 门","-0.5436, -2.3393, -3.0750"
1817,"所以 努力 做 领导 , 统治 屁民们 是 每 <CL> 人 的 崇高 理想 。",个,个,-0.12100155651569366,"个, 位, 次","-0.1210, -2.7521, -4.2094"
1818,终于 给 2 <CL> 在 德国 工作 的 朋友 搞定 Garmin 了 。,个,分,-1.1430883407592773,"分, 个, 块","-1.1431, -1.5813, -2.7352"
1819,这 <CL> 人 赚 再 多 钱 也 没命 去 花 。,种,部,-2.2652926445007324,"部, 家, 本","-2.2653, -2.3092, -2.4152"
1820,家里人 都 说 我 是 一 <CL> 做事 从来 不 经 大脑 的 人 。,个,个,-0.35881689190864563,"个, 名, 位","-0.3588, -1.8334, -2.7256"
1821,"陈亚 也 有 了 , 每 <CL> 执行 飞行 任务 你 俩 都 一起 , 生 一 男 一 女 , 还 可以 成 亲家 呢",次,次,-0.4492582678794861,"次, 个, 家","-0.4493, -1.4054, -4.0269"
1822,其实 就 是 两 <CL> 年糕,只,个,-1.881255030632019,"个, 本, 家","-1.8813, -2.5450, -2.9408"
1823,"早上 飘起 了 小雪 , 每 <CL> 下雪 心情 都 非常 好",次,次,-0.1822347491979599,"次, 个, 下","-0.1822, -2.1407, -5.5178"
1824,刚刚 有 <CL> 妇女 打 电话 来 问 我 是 不 是 在 他 先生 那里 无奈 了,个,个,-1.6400372982025146,"个, 次, 等","-1.6400, -2.6892, -3.0625"
1825,"叙利亚 政府 从 俄罗斯 购买 36 <CL> 战机 俄罗斯 支持 赚 钱 两 不 误 , 高",架,辆,-1.0255508422851562,"辆, 架, 枚","-1.0256, -1.4551, -2.1193"
1826,翻来 Kimsha 各 <CL> 不 习惯 。,种,种,-0.9240884780883789,"种, 个, 家","-0.9241, -2.0644, -2.2948"
1827,"5 , 上街 卖花 , 见 情侣 就 说 给 你 妈 买 <CL> 花 吧 !",束,个,-0.825944721698761,"个, 点, 只","-0.8259, -2.5186, -3.2220"
1828,"天 才 是 各 <CL> 时代 都 有的 可是 , 除非 待 有 非常 的 事变 发生 , 激动 群众 , 是 有 天才 的 人 出现 , 否则 赋有 天才 的 人 就 会 僵化",个,位,-0.5070756673812866,"位, 种, 家","-0.5071, -1.5508, -3.3411"
1829,"妹子 , 你 怎么 才 到 五 <CL> 桥 啊 ?",通,点,-1.0000534057617188,"点, 个, 块","-1.0001, -1.9401, -2.6384"
1830,"20120125 伊 达时 12 <CL> 计算器 处理 了 1000 元 详情 , 。",位,点,-0.11913557350635529,"点, 号, 分","-0.1191, -2.9655, -4.6970"
1831,"婚姻 是 责任 , 每 一 <CL> 步入 婚姻 殿堂 的 新人 , 你们 真的 准备 好 了 吗 ?",对,个,-0.5840930938720703,"个, 位, 次","-0.5841, -1.9412, -2.8020"
1832,2011 年 公司 实现 原油 产量 322 亿 <CL> 同比 下降 187 实现 原油 加工量 217 亿 吨 同比 上涨 296 。,桶,桶,-1.0977237224578857,"桶, 股, 分","-1.0977, -2.4081, -2.4485"
1833,"如果 欺负 我 , 你 想 我 会 不 会 用 那 两 <CL> 手指 鄙视 死 你 。",根,个,-0.8368114233016968,"个, 颗, 把","-0.8368, -2.6789, -2.8356"
1834,"一 <CL> 女人 的 迷人 , 一半 来自于 她 的 幻想 。",个,部,-2.274672031402588,"部, 家, 本","-2.2747, -2.3137, -2.3768"
1835,留下 一 <CL> 女 同学 在 那里 恨铁不成钢 。,帮,个,-2.5308923721313477,"个, 下, 本","-2.5309, -2.8619, -2.9256"
1836,"穆雷 , 这 <CL> 真 可惜",次,个,-2.473029375076294,"个, 本, 台","-2.4730, -2.5276, -2.7951"
1837,"看 了 千山 慕雪 , 结局 真 悲伤 , 居然 看 的 时候 会 流 眼泪 , 那 <CL> 歌好 悲伤 , 想来 我 老 了 。",个,种,-0.8087694644927979,"种, 个, 些","-0.8088, -1.1218, -2.4788"
1838,"陆家嘴 的 清晨 , 好久 没有 起 这么 早 了 , 这么 多 年 在 酒店 还 是 睡 不 好 , 昏天 暗地 中 感觉 自己 还 在 北京 , 今天 去 谈 海上 项目 , 谈成 了 就 可以 干 深圳 香港 这 <CL> 线 了 , 到时候 就 可以 见到 啦 , 嘿嘿 。",条,个,-0.47226953506469727,"个, 家, 种","-0.4723, -2.6449, -2.6748"
1839,外面 有 <CL> 神经病 一大早 在 放歌 而且 还 是 超俗 带感 的 一 听 就 知道 昰些 外省仔 。,个,面,-1.6101658344268799,"面, 本, 家","-1.6102, -2.7332, -2.9573"
1840,"我 男朋友 一准儿 是 <CL> 路 痴 , 丫现在 还 没 找到 我 。",个,个,-1.0082440376281738,"个, 只, 家","-1.0082, -2.1212, -2.9762"
1841,"叶儿粑 拇指粽 煎 饺煎包 还 有 蛋烘糕 , 实话 说 蛋烘糕 就 是 一 <CL> 夹 了 酸 豆角 末末 的 铜锣烧",枚,个,-0.873046875,"个, 种, 家","-0.8730, -1.3860, -1.8962"
1842,"十分 好运 沾 春雨 , 百般 成功 遂 你 意 , 万 <CL> 幸福 由 你 享 !",种,般,-0.15553370118141174,"般, 分, 件","-0.1555, -2.4326, -5.1546"
1843,"据说 , 端 今天 上午 出去 玩 , 跟 每 一 <CL> 认识 的 人大 声 介绍 我 妈妈 在 睡觉 你 妈 就 那么 点 小 癖好 , 至于 广而告之么 。",个,个,-0.580208957195282,"个, 位, 次","-0.5802, -1.4905, -3.2032"
1844,突然 有 <CL> 想 旷工 的 强烈 感 !,种,次,-1.566286325454712,"次, 些, 起","-1.5663, -2.6854, -2.7616"
1845,"回 了 一 <CL> 家 , 甚 是 觉得 无聊 , 我 还 在 想 后天 回去 以后 我 岂 不 是 要 在 家 无聊 死 吗 ?",趟,个,-2.3296334743499756,"个, 本, 家","-2.3296, -2.7379, -2.7841"
1846,"百 <CL> 尚 牛 酒 , 四 塞 已 千戈 。",户,本,-2.662872552871704,"本, 所, 部","-2.6629, -2.9349, -3.1090"
1847,"叫 了 <CL> 永和 豆浆 的 蛋 炒饭 , 十 元 钱 , 有点 不 可 思议 的 感觉 。",份,等,-2.4297068119049072,"等, 个, 道","-2.4297, -2.4732, -2.7729"
1848,还 有福 到 啦 一 <CL> 霖哥 辛苦 啦 新年 快乐 大家 都 顺顺利 利噢福 到 啦,个,家,-2.4135901927948,"家, 次, 个","-2.4136, -2.6124, -2.6851"
1849,跟 发烧 了 一样 这 屋里 大概 20 度 左右 哈哈 我 却 冷 得 快 要僵 了 浑身 一 <CL> 发毛,阵,下,-1.8588716983795166,"下, 阵, 顿","-1.8589, -2.0363, -2.4794"
1850,在 此 也 希望 这 <CL> 青年 坚强 的 活 过来,位,个,-2.495241165161133,"个, 所, 本","-2.4952, -2.5333, -2.5469"
1851,"当天 过 了 不久 , 这 <CL> 邻居 遇到 住 在 另 一 边 隔壁 的 男士 。",位,个,-2.0206189155578613,"个, 家, 对","-2.0206, -2.9169, -3.1420"
1852,我 看到 你们 背影 不 知道 为什么 心里 一 <CL> 隐痛 我 暗暗 发誓 一定 要 让 你们 过 上 无忧无虑 安定 的 生活 坚持 不 下去 松懈 的 时候 反复 告诉 自己 你 不 努力 你 还 在 指望 什么 是 的 真的 努力,阵,阵,-0.8918837308883667,"阵, 片, 下","-0.8919, -2.0189, -2.3773"
1853,"今年 这 <CL> 小 妹妹 , 最 特别 , 最 有 爱 。",批,本,-1.9197779893875122,"本, 台, 家","-1.9198, -2.5624, -2.6742"
1854,看到 运河 雄鹰 的 博文 转载 中国 散文 精选 300 <CL> 初选 目录迟 智勇 选 有感而发 的 评论 。,篇,篇,-0.6949917674064636,"篇, 首, 句","-0.6950, -1.1894, -2.4731"
1855,"我 参与 了 发起 的 投票人 气大 调查 罗志祥炎亚纶 韩庚 钟汉良 张杰 , 我 投给 了 罗志祥 这 1 <CL> 选项 。",个,个,-1.2329732179641724,"个, 位, 张","-1.2330, -1.3931, -1.8276"
1856,"每 日 都 5 可以 有 一 <CL> 安静 的 家 , 我 每 日 都 要 比 爸 妈 话 过 我 距 地 先 会 安乐 。",个,个,-1.3084094524383545,"个, 次, 家","-1.3084, -1.6666, -2.9688"
1857,像 我 这 <CL> 文 又 不 行理 又 不 会 本来 就 差 还 要 退步 的 人 唉 该 怎么办,种,种,-0.9388585686683655,"种, 样, 个","-0.9389, -1.4334, -2.0177"
1858,"经 心理 鉴定 本人 软件 年龄 21 岁 , 比 全 国 70 的 人 要 年轻 , 是 一 <CL> 偏 传统 居安思危 冷静 内心 坚强 的 人 !",个,款,-0.8622714281082153,"款, 个, 套","-0.8623, -1.1546, -2.3287"
1859,人生 第一 <CL> 花 露水 。,瓶,本,-2.035998582839966,"本, 所, 行","-2.0360, -2.5733, -2.5860"
1860,"头 先 拆利 是 , 竟然 有 一 <CL> 里面 是 空 的 。",封,个,-1.819760799407959,"个, 次, 些","-1.8198, -2.4723, -3.2320"
1861,"明天 就 要 回 学校 了 , 今晚 在 家 跟 姑父 和 弟妹们 好好 来 了 几 <CL> 双 扣斗 地主",局,次,-0.8502035737037659,"次, 场, 个","-0.8502, -2.7170, -2.9439"
1862,"十 <CL> 聚会 , 大家 都 挺 嗨 !",班,部,-2.1309053897857666,"部, 本, 个","-2.1309, -2.3476, -3.0243"
1863,"一 日 , 小 侄女 对 她 妈 说 我 要 嫁给 邻 班 的 那 <CL> 男生 妈妈 漫不经心 的 回答 他 有 固定 工作 吗 ?",个,个,-0.38916653394699097,"个, 位, 名","-0.3892, -1.2032, -4.8359"
1864,"我 在 测测 你 最 拒绝 不 了 哪 一 <CL> 人 的 诱惑 中 的 测试 结果 是 你 最 无法 抵抗 用 甜言蜜语 打动 你 的 多情种 , 你 也 来 测测 吧",类,种,-0.9209870100021362,"种, 个, 项","-0.9210, -1.3063, -2.3041"
1865,上传 了 7 <CL> 照片 到 相册 我 叫 苏沐 。,张,个,-1.7924426794052124,"个, 本, 下","-1.7924, -2.0028, -2.5416"
1866,"其实 那么 多 话 , 只有 不 愿意 三 <CL> 字 说 得 最 快 最 大 声 最 坚定 听 得 最 清晰 。",个,分,-1.1038610935211182,"分, 个, 句","-1.1039, -1.7400, -1.9620"
1867,"直 到 转身 , 我 才 发现 , 原来 那 <CL> 心碎 , 其实 , 也 是 我 自己 的 。",声,个,-1.9748961925506592,"个, 次, 些","-1.9749, -2.6254, -2.6882"
1868,"虽然 我 知道 自己 不 该 有 这 <CL> 失落 的 情绪 , 但 还是 没 忍住 红 了 眼圈 。",种,种,-0.9044910073280334,"种, 样, 个","-0.9045, -1.3985, -1.9145"
1869,小 侄女 这 卷发 这 自 来 卷 像 不 像 巴黎 宝贝 里面 那 <CL> 女孩 啊,个,个,-1.051573395729065,"个, 种, 款","-1.0516, -1.1567, -2.6455"
1870,"我 好 想 有 一 天 抱 着 我们 的 小孩 , 告诉 他 , 你 爸爸 以前 多 浪漫 , 自己 偷偷 开 了 <CL> 微博 , 里面 全 是 妈妈 的 名字 。",个,门,-0.3348679840564728,"门, 个, 口","-0.3349, -3.2073, -3.2796"
1871,今晚 我们 三 <CL> 扑街 都 心情 吾 好 !,个,个,-0.27527230978012085,"个, 位, 口","-0.2753, -2.0811, -3.8370"
1872,"保持 周围 环境 安静 和 精神 集中 你 将 经历 一 <CL> 坐 在 理发店 中 的 虚拟 场景 太太 太 神奇 了 , 尤其是 来自",个,个,-0.9469344615936279,"个, 次, 段","-0.9469, -1.6368, -1.7482"
1873,聆听 心灵 深处 的 那 <CL> 声音 。,个,些,-1.1545910835266113,"些, 个, 种","-1.1546, -1.2782, -1.6142"
1874,"他 先 自爆 因為 很多 人 追問 他 葉問 第三 <CL> 何時開 拍 , 問到 會否",集,季,-0.5868512988090515,"季, 集, 部","-0.5869, -1.0288, -3.6435"
1875,当时 匆忙 新 编成 的 两 <CL> 集团军 的 实际 情况 怎样 呢 ?,个,部,-1.5804469585418701,"部, 个, 集","-1.5804, -2.0961, -2.5029"
1876,"真 险吖 , 第一 <CL> oooO Oooo 踩 你 死 中 时间 点 上班 , 比 部长 早到 1 分钟 , 不然 就 迟到 啦 , 琴晚吖 妈子 又 出事 , 不得已 又 去 左 医院 睇急诊",次,次,-1.1193181276321411,"次, 名, 个","-1.1193, -1.6518, -2.0484"
1877,送 人 之后 拿 出来 留 <CL> 影 。,个,下,-0.8391437530517578,"下, 名, 片","-0.8391, -2.6433, -2.7494"
1878,"昨天 去 市区 比赛 , 赢 了 一 <CL> 一千多 的 球拍 。",个,个,-1.4259692430496216,"个, 局, 场","-1.4260, -1.9905, -2.1191"
1879,"碎 不 着 , 翻翻 老 照片 , 想起 一 <CL> 事 , 决定 把 它 办 了 , 言而有信 !",桩,些,-0.8053275346755981,"些, 张, 个","-0.8053, -1.7886, -2.2191"
1880,"这个 社会 暴力 已经 够多 了 , 打人 终究 是 不 对 的 , 但是 看看 这个 嚣张 的 简介 , 真的 是 一 <CL> 欠揍 的 打扮 那 !",副,个,-0.5050684213638306,"个, 种, 部","-0.5051, -2.2423, -3.4187"
1881,运势 处女座 今日 运势 爱情 健康 财运 工作 速 配 水瓶座 幸运 色 卡其色 哟西五 <CL> 星 的 上升 趋势 让 我 情 何以 堪 哈哈 祝 自己 一路 顺风,颗,门,-2.2939400672912598,"门, 个, 位","-2.2939, -2.6389, -2.7214"
1882,老虎 抓到 一 <CL> 梅花鹿 后 要 把 它 吃掉 !,头,只,-0.681818425655365,"只, 条, 群","-0.6818, -2.6087, -2.6961"
1883,每 <CL> 听 一些 初中 的 歌 就 会 自然 的 想起 一些 画面 和 感觉 爱 听 鱼 喜欢 陈绮贞 纯净 的 声音 喜欢 它 的 歌词 喜欢 它 的 旋律 喜欢 它 的 感觉 会 想起 初一 的 时候 的 单纯 什么 都 不 想 的 自己,次,家,-2.384026527404785,"家, 个, 本","-2.3840, -2.5245, -2.6322"
1884,还是 没有 少 了 一 <CL> 说教 。,顿,个,-1.885543942451477,"个, 些, 点","-1.8855, -2.0872, -2.4471"
1885,"1 月 9 日 , 北星路 喜气洋洋 , 北海市 民生 路网 三 期 工程 第二 <CL> 道路 通车 庆典 仪式 在 此 举行 。",批,段,-1.1379082202911377,"段, 次, 季","-1.1379, -1.8888, -2.2517"
1886,"外公 我 来 了 , 今天 要 吃 十 <CL> 你 做 的 霹雳 无敌 黯然 销魂 狮子头 。",个,个,-1.2180354595184326,"个, 顿, 点","-1.2180, -1.6973, -1.9548"
1887,英国 医生 进行 了 世界 上 第一 <CL> 宫内 胎儿 心脏 手术 。,例,个,-0.808059811592102,"个, 次, 位","-0.8081, -1.9293, -2.8551"
1888,"淡蓝 的 色彩 有 <CL> 宁静感 , 简单 雅致",种,点,-1.7644925117492676,"点, 只, 所","-1.7645, -2.3119, -2.3822"
1889,韩系 风派 韩版 休闲 旅行包 男女 帆布 包 正品 电脑 双肩背 包潮 真皮 书包 价格 16800 元 最近 销售 243 <CL> 地址 更 多,件,件,-1.0113976001739502,"件, 个, 套","-1.0114, -1.8597, -2.3119"
1890,"开始 以为 是 <CL> 玩笑 , 越 往后 过 越 觉得 此 话 不 虚 。",个,只,-2.395083427429199,"只, 个, 家","-2.3951, -2.7352, -2.8532"
1891,"用 于 死刑 名称 , 则 是 指 处死 人时 将 人身 上 的 肉 一 <CL> 刀 割 去 , 使 受刑人 痛苦 地 慢慢 死去",刀,块,-1.6110374927520752,"块, 部, 起","-1.6110, -2.2068, -2.3682"
1892,喜欢 一 <CL> 话 。,句,家,-2.4160056114196777,"家, 部, 本","-2.4160, -2.4541, -2.6582"
1893,"这 <CL> 人 , 不 就 摆明 着 自己 在 炒 楼 嘛 。",种,部,-2.2652926445007324,"部, 家, 本","-2.2653, -2.3092, -2.4152"
1894,"一点 睡觉 , 梦 中去 了 <CL> 米 国 , 七点半 爬 起来 继续 学习 。",趟,点,-1.397502064704895,"点, 个, 些","-1.3975, -1.6916, -3.1333"
1895,能 想象 一 <CL> 箱 肢解 的 娃娃 头 娃娃 身 吗 太 惊悚 了 !,箱,下,-0.37943994998931885,"下, 个, 些","-0.3794, -2.1441, -2.4185"
1896,分享 一 <CL> 活动 给 大家 微 女郎 龍耀 2012 !,个,下,-0.08688398450613022,"下, 次, 篇","-0.0869, -3.9060, -3.9910"
1897,"男人 , 就 要 做 <CL> 像 男人 的 事 !",点,个,-1.9764164686203003,"个, 任, 对","-1.9764, -2.6428, -2.7034"
1898,"连续 下雨 , 呢 <CL> 年成 左宅年 !",个,个,-0.6688633561134338,"个, 次, 阵","-0.6689, -2.8923, -3.4048"
1899,"初步 了解 到 , 根据 南京 案件 的 特性 , 这 <CL> 专家 中 有 犯罪 心理学 , 犯罪 踪迹学 等 领域 的 顶级 行家 , 都 有 办 过 大 案 要 案 的 经历 。",批,次,-1.532867670059204,"次, 些, 个","-1.5329, -1.6879, -1.8636"
1900,人体 初 <CL> 受到 结核 杆菌 感染 后 通常 绝大多数 人 没有 任何 症状 也 不 发生 结核病 少数 感染 结核 杆菌 的 人 抵抗力 降低 时 可能 发生 结核病 。,次,级,-0.31973639130592346,"级, 次, 步","-0.3197, -1.8534, -2.6369"
1901,孤单 的 呼吸 电视剧 另 一 <CL> 灿烂 生活 片尾曲 正式 完整版 影视 原声 高清 MV 音悦 台 分享 自,种,个,-1.2556089162826538,"个, 种, 面","-1.2556, -1.5246, -1.9905"
1902,"不 知道 能否 睡 <CL> 懒觉 , 哎 , 想 你 , 猪",个,下,-0.9343248605728149,"下, 个, 点","-0.9343, -1.0918, -3.3513"
1903,那天 我们 去 香江 汇 那里 吃 的 那 <CL> 鸡叫 什么 来 着 ?,个,个,-0.8755565881729126,"个, 家, 种","-0.8756, -0.9318, -2.6500"
1904,"接近 岁末 , 终于 可以 看到 形式性 的 工作 的 尾巴 了 , 偷偷 地 喘 <CL> 气 吧",口,口,-0.6513498425483704,"口, 声, 个","-0.6513, -1.9088, -2.4323"
1905,"夜深 了 , 也 不 敢 去 睡觉 了 , 怕 做 那些 噩梦 , 是 那些 事情 记得 太 牢 还 是 一 <CL> 人 在 陌生 的 地方 太 容易 勾起 回忆 呢 , 天天 做 噩梦 实在 太 累 了 , 心思 犹如 我 掌 纹般 凌乱 。",个,些,-1.1084825992584229,"些, 个, 种","-1.1085, -1.2669, -2.4230"
1906,"酒醉 , 夜半 昏 醒 , 偶看 一 <CL> 初恋 那件 小 事 。",片,下,-0.709197461605072,"下, 眼, 些","-0.7092, -2.3353, -2.5526"
1907,"即便 如此 , 却 依然 喜欢 这样 一 <CL> 浑身 缺点 的 他 。",个,种,-0.9184854030609131,"种, 个, 份","-0.9185, -1.0723, -3.1864"
1908,"食 完饭 亲爱 的 来 车 我 出去 , 哈哈 , 爱 死 了 , 不过 天气 很 冷 , 记得 着 多 <CL> 衣服 噢",件,点,-1.7069494724273682,"点, 些, 起","-1.7069, -2.6974, -3.1700"
1909,"看 过 唯美 浪漫 的 , 来 <CL> 惊悚 恶心 的 怎样 , 人 皮 客栈 3 走 起 !",些,个,-2.084218740463257,"个, 本, 等","-2.0842, -2.4829, -2.7569"
1910,"在 南开 最后 一 <CL> 小时 , 被 你 偷 了 !",个,行,-2.6217408180236816,"行, 家, 部","-2.6217, -2.7926, -2.8313"
1911,"事后 反思 , 既然 催促 多 <CL> 都 无果 就 说明 这个 方法 不 合适 , 我 得 另 辟 蹊径 , 而 不 是 恶语 相向 , 在 此 向 孩子 真诚 地道 歉 。",次,次,-0.2570644021034241,"次, 点, 则","-0.2571, -3.1539, -3.6062"
1912,"也 不 知道 是 不 是 老 总 都 有 在 的 才 这样子 表现 一下 的 , 呵呵呵 三 <CL> 奖 菲利浦 音箱",等,个,-1.331107258796692,"个, 楼, 分","-1.3311, -1.7556, -2.3406"
1913,"西 甲第 19 <CL> 巴萨 42 皇家 贝蒂斯 上 半场 哈 维和 梅西 相继 为 巴萨 建功 , 贝蒂斯 由 卡斯特罗 打进 1 球 。",轮,名,-0.1872250735759735,"名, 位, 轮","-0.1872, -2.3467, -3.1438"
1914,"兴奋 啊 兴奋 , 是 不 是 快 过年 了 , 给 了 这么 一 <CL> 让 人 舒适 的 题目 , 中国 的 春节 也",个,个,-0.6379241347312927,"个, 张, 句","-0.6379, -2.2324, -3.1795"
1915,因为 只有 这 <CL> 人才 能 了解 你 。,种,些,-0.8655199408531189,"些, 样, 个","-0.8655, -1.6009, -1.8074"
1916,"在 正墙 里面 上 有 4 <CL> 巨大 的 雕像 手持 钥匙 和 宝剑 的 圣徒 彼得 和 保罗 , 手持 盐瓶 和 教堂 模型 的 州 守护神 圣徒 鲁佩特 和 维吉尔 。",座,个,-0.9291559457778931,"个, 张, 层","-0.9292, -2.7084, -2.8328"
1917,怎么 看 着 看 着 就 起 了 一 <CL> 鸡皮 疙瘩 呢 ?,身,个,-0.8174196481704712,"个, 堆, 种","-0.8174, -3.0573, -3.2361"
1918,吃 <CL> 甘蔗 牙 还 吃 出血 了 嘴 吃 破 了 奶奶 的,个,等,-2.852142095565796,"等, 下, 家","-2.8521, -2.8797, -2.9509"
1919,"沾 了 一 <CL> 臭 烟味 回来 , 洗刷 去 !",身,本,-2.256197690963745,"本, 个, 家","-2.2562, -2.6784, -2.7470"
1920,"突然间 悠悠 就 会 走路 了 , 因 有 一 <CL> 让 东西 搬到 摔 了 后脑勺 , 现在 都 是 把 胳膊 伸到 身子 前面 保持 平衡 , 实在 不 成就 趴下 , 用 胳膊 撑 一下 , 不至于 摔 着脸 , 这么 小 的 人 自我 保护 意识 倒 挺 强 。",次,个,-2.1698951721191406,"个, 次, 起","-2.1699, -2.3377, -2.6335"
1921,"说 起来 今天 是 13 <CL> 星期五 , 也 就 是 俗称 的 黑色 星期五 呢",号,点,-0.1251012533903122,"点, 号, 个","-0.1251, -2.6039, -5.1985"
1922,"大半夜 的 我 悄悄 的 又 打破 一 <CL> 人类 的 纪录 , 次 产量 470Ml",项,个,-1.2954896688461304,"个, 次, 些","-1.2955, -2.6098, -2.7814"
1923,荔枝 台 的 春晚 比 芒果 台 高 的 不止 一 <CL> 档次 啊 !,个,次,-0.6279142498970032,"次, 台, 座","-0.6279, -2.3950, -2.4685"
1924,"回家 太 闲 , 老妈 总 抓 着 我 大搞 卫生 , 其实 也 没 必要 吧 被子 之类 的 大件 物品 , 一 整 年 加 起来 盖 的 次数 绝对 不 超过 十 <CL> 手指头 还好 明天 开始 下雨 变冷 , 不然 我 的 苦工 期限 真 不 知道啥 时候 才 能 结束 呢 !",根,次,-0.1991831213235855,"次, 个, 件","-0.1992, -2.7288, -3.4430"
1925,我 提醒 他 还 有 呢 老师 又 说 对 了 还 有 桂伦 镁 天啊 老师 啊 难道 你 忘 了 那 <CL> 最 最 重要 的 人 了 吗,个,个,-1.014465093612671,"个, 些, 张","-1.0145, -2.6989, -2.9253"
1926,"大过 年 的 , 出去 拜年 手 里 还 拿 着 一 <CL> 感冒药 。",杯,个,-0.6519814133644104,"个, 把, 张","-0.6520, -2.4041, -2.6474"
1927,未来 各 <CL> 领域 的 精英们 。,个,种,-1.3298760652542114,"种, 家, 个","-1.3299, -2.0063, -2.4015"
1928,"年初一 , 斋饭 , 大成街 , 拉拉队 , 晚会 , 终于 回到 家 了 泡 <CL> 脚 准备 睡觉 啦 不 洗澡 的 年初一",个,个,-1.334503173828125,"个, 面, 点","-1.3345, -1.4933, -2.7420"
1929,我 在 等 发 工资 了 会计 说 礼拜天 会 把 工资 打 在 我 的 卡上 我 等 啊 等 啊 心急 的 第一 <CL> 工资,笔,次,-0.8289003372192383,"次, 个, 张","-0.8289, -2.0273, -2.4591"
1930,"我 爸 的 外甥女 和 我 在 一 <CL> 公司 , 但 我们 不熟 , 别人 以为 我们 不 认识 。",家,起,-0.009627101942896843,"起, 家, 次","-0.0096, -5.4283, -6.4304"
1931,"最 搞笑 的 事 , 有 人 大年 初 一 <CL> 厕所 !",通,回,-1.618944764137268,"回, 把, 下","-1.6189, -1.9512, -2.0293"
1932,"看 了 一 天 纪录片 , 最 喜欢 一 <CL> 讲 罗伯特 肯尼迪 遗孀 Ethel 的 , 导演 就 是 她 女儿 。",部,个,-1.0418450832366943,"个, 部, 段","-1.0418, -1.1380, -3.1696"
1933,"我 刚刚 在 爱 问 共 享 资料 上 传 了 资料 , 欢迎 大家 下载 分享 高 一 英语 完形 填空 练习 一 <CL> 已 打印 doc 更 多",份,篇,-2.0450432300567627,"篇, 套, 下","-2.0450, -2.1053, -2.7528"
1934,"住 进去 一 天 楼 歪 了 花 了 大 价钱 , 买 <CL> 所谓 的 台州 地区 最 大 纯 海景 住宅 小 区 的 高层 住宅 , 新 房子 搬进 去 不到 一 天 , 楼 歪 了 , 你 是 什么 心情 ?",套,回,-1.4067498445510864,"回, 家, 楼","-1.4067, -1.9514, -2.3664"
1935,"英语 考试 结束 了 , 辛苦 一 凡 同学 了 , 又 一 <CL> 拯救 了 大家 明天 的 物化 考试 , 但愿 我们 的 座位 一如既往 的 好 !",次,个,-0.9402434229850769,"个, 位, 次","-0.9402, -1.5446, -2.1635"
1936,"每 天 都 这 时候 才 有 一 <CL> 睡意 , 唉 !",丝,个,-1.4793281555175781,"个, 次, 些","-1.4793, -2.4452, -2.9370"
1937,"吸引力 法则 果然 厉害 , 我 真的 买到 20 <CL> 的 票 了 , 今天 我 继续 吸引 能 换 张 不 那么 慢 的 。",号,个,-0.954677164554596,"个, 块, 张","-0.9547, -1.6293, -2.6822"
