new_index,sentence,target,top1_prediction,top1_log_probability,top3_predictions,top3_log_probabilities
1,"无意 间 转到 一 [MASK] 摩托车  , 看 着 这些 曾经 情迷 到 疯狂 的 机器 。",个,辆,-0.35883259773254395,"辆, 台, 部","-0.3588, -1.8722, -2.8448"
2,上传 了 1 [MASK]  到 相册 真实 的 自己,张,张,-0.11455049365758896,"张, 个, 页","-0.1146, -3.9823, -4.3219"
3,上传 了 1 [MASK]  到 相册 2012 新 气象,张,张,-0.060368672013282776,"张, 图, 页","-0.0604, -4.7350, -4.9183"
4,"数 [MASK]  上 , 几 叶 落 云 中 。",枝,天,-1.0922049283981323,"天, 树, 叶","-1.0922, -2.5598, -2.6641"
5,"哎 , 把 一 [MASK]  修 的 加电 无 显 了 , 悲催 的 新年 开始 。",台,年,-1.7902824878692627,"年, 直, 个","-1.7903, -1.8189, -2.3719"
6,"集团 职能 片 年会 , 多 喝 了 两 [MASK] 绿  , 结果 到 现在 还 很 有精神 , 悲催 啊 。",杯,杯,-0.9203622341156006,"杯, 瓶, 罐","-0.9204, -1.3520, -3.5291"
7,"分享 了 顺和 牛肉 火锅 , 在 华阳 , 关于 牛 肉类 的 都 不错 , 建议 点牛肝 , 特色 牛肉 图 中 码满 辣椒面 的 那 [MASK] 怕 辣 的 , 肠胃 不 好 的 , 友情  最好 不 要 尝试 哈 。",盘,种,-0.36655324697494507,"种, 个, 是","-0.3666, -2.4158, -2.5491"
8,"昨晚 女儿 从 九点半 一觉  到今 早 的 七点 , 是 她 出生 到 现在 第一 [MASK] 睡 整夜 觉 没 起来 喝奶 , 心想 是 不过 年 长大 了 今晚 快 九点 睡 了 , 不 知 晚上 还 会 不 会 要 喝奶 希望 不 要",次,次,-0.1903776079416275,"次, 个, 晚","-0.1904, -2.3644, -3.3794"
9,"预祝 满分 , 少 一 [MASK]  请 我 喝 一 瓶 。",分,瓶,-0.9752848148345947,"瓶, 点, 杯","-0.9753, -1.9003, -2.1407"
10,贴 一 [MASK] 个人 最 心 水 的  。,张,两,-1.4827316999435425,"两, 些, 下","-1.4827, -1.5984, -1.8224"
11,"思念 , 猶如 一 [MASK]  的 刻刀 , 刺入 心窩 , 再 也 拔 不 出來 了 。",把,把,-0.46545979380607605,"把, 柄, 根","-0.4655, -1.4657, -4.3678"
12,可 乐 鸡翅 炖 排骨 美味 的 一 [MASK] ,餐,！,-0.7045589089393616,"！, 。, 个","-0.7046, -0.8989, -4.9631"
13,不过 提前 快 一 [MASK] 钟 交卷 的  真 不错 !,个,分,-0.037651363760232925,"分, 点, 个","-0.0377, -4.0441, -4.9593"
14,"于是 , 我 就 喝 了 一 [MASK]  是 不 是 很 冷 ?",碗,杯,-1.1901408433914185,"杯, 口, 瓶","-1.1901, -1.2674, -2.0129"
15,"坐 在 舱 内 , 我 又 抬 起 头 , 透过 一 [MASK] 大大 的  激光 玻璃 , 我 又 看到 了 星空 , 依旧 是 那么 的 灿烂 。",扇,片,-1.2256202697753906,"片, 块, 面","-1.2256, -1.9385, -1.9394"
16,今天 拍 全 [MASK]  !,家,景,-1.5668197870254517,"景, 部, 集","-1.5668, -2.4684, -2.7034"
17,"在 武汉 的  我 总是 问 你 我 爱 你 你 爱 我 吗 , 每 [MASK] 听到 你 说 我 爱 你 的 时候 我 真 想 大 声 地 告诉 大家 你 是 我 的 , 这 就 是 我 表达 我 心 中 喜悦 的 方式 , 呵呵 , 很 蠢 !",次,次,-0.2945657968521118,"次, 当, 每","-0.2946, -1.7156, -2.8420"
18,一 [MASK]  奶茶 。,杯,杯,-0.3844859004020691,"杯, 碗, 瓶","-0.3845, -2.6174, -3.1131"
19,"意大利 杏仁 红 茶 配 焦糖 布丁 , 绝赞 又 找到 一 [MASK] 搞 贵宾 活动 的 好 ",个,个,-0.3058184087276459,"个, 家, 位","-0.3058, -1.8661, -3.3490"
20,这 [MASK]  将 能 对抗 痴呆症 对人 的 影响 。,种,样,-0.9510544538497925,"样, 些, 也","-0.9511, -1.1394, -1.9775"
21,"难得 双方 家长 都 甘 开明 , 呢 [MASK]  拍 得 真系 好 愉快 。",个,次,-1.5984690189361572,"次, 张, 片","-1.5985, -2.1825, -2.2053"
22,"射手座 常 把 爱情 当成 一 [MASK]  , 喜欢 的 是 不 去 约束 他 的 人 。",场,切,-1.1764196157455444,"切, 种, 束","-1.1764, -2.3508, -3.0169"
23,"两 [MASK]  来 状态 一直 不 好 , 辞旧迎新 , 状态 得以 恢复 。",个,年,-0.018773745745420456,"年, 周, 天","-0.0188, -4.6658, -5.1112"
24,我 在 这里 徐汇区 一 [MASK]  在 上海 好 无聊哦,个,直,-1.962604284286499,"直, 起, 个","-1.9626, -2.1828, -2.8553"
25,"夏茗悠 8 记忆 中 的 阳光 总是 明亮 耀眼 , 使 人影 无处 藏身 , 哪怕 是 最 屈辱 最 悲伤 的 日子 , 湛蓝 如洗 的 天空 也 不 带 一 [MASK]  。",丝,丝,-1.4174118041992188,"丝, 点, 角","-1.4174, -1.8281, -2.6610"
26,"一 [MASK]  上班 , 下班 , 吃饭 , 睡觉 , 周末 回家 , 时间 仿佛 回到 了 一 年 前 , 却 又 似 不 一样 。",个,天,-1.2008693218231201,"天, 起, 直","-1.2009, -1.4259, -2.4140"
27,"哎 , 有点 想 我 的 室友 了 同 床 共 枕 过 的 张青 , 对床 的 晓青 , 还 有 早起 的 晓珍 , 高 二一 [MASK] 吃 饭 的 ",起,起,-0.12336011230945587,"起, 班, 同","-0.1234, -3.6670, -3.9417"
28,20111124 [MASK]  风舞 誓死 改掉 拖延 症亲 。,盒,凌,-2.930675745010376,"凌, 风, -","-2.9307, -3.1700, -3.8822"
29,"省 政协 委员 刘立平 昨天 向 记者 介绍 他 的 一 [MASK]  , 建议 http t cn z0gjQlw 分享 自 这 不 能 搞 山寨",份,生,-0.4047066569328308,"生, 切, 事","-0.4047, -2.3200, -2.4410"
30,"用 热 脸 去 贴 别 [MASK]  , 只 能 说 自己 个人 犯贱 !",个,人,-0.0021199388429522514,"人, 的, 处","-0.0021, -6.6131, -8.1687"
31,虽 说 鸥翼 真的 是 [MASK] 大  !,个,很,-0.40131261944770813,"很, 好, 巨","-0.4013, -2.0328, -2.9290"
32,"我 的 人生 , 就 像 眼影 一樣 的 弧度 , 画成 一 [MASK] 不 怕 枯萎 的  , 無論颳風 暴雨 , 衹要 還剩 一口氣 , 我還 是 堅持 走 自己 的 路 , 微笑 地 面對 所有人 的 目光 与 論語 , 讓別 人 說去 。",片,個,-1.3453081846237183,"個, 顆, 條","-1.3453, -2.2795, -2.3163"
33,好在 有 俄 的 小 3 [MASK]  拖 不然 真的 死 了 不过 还 是 差,门,在,-1.128541350364685,"在, 陪, 帮","-1.1285, -2.0822, -3.2758"
34,"努力 了 整个 下午 , 加上 老屋 , 一共 贴 了 四 [MASK]  。",副,张,-0.5599245429039001,"张, 次, 页","-0.5599, -2.8604, -3.5745"
35,我 想 换 [MASK] 微博  。,个,个,-0.10055498778820038,"个, 条, 换","-0.1006, -3.9420, -4.8373"
36,"小 七 祝 大家 好 事 接 2 连 3 , 心情 4 [MASK]  , 生活 5 颜 6 色 , 7 彩 缤纷 , 偶尔 8 点 小 财 , 烦恼 抛 到 9 霄 云外 !",季,色,-1.8554632663726807,"色, 好, 美","-1.8555, -2.0900, -2.4706"
37,我 那 天 突然 翻到 于江 给 我们 写 得 信 有 [MASK]  是 恁哎 的 有 一 天 1 看到 j 问 食堂 排队 的 人 长 不 长 然后 j 就 说 不 长 但是 好 粗 喔 哈哈 她 那个 时候 好 可爱喔,个,的,-1.6953773498535156,"的, 真, 点","-1.6954, -2.3480, -2.5182"
38,第一 [MASK] 3 点  何 其 悲惨,次,集,-2.1912624835968018,"集, 季, 到","-2.1913, -2.3464, -2.7231"
39,被迫 参加 一口气 喝掉 一 [MASK] 可乐  的 可怜 小 朋友 。,罐,瓶,-0.98898845911026,"瓶, 杯, 罐","-0.9890, -1.3079, -1.5093"
40,"一 [MASK] 爱笑 的  , Aom 不 笑 的 时候 都 那么 漂亮 , 笑 起来 简直 美死 了 !",个,个,-0.436107873916626,"个, 群, 直","-0.4361, -1.9783, -3.0049"
41,"剪 左 [MASK] 好 难 看 的  , 快快 长 啊 , 怎么 办 , 我 输 了 一 票 , , ,",个,边,-0.8234968781471252,"边, 手, 眼","-0.8235, -2.5006, -3.1330"
42,"在 10 岁 时 , 沃兹尼克 就 自己 设计 并 组装 了 一 [MASK] 晶体管  。",台,个,-0.4984225034713745,"个, 条, 组","-0.4984, -2.8261, -3.3419"
43,"半 [MASK]  了 , 还是 打 不 到 车 !",个,天,-0.555963397026062,"天, 夜, 年","-0.5560, -1.8473, -2.0016"
44,"如果 有 这样 一 [MASK]  , 我 会 爱 他 !",个,天,-0.06478739529848099,"天, 个, 人","-0.0648, -3.7402, -4.0455"
45,"武警 部队 已 列装 四 [MASK] 野战 宣传 文化 装备 新华网 消息 金秋  , 当 文化 一 词 成为 国人 关注 焦点 之际 , 记者 来到 威名 远播 的 英雄 皮旅 武警 驻 无锡 某师 , 探寻 和 感受 当今 中国 警营 基层 官兵 的 文化 生活 。",级,种,-0.8617879152297974,"种, 批, 大","-0.8618, -2.1473, -2.3517"
46,"分享 一 [MASK]  韩国 各 大 组合 队长 人气 比拼 第六 期 9 进 8 给 大家 , 欢迎 大家 来 投票 !",个,下,-0.1556326001882553,"下, 组, 个","-0.1556, -3.7448, -3.8034"
47,"以前 信奉 的 是 不 在 一 [MASK]  上 吊死 , 走 了 很久 后 发现 却 在 树林 里 迷失 了",棵,起,-0.7960529923439026,"起, 路, 树","-0.7961, -1.7456, -3.1280"
48,大年初三 冷 雨夜 两 [MASK]  系 路 中间 求撞 。,个,车,-0.9889712333679199,"车, 人, 辆","-0.9890, -2.1802, -3.2002"
49,"这个 年 过 得 真 忙碌 家 里 的 空调 二十四 小时 开 室温 也 只有 十五 度 , 于是 我 又 开始 埋怨 装修 时候 的 这 的 那 的 真 想 买 [MASK] 小  对 着 烤 !",个,个,-1.0368596315383911,"个, 小, 大","-1.0369, -1.5741, -2.5906"
50,收到 让 有 [MASK] 减肥 的  骑 着 卡拉车 送来 的 衣服 啦 真心 性感 啊 !,个,在,-1.8254647254943848,"在, 心, 想","-1.8255, -1.9233, -2.2290"
51,"今年 七月 , 当 我 打开 我 国内 的 号码 , 我 希望 会 是 上 百 [MASK] ",条,。,-0.015530216507613659,"。, ！, ？","-0.0155, -4.2538, -7.2413"
52,"本来 以为 看 两 [MASK]  , 再 喝 杯水 就 到 了 , 结果 看 完 格蕾 喝完 水 我 就 不 行 了 继 晕车晕 火车 后 , 我 竟然 晕机 !",集,遍,-0.71778404712677,"遍, 集, 天","-0.7178, -1.3973, -3.1171"
53,"家庭 是 孩子 成长 的 摇篮 , 父母 是 孩子 的 第一 [MASK]  。",任,任,-0.8438167572021484,"任, 人, 线","-0.8438, -2.0015, -2.2192"
54,其实 两 [MASK]  在一起 彼此 之间 一定 要 互相 信任 。,个,人,-0.2856869101524353,"人, 个, 性","-0.2857, -1.9171, -4.2224"
55,"book 到位 , 下 [MASK]  先 去 啦 。",次,次,-0.358900249004364,"次, 午, 回","-0.3589, -1.7892, -3.1346"
56,"瘦 腿 零 负担 每 天 晚上 , 放 一 [MASK]  , 水温 不 宜 过 高 , 将 腿 浸泡 1015 分钟 。",盆,盆,-1.0790824890136719,"盆, 杯, 水","-1.0791, -1.6329, -1.6907"
57,"这些 天 宝宝 白天 总是 很 难 哄 , 不 爱 自己 玩 不 爱笑 不 爱 说话 , 今天 是 姥姥 抱 着 睡 的 , 上午 就 开始 睡 , 一 觉 就 是 四 [MASK]  , 醒来 之后 又 笑 又 玩 , 真好 !",个,天,-0.7415267825126648,"天, 点, 次","-0.7415, -0.8491, -4.4939"
58,"让 我们 来 猜测 这 [MASK]  级别 的 牛人 最后 的 策略 他 能否 攻破 第十 道题 , 他 怎么 冲刺 !",位,个,-0.2998522222042084,"个, 一, 样","-0.2999, -2.3332, -2.7753"
59,"北方 每 年 都 要 给 老 祖宗 烧 [MASK]  , 放放炮",点,香,-0.2705223858356476,"香, 火, 烤","-0.2705, -2.5062, -3.7267"
60,没 多久 就 要 去 [MASK]  !,趟,了,-0.41690561175346375,"了, 啦, 咯","-0.4169, -1.9501, -2.6261"
61,"绵绵 细雨 晨 , 漫漫 人生路 [MASK]  深 , 淡淡 品味 真 。",丝,，,-1.6321653127670288,"，, ,, 更","-1.6322, -1.7513, -1.8035"
62,"快 看 最新 一 集火影 漫画 , 九 [MASK] 正式  鸣 人 了 !",尾,尾,-0.4403209388256073,"尾, 九, 黎","-0.4403, -2.6649, -3.9167"
63,还 有 这 一 [MASK]  让 我 听 不 真切 的 英语,口,段,-1.4001294374465942,"段, 句, 些","-1.4001, -1.6688, -1.8762"
64,赵薇 还 算 一 [MASK]  吗 ?,线,个,-1.0161206722259521,"个, 姐, 般","-1.0161, -2.1799, -2.2012"
65,睡 到 现在 好 强大 阿熬夜 通宵 的 人 伤 不 起 伤 不 起 今晚 又 不 用 睡 了妹 了 [MASK]  的,个,妹,-0.7323859333992004,"妹, 姐, 啊","-0.7324, -3.4047, -3.7758"
66,"这里 一 [MASK]  混乱 的 , 胜迪 你 快点 来 !",堆,片,-0.7749151587486267,"片, 定, 直","-0.7749, -1.5105, -2.4685"
67,"到 是 虚伪 自私 的 动物 , 没有 一 [MASK]  可以 爱 别人 多 嘎爱 自己 , 那 满口 的 谎言 , 又 或许 让 人 觉得 幸福 , 一旦 谎言 被 拆穿 , 那些 到 变得 虚伪 , 虚 伪 得 让 我 觉得 恶心",个,个,-1.2215646505355835,"个, 天, 人","-1.2216, -1.8493, -1.9381"
68,搞 半 天 九 [MASK]  九 喇嘛 。,尾,十,-1.2523703575134277,"十, 点, 九","-1.2524, -2.6609, -3.0834"
69,"朋友 趾高气昂 的 拍拍 肚子 说 , 就 当 里面 多 了 [MASK]  。",个,吧,-1.4342844486236572,"吧, 点, 肉","-1.4343, -2.0183, -2.2893"
70,"我 刚刚 在 爱 问 共 享 资料 上 传 了 资料 , 欢迎 大家 下载 分享 C0204 傅立叶 选集 第二 [MASK]  更 多",卷,卷,-0.8594897985458374,"卷, 部, 辑","-0.8595, -2.0357, -2.3666"
71,哎 又 是 一 [MASK] ,个,。,-0.46371546387672424,"。, ！, ？","-0.4637, -1.1217, -3.4024"
72,"最近 流行 盼望 明君 能 臣 , 寄望 人品 运气 改变 中国 , 昨友人 举例 张居正 一 [MASK]  让 明朝 进步 。",条,举,-1.8968322277069092,"举, 事, 定","-1.8968, -2.3884, -2.5512"
73,"汕头 , 姐肥 来 了 , 坐上 第一 [MASK]  , 不得不 说 , 汕头 的 公车 真 破 。",班,车,-1.745753526687622,"车, 班, 排","-1.7458, -1.8010, -2.1378"
74,"三亚 免税店 , 人山人海 , 这 [MASK]  的 真 长 。",队,真,-0.932948887348175,"真, 走, 拍","-0.9329, -2.5789, -3.3973"
75,"这 是 一 [MASK] 新 的 微博  , 电商 的 , 求 大家 关注 !",个,个,-0.10909710824489594,"个, 条, 篇","-0.1091, -2.7540, -4.9792"
76,加 了 三 [MASK] ,节,。,-0.258259117603302,"。, ！, ？","-0.2583, -1.8913, -2.6577"
77,"好 惨 啊 , 5 [MASK] 一  都 中 捂到 奖 , 得 份 朱古力 安慰 奖 。",分,选,-2.1347737312316895,"选, 期, 年","-2.1348, -2.3784, -2.4260"
78,你 [MASK] 扑街仔  医生 吓 到 我 喊 左 。,个,个,-2.0187225341796875,"个, 吓, 好","-2.0187, -2.5460, -3.3302"
79,"所以 不 好意思 要 先 借用 一下妳 的 照片 写 [MASK]  了 哦 , 敬请 期待 !",个,文,-1.484936237335205,"文, 好, 下","-1.4849, -1.6636, -2.2202"
80,若 你 想 哭 停顿 一下 请 把 我 的 这 [MASK]  在 脑子 里 反复 读 下去 今时 不同 往日 读到 你 的 泪水 干 了 你 就 懂 了 。,句,句,-1.0318037271499634,"句, 段, 话","-1.0318, -2.0096, -2.2017"
81,"对 我 来说 做饭 一直 就 跟 吃饭 一样 简单 , 但是 因为 懒 得 做 , 直接 导致 在 美国 一年半 没有 好好 做 过 一 [MASK] 中国  。",顿,次,-0.133967787027359,"次, 趟, 回","-0.1340, -3.5850, -3.7430"
82,"群号 208176478 , 只要 是 玩 摇滚 爱 摇滚 的 高中生 , 都 速速 加入 吧 大家 帮忙 转起 , 扩散 给 身边 每 一 [MASK] 玩 摇滚 的  !",个,个,-0.14833228290081024,"个, 位, 群","-0.1483, -2.0601, -5.6919"
83,"大年初二 , 训咗 几 [MASK]  又 爬 起身 返 老爷 屋 企 , 系咯 , 唔系 返 外 家吖",个,天,-0.916084885597229,"天, 日, 晚","-0.9161, -2.0802, -3.3271"
84,某 [MASK]  青春 戛然而止,个,天,-1.508523941040039,"天, 个, 日","-1.5085, -1.8077, -2.1675"
85,"不管 了 , 爱咋 地 咋地 , 一 [MASK]  过 的 最 好看 动漫 去 看 动漫 去 作业 神马 的 一会儿 再 说 !",个,年,-0.9795829057693481,"年, 生, 天","-0.9796, -1.4453, -2.4705"
86,真的 好 累 一 [MASK]  就 要 出去 WeicoLomo,起,早,-0.4656639099121094,"早, 下, 天","-0.4657, -2.4451, -3.7002"
87,这 几 天 一直 在 吃 这 两 [MASK] ,样,。,-0.28633320331573486,"。, ！, ？","-0.2863, -1.5259, -3.7775"
88,新 一 [MASK] 的  欲 貌似 又 挑头 了 !,轮,年,-1.1239230632781982,"年, 轮, 次","-1.1239, -1.6711, -2.2673"
89,那 [MASK]  会 出现 的 !,个,就,-1.7977118492126465,"就, 才, 里","-1.7977, -2.2255, -2.3454"
90,"哇塞 今天 打 斯诺克 , 做 了 一 [MASK] 我 自己 都 无法 想象 的  , 对面 崩溃 , 只 能 把 白 球 捅 进洞 , 哎 QQ 这个 应该 管管",杆,个,-1.1212761402130127,"个, 些, 件","-1.1213, -1.5219, -1.6048"
91,"刚刚 发现 的 , 在 页面 右上方 有 一 [MASK]  呢 , 上面 点缀 着 红红 的 梅花 , 看上去 很 漂亮 , 心情 也 会 变好 呢",棵,块,-1.6161870956420898,"块, 个, 张","-1.6162, -1.7696, -2.7182"
92,"好 想好 想稳人 陪 我 去 吃拧 [MASK] 日式 蛋  啊 , 好 想 吃 啊 。",个,个,-1.9974578619003296,"个, 的, 种","-1.9975, -2.3817, -3.1774"
93,上传 了 7 [MASK]  到 相册 纯纯 的 爱恋,张,张,-0.11531335115432739,"张, 页, 片","-0.1153, -3.5296, -5.3067"
94,"这 两 天 遇到 第三 [MASK] 交通  了 , 大过 年 的 , 希望 人 没事 , 大 车 烧 空 了 好像",个,次,-0.6650117039680481,"次, 天, 条","-0.6650, -2.5517, -2.8671"
95,开 了 [MASK]  喝 了 。,支,，,-0.4366827607154846,"，, 就, 、","-0.4367, -2.3436, -2.9894"
96,"2012116 , 彻夜 难眠 , 一 林 到 买 左 手机 , 一 [MASK]  都 无 , 生活 受到 威胁 , 就 觉得 后 悔 啦 !",分,点,-2.0051937103271484,"点, 切, 个","-2.0052, -2.4752, -2.8116"
97,"手机 掉 了 , 里面 哪怕 有 再 重要 的 资料 , 报案 不 说 是 被 偷 的 , 人民 警察 死活 都 不 肯 帮忙 哪怕 只 要 一 [MASK]  就 能 找回 。",个,下,-2.168642282485962,"下, 次, 手","-2.1686, -2.2649, -2.4665"
98,至今 我 还 后怕 的 那 [MASK]  !,个,个,-1.4000831842422485,"个, 种, 天","-1.4001, -2.3025, -2.3564"
99,"2 你 可以 是 一 [MASK]  , 没 必要 总是 仰视 别人 而 叹息 自己 。",道,个,-0.830713152885437,"个, 人, 切","-0.8307, -2.1695, -2.4099"
100,忙碌 了 一 天 多么 辛苦 呀 追 了 四 [MASK]  有点 沉重 了 笑点 只 是 插曲 主 旋律 还是 令 人 发指 的 现实 猛 啊 猛 你 咋变 成 这样,集,天,-1.1502947807312012,"天, 集, 年","-1.1503, -1.6136, -2.1059"
101,"啊啊 啊 , 第一 [MASK] 这么 ",次,次,-0.05741703882813454,"次, 个, 天","-0.0574, -4.2020, -4.7228"
102,"珠海 天气 20120122 早 今天 星期日 , 珠海 白天 到 夜间 小  , 气温 148 , 北风 34 [MASK] 明天 小 雨 , 气温 118 。",级,",",-0.2519596517086029,",, ;, 。","-0.2520, -3.1977, -3.2552"
103,"一 [MASK]  后 , 我们 依然 什么 都 不 是 。",个,年,-0.07453231513500214,"年, 天, 周","-0.0745, -3.8489, -3.9693"
104,"还是 做 人 值得 被 信任 总 有 被 咨询 的 需要 , 无奈 有时 自身 能力 不足 , 无法 给予 答案 , 到 这 [MASK]  很 幸福 。",种,里,-0.2181890457868576,"里, 儿, 也","-0.2182, -3.3793, -3.6760"
105,"仅 半天 没 照理 手机 , 竟 一下 收到 二百多 [MASK] 祝愿 和  , 很 感动 呀 。",条,条,-1.071141242980957,"条, 封, 个","-1.0711, -1.1099, -1.8886"
106,"候车室 的 书店 看到 一 [MASK] 感 兴趣 的  , 准备 寒假 拿 回去 实践 一下",本,些,-0.31854066252708435,"些, 堆, 个","-0.3185, -2.7127, -2.9821"
107,"闹钟 七 点 就 响 了 , 我 还 在 被窝 里 下 决心 , 我 就 是 [MASK]  薄弱 的 人 , 一 想到 又 是 一 天 的 大会 , 更 不 想 起床 了",个,个,-0.18513140082359314,"个, 最, 很","-0.1851, -2.7498, -2.8794"
108,过 了 二十 年 浑浑 噩噩 一 事 无成 的 日子 之后 我 希望 可以 改善 下 这 [MASK] 糟糕  不 要 再 这么 混账 下去 了 !,种,么,-0.4473245143890381,"么, 个, 种","-0.4473, -1.8630, -2.5717"
109,很 奇怪 当 听到 那 [MASK]  的 时候 我 为什么 会 笑 那么 久,句,句,-0.6223394274711609,"句, 话, 个","-0.6223, -2.5250, -2.7282"
110,我 在 这 拜 [MASK] 早年  拜年 mk 拜 年,个,年,-0.02992662601172924,"年, 。, ！","-0.0299, -4.6611, -6.1105"
111,视频 打工仔 建 15 [MASK]  赠送 村民 入住 过 新年 分享 自,栋,套,-1.7034960985183716,"套, 房, 年","-1.7035, -1.8566, -2.2174"
112,帮 爸爸 买 的 彩票 二 [MASK]  不过 阿爸 说 那 是 我 下下 学期 的 学费,等,，,-1.3740859031677246,"，, 十, ...","-1.3741, -2.0429, -3.0705"
113,明天 还 有 一 大 [MASK]  呢 。,段,早,-0.24778129160404205,"早, 班, 半","-0.2478, -3.0971, -3.7509"
114,吃 了 一 [MASK] 泰诺  的 困醒 去 这 该 是 多 幸福 的 事情吖,粒,口,-1.5585063695907593,"口, 点, 顿","-1.5585, -2.2047, -2.4415"
115,哈哈哈 笑死 了姐 今天 也 切 了 一 [MASK] 愤怒 的 甜椒 好 愤怒 的  。,个,个,-1.0300261974334717,"个, 些, 颗","-1.0300, -1.8936, -2.8405"
116,这样 好吗 一 [MASK] 方便面 加  给 我 吃 撑 了,袋,碗,-1.091781735420227,"碗, 个, 份","-1.0918, -1.7102, -2.7296"
117,"世界 最 有名 的 四 [MASK] 塔类  埃菲尔 铁塔 台北 101 东京 铁塔 迪拜塔 , 你 想去 哪里 ?",幢,大,-0.485632061958313,"大, 座, 个","-0.4856, -1.7375, -1.8317"
118,后面 那 [MASK]  黄 围脖 的 祝 她 快乐 吧,个,个,-0.3473604619503021,"个, 位, 些","-0.3474, -2.1469, -3.8698"
119,读 问好 灌水 表情 灌水 表情 灌水 表情 看到 yanzj 的 博文 一 [MASK] 飘 走 的 彩云 有感而发 的  。,朵,片,-1.4806015491485596,"片, 路, 起","-1.4806, -1.6319, -2.5330"
120,"兔年 的 最后 一 天 , 持续 感冒 中 , 我 已经 失去 嗅觉 , 估计 要 吃 一 [MASK] 食之无味 的  了",顿,顿,-1.2098650932312012,"顿, 些, 口","-1.2099, -1.9288, -1.9927"
121,发狼们 太 拽 了 寻遍木 有 开业 了 的 刚刚 全部 吹干 一 [MASK]  毛 累死 老娘 我 了 手臂 都 举 不 起来 了,头,撮,-1.8560690879821777,"撮, 坨, 堆","-1.8561, -2.4864, -2.4949"
122,"千 [MASK]  可惜 了 , 美女 老师 被 OOXX 男人 帮 恶夜 惊魂 天堂 口 大情人 疯狂 的 石头 我 的 娜塔莎 Hello 小姐 拿 什么 拯救 你 , 我 的 爱人 刀尖 上 行走 今夜 有 戏 欲望号 列车 写真 毒刺 疯狂 的 石头 青 木瓜 之 味 魔鬼 屠夫 香奈儿 的 秘密 情史",部,万,-0.15549777448177338,"万, 千, 太","-0.1555, -4.0144, -4.3426"
123,各位 过 [MASK] 好  啊 。,个,得,-0.1672373116016388,"得, 的, 年","-0.1672, -1.9854, -5.2020"
124,"父亲 给 小 米 买 了 双 皮鞋 , 一 [MASK]  之后 爸爸 问 小米 新 鞋 买 了 , 怎么 不 见 你 穿 呀 ?",个,天,-0.5686377882957458,"天, 年, 周","-0.5686, -1.6878, -1.7161"
125,"身 未 动 , 心 已 远 , 在 风景 展区 发布 20 [MASK] ",组,。,-0.2027720808982849,"。, ！, ？","-0.2028, -1.7509, -5.3559"
126,"酒 搞 多 了 , 现在 醒 了 , 口干 舌躁 , 两 [MASK]  , 真 TM 爽 !",杯,杯,-1.8901758193969727,"杯, 喝, 天","-1.8902, -2.3014, -2.3333"
127,"六味 地黄丸 , 你丸 我 也丸 , 一 天 六十 [MASK] ,  有 冲劲儿 不 来 一 发么 ?",粒,丸,-1.4092367887496948,"丸, 粒, 克","-1.4092, -1.8528, -2.1571"
128,"爹娘 给 我 上 了 堂课 , 主题 是 我 要 嫁 [MASK] 什么样 的  。",个,个,-0.3346163332462311,"个, 给, 成","-0.3346, -2.1447, -2.2034"
129,"但是 两 [MASK] 之间  了 六 年 , 结构 已经 荡然无存 。",卷,者,-0.11443299800157547,"者, 人, 个","-0.1144, -3.3447, -4.9583"
130,激动 到 我 TV 第三 [MASK]  !,季,次,-1.1891506910324097,"次, 眼, 天","-1.1892, -2.3534, -2.5152"
131,"刚刚 在 德克萨斯 扑克 游戏 中 与 同桌 PK , 以 一 [MASK] 葫芦  赢取 了 2080 筹码 !",手,个,-0.7514715790748596,"个, 根, 条","-0.7515, -2.0096, -2.4884"
132,刚才 出门 走 一 [MASK] 去 邮局 的  是 对 的 人家 今天 最后 一 天 班 我 不仅 买到 了 邮票 还 把 信 和 明信片 放 在 了 邮局 那 没有 风吹雨淋 的 邮箱 里 不过 估计 人家 年 后 才 会 寄 得 出去 了 。,遭,走,-0.901972234249115,"走, 趟, 圈","-0.9020, -1.4575, -2.1513"
133,见 着 [MASK] 学 的 好 不 如 嫁 的 好 的 活 例 咳 太 负面 太 负面 ,个,个,-1.7950334548950195,"个, 这, 你","-1.7950, -2.3834, -2.4101"
134,"要 把 它 过得 尽量 像 自己 想要 的 那 [MASK]  , 才 对",个,样,-0.00407284265384078,"样, 种, 般","-0.0041, -6.4163, -6.6831"
135,"一 [MASK]  拖完 , 累",口,直,-1.8423608541488647,"直, 天, 次","-1.8424, -1.9606, -2.3463"
136,总结 一 [MASK]  正 !,个,下,-0.6275247931480408,"下, 个, 点","-0.6275, -2.3059, -2.4890"
137,一 [MASK]  那 木 早 回家 好 冷呐,个,早,-2.223731279373169,"早, 天, 看","-2.2237, -3.0261, -3.5731"
138,"冷 到 发抖 , 但是 打开 衣柜 又 不 想 穿 那件 羽绒服 , 于是 下 一 [MASK]  汤圆 , 结果 一 吃 , 顿时 整个 人 火 起来 热 !",楼,个,-0.6457018256187439,"个, 碗, 盘","-0.6457, -2.1498, -3.3132"
139,地球 上 两 [MASK]  能 相遇 不 容易 作 不 成 你 的 情人 我 仍 感激,个,人,-0.11882030963897705,"人, 个, 者","-0.1188, -3.8814, -4.9522"
140,"两 [MASK] 寂寞  系 度 饮野 , 倾 到 无野 倾 开始 倾 魔兽 世界 为了 部落",个,人,-1.1635658740997314,"人, 个, 边","-1.1636, -1.3318, -3.6400"
141,我 参与 了 想 khuntoria 或 其中 一 [MASK]  快乐 大 本营 ?,员,个,-0.10807982087135315,"个, 项, 场","-0.1081, -4.0408, -4.5655"
142,"2 常州市 武进区 6 [MASK]  新年 打头阵 , 土地 出让 向 乡镇 蔓延 。",宗,.,-0.8451262712478638,"., 月, 、","-0.8451, -1.5217, -2.3949"
143,新手 司机 的 72 [MASK]  留 着 等 自己 买车 的 时候 能 用 的 上 。,个,，,-2.60264253616333,"，, 备, 号","-2.6026, -3.3795, -3.5496"
144,"亲爱 的 们来 听 首 歌 吧 , 一 开始 我 还 以为 是 胡 歌唱 的 确实 挺 好听 的 TVT 但是 带 不 回宫 1 的 那 [MASK]  了 听 哭 了 我 也 不 知道 为何 何晟铭佛 说",种,段,-1.8131595849990845,"段, 首, 曲","-1.8132, -1.8196, -2.1158"
145,那 人 说 我 七 年 后 会 有 一 [MASK] 大  会 吗,番,个,-0.9857094287872314,"个, 次, 场","-0.9857, -1.0357, -1.4458"
146,海鸟 跟 鱼 相爱 只 是 一 [MASK] ,场,。,-0.3674694299697876,"。, ！, ？","-0.3675, -2.4663, -3.1830"
147,"如果 没有 强大 的 有 公民 意识 的 中产 阶级 的话 , 导致 的 结果 很 可能 不 是 积极 的  而 是 一 [MASK] 暴民 治理 。",个,种,-1.0376100540161133,"种, 个, 场","-1.0376, -1.1920, -1.4251"
148,这 几 天 来 家 里 拜年 送礼 的 较 多 刚才 发现 一 [MASK]  牛 纯 牛奶 我 勒个去,箱,瓶,-1.758298397064209,"瓶, 杯, 些","-1.7583, -2.1275, -2.3778"
149,今年 照 的 第一 [MASK]  !,张,張,-0.6751194596290588,"張, 张, 次","-0.6751, -1.2867, -4.3645"
150,据说 现在 三 [MASK] 之  到手 月 收入 在 1W 到 1W5 的 家庭 幸福 指数 最高 。,口,分,-0.8484923243522644,"分, 年, 万","-0.8485, -2.3119, -3.2614"
151,"小 明 怎么 都 想 不 出来 , 一 看 答案 只 见 上面 写 的 是 一 [MASK] 害羞 的  !",匹,个,-0.26592928171157837,"个, 只, 句","-0.2659, -3.0522, -3.6085"
152,"连 他 都 这样 说 我 真的 很 伤心 , 我 不 是 没有 反省 我 也 知道 我 说话 不 经过 大脑 , 但是 竟然 没有 一 [MASK]  理解 我 , 真的 很 伤心",个,个,-0.49818018078804016,"个, 人, 方","-0.4982, -1.2086, -3.7866"
153,"喝 了 一 [MASK]  就 有 点晕 , 我 没有 这么 水货 吧 ?",杯,口,-0.8827288746833801,"口, 下, 会","-0.8827, -1.9187, -1.9540"
154,20120124 第一 [MASK] 这  地 。,记,站,-0.9242693185806274,"站, 次, 天","-0.9243, -1.1322, -2.3438"
155,"这个 问题 隔天 被 愤怒 的 斑竹 删掉 了 , 于是 有 人 建议 发贴者 如果 你 觉得 有 气 的话 , 给 斑竹 发 [MASK] AIDS  把 他 毒死",个,信,-1.4148104190826416,"信, 帖, 贴","-1.4148, -1.4619, -2.5276"
156,它 歸類 在 反 物質 Anti Matter 的 那組 照片 中從 第四 [MASK]  二 進去 。,排,十,-1.5887898206710815,"十, 頁, 第","-1.5888, -1.9292, -3.0645"
157,我 各 [MASK]  了,种,来,-3.0846269130706787,"来, 來, 去","-3.0846, -3.1507, -3.1815"
158,我 在 这里 浦东 国际 机场 1 [MASK]  出发 相当 的 奢华,号,号,-1.4188138246536255,"号, 点, 晚","-1.4188, -1.4577, -2.7353"
159,中间 要 行驶 14 [MASK]  才 能 到 北京,个,##km,-0.6088563799858093,"##km, km, 次","-0.6089, -2.9512, -3.1226"
160,"男人 , 永远 不 懂得 好好 守护 那 [MASK] 跟 自己 同 甘 共苦 的  。",个,些,-0.2505377233028412,"些, 个, 位","-0.2505, -1.5974, -5.0497"
161,"好久 没 晒 太阳 了 , 伸 [MASK] 懒  晒晒 太阳 , 好 舒服 !",个,伸,-0.34618079662323,"伸, 个, 懒","-0.3462, -2.1792, -2.2775"
162,"家 里 感觉 真 好 , 哈哈 给 大家 拜 [MASK]  ,",个,年,-0.1510193794965744,"年, 拜, 访","-0.1510, -2.2513, -4.5015"
163,一 [MASK] 没有 爱 过 的  是 没有 资格 谈论 爱 的 。,个,个,-0.06457679718732834,"个, 、, 直","-0.0646, -4.1376, -5.1221"
164,有些 人 不 用 付出 就 可以 得到 想要 的 又 有些 人 就算 付出 多 大 也 未 必 能 得到 半個小時 的 淚水 足以 我 訴出 多 年 的 委屈 謝謝媽媽 開學 一 個月 我會 做好 自己 給你 看 算是 爲了 某些 東西去 努力 爭取 一 [MASK] ,次,。,-1.2271219491958618,"。, 下, ？","-1.2271, -1.7195, -2.1057"
165,IP 地址 的 表示 方法 有 两 [MASK] 二进制 和 点 分 十  。,种,：,-0.978714644908905,"：, 个, 种","-0.9787, -1.0155, -2.6776"
166,"只要 衣服 没有 线头 没有 开裂 没有 破损 , 那么 当 男人 看到 一 [MASK] 好 身材  穿 着 它 时 , 他 永远 不 会 去 想 它 是 啥材料 啥品牌 多少 钱 做工 怎样 。",幅,个,-0.795931875705719,"个, 件, 身","-0.7959, -1.0215, -3.2695"
167,分 不 开心 的 一 [MASK] ,个,。,-0.14451439678668976,"。, ！, ？","-0.1445, -2.8719, -3.1645"
168,今日 细佬 穿 了 [MASK] 李民浩 在 城市 猎人 里面 的 类似 风衣 的  。,件,件,-0.7821953892707825,"件, 套, 个","-0.7822, -2.3193, -2.4463"
169,"左侧 从下 数 第一 和 二 [MASK]  前面 的 肌肉 一 抽 一 抽 的 疼 , 是 为啥 呢 ?",根,排,-2.6858012676239014,"排, 的, 个","-2.6858, -2.7900, -3.0169"
170,讨厌 一 [MASK]  也许 只 需要 一 瞬间,个,下,-1.4539518356323242,"下, 个, 切","-1.4540, -1.4997, -1.5172"
171,"身价 计算 报告 , 你 现在 的 身价 是 39 万 , 身价 状态 每 年 210 [MASK] 的  上涨 快来 算算 你 的 身价 吧 !",分,%,-0.4191899001598358,"%, 倍, 万","-0.4192, -2.1668, -2.9073"
172,"外面 已经 亮起 灯 , 十月 的 夜晚 , 你 在 归家 路 上 听 着 张楚 的 城市 之 光 穿 过 你 的 城市 , 对面 有 一 [MASK]  驶过 。",列,车,-0.5502315759658813,"车, 辆, 船","-0.5502, -2.0055, -2.8069"
173,就 上面 一 [MASK]  三十五,个,百,-0.07016273587942123,"百, 九, 二","-0.0702, -4.1549, -4.7812"
174,"另外 , 每 月 还 将 有 300 [MASK] 自己 微博 的  提醒 , 包括 新 粉丝 新 评论 新 私信 的 通知 。",条,条,-0.22525539994239807,"条, 个, 次","-0.2253, -2.6396, -2.7347"
175,欢乐 马戏团 之 三 [MASK] ,个,。,-0.13065163791179657,"。, ！, ？","-0.1307, -2.1646, -4.9655"
176,吃完 这 [MASK]  减肥 !,碗,样,-1.2457554340362549,"样, 个, 能","-1.2458, -2.2381, -2.4102"
177,"顶 看错 了 , 买 了 [MASK]  的 !",个,新,-1.2577364444732666,"新, 假, 别","-1.2577, -1.5925, -2.9065"
178,"这 [MASK]  不管 你 伤 得 起 不 , 反正 我 伤 不 起 !",种,样,-1.6638422012329102,"样, 次, 个","-1.6638, -1.8225, -2.2521"
179,"昨晚 做 夢夢 到 一 [MASK]  有 你 , 地球 會運轉 得 更 快 高士喬 。",句,天,-1.4251800775527954,"天, 直, 路","-1.4252, -1.5967, -1.9863"
180,"三十 晚 小 墩竟然 画 了 一 [MASK] 完整 的  , 我 当时 就 泪 奔 了 。",副,个,-0.634726881980896,"个, 套, 张","-0.6347, -2.3471, -2.6717"
181,小心 6 [MASK] 乌龙  易 引起 疾病 1 海鲜 与 啤酒 搭配 食用 容易 诱发 痛风 。,种,种,-0.508731484413147,"种, 大, 个","-0.5087, -1.5811, -3.0486"
182,"妈咪 说 抹 [MASK]  还 喊 累 , 以后 嫁人 怎么 办 。",个,牙,-2.6256954669952393,"牙, 了, ,","-2.6257, -2.7047, -2.8318"
183,没有 一 [MASK]  的 天气 真 讨厌,丝,样,-0.7236398458480835,"样, 天, 点","-0.7236, -1.7931, -2.2708"
184,可能 毁掉 我们 的 十 [MASK]  一 没有 责任感 的 享乐 二 不 劳 而 获 的 财富 三 没有 是非 观念 的 知识 四 不 道德 的 生意 五 没有 人性 的 科学 六 没有 牺牲 的 崇拜 七随性 而 出 的 暴躁 八 没有 理性 的 盲从九 没有 克制 的 喜欢 十 恣意 付出 的 恋爱 。,样,个,-1.645775318145752,"个, 件, 事","-1.6458, -2.1995, -2.8667"
185,拜年 了 祝 龙年 顺顺 畅畅 一 [MASK]  !,条,年,-1.0103217363357544,"年, 点, 些","-1.0103, -1.1694, -1.9041"
186,"小 超市 里 前前后后 几 [MASK]  结账 的 人 , 手 里 都 拿 着 泡面 , 当然 也 包括 我 。",个,个,-0.49779075384140015,"个, 乎, 位","-0.4978, -2.4734, -2.5266"
187,"我 一 [MASK]  跳舞 , 从 清晨 到 日暮 。",个,直,-0.39420053362846375,"直, 起, 边","-0.3942, -1.8380, -2.5604"
188,"试问 有 边 日 会 五 [MASK]  , 叫 都 五 应 啊 。",面,应,-0.274322509765625,"应, 人, 日","-0.2743, -5.3156, -5.6084"
189,"我 说 喝 了 一 [MASK]  , 护士 说 你 这 是 饿 的 胃痛 。",碗,点,-1.326282262802124,"点, 口, 杯","-1.3263, -1.7622, -2.4110"
190,可 见 团结 的 重要 如果 几 [MASK]  能够 团结 一心 白 家 早 都 兴盛 起来 了 !,个,人,-0.9537805318832397,"人, 家, 个","-0.9538, -1.4398, -1.9803"
191,"哥俩 好 类 , 来 一 [MASK] 类  bofu 拜年",口,个,-0.7772795557975769,"个, 次, 张","-0.7773, -2.7865, -2.7929"
192,55555 介是 肿么 一 [MASK]  嘛 !,回,回,-1.4467284679412842,"回, 个, 套","-1.4467, -1.7621, -2.8092"
193,"领到 这么 大 一 [MASK]  , 太 给力 了 !",个,包,-1.410273551940918,"包, 份, 笔","-1.4103, -2.3026, -2.3918"
194,"就 情爱 而 言 , 最 悲惨 的 不 是 目光 相遇 一 人 停留 一 人 做 着 穿越 而 是 两 [MASK] 孤独 脆弱 的 灵魂 电光  相互 催眠 , 而 瞬间 即 醒 。",个,个,-0.40064603090286255,"个, 人, 颗","-0.4006, -2.1773, -2.4452"
195,哈哈 原来 我们 家 的 家谱 编制 成 一 [MASK]  了 不错 哈哈,本,套,-1.465441107749939,"套, 起, 组","-1.4654, -2.1435, -2.5243"
196,"错 , 是 我们 领导 的 嘴 , 尼玛 , 一 [MASK]  把 我们 的 年终 奖 扣掉 一半",句,定,-1.680058479309082,"定, 次, 天","-1.6801, -2.4093, -2.4250"
197,好久 没 见 你 了 长大 了 不少 噢 三 [MASK] 多  了,个,岁,-0.7730718851089478,"岁, 年, 十","-0.7731, -0.8277, -2.5106"
198,同事 赵  的 父亲 今晨 去世 周三 要 去 参加 葬礼 赵 老师 是 [MASK] 非常 好 的 老师 !,个,个,-0.5848024487495422,"个, 位, 我","-0.5848, -1.1140, -2.6238"
199,"大海 里 生活 着 一 [MASK] 快乐 的  , 它 很 爱 干净 , 天天 自己 喷水 洗淋浴 , 大家 纷纷 赞叹 它 多 讲 卫生 啊 !",条,群,-1.2639437913894653,"群, 只, 个","-1.2639, -1.2662, -1.3158"
200,"吃 太 饱 睡 不 着 , 带 着 耳机 却 听到 心跳 , 每 一 [MASK] 都 好像 巨人 走 过  着 身体 。",声,秒,-1.0534029006958008,"秒, 步, 次","-1.0534, -1.3688, -2.1538"
201,我 崩溃 中 我 见到 了 一 [MASK]  和 大 话 精于 一身 的 姑娘 妈妈咪 呀 谁 也 无法 阻挡 这 姑娘 了,个,个,-0.1388751119375229,"个, 位, 群","-0.1389, -2.2564, -5.2883"
202,"刚才 梳头 , 不 留神 发现 一 [MASK] 不 属于 黑色 的  。",根,头,-1.5781514644622803,"头, 个, 片","-1.5782, -2.3897, -2.6967"
203,"同事 都 说 我 是 超人 , 各 [MASK]  加班 , 我 总是 开玩笑 说 老子 要 加班 还债 , 可 谁 又 能 懂 , 我 是 在 用 工作 填补 自己 心 中 的 孤寂 。",种,种,-0.08169879019260406,"种, 自, 地","-0.0817, -3.0206, -4.4842"
204,第 84 [MASK] 奥斯卡 提名  揭晓 雨果 艺术家 领跑,届,届,-0.004945446737110615,"届, 次, 座","-0.0049, -6.5685, -7.0563"
205,这 是 我 今天 说 的 第一 [MASK]  。,句,点,-1.054659366607666,"点, 个, 句","-1.0547, -2.0125, -2.2087"
206,"必胜客 我 等 你 的 电话 等 得 好 苦 啊 , 要 我 还是 不 要 我 , 给 [MASK] 痛 快点 的  啊 行 啊 ?",个,我,-0.1811964064836502,"我, 你, 个","-0.1812, -2.0047, -4.6431"
207,节奏 超快 这 [MASK]  超 好看 但是 好 累 啊,种,个,-0.9384727478027344,"个, 张, 段","-0.9385, -1.9149, -2.5398"
208,"你妹 的 , 该 死 的 公司 , 老子 年 后 妥妥 不 伺候 你 了 , 过 春节 连 [MASK]  都 不 给 批 , 去 死 吧 你 , 疯子 老总",个,批,-1.695037841796875,"批, 钱, 发","-1.6950, -2.8553, -3.1466"
209,"一个 [MASK]  结婚 , 有限 的 住房 已 被 分割 得 不能 再 分 , 老人 自己 在 家中 已 无 一块 清静 的 安身之地 , 又 怎 能 再 筑 起 一个 新 巢 呢 ?",个,人,-0.009057889692485332,"人, 家, 个","-0.0091, -6.3198, -6.3370"
210,总算 做掉 一 [MASK]  了 光速 爬 去 碎 觉 起床 还 得 去 看 牙医,件,半,-0.6203768253326416,"半, 切, 次","-0.6204, -1.3059, -3.7897"
211,分享 了 满 88 [MASK]  黑 巫女 蕾丝 手链 戒指 套装 女 腕饰 手绳 复古 饰品 2800,包,元,-0.8249620199203491,"元, 的, 。","-0.8250, -1.6239, -3.5680"
212,"新年 第一 天 , 一 [MASK]  窝 在 我 家 看 电影 , 感觉 还 不错 。",群,直,-0.09021393209695816,"直, 早, 家","-0.0902, -3.9161, -4.1066"
213,"美国 的 一 [MASK] 新  发现 , 吃 苹果 可以 促进 神经 细胞 相互 传递 信息 , 降低 老年 痴呆症 的 发病率 。",项,项,-0.05769648030400276,"项, 个, 种","-0.0577, -3.0783, -5.2415"
214,自己 家里人 吃饭 都 能 喝 多 不 就 是 斗鸡眼 么敷 [MASK]  的 时间 也 不 能 浪费 乡村 小姐妹 感情 深,个,衍,-0.3119484782218933,"衍, 花, 饭","-0.3119, -3.1277, -3.3560"
215,"我 就 开 10 [MASK]  , 说 的 也 还 是 这些 事儿 。",个,了,-2.09857177734375,"了, 年, 个","-2.0986, -2.5344, -2.7585"
216,"反 嘴 之 什麼什 麼沒聽清 , 然後 看到 一 [MASK]  , 那 女 的 想幹嗎 , 結果 那 女人 跑 的 比 兔子 還快 我 看 她 是 不 想 在 東泰 混 了 。",管,個,-1.623856782913208,"個, 張, 句","-1.6239, -1.9533, -2.2087"
217,每 一 [MASK] 的  !,次,天,-1.0178484916687012,"天, 年, 次","-1.0178, -2.1605, -2.5673"
218,"猴哥 的 同学 说 她 哥哥 以前 跟 我 同班 , 她 说 她 哥哥 说 我 超 有 气质 , 心 里 五 [MASK]  , 记得 也 这样 说 过 , 好 想 问 一下 我 现在 是 不 是 毁 了",味,喜,-2.193310499191284,"喜, 彩, 气","-2.1933, -2.7576, -2.8897"
219,2011 快乐 女声 长沙 唱区 预选赛 第二 [MASK] 0092  2011 快乐 女声 可 选 原 画 清晰度 分享自,场,季,-1.1988719701766968,"季, 轮, 期","-1.1989, -1.6359, -2.1100"
220,"赖声川 透露 , 谢娜 将 在 今年 回归 暗恋 桃花源 的 舞台 , 同时 还 将 出演 他 的 另外 一 [MASK] ",部,个,-1.6753153800964355,"个, 角, 部","-1.6753, -1.7239, -2.0335"
221,"肿得 像 猪蹄 , 还 裹 了 一 [MASK] 像 粪便 的  。",层,层,-0.4972264766693115,"层, 团, 些","-0.4972, -2.5737, -2.6944"
222,iphone 不 只 是 一 [MASK]  !,台,個,-1.3346374034881592,"個, 个, 款","-1.3346, -1.5172, -2.3993"
223,"2011 的 最后 一 天 , 这里 的 天气 还 跟 往年 一 [MASK]  !",样,样,-0.0032260543666779995,"样, 般, 致","-0.0032, -6.1524, -9.0232"
224,银行 被 疑 泄露 个人  客户 资料 在 内部 几乎 透明 你 有 没 有 被 各 [MASK] 垃圾 信息 推销 电话 轰炸 的 经历 ?,类,种,-0.10603290796279907,"种, 类, 大","-0.1060, -2.6741, -4.5538"
225,"雨 中 散步 , 一 [MASK] 多么 陌生 而 又 熟悉 的  。",种,个,-1.251786708831787,"个, 切, 件","-1.2518, -2.0423, -2.0513"
226,兔泽 又 多 了 [MASK]  set up 无线 打印机 呢 。,个,个,-0.3925207555294037,"个, 台, 款","-0.3925, -2.6825, -4.4484"
227,"熬 了 一 [MASK]  白天 上班 , 还 说 回来 试试 昨天 捣腾 来 的 小 红 裙 就 碎 叫 结果 一 打开 衣柜 , 衣柜 崩溃 啊 !",个,个,-0.26855137944221497,"个, 天, 大","-0.2686, -1.9877, -3.3762"
228,明天 起床 希望 我 的 手机 就 变 出来 了 亲 你 生日 许愿 的 时候 分 我 一 [MASK]  保佑 我 新 手机 早日 到手 亲 记得 喔亲,个,个,-2.102802038192749,"个, 块, 手","-2.1028, -2.2259, -2.3175"
229,在 首尔 迎来 2012 D3 路口 的 食店 貌似 不少 韩剧 中 的 男 二 会 经营 一 [MASK] 这样 的 小资 ,家,家,-0.5468434691429138,"家, 些, 间","-0.5468, -1.9602, -2.5698"
230,Home sweet home 上 [MASK]  是 什么 时候 ?,次,架,-0.7077239155769348,"架, 线, 市","-0.7077, -1.6204, -1.9603"
231,今天 开 了 一 天 的 三 [MASK]  都 被 抖麻 了,缸,轮,-2.043208122253418,"轮, 天, 阳","-2.0432, -3.3398, -3.8417"
232,"始建 于 1958年 的 鞍钢 冷轧 板 厂 , 是 我国 第一 [MASK] 冷轧  生产 厂家 。",个,家,-0.33932244777679443,"家, 个, 大","-0.3393, -1.6786, -3.2772"
233,"感谢 胖虎 一直 欺负 我 小 夫 一直 向 我 炫耀 , 让 我 和 阿梦 患难 见 真 情 对 不 起 静香 , 我 的 心 里 只 能 装下 阿 梦 一 [MASK]  。",个,个,-0.6833637952804565,"个, 人, 样","-0.6834, -1.7555, -3.2598"
234,重温 了 一 [MASK] 寂静岭  还 是 经典 啊,遍,下,-0.26959162950515747,"下, 遍, 次","-0.2696, -2.4060, -2.5613"
235,啊 哈哈哈哈 哪 [MASK]  ?,个,啊,-2.049860954284668,"啊, 个, 里","-2.0499, -2.1289, -2.3002"
236,"也 对 , 那 [MASK] 知名  会 天天 刷微博来 责骂 其他 艺人 及 粉丝 包括 自己 的",个,些,-0.05549735575914383,"些, 个, 位","-0.0555, -3.9564, -4.3090"
237,贱贱 的 过 完 年 了 我 的 小 脸 圆润 了 一 [MASK] b  还 是 悲好,圈,点,-0.932807207107544,"点, 些, 圈","-0.9328, -1.5118, -2.2502"
238,"恶心 的 东西 我 见 多 了 , 你们 算 [MASK] ",个,！,-0.794182300567627,"！, 。, ？","-0.7942, -0.9192, -1.9142"
239,"作为 一 [MASK]  , 有 权 对 法官 审判 的 公正 作 一下 质疑 , 有 权 对 本 案 中 司法 的 独立性 作出 更 大 的 质疑 。",个,人,-1.2435847520828247,"人, 员, 方","-1.2436, -1.7154, -2.8907"
240,记得 这 [MASK]  吗 ?,张,个,-1.4773578643798828,"个, 里, 些","-1.4774, -1.6764, -2.2213"
241,家乐福 停车 已经 停到 上去 的 那 [MASK]  啦 !,个,边,-0.8958102464675903,"边, 里, 头","-0.8958, -2.1396, -2.6297"
242,我 是 [MASK] 不 好 的  啊 鄙视,个,做,-1.8669068813323975,"做, 最, 很","-1.8669, -2.3468, -2.5307"
243,我 前 两 [MASK]  纯 属 屁憋 的 。,条,天,-0.6773275136947632,"天, 次, 句","-0.6773, -1.9826, -2.8119"
244,"传说 如果 找到 四 [MASK]  的 幸运 草 , 就 能 许愿 , 使 愿望 成真 。",片,季,-0.3509591519832611,"季, 周, 月","-0.3510, -2.9802, -3.1915"
245,"赶 在 生日 前 , 希望 能 用心 的 做出 [MASK]  的 成品 。",个,好,-0.3663896918296814,"好, 我, 新","-0.3664, -2.2522, -2.8600"
246,"你 是 记忆 中 最 美 的 一 天 , 遗忘 的 或许 会 是 一 [MASK] 漫长  的 未来 岁月 。",个,段,-0.11541830748319626,"段, 个, 些","-0.1154, -2.3051, -5.5969"
247,对付 一 [MASK]  最 好 的 办法 就 是 置之不理 。,个,切,-0.41265639662742615,"切, 些, 个","-0.4127, -2.8402, -3.1968"
248,"沃嘉 旅游 厦门 的 悠闲 与 懒散 最 合 小资 胃口 , 鼓浪屿 尤其 是 [MASK]  桃源 。",个,小,-1.2589553594589233,"小, 有, 大","-1.2590, -2.3333, -2.9772"
249,"洛 卡 松 了 口 气 , 这 [MASK]  他 一直 藏 在 心中 , 现在 说 出来 了 , 他 觉得 自己 死 也 没有 什么 遣 憾 了 。",句,些,-1.3041781187057495,"些, 话, 是","-1.3042, -1.3341, -1.8605"
250,"明天 5 点 那 [MASK] 西班牙 国王  的 14 决赛 , 哪 有 转播 吗 ?",场,场,-0.5903008580207825,"场, 是, 个","-0.5903, -1.4248, -2.6827"
251,厦门 也 挺 冷 的 中午 的 当归 米 酒 两 [MASK]  这 会 好 头疼,口,杯,-0.624610960483551,"杯, 瓶, 碗","-0.6246, -1.9513, -2.9390"
252,"一 [MASK]  熊熊 燃烧 , 幸好 有 人 及时 帮 我 浇灭 , tmd 的 已 到 家",团,直,-1.9503169059753418,"直, 火, 阵","-1.9503, -2.3799, -2.8872"
253,各 [MASK]  梦 。,种,有,-1.7070785760879517,"有, 种, 异","-1.7071, -2.2064, -3.5178"
254,过 年 啦 这 [MASK]  的 宝贝 很 幽默 弄 得 我们 大家 都 笑哈哈,位,里,-1.0192553997039795,"里, 次, 边","-1.0193, -1.9211, -2.0841"
255,我 刚 在 MOKO 美空网 发布 了 一 [MASK] 新  服装 片杜 达 女装,组,个,-0.9897698163986206,"个, 款, 组","-0.9898, -1.7011, -2.1053"
256,上传 了 12 [MASK]  到 相册 SNSD,张,张,-0.083738312125206,"张, 页, 幅","-0.0837, -4.6663, -5.1104"
257,祭 天公 的 祭桌 四 [MASK]  都 要 垫金 纸 !,条,周,-0.7216489315032959,"周, 面, 边","-0.7216, -1.0983, -2.9714"
258,"觉得 自己 能 生 在 这样 的 一 [MASK]  , 好 满足 !",个,天,-0.8420344591140747,"天, 年, 家","-0.8420, -1.6984, -2.1680"
259,这 [MASK]  了 吧 ?,回,样,-1.0663031339645386,"样, 好, 算","-1.0663, -2.3193, -2.5233"
260,"回到 学校 , 本 想 吃 [MASK] 开心 的  , 谁 知道 还是 剩菜剩饭 , 心情 都 没 了",个,点,-0.5777292847633362,"点, 个, 得","-0.5777, -2.3453, -2.9795"
261,一 [MASK]  一 世 爱 天涯 遥寄 只 为 你 。,世,生,-0.02455037087202072,"生, 世, 心","-0.0246, -3.9180, -7.4498"
262,"亚亚 说 : “ 妈妈 , 你 看 , 爸爸 要 我 一定 要 把 这 [MASK]  放在 身上 , 千万 不能 弄 丢 , 而且 一定 要 把 你 的 样子 记 清楚 , 这样 , 如果 在 街上 看到 你 , 就 能 认 出来 了 , 不能 会 再 错 过 了 。",张,个,-0.6984069347381592,"个, 些, 包","-0.6984, -1.7233, -2.5325"
263,"无知 加 无耻 , 真 tmd 一 [MASK]  了 !",朵,绝,-2.1653590202331543,"绝, 流, 岁","-2.1654, -2.2791, -2.6919"
264,"如果 你 用 它 来 盛 天 上 的 净水 , 你 就 是 一 [MASK]  。",个,个,-2.0812602043151855,"个, 人, 样","-2.0813, -2.3489, -2.7004"
265,"今天 , 生理 两 [MASK] 妇重点  看完",章,孕,-0.7839667797088623,"孕, 夫, 产","-0.7840, -2.5953, -2.6109"
266,我 在 西 二 [MASK]  营桥 到 西直门 桥 。,环,十,-1.9040796756744385,"十, 军, 道","-1.9041, -1.9149, -2.0856"
267,"2011 年 9 月 中旬 以来 , 香港 离岸 市场 人民币 CNH 一 改 之前 单向 升值 趋势 , 开始 出现 了 一 [MASK] 贬值  。",轮,轮,-1.0846521854400635,"轮, 波, 定","-1.0847, -1.3474, -1.5208"
268,"他们 纷纷 涌 向 大桥 , 争 睹 这 [MASK] 跨度 423 米 , 名列 世界 第二 的  的 英姿 风采 。",座,座,-0.1510934829711914,"座, 桥, 个","-0.1511, -2.7680, -3.7386"
269,"初 一 圆 明讲 [MASK]  , 遇 世博 一样 的 排队 长龙 , 香火 真 是 旺啊",堂,堂,-0.5270853042602539,"堂, 坛, 寺","-0.5271, -1.6126, -2.7784"
270,"第一 [MASK]  年饭 系 上 冷饭 的 , 碟饭 如果 用 来 炒饭 简直 一流 。",次,次,-1.693584680557251,"次, 个, 顿","-1.6936, -2.1910, -2.7278"
271,我 兴高采烈 地 把 红包 一 [MASK]  拆开 然后 再 失望 地 把 钱 重新 放 进去,封,一,-0.5283486247062683,"一, 起, 并","-0.5283, -2.6150, -2.6367"
272,"昨晚 看 着 你 做 家务 的 背影 , 觉得 你 是 [MASK] 有担当 的 , 有 肩膀 的  , 被 你 照顾 着 很 幸福 。",个,个,-0.8511353135108948,"个, 很, 最","-0.8511, -0.8902, -2.5936"
273,不 漂亮 的 女生 都 会 一 [MASK]  那 就 是 十字绣 谁 敢 出来 承认 啊 老婆 我 知道 你 会 的 你 太 久 没 露面 了,门,个,-1.6197013854980469,"个, 看, 样","-1.6197, -2.5469, -2.5539"
274,各 [MASK]  。,种,州,-3.3086347579956055,"州, 部, 縣","-3.3086, -3.5746, -3.6558"
275,你 会 给 儿子 找 一 [MASK] 新  吗 ?,个,个,-0.4474026560783386,"个, 件, 些","-0.4474, -2.6656, -3.1228"
276,但 遗憾 的 是 没有 看到 uk vogue 上 他 受 麦姐 那 [MASK]  做 的 新款 连身 和 内衣,款,样,-0.7391421794891357,"样, 邀, 么","-0.7391, -2.5304, -2.8787"
277,"需要 提醒 的 是 , 银行卡 和 身份证 尽量 不 要 放 在一起 , 如果 不法 分子 同时 获取 这 两 [MASK]  , 就 有 可能 成功 办理 提前 取款 手续 。",件,者,-0.8532375693321228,"者, 个, 种","-0.8532, -1.6303, -2.0656"
278,巢湖 工商 查获 一 [MASK] 假冒 解百 纳 注册 商标 ,批,件,-1.0072667598724365,"件, 批, 个","-1.0073, -1.7825, -1.8774"
279,"这个 破 天气 就 没 见 好 过 , 今天 还 是 除夕加 老爸 的 生日 , 要 不 是 为了 交话费 , 我 才 不 愿意 出 这 [MASK]  !",趟,事,-1.6703238487243652,"事, 呢, 样","-1.6703, -2.2224, -2.5406"
280,"爆笑 风格 喜剧 撒旦 女王 二 [MASK]  即将 登场 , 2012 年 2 月 7 日 到 2 月 19 日 在 D6 哦 !",轮,季,-1.238362193107605,"季, 代, 人","-1.2384, -2.1007, -2.3274"
281,"办公室 的 几 [MASK]  叽叽 喳喳 的 讨论 甄环传 , 论调 特别 幼稚 雷 人 程度 令 人 发指 有点 忍 不 住 想 打断 她们 , 不过 还 是 使劲 憋住 了 。",个,个,-0.5862076282501221,"个, 人, 位","-0.5862, -1.5134, -2.2700"
282,"最 讲 卫生 的 家庭 主夫 每 天 洗碗 后 都 要 擦洗 一 [MASK]  , 所以 我 家 的 厨房 特 干净 !",遍,次,-0.8793322443962097,"次, 遍, 下","-0.8793, -0.9052, -2.2421"
283,"从 另 一 [MASK]  拍摄 的 日出 , 你 有 多久 没 看 过 日出 ?",个,边,-0.5292348861694336,"边, 头, 面","-0.5292, -2.0766, -2.4876"
284,"为 哪样 要 喊阿泰 [MASK] 世界  , 笑死 我 了 。",个,看,-1.4180898666381836,"看, 的, 全","-1.4181, -1.6796, -2.2423"
285,晕无拉拉通 左 [MASK]  无 准备,个,眼,-2.3318490982055664,"眼, 右, 手","-2.3318, -2.3593, -2.3738"
286,"发表 了 博文 2012 年 01 月 21 日 祝福 每 一 [MASK]  龙年 龙马精神 , 全 家 幸福 , 身体 健康 , 万事如意 , 阿弥陀佛",个,个,-0.5152490735054016,"个, 位, 年","-0.5152, -0.9493, -5.6995"
287,"他 亲情 盈盈 , 不 见 挚爱 , 找 [MASK]  只 挠痒 。",个,人,-2.2483394145965576,"人, 我, 他","-2.2483, -2.8513, -2.8683"
288,这 或许 就 是 两 [MASK]  的 分歧 。,辈,者,-0.9982786774635315,"者, 人, 岸","-0.9983, -1.8284, -2.4592"
289,"璇 天才 waitingHee 默默 之中 居然 已经 积累 了 如此 的 人脉 关系 , 2012 [MASK]  注定 会 是 不 平凡 的 一 年 。",对,年,-0.058471694588661194,"年, ,, 也","-0.0585, -3.4152, -5.1236"
290,", 我 投给 了 韩爸 的 百 倍 影响力 , 粉丝 估计 在 3000 万 这 1 [MASK]  。",个,倍,-2.0390625,"倍, 年, 个","-2.0391, -2.1784, -2.4145"
291,番薯 君 回来 了 遥远 时空 传来 一 [MASK] 二  的 呼唤,声,连,-2.2335824966430664,"连, 二, 对","-2.2336, -2.2643, -3.0511"
292,16 [MASK]  前 到达 威尼斯 。,个,点,-0.45561710000038147,"点, 天, 年","-0.4556, -1.6016, -3.2776"
293,"南宋 晚期 , 咸淳 四年 1268 年 浙江 德清 吴奥墓 出土 的 一 [MASK] 龙泉  和 此 器 类似 。",件,件,-0.8817273378372192,"件, 个, 尊","-0.8817, -2.6310, -2.9647"
294,"切 香肠 是 [MASK]  , 切 得 好看 就 好吃 , 切 得 狗 啃 似 的 就 难吃 。",个,刀,-2.9376862049102783,"刀, 爱, 菜","-2.9377, -3.1103, -3.1593"
295,"死神涅 队长 摘掉 面具 后 , 也 是 一 [MASK]  但是 女 下属 , 还是 女 实验品",个,样,-0.8126022219657898,"样, 个, 名","-0.8126, -1.9621, -3.2321"
296,对 说 不 解释 一 天刷 了 那么 多 [MASK] ,条,。,-0.6337891817092896,"。, ？, ！","-0.6338, -1.1419, -1.9268"
297,"祝福 2012 年 我 和 我 的 全 [MASK]  还 有 所有 亲人 和 朋友 一生 身体 健康 合家欢乐 , 万事 顺利 天天 向上 龙年 吉祥 龙年 恭喜 发大财 。",家,家,-0.06572877615690231,"家, 体, 部","-0.0657, -4.1349, -4.3849"
298,"怪 五 得 [MASK]  开始 光 啦 , 原来 已经 接近 7 点 。",个,都,-2.877027988433838,"都, 也, 就","-2.8770, -2.9853, -3.1181"
299,欢迎 下 [MASK]  淘金 币智 立方 小熊 一 天 趣味 木 书 智力 拼图 玩具 儿童 益智 玩具 1400,次,载,-0.014380845241248608,"载, 单, 手","-0.0144, -4.6727, -7.2207"
300,回家 路 上 遇到 什么 事 今天 本來 做好 事 給閨蜜 介紹 去  的 中華 料理店 打工沒 想到 碰到 朋友 的 一 [MASK] 日本 朋友 被 調侃 的 我 也 稀裡 糊塗進 去 打工 了 我 只 是 一個 陪衬 的 人 呀 !,群,個,-0.161861851811409,"個, 位, 對","-0.1619, -2.4668, -4.7498"
301,"21 [MASK] 的  基本 完成 , 花 了 2 天 半 功夫 , 要 吐血 了 。",页,天,-2.054581880569458,"天, 号, 日","-2.0546, -2.3229, -3.1160"
302,"汤本味 仅 售 1 元 价值 826 元 瓦罐 汤汤 在 江西 食 在 北京 一 汤 一格百 [MASK]  另 有 售价 108 元 4 人 套餐 可选 关注 , 让 我们 团 在一起",味,度,-2.105926752090454,"度, 味, 元","-2.1059, -2.1864, -2.6445"
303,20120120 直 排 轮 商品 推荐 动感 黑金 三 [MASK]  成人 直排轮 轮滑 鞋 溜冰鞋 旱冰鞋 成人 滑冰鞋 20000 元 详情 。,代,角,-0.6766117811203003,"角, 色, 层","-0.6766, -2.1933, -3.2602"
304,ChezShea 那 [MASK] 鳕鱼  真 不错 练习 慢 节奏 的 好 去处 喜欢 它 的 半圆形 大 窗 外面 是 pike market 有 大风 的 冬日 黄昏室 内 暖和 也 不 嘈杂 象 安全 避风港,道,些,-1.8241863250732422,"些, 条, 个","-1.8242, -1.8360, -2.1838"
305,这 [MASK]  我 喜欢,幅,个,-0.5531520843505859,"个, 是, 点","-0.5532, -2.3168, -2.7486"
306,"发表 了 博客 美 的 销售 瘦身 扩至 大 家电 部分 地区 公司 裁员 三成 市场 转冷 人海 战术 葡坎辉 偈视 美 的 这 [MASK] 高速  的 火车 正在 减速 , 以 确保 平稳 穿越 这个 冬天 。",辆,列,-0.8497517108917236,"列, 辆, 趟","-0.8498, -1.0405, -3.2642"
307,"今晚 幼稚 了 一 [MASK] 那些 人 , 我们 一起 追过 的  , 感觉 还 好 啦",回,下,-0.2104078233242035,"下, 些, 点","-0.2104, -2.9752, -3.1937"
308,"走 万 里 路 胜过 读 万 [MASK]  , 出门 旅行 是 增长 知识 的 好 时机 , 这 是 很多 出门 旅行者 的 初衷 和 目的 。",卷,卷,-0.057646848261356354,"卷, 书, 经","-0.0576, -3.0206, -5.8226"
309,"执 着 梦想 追求 , 用 自身 的 努力 感染 和 激发 着 每 [MASK] 喜欢 她 的  !",个,个,-0.19482433795928955,"个, 位, 一","-0.1948, -1.7626, -6.2833"
310,他 妈 的 一 晚 吃 两 [MASK] 顺德 ,次,次,-1.3221359252929688,"次, 个, 碗","-1.3221, -1.5340, -2.1733"
311,看到 三 [MASK]  吵架 。,组,人,-1.1614320278167725,"人, 个, 哥","-1.1614, -2.4458, -2.8001"
312,"我擦 , 体坛 快讯 就 等 着 看 [MASK] 电视  。",个,着,-1.0031739473342896,"着, 看, 了","-1.0032, -1.2709, -3.2238"
313,临睡 前 文艺 一下 但 愿 来生 做 一 [MASK]  。,棵,个,-1.0071332454681396,"个, 人, 次","-1.0071, -2.1966, -2.4520"
314,今年 最后 一 [MASK] 重要  我 要 去 纹身 !,项,天,-0.7965916991233826,"天, 个, 周","-0.7966, -1.5153, -2.7334"
315,"两 小 无猜 一直 爱到 两 [MASK]  , 面朝 大海 一直 爱到 春暖 花 开 你 依赖 让 你 依赖 , 你 无赖 给 你 耍赖",发,岁,-1.8110616207122803,"岁, 难, 头","-1.8111, -2.5794, -2.6388"
316,"昨天 的邰 先生 凤翔 木板 年画 沙龙 , 孩子们 感受 传统 的 手工 木板 年画 , 亲手 参与 制作 的 过程 , 是 一 [MASK] 非常 有 意义 的  。",件,个,-0.8752838373184204,"个, 件, 次","-0.8753, -0.8805, -2.7727"
317,买 [MASK]  不 容易 。,个,房,-1.778540849685669,"房, 车, 书","-1.7785, -2.3398, -2.8453"
318,"如果 , 所有 的 伤痕 都 能够 痊愈 如果 , 所有 的 真心 都 能够 换来 真意 如果 , 所有 的 相信 都 能够 坚持 如果 , 所有 的 情感 都 能够 完美 如果 , 依然 能 相遇 在 某 [MASK]  。",座,处,-0.7185316681861877,"处, 天, 地","-0.7185, -2.1790, -2.3328"
319,"特别是 十一 [MASK] 三 中  以来 , 我国 民航 事业 在 诸多 方面 都 持续 快速 发展 , 取得 了 举世瞩目 的 成就 。",届,届,-0.002789031947031617,"届, 、, 十","-0.0028, -6.9526, -7.4208"
320,而 这 两 [MASK]  都 是 我 最爱,个,个,-0.9845949411392212,"个, 者, 种","-0.9846, -2.3294, -2.5224"
321,有 一 [MASK] 大  !,串,点,-1.9015859365463257,"点, 點, 个","-1.9016, -2.2517, -2.7862"
322,"香港 万宁 创意 广告 猫咪 故事 香港 万宁 创意 广告 猫咪 故事 http t cn Sa9Y9L 主人 患病 , 猫咪 千辛万苦 寻找 高 山 雪莲 , 上演 一 [MASK] 猫咪 ",幕,场,-0.995320200920105,"场, 幕, 出","-0.9953, -1.1444, -2.4150"
323,多多 小 [MASK] ,盆,。,-0.6267492175102234,"。, ！, ？","-0.6267, -0.8153, -3.8592"
324,我 刚 试 着 找 几 [MASK] 有趣 的  来 关注 但 实在 是 不 好找 大爷 的 老娘 我 不 干 了 。,个,个,-0.11745250225067139,"个, 条, 种","-0.1175, -3.8727, -4.6176"
325,"夜晚 的 星空 繁星 点缀 , 总 有 一 [MASK]  为 你 指引 方向 。",颗,天,-0.7643481492996216,"天, 个, 颗","-0.7643, -2.1677, -2.5017"
326,"推销员 因为 工作 忙 一 [MASK]  有 五 天 不 在 家 , 自然 对 太太 有所 歉意 , 想 利用 整个 周末 补偿 她 !",个,连,-0.8879380226135254,"连, 共, 周","-0.8879, -1.3503, -1.7141"
327,"昨天 A 君 带 了 一 [MASK] 红  欺骗 我 幼 小 的 心灵 , 说好 带拉菲 , 结果 提上 来 变成 了 国产 的 长城 。",支,块,-1.7757645845413208,"块, 点, 把","-1.7758, -2.1364, -2.6465"
328,乌克兰 团里 又 来 了 怎 一 [MASK]  了 得比 的 上 Dance And Change Kazaky 分享 自,个,个,-1.1229913234710693,"个, 次, 回","-1.1230, -2.7994, -2.8206"
329,"我 已 下载 了 Q [MASK]  很 好看 , 和 好 朋友 一下 分享 下",版,",",-0.2981075942516327,",, 。, ，","-0.2981, -2.5255, -2.8084"
330,"东亚 娱乐 没有 圈 汤唯 身 着 裸色 裙 释放 小 清新 流露 东方 美 2011 年 11 月 11 日 , 上海 , 光棍节 , 汤唯 与 一 [MASK]  来到 时尚 秀场 参加 珠宝秀 。",袭,起,-1.6460201740264893,"起, 伴, 友","-1.6460, -2.3237, -2.7475"
331,最后 一 [MASK] ,顿,！,-0.5807070136070251,"！, 。, ？","-0.5807, -1.0892, -3.4941"
332,怜儿 好 聪明 [MASK]  狡猾,袭,好,-0.5008199214935303,"好, 又, 很","-0.5008, -1.9216, -3.4752"
333,"虽然 被 两 [MASK]  的 好 惨 , 但 小忌 你 一定 会 吐 便当 的 对吧 ?",个,打,-1.0210514068603516,"打, 吃, 个","-1.0211, -2.8774, -3.2149"
334,"痛经 女性 应该 禁食 哪 三 [MASK]  痛经 会 给 女性 朋友 的 工作 生活 造成 很 大 的 影响 , 女性 朋友 在 痛经 时 应 注意 做好 一些 保健 工作 , 比如 注意 一些 饮食 上 的 禁忌 。",类,种,-1.2177863121032715,"种, 点, 类","-1.2178, -1.2325, -1.9681"
335,去年 现在 我 还 在 法国 一 [MASK]  看 着 腾讯 的 过年 广告 流马尿 。,个,直,-0.18140289187431335,"直, 路, 边","-0.1814, -3.1105, -3.3728"
336,"这 [MASK]  这 两 天 问 的 人 满 多 独家 美国 专柜 正品 ED HARDY 风格 彩色 纹身 鲤鱼 花纹 打底 连 裤袜 丝 袜子 , 价格 18800 元 , 见",件,个,-0.9842880964279175,"个, 里, 是","-0.9843, -1.7118, -1.8456"
337,为什么 每 [MASK] 我 对 自己 许下 的  都 没有 毅力 去 实现 除了 有关 你 的 现在 还 有 超多 作业 没 做 啊,次,次,-0.46188628673553467,"次, 天, 个","-0.4619, -1.7886, -2.3841"
338,话 说 今年 第一 [MASK] 桃  我 不 喜欢,朵,个,-2.164985418319702,"个, 樱, 颗","-2.1650, -2.3729, -2.3760"
339,"这 是 一 [MASK] 转运  , 龙年 可 踢走 霉运 , 好运 相伴 !",尊,个,-0.9108340740203857,"个, 种, 次","-0.9108, -1.4092, -2.4349"
340,"听 着 李林妲 和 李宛妲 两 小 姐妹 的 歌声 , 看 着 两 [MASK] 小精灵 美丽 迷人 的  , 那 清澈 纯洁 的 歌声 穿透 心灵 , 鼻子 突然 酸酸 的 , 眼泪 在 眼眶 中 打转 !",个,个,-0.4075874388217926,"个, 只, 位","-0.4076, -1.7630, -2.1830"
341,我 参与 了 发起 的 投票 哪 [MASK]  越剧 最 合 你 的 胃口 ?,个,种,-0.7220426797866821,"种, 部, 些","-0.7220, -1.1327, -2.3288"
342,发觉 琴晚 自己 又 做 左 [MASK]  了 !,个,手,-1.6323438882827759,"手, 乳, 眼","-1.6323, -2.3704, -3.0993"
343,"中午 , 办公室 , 工作餐 , 一 [MASK] 蜿蜒 盘亘 的  穿梭 在 米饭 中 。",根,路,-0.4493011236190796,"路, 起, 直","-0.4493, -1.9942, -2.6961"
344,你 是 一 [MASK]  !,头,个,-1.7633594274520874,"个, 切, 個","-1.7634, -2.1047, -2.4305"
345,"在 这 一个 过程 中 , 许多 人 的 个性 被 磨损 、 特色 被 掩盖 , 最后 只 开 了 一 [MASK] 平凡 无 奇 的  。",间,个,-0.6192726492881775,"个, 些, 家","-0.6193, -2.2485, -3.4362"
346,"他 算 [MASK] 什么  , 值得 您 这样 跟 我 大小声 !",个,了,-1.5299530029296875,"了, 是, 我","-1.5300, -1.5386, -1.7318"
347,", 你 在 晒 许愿瓶 的 100 [MASK]  , 赢 ThinkPad 笔记本 电脑 !",种,%,-1.4750341176986694,"%, 分, 元","-1.4750, -2.0750, -2.1425"
348,"红 派壹号 处 女座 的 人 超 讨厌 没有 信用 的 人 , 就算 是 鸡毛 蒜皮 的 事 , 别 看 平时 处 女座们 都 一 根筋 , 其实 细心 的 很 , 只要 在乎 的 事 , 就 连 [MASK] 标点  都 会 记住 。",个,个,-1.0798943042755127,"个, 小, 下","-1.0799, -1.2180, -2.9022"
349,各 [MASK]  !,种,位,-0.4517786502838135,"位, 地, 種","-0.4518, -4.3245, -4.6195"
350,捧 [MASK]  吧,个,场,-1.4444092512130737,"场, 花, 红","-1.4444, -1.8495, -1.8556"
351,林 夏 相亲 这 [MASK] 太  了,段,太,-0.5744642019271851,"太, 老, 不","-0.5745, -2.3000, -3.0769"
352,去 领取 就 [MASK]  就 可以 点亮 头像 下面 的 小 房子 。,个,后,-1.9976485967636108,"后, ，, 在","-1.9976, -2.1113, -2.2002"
353,没有 了 一 [MASK]  是 谁 说 这个 习惯 一定 不 会 少,句,定,-0.2749955654144287,"定, 个, 切","-0.2750, -3.4847, -3.6072"
354,做 了 [MASK]  吓 得 我 半死 上网 查 了解 梦 才 知道 是 好 事 万 岁 万 岁 啊,个,梦,-0.04182542860507965,"梦, 会, 还","-0.0418, -4.5302, -5.5014"
355,"我 参与 了 2012 年 首 [MASK] CCTV 网络  最 想 看到 的 内地 明星 , 投给 了 唐嫣 这个 选项 。",届,届,-0.7356208562850952,"届, 选, 期","-0.7356, -1.7486, -2.9216"
356,"人生 就 像 一 [MASK]  , 途径 许多 驿站 。",列,路,-0.9296524524688721,"路, 行, 旅","-0.9297, -2.2743, -2.9144"
357,解放 了 下 [MASK]  就 能 回 武汉 了,个,午,-0.5449392199516296,"午, 来, 乡","-0.5449, -2.2402, -2.9537"
358,"昨晚 才 去 的 长安街 龙 凤 海鲜 酒楼 , 今天 B [MASK] 就  说 被 烧掉 了 ?",栋,来,-1.756777286529541,"来, 早, 看","-1.7568, -1.8351, -2.7739"
359,"朝着 那 [MASK]  , 前进 !",个,里,-0.16004276275634766,"里, 边, 个","-0.1600, -2.9237, -3.3398"
360,起来 第一 [MASK]  都 是 这样 的 嘛 !,件,次,-1.0531442165374756,"次, 天, 课","-1.0531, -2.0502, -3.3372"
361,疯狂 的 一 [MASK] 半  美图秀秀 Android 版,个,点,-0.9635320901870728,"点, 年, 小","-0.9635, -1.5426, -2.3008"
362,人肉 搜索 是 一 [MASK] 很 深 的  到 现在 我 也 不 能 说 我 掌握 得 有 多好 倒 是 希望 以后 我 都 不 会 再 用到 了 最 起码 不 要 再 为 自己 所 用 了,门,个,-0.7100182175636292,"个, 门, 种","-0.7100, -1.2561, -2.0158"
363,"我 在 快乐 购 , 过年 各 [MASK] 红  挂起",种,种,-1.031042456626892,"种, 家, 有","-1.0310, -2.3330, -2.4515"
364,也 是 最后 一 [MASK]  !,首,次,-1.1974406242370605,"次, 天, 场","-1.1974, -1.8504, -2.6838"
365,"这么 重要 的 时刻 , 发 [MASK]  提醒 一下 各位 我 也 很 高调 !",个,言,-1.1161155700683594,"言, 帖, 微","-1.1161, -1.7903, -2.4676"
366,"弱智  欢乐 多 , 做 [MASK] 快乐 的 弱智 儿童 吧 !",个,个,-0.04682542383670807,"个, 最, 做","-0.0468, -4.3207, -4.7815"
367,"做 一 [MASK] 淡淡 的  , 不浮不躁 , 不争 不 抢 , 不 去 计较 浮华 之 事 , 不 是 不 追求 , 只是 不 去 强求 。",个,个,-0.1299433708190918,"个, 种, 颗","-0.1299, -3.0176, -3.9855"
368,"买 了 三 [MASK]  , 花 了 50 !",个,个,-1.8901307582855225,"个, 件, 瓶","-1.8901, -1.9527, -2.7794"
369,后面 还 跟 着 [MASK]  。,辆,走,-1.8446637392044067,"走, 我, 跑","-1.8447, -2.5253, -3.0282"
370,从 多 [MASK]  对 新浪 微博 和 Twitter 进行 了 比较 。,个,处,-0.8971471190452576,"处, 方, 个","-0.8971, -1.9059, -3.1075"
371,"第一 [MASK] 看 了 爱 的  , 完全 被 KAME 征服 了 。",次,次,-0.16201946139335632,"次, 眼, 天","-0.1620, -2.1807, -4.9520"
372,"一 [MASK]  孤苦 伶仃 的 , 被 抛弃 的 感觉 很 不 爽啊 !",个,个,-0.33037471771240234,"个, 直, 种","-0.3304, -2.4070, -3.4389"
373,第一 [MASK]  。,班,天,-2.073672294616699,"天, 次, 章","-2.0737, -2.1978, -2.2733"
374,不 要 让 别人 影响 你 对 [MASK]  的 独特 看法 。,幅,你,-0.2712355852127075,"你, 他, 人","-0.2712, -2.3800, -2.9180"
375,"今天 我 做 了 一 [MASK] 艰难 的  , 决定 进入 故宫 做 导游 工作 。",个,件,-0.8963133096694946,"件, 个, 些","-0.8963, -1.1084, -1.7428"
376,"大家 新年 快乐 , 我 临 睡 前 抽 [MASK]  !",个,烟,-0.42420631647109985,"烟, 空, 筋","-0.4242, -2.3979, -2.5598"
377,今天 第一 [MASK]  可是 熏 死 我 了 薰衣草 的 威力 不 可 忽视 啊,次,次,-1.8007609844207764,"次, 眼, 杯","-1.8008, -2.4608, -2.7864"
378,"难得 的 一 [MASK] 小  , 还 搞 起来 腼腆",次,个,-1.185743808746338,"个, 点, 身","-1.1857, -1.8523, -3.1704"
379,"所以 , 不 要 小看 任何 一 [MASK]  , 哪怕 是 看上去 天真无邪 的 孩童 , 他们 也 有 自己 的 思想 。",个,个,-0.3013204038143158,"个, 人, 种","-0.3013, -3.0352, -3.1067"
380,也 对 得 起 我 龙年 的 第一 天 就 熬 了 [MASK]  看 球 !,个,夜,-0.5649925470352173,"夜, 去, 个","-0.5650, -2.5782, -3.3321"
381,Lightroom 一 [MASK] 比 photoshop 更 好用 的 图片 处理 软件 学院 频道 ,款,款,-0.4553709328174591,"款, 个, 些","-0.4554, -1.2348, -3.5860"
382,"好像 那 [MASK]  , 没有 牵挂 的 聚 在一起 , 挥霍 青春 。",班,样,-1.1012550592422485,"样, 天, 些","-1.1013, -1.3948, -2.0944"
383,15 [MASK] 的 孩子  改期 了 聚会 是 有 的 也许 过 年 后,班,岁,-0.10302795469760895,"岁, %, ％","-0.1030, -2.9948, -5.0638"
384,农行 陷入 拒付 门 储户 2 千 存款 20 年 变 9 万 [MASK] 拒付  ZAKER,遭,被,-0.6390164494514465,"被, 遭, 万","-0.6390, -2.5441, -3.8941"
385,所以 像 不 需要 那 [MASK]  一样 地 工作 吧 像 从 没 被 伤害 过 地 勇敢 去 爱 吧 像 旁若无人 般 地,笔,样,-0.9702521562576294,"样, 人, 么","-0.9703, -2.0678, -2.2801"
386,"6 [MASK]  当 乐趣 , 你 就 会 满怀信心 。",把,、,-0.8160463571548462,"、, ., 充","-0.8160, -1.2828, -2.7949"
387,世 怎么 会 有 这样 不 要 脸 我 明明 做 的 是 长久 的 没到 一 [MASK]  就 回复 了 原样 他们 还 说 你 自己 头发 不 好 真 不 要 脸,个,天,-1.3522241115570068,"天, 半, 年","-1.3522, -1.3854, -1.5450"
388,有 时候 不 是 不 信任 只 是 因为 比 别人 更 在乎 更 怕 失去 我们 总 在 寻找 一 [MASK]  的 瞬间 以及 那 瞬间 后面 的 人 再 累 再 苦 再 疼 也 只 是 为了 你 能 喜欢 我 而已 现在 我 不 再 爱 你 你 不 值得,个,起,-0.39112117886543274,"起, 切, 个","-0.3911, -2.7268, -3.3993"
389,微博 给 我 安全感 啦啦 啦啦 第一 [MASK]  成绩单,次,份,-1.6002013683319092,"份, 张, 个","-1.6002, -1.6966, -1.7239"
390,雨势 今起 渐 掹申城 气温 周五 速 跌 年初一 将 达 0 [MASK] 前  出租车 一 车 难 求 叫 车难 可能 持续 至 小 年夜 上海普,节,点,-1.2704195976257324,"点, 时, 节","-1.2704, -2.0646, -2.2803"
391,吸血鬼 第三 [MASK]  好 恐怖 啊 呼呼,季,季,-0.576296329498291,"季, 章, 集","-0.5763, -1.8814, -2.0116"
392,用 手机 看 了 一早 上 电影 才 用完 500 M 流量 还 有 1G 要 加油 于是 说 这 [MASK] 在 月结 前 不 用完 流量 就 会 觉得 亏 了 的  是 怎么回事,种,样,-0.9187167286872864,"样, 种, 个","-0.9187, -1.4497, -1.8526"
393,", 我 把 最 好 的 一 [MASK]  惹 生气 了 我 错 了 我 真的 错 了 。",个,生,-1.7575979232788086,"生, 天, 次","-1.7576, -1.8482, -2.3516"
394,最后 我 买 了 两 [MASK] 丑  !,瓶,个,-0.5504592657089233,"个, 张, 只","-0.5505, -2.1963, -2.4294"
395,"你 知道 自己 从来 不 幼稚 , 只是 有 那么 点 不 理智 , 豁然 后 看到 原来 的 自己 , 还 是 比较 喜欢 那 [MASK]  。",个,样,-1.3587477207183838,"样, 种, 些","-1.3587, -1.6396, -1.6743"
396,"八点半 吃 的 早餐 , 现在 九点半 就 肚子 饿 了 , 还 有 两 [MASK]  怎么 过 ?",个,天,-0.19376452267169952,"天, 餐, 点","-0.1938, -2.0759, -4.1243"
397,"人生 真 他妈 是 一 [MASK] 华美 的  , 里面 爬满 了 虱子 。",袭,个,-1.0953155755996704,"个, 样, 片","-1.0953, -2.2967, -2.3557"
398,"泥马 啊 , 窝 一 [MASK]  睡觉 , 睡 死得 了 蛋疼 的 一 比 , 既然 都 说 老娘 是 废物 了 还 干 毛 絮絮叨叨 的 !",肚子,窝,-0.22226817905902863,"窝, 起, 边","-0.2223, -3.0206, -4.1170"
399,我 在 這裡万 科 运河东 1 [MASK] 一 期  了 。,号,号,-0.775475263595581,"号, 期, 栋","-0.7755, -2.6715, -2.8486"
400,照 [MASK] 像 还 这么 小  !,个,头,-1.730582594871521,"头, 录, 片","-1.7306, -1.9033, -2.4939"
401,你 是 第二 [MASK] 在 我 面前 掉 眼泪 的 ,个,次,-0.15045574307441711,"次, 个, 位","-0.1505, -2.1655, -5.3853"
402,要 不 要 去 看 [MASK]  呢 。,个,看,-0.06327379494905472,"看, 下, 他","-0.0633, -4.3361, -5.2347"
403,"一 大 [MASK] 的 短信  , 电话 一大早 被 打爆 !",堆,早,-0.2552092671394348,"早, 堆, 波","-0.2552, -1.9669, -4.4720"
404,送给 一 [MASK] ,对,。,-0.2391718178987503,"。, ！, ？","-0.2392, -1.7916, -3.9363"
405,我 家 三 [MASK] ,朵,。,-0.2730025053024292,"。, ！, ？","-0.2730, -1.6011, -3.3854"
406,有 [MASK]  空虚 的 美眉 介绍 给 你,个,个,-1.0631312131881714,"个, 些, 把","-1.0631, -1.7321, -2.2857"
407,"一 [MASK]  和 男孩 相亲 , 女孩 见 男孩 高高大大 , 心 中 大喜 , 就 问 男孩 你 有 几 米 高 啊 ?",个,次,-0.07128597050905228,"次, 天, 日","-0.0713, -3.4221, -4.4870"
408,下 [MASK] 再 也 不  了 。,次,次,-0.079515740275383,"次, 午, 去","-0.0795, -5.0083, -5.0699"
409,刚刚 所 发生 的 就 当是 生命 老人 给 我 开 的 一 [MASK] 小小 的  。,个,个,-0.6044875383377075,"个, 瓶, 间","-0.6045, -2.0665, -3.5634"
410,想 找到 一 [MASK] 愿意 陪 我 戴上 属于 我们 的 爱 的  。,个,个,-0.09049870818853378,"个, 位, 份","-0.0905, -2.6987, -6.0224"
411,"58 [MASK]  , 满意 久久 !",团,分,-0.8702402114868164,"分, %, ##9","-0.8702, -2.8988, -3.1627"
412,"铁甲 钢 拳 感觉 很 棒 啊 , 不过 让 我 最 在意 的 还 是 那 萌萌 的 小 男 猪脚 , 各 [MASK]  让 身为 正太控 的 我 彻底 喷鼻血",种,种,-0.061722856014966965,"种, 个, 位","-0.0617, -3.2121, -5.3957"
413,嗯 找 [MASK] 罗  全 这样 的 也 就 算是 天赐 良缘 啦 !,个,到,-0.1959846168756485,"到, 个, 了","-0.1960, -3.0258, -3.0828"
414,"杭州 试 推  期末 免考制 , 游园会 代替 期末考 今年 , 杭州市 10 多 [MASK] 小学 推出 期末 免考制 , 代之以 游园会 。",所,所,-0.013694829307496548,"所, 个, 家","-0.0137, -4.8739, -5.4781"
415,"老家 凌晨 5 点 起床 去 挨家挨户 给 长辈 拜年 的 习俗 真 受 不 了 , 我 2 点 多 才 睡 啊 , 才 睡 2 [MASK]  啊 。",个,点,-0.11125049740076065,"点, 觉, 个","-0.1113, -4.1234, -4.4620"
416,"过年 了 , 领导 送一 [MASK]  , 说 放 在 办公室 里 避邪 的",颗,个,-1.357536792755127,"个, 盒, 块","-1.3575, -1.9449, -2.8922"
417,谁 给 我 [MASK] ,个,？,-0.20307356119155884,"？, ！, 。","-0.2031, -2.2284, -2.5840"
418,"每 晚 你 会 通过 手机 给 几 [MASK]  说 晚安 , 清晨 醒来 你 希望 看到 谁 又 或者 说 希望 谁 正 温柔 地 充满 爱意 地 看 着 你",个,个,-0.8209152817726135,"个, 人, 位","-0.8209, -1.1733, -2.7944"
419,找到 了 可以 学 一 [MASK] 的 新歌  怕 水,下,学,-0.7565450668334961,"学, 下, 点","-0.7565, -2.2458, -2.3970"
420,收藏 了 读心 人 第 2 [MASK] 视频  分享,季,集,-0.6643474698066711,"集, 季, 期","-0.6643, -1.3899, -2.7163"
421,中午 和 同事 吃 饭时 照例 海阔天空 一 [MASK]  。,番,番,-1.543972373008728,"番, 样, 次","-1.5440, -2.0013, -2.1911"
422,"我 的 朋友 通过 我 跟 我 的 朋友 认识 了 , 然后 现在 两 [MASK]  关系 比 跟 我 还 好 。",个,人,-0.11346682161092758,"人, 个, 者","-0.1135, -2.6937, -4.5451"
423,"下午 跟 姐姐 视频 之后 姐姐们 就 禁 不 住 思乡 情切 马上 开车 回来 , 杭州 回来 1 [MASK]  40 分钟 就 到 了 。",个,-,-0.9204868674278259,"-, ., 、","-0.9205, -1.2378, -2.6319"
424,瞳孔 深红色 于是 世界 沉入 黄昏 头发 银白色 接着 天地 升起 黎明 无数 [MASK]  离开 无尽 的 大雪 回来 我 知道 你 站 在 我 背 后 安静 的 站 在 背后 点燃 了 一 整个 重 楼 。,只,人,-0.4635161757469177,"人, 次, 的","-0.4635, -1.7401, -2.6892"
425,而且 一 [MASK] 把 的  。,把,把,-0.21678823232650757,"把, 大, 小","-0.2168, -1.9318, -4.6586"
426,"Travel toolkit 里 的 耳塞 派上 用场 了 , 头一 [MASK]  睡 得 安稳 , 新年 新 气象 !",遭,次,-0.5324916243553162,"次, 天, 回","-0.5325, -1.9225, -2.2417"
427,苹果 书店 三 天 卖 了 35 万 [MASK] 电子  啦 !,册,本,-1.72607421875,"本, 个, 台","-1.7261, -1.8245, -1.9801"
428,"有 人 说 有 话 直 说 , 不 要 憋着 , 才 是 兄弟 太 幼稚 了 无话不说 的 兄弟 是 小时候 所谓 兄弟 殊 不 知 一 [MASK] 成熟 的  对 朋友 该 拿捏 的 是 什么",个,个,-0.024346547201275826,"个, 位, 名","-0.0243, -5.0206, -5.5834"
429,昨晚 睡觉 冷得 半死 某 人 11 点 多 下班 回来 往 被窝 里 伸进 一 [MASK]  然后 我 就 暖乎乎 地 一 觉 睡 到 天亮 谢 啦 !,个,把,-0.6495437026023865,"把, 根, 个","-0.6495, -2.3044, -3.4692"
430,"要 找 一 [MASK] 自己 喜欢 又 喜欢 自己 的  在一起 , 又 有 美好 结局 , 实在 太 难 , 叫人 不 敢 期待 。",个,个,-0.050214167684316635,"个, 对, 位","-0.0502, -3.7429, -5.2858"
431,我 应该 感到 很 幸福 才 对 有 [MASK]  知道 我 没 车 回去 二话不说 就 来 接 我,个,人,-0.46547868847846985,"人, 车, 你","-0.4655, -2.9806, -3.3019"
432,"大年初四 , 财神 兵 分 五 [MASK] 正向 你 家 进发东路  , 西路 聚财 , 南路 敛财 , 西路 纳 财 , 中路 发财 。",路,路,-0.0004885197849944234,"路, 道, 行","-0.0005, -7.9241, -9.9326"
433,"孤单 只 表示 身边 没有 别人 , 但 寂寞 是 一 [MASK] 你 无法 将 感受 跟 别人 沟通 或 分享 的 心理  。",种,种,-0.013952944427728653,"种, 个, 些","-0.0140, -4.4562, -7.5980"
434,"刚才 一 [MASK]  停 在 拐角 角落 , 问题 是 它 对面 也 停 了 车 。",辆,辆,-1.1443548202514648,"辆, 直, 车","-1.1444, -1.3371, -2.1823"
435,唉哟 的 那 [MASK]  呀 1327649022477,个,个,-1.0866094827651978,"个, 天, 些","-1.0866, -2.5959, -3.1280"
436,发 了 两 [MASK]  居然 有 这个 介货 不 是 种 在 路边 美化 环境 的么 谁 能 告诉 我 这 到底 怎么 吃 啊,箱,次,-2.212968349456787,"次, 个, 条","-2.2130, -2.2493, -2.3083"
437,你 看 你 那 [MASK] ,个,！,-0.6188192367553711,"！, 。, ？","-0.6188, -1.1171, -2.0190"
438,"Hardpack 情 義兩 難全 之 玩爆 你 個腎 第 8 [MASK] 台灣  KB 東區 兜個圈 撻嘢 嚇親 范曉萱 萬眾 期待 台灣篇 , 爆 范曉萱 真 係堅 , KB 撻完嘢 走先 , 留 低 萱萱 一 頭煙 , 究竟 KB 去 咗邊 大家 一齊去 睇片 !",回,集,-0.2535912096500397,"集, 章, 期","-0.2536, -3.5190, -3.5499"
439,现在 都 不 演 这 [MASK]  的 角色 了 !,种,样,-0.038687530905008316,"样, 里, 类","-0.0387, -4.7234, -4.8953"
440,"亲爱 勒雪 , 虽然 你 清早 八 晨 一 [MASK]  打扰 了 我 美 梦 , 但是 我 和婷 还是 最 爱 你勒 !",通,直,-0.45972907543182373,"直, 点, 来","-0.4597, -1.6536, -3.9565"
441,"祝贺 祝贺 马大帅 同学 顺利 通过 第一 关 , 撒 花 撒 花 zeng [MASK]  棒 也 预祝 接 下来 得 两 关 顺利 通过 噢 。",棒,棒,-0.10284911096096039,"棒, 好, 很","-0.1028, -3.9472, -4.0499"
442,佩佩 就 是 TM [MASK]  。,个,爱,-2.049020528793335,"爱, 我, 你","-2.0490, -2.6537, -2.6962"
443,再 和 大家 分享 一 [MASK] 外国  的 cos 道具 服装 和 强大 的 后期 想 知道 更 多 外国 cos 推荐 关注 的 微博 喜欢 的 就 转 走 吧 原文 地址,组,下,-0.2812774181365967,"下, 些, 个","-0.2813, -2.0178, -3.4642"
444,每 [MASK]  都 不 忘 让 噩梦 吓醒 记 我 记得 那么 清,个,次,-0.7737671136856079,"次, 天, 晚","-0.7738, -0.9318, -3.2394"
445,"初三 今天 出发 顺德 早起 , 泡 [MASK]  再 更 衣 !",个,澡,-1.092596173286438,"澡, 茶, 水","-1.0926, -1.3056, -2.7210"
446,"给 自己 [MASK]  , 明天 午饭 晚饭 不 准 吃 了 , 哪儿 也 不 去 了 , 回家 反省 去 大家 找找 我 在 哪 ?",个,说,-0.5016924142837524,"说, 看, 想","-0.5017, -2.1573, -2.7501"
447,"何必 呢 , 总 会 有 那么 一 [MASK]  出现 的 不 是 吗 ?",个,天,-0.16929493844509125,"天, 次, 个","-0.1693, -3.6254, -3.6361"
448,后来 才 知道 后者 是 前者 旗下 的 另 一 [MASK]  。,个,员,-1.3498284816741943,"员, 支, 人","-1.3498, -2.0200, -2.8549"
449,"在 桂平 西山 龙华寺 看到 的  , 师父 说 这 是 第四 [MASK] 灵芝",株,种,-2.1221988201141357,"种, 颗, 个","-2.1222, -2.3272, -3.0427"
450,"做 一 [MASK] 坚强 的  , 坦然 面对 , 勇敢 体会 。",个,个,-0.00923991110175848,"个, 名, 颗","-0.0092, -5.7309, -6.0867"
451,还是 那 [MASK]  雪后,棵,场,-0.2846450209617615,"场, 个, 片","-0.2846, -3.0520, -3.0711"
452,"原来 感 叫 抓字虱 , 原来 感叫扮 可怜 , 原来 我 已经 学识 每 打 完 一 [MASK]  都 爆 粗",次,球,-2.0163207054138184,"球, 局, 次","-2.0163, -2.3043, -2.4585"
453,"等 遇上 盗猎者 的 时候 , 仅 有 队长 和 记者 , 面对 盗猎 者 数十 [MASK]  盗猎者 利诱 的 , 日 泰 队长 依然 毫 不 畏惧 , 最终 命丧 枪口 。",杆,名,-0.44110167026519775,"名, 个, 次","-0.4411, -1.4846, -3.3030"
454,"在 游戏 大树 中 获得 了 成就 紫色 闪电 , 成为 微博 第 18 [MASK] 获得 该 成就 的  , 你 想 和 TA 比 试 一下 吗",位,位,-0.5781736969947815,"位, 个, 名","-0.5782, -1.0769, -2.8558"
455,"虽然 由于 种种 原因 不 能 回家 过年 , 但 大年 初一 在 和 最 好 的 朋友 一起 游 公园 中 度过 , 原有 的 郁卒 也 渐渐 淡化 , 感觉 也 别 有 一 [MASK]  !",番,番,-0.034810736775398254,"番, 味, 天","-0.0348, -4.2883, -4.8191"
456,"下午 , 年 前 的 最后 一 [MASK]  , 结束 以后 就 迎来 真正 的 假期 了 , 加油",次,天,-0.1740303933620453,"天, 次, 周","-0.1740, -3.0574, -3.5148"
457,皇 马 什么 时候 能 赢 一 [MASK] ,次,？,-0.02935323305428028,"？, ！, 。","-0.0294, -3.7777, -5.1730"
458,看看 远处 不 一定 爱 你 的 那 [MASK]  早 就 等 在 那里 。,个,个,-0.6187421083450317,"个, 一, 些","-0.6187, -1.5700, -2.6823"
459,最近 人 都 跑到 哪去 了 连 [MASK]  影都 看 不 到 今天 真 是 差到 了 极点 了,个,电,-0.41657793521881104,"电, 阴, 倒","-0.4166, -2.5619, -2.7203"
460,"这 [MASK]  这 两 天 问 的 人 满 多 好客 茶具 大号 孟宗竹 乌金 石 茶盘 茶 具 茶 海特价 67 x 345 x8 , 价格 29800 元 , 见",件,个,-1.0678917169570923,"个, 里, 是","-1.0679, -1.7578, -2.1773"
461,我 很 喜欢 这 [MASK]  。,种,里,-0.9388405680656433,"里, 个, 些","-0.9388, -1.4430, -3.2594"
462,台上 的 十八 [MASK]  是 台下 挤出 空闲 时间 辛苦 排练 的 成果 呀 !,般,位,-2.5384373664855957,"位, 人, ，","-2.5384, -2.6278, -2.7192"
463,"下午 困死 了 , 于是 五点多 开始 睡 , 又 是 乱七八糟 一 [MASK]  。",队,天,-1.903336763381958,"天, 觉, 夜","-1.9033, -2.2269, -2.6413"
464,上传 了 6 [MASK]  到 相册 向日葵怂,张,张,-0.31986960768699646,"张, 页, 个","-0.3199, -3.6043, -3.7427"
465,"推荐 给 大家 一 [MASK] 不错 的 小  红烧 肉 的 做法 , 实用 又 方便 , 真的 很 赞 哦 !",个,些,-0.9582916498184204,"些, 个, 种","-0.9583, -1.0991, -1.8158"
466,旁边 坐 着 一 [MASK] 神神 叨叨 不 讲 卫生 的 极品 ,个,个,-0.36225244402885437,"个, 群, 位","-0.3623, -2.1350, -2.5350"
467,"熬夜 , 各 种痘 , 各 [MASK]  , 我 真的 受 不 了 夜生活 了 青瓜 面膜 我 爱 你 , 快点 让 我 的 皮肤 恢复 水嫩 细 滑",种,种,-0.058706674724817276,"种, 病, 痘","-0.0587, -5.3444, -5.3759"
468,"我 一直 非常 非常 非常 想要 说 一 [MASK] 非常 帅气 的  , 那 就 是 , 这 辈子 我 买 过 房子 , 也 买 过 车子 , 但是 我 买 过 最 贵 的 , 是 梦想 !",句,句,-0.5765563249588013,"句, 个, 些","-0.5766, -0.8997, -4.7111"
469,上传 了 1 [MASK]  到 相册 迦南,张,张,-0.17287270724773407,"张, 图, 页","-0.1729, -4.3133, -4.3425"
470,一 [MASK]  开 在 空无一人 的 路 上 。,个,直,-0.8193430304527283,"直, 路, 车","-0.8193, -1.2135, -2.6522"
471,原来 每 [MASK]  都 可以 对号 入座 。,首,次,-1.5618209838867188,"次, 个, 天","-1.5618, -1.6141, -1.7724"
472,上传 了 8 [MASK]  到 相册 最 臭美 的 人 !,张,张,-0.08885457366704941,"张, 个, 页","-0.0889, -4.6874, -4.8936"
473,既然 如此 那么 好 吧 让 我 好好 睡 一 觉 吧 睡 掉 心 中 的 疑惑 睡去 那 [MASK] 力求 真相 的  也 睡去 我 那 日渐 加深 的 黑眼圈 吧 。,份,些,-0.32848241925239563,"些, 个, 种","-0.3285, -1.9819, -3.2013"
474,"做 了 梦 如下 带 着 我 去 完成 一 [MASK] 艰巨 的  , 每 人 身 上 都 背 有 功率 强大 的 电源 。",项,个,-0.6409736275672913,"个, 件, 项","-0.6410, -2.1955, -2.2303"
475,一 [MASK]  春花,组,朵,-2.216172933578491,"朵, 枝, 叶","-2.2162, -2.6384, -3.6096"
476,又 要 备战 新 一 [MASK]  。,轮,年,-0.08047600835561752,"年, 轮, 周","-0.0805, -3.4045, -4.2238"
477,"这 [MASK]  只要 你 走 过 就 会 自动 伸长 , 然后 到 直 到 承受 不 住 自身 重量 倒下 。",排,样,-0.9579968452453613,"样, 时, 里","-0.9580, -1.4560, -1.6481"
478,"一 [MASK]  半 小时 杀光 , 闲 得 无聊 , 咱就 来 炫炫 富 吧 !",桌,个,-0.17130587995052338,"个, 天, 次","-0.1713, -2.6003, -5.2669"
479,"8 [MASK]  , 完成 !",个,.,-1.81093168258667,"., 点, 、","-1.8109, -2.4460, -2.8926"
480,调 三 [MASK]  就 不 信 明天 起 不 来,个,天,-1.4192495346069336,"天, 个, 调","-1.4192, -2.7718, -2.8436"
481,"到 最后 就 我 一 [MASK]  的 , 搞 毛 啊",个,个,-0.8668274283409119,"个, 样, 人","-0.8668, -2.0739, -2.7375"
482,"我 的 飞车 成就 完成  任务 飞跃 地平线 英雄 难度 第 8 关 , 又 要 等待 下 一 [MASK] 剧情 了 。",个,关,-1.4999513626098633,"关, 个, 段","-1.5000, -1.5016, -2.2025"
483,一 [MASK] 野 f 等  我 整 。,堆,直,-2.6968307495117188,"直, 堆, 个","-2.6968, -2.7862, -2.8403"
484,"发 一 [MASK] 今天 败 得 水仙 的  , 看看 明天 会 开 了 多少",张,个,-1.3021299839019775,"个, 张, 条","-1.3021, -1.6354, -2.0787"
485,"看见 陈大可 她 我 就 想起 了 我 前 [MASK] 准  , 我 还 不 能 像 李小璐 那么 面 , 打 起来 就 不 好 了 啦 , 我 这 也 是 为 和谐 社会 做 贡献 , 祝你 早日 找到 大面 瓜 媳妇儿 。",任,辈,-1.8114274740219116,"辈, 小, 一","-1.8114, -2.4369, -3.2681"
486,"这 是 游人 曾 为 龙庆峡 拟 的 一 [MASK]  , 或许 , 它 道出 了 这 片奇山 丽水 的 底蕴 。",副,景,-1.5989493131637573,"景, 幕, 句","-1.5989, -1.7894, -1.9829"
487,"扇面 墙 背面 塑 有 玲珑 别致 的 须弥山 , 山间 塑有 罗汉 狮象 等 , 中部 有 一 [MASK] 明代 彩塑 观音  , 头 戴 宝冠 , 肩 披 璎珞 飘带 , 胸 臂 裸露 圆润 , 一 足踏莲 , 一 足 踞起 , 双 手 抚膝 。",尊,尊,-0.07196270674467087,"尊, 座, 位","-0.0720, -3.7198, -4.7404"
488,四 期 不 看 城画然 後 好像 不 認識 了 翻 兩三頁 就 是 篇 想 假裝 不 是 廣告 的 廣告 大膽 的 配圖 一 大 [MASK]  的 文字 原來 的 小 清新 大 希望 去 哪 兒了,片,堆,-0.54059898853302,"堆, 串, 段","-0.5406, -2.7060, -2.7353"
489,很 久 没有 坐 过 家 里 的 公车 了 去 问 朋友 结果 朋友 一 [MASK] 看 外星人 的  说道 你 还是 不 是 梅州 人好 郁闷 啊,副,直,-0.3992028832435608,"直, 脸, 边","-0.3992, -1.7919, -3.0143"
490,"刚刚 在 德克萨斯 扑克 游戏 中 与 同桌 PK , 以 一 [MASK] 葫芦  赢取 了 198 筹码 !",手,个,-0.7208485007286072,"个, 根, 条","-0.7208, -2.1933, -2.4173"
491,到头来 我 两 [MASK]  才 是 最 懂 我 的,个,个,-0.3722119629383087,"个, 人, 位","-0.3722, -1.5418, -5.0312"
492,珊记 话 俄 发 左 呢 [MASK]  就 有 好 多 好多 人 关注 俄 噶啦 大家 多 D 支持 啊啊 啊啊 啊啊 。,条,，,-1.1018519401550293,"，, ？, ！","-1.1019, -1.6830, -2.6276"
493,这 是 一 [MASK] 大大 的  我 想 知道 答案,个,个,-0.2579297423362732,"个, 篇, 张","-0.2579, -3.2520, -3.5868"
494,"六点 准时  , 很 亢奋 , 沿海 南 下 , 第一 [MASK] 走 。",次,站,-1.2116765975952148,"站, 天, 次","-1.2117, -1.2282, -1.7222"
495,鹏哥 畅姐 喜乐 会 男生 女生 冬季 巨制 鹏哥 畅姐 喜乐 会 新 一 [MASK] 活力 星  今晚 继续 为 你 带来 我 是 K 歌王 !,波,代,-0.38820090889930725,"代, 届, 季","-0.3882, -2.2311, -3.1348"
496,"一 [MASK] 面下  , 今天 消耗 比较 大 , 比较 饿 。",碗,方,-0.10204566270112991,"方, 般, 个","-0.1020, -4.4116, -4.4879"
497,灌水 表情 灌水 表情 看到 瘦 白鸽 的 博文 一 [MASK]  的 创业 半 年 总结 有感而发 的 评论 。,位,篇,-1.3424525260925293,"篇, 样, 文","-1.3425, -1.4697, -3.1979"
498,"一 [MASK]  的 声音 在 屋内 回荡 , 走出 房门 依然 萦绕 耳边 。",种,切,-0.8885387182235718,"切, 夜, 般","-0.8885, -2.2878, -2.4827"
499,"人生 第一 [MASK]  是 长虹 A366 , 现在 用 索尼 爱立信 U100i 雅锐 Yari 。",部,台,-0.5573291778564453,"台, 次, 部","-0.5573, -1.8632, -2.9423"
500,"如果 你 系 广州 甘 我 年三十 晚 都 唔使 一 [MASK] 人 系 屋  过 , 特然 觉得 好 Lonely 今晚 好 想 同 你 去 party 啊 。",个,个,-0.052667099982500076,"个, 班, 家","-0.0527, -4.3534, -4.7015"
501,"一 睡 高 枕头 就 落枕 , 一 [MASK]  啊 白痴妹",个,夜,-2.828319549560547,"夜, 天, 个","-2.8283, -2.8798, -2.9133"
502,"过年 第一 [MASK]  , 期待 老豆 封",封,天,-0.37276679277420044,"天, 波, 炮","-0.3728, -3.4565, -3.7960"
503,对说 四 [MASK] 新年 快乐 新 的 一 年  继续 加油,锅,年,-2.3219923973083496,"年, 声, 句","-2.3220, -2.7287, -3.1552"
504,我 第一 [MASK] 自己 挑 的  曾 记得 在 王府井 买 的,双,次,-1.134021520614624,"次, 个, 件","-1.1340, -1.4178, -3.1678"
505,"亲 , 很 棒 的 宝贝 噢 满 468 [MASK] 邮丸 美  专卖 正品 白金 至 10500",包,包,-0.02632264234125614,"包, 免, 直","-0.0263, -4.0672, -5.1397"
506,爱 欧迪 J3 比较 适合 哪 [MASK]  的 音乐 呢 ?,种,样,-0.8134269714355469,"样, 里, 类","-0.8134, -1.3204, -2.3160"
507,"还 记得 去年 也 是 下 着 小  , 地上 积 了 薄薄 的 一 [MASK] 雪 。",层,层,-0.02530451864004135,"层, 片, 点","-0.0253, -5.3029, -5.7580"
508,不 要 等 十几 [MASK]  把 事情 闹 大 再 去 解决 。,家,年,-0.8334646821022034,"年, 天, 岁","-0.8335, -1.4397, -2.8830"
509,"最 难 消化 的 4 [MASK]  1 冰激凌 会 影响 肠胃 功能 的 正常 运转 , 造成 食物 很 难 消化 , 容易 损伤 脾胃 。",类,.,-0.8549153804779053,"., 点, 件","-0.8549, -2.2784, -3.0481"
510,"100 多 [MASK] 小  , 文字 很 美 , 很 柔软 , 淡淡 的 疼惜 和 敏感 的 心 我 所 读到 的 最 温暖 最 孤独 最 伤感 的 书 。",个,个,-1.1698620319366455,"个, 页, 的","-1.1699, -1.7724, -2.4324"
511,系 2 [MASK]  。,个,年,-2.9679043292999268,"年, 人, 次","-2.9679, -3.4743, -3.7981"
512,"你 设定 的 目标 越 是 高远 , 由于  所 产生 的 动力 也 就 越 大 , 如果 你 能 承受 住 这 [MASK] 压力 , 将 激发 出 你 体内 蕴藏 的 极 大 潜能 。",种,种,-0.3439456522464752,"种, 些, 个","-0.3439, -1.6394, -3.1303"
513,"总 有 一 [MASK] 明天 就 休假 的  , 呵呵",种,天,-0.028146613389253616,"天, 个, 些","-0.0281, -4.4731, -5.5535"
514,"不管 哪 阵子 , 别 忘 了 , 总 会 有 一 [MASK] 不 嫌弃 你 的  , 陪 着 你 , 不 是 一 阵子 , 而 是 一 辈子 。",个,个,-0.11987626552581787,"个, 些, 位","-0.1199, -3.1810, -4.0011"
515,"什么 言语 都 没有 , 只有 晚安 两 [MASK]  , 意味 深长 。",个,句,-0.07754026353359222,"句, 字, 声","-0.0775, -3.1473, -4.1161"
516,昨晚 居然 遇到 一 [MASK] 这  的 乞丐 买 吃 的 给 他 居然 不 要 强滴,个,个,-0.2164437472820282,"个, 位, 条","-0.2164, -3.9223, -4.7551"
517,一 农妇 初 [MASK]  !,次,恋,-1.5388973951339722,"恋, 遇, 中","-1.5389, -2.4134, -2.4541"
518,"经过 一 天 的 折腾 终于 回到 家 吃 了 两 大 [MASK]  外加 米饭 , 我 的 大肚腩 好像 又 略微 的 鼓 起来 了 哦 。",碗,碗,-0.988206148147583,"碗, 块, 锅","-0.9882, -2.2342, -2.8938"
519,上传 了 2 [MASK]  到 相册 LOVE,张,张,-0.04686402902007103,"张, 个, 页","-0.0469, -5.4927, -5.5509"
520,居然 还 混 了 [MASK] 座儿 ,个,一,-1.117805004119873,"一, 星, 邻","-1.1178, -2.1387, -3.0729"
521,"每 [MASK]  看 夜空 , 终于 发现 , 最美 还是 从前 。",次,天,-0.4180164933204651,"天, 每, 次","-0.4180, -1.8331, -2.3599"
522,"主持 一 [MASK]  , 劳心 劳力 胼手胝足 , 讲 的 是 毅力 非 手腕 。",个,位,-1.9243468046188354,"位, 个, ：","-1.9243, -3.1556, -3.4963"
523,山珍 海味 比 不 起 家裏 的 一 [MASK]  啊 。,席,切,-1.8912063837051392,"切, 餐, 些","-1.8912, -1.9429, -2.8087"
524,"又 在 抽屉 里 发现 了 这个 , 还 有 一 [MASK] 民国 时期 的  。",枚,个,-0.4362637996673584,"个, 些, 本","-0.4363, -2.9102, -3.0987"
525,准备 年货 过 年 招待 亲友 四 [MASK]  千万 别 买 霉变 坚果 有 致癌 危险 炒焦 的 坚果 可 致癌 美容 的 坚果损 健康 口味 太重 的 坚果 易 变质 。,种,种,-1.019890308380127,"种, 款, 季","-1.0199, -1.8951, -2.0012"
526,"不 是 我 心眼 小 , 只是 我 心 太 小 , 只 能 装下 一 [MASK]  。",个,切,-1.3446885347366333,"切, 个, 颗","-1.3447, -1.6961, -2.2574"
527,能 置 办好 一 [MASK]  是 种 本事 !,桌,定,-1.4705678224563599,"定, 切, 直","-1.4706, -1.5338, -2.0776"
528,若曦 对 十 爷挺 残忍 [MASK]  还行 看 着 嘲笑偶 吧 。,步,，,-0.19806097447872162,"，, 的, 。","-0.1981, -2.1627, -3.4451"
529,姓 胡 的 你 [MASK]  你 他 妈 的 居然 有 外遇 !,个,，,-1.245988130569458,"，, 看, 说","-1.2460, -1.8750, -2.1984"
530,", 我 投给 了 佟丽娅 这 1 [MASK]  。",个,票,-1.924131989479065,"票, 点, %","-1.9241, -2.3200, -2.8848"
531,"国内 的 摇滚圈 , 画面 感 很 强 的 , 中国  这么 多 年 , 需要 一 [MASK] 本质 摇滚 的 人 来 关注 。",个,个,-0.768990695476532,"个, 些, 群","-0.7690, -1.7803, -1.9104"
532,不 能 承受 生命 之 轻 我们 身边 有 三 [MASK]  朋友 敌人 非 敌 非 友 的 人 。,种,个,-0.28605690598487854,"个, 种, 位","-0.2861, -1.9418, -3.4132"
533,"现 已 有 5 [MASK]  , 连 我 才 凑 够 满额 。",名,人,-1.5639232397079468,"人, 万, 位","-1.5639, -2.4009, -2.5497"
534,"我 在 龙年 送 大礼 , Ipad 送 你 大 转盘 活动 中 抽 中 二 [MASK]  镭拓 腕托 鼠标垫 地址",等,张,-2.509141206741333,"张, 元, 件","-2.5091, -2.6743, -2.7928"
535,嘿嘿 寒假 要 狂 体 电影 今 [MASK]  陪 我 挑战 恐怖片,次,晚,-1.0050694942474365,"晚, 天, 夜","-1.0051, -1.0432, -1.9076"
536,"一 [MASK]  非要 给 我 介绍 男朋友 , 我 说 必须 符合 我 的 要求 才 能 去 见面 , 不 能 随随便便 就 去 见 !",个,次,-0.5249600410461426,"次, 直, 定","-0.5250, -2.4067, -3.5685"
537,"现在 的 利物浦 一 [MASK] 牛逼  , 神锋卡罗尔 大师 亨德森 飞翼 马克西 铁 卫 约翰逊",堆,样,-0.9951796531677246,"样, 身, 片","-0.9952, -2.5206, -2.7373"
538,"我 参与 了 发起 的 投票 每 年 春节 前 你 都 会 做 什么 准备 , 我 投给 了 打扫 房间 , 清 杂物 这 5 [MASK]  。",个,项,-0.7848526239395142,"项, 类, 个","-0.7849, -2.0866, -2.5483"
539,第三 [MASK]  。,次,章,-1.6709933280944824,"章, 天, 次","-1.6710, -2.5736, -3.0957"
540,"这 [MASK]  的 天气 真 不 想 出去 啊 刚 考完 试 也 不 急着 看书 无聊 地 在 床 上 打滚 , 余光 刚好 扫 过 的 3 DS 不 不 行 不 行 不 行 !",种,样,-0.025164535269141197,"样, 么, 里","-0.0252, -4.4805, -5.2233"
541,"脑子 真 疼 初 七 [MASK] 小  , 回家 歹饺子 哈哈",管,还,-2.195568561553955,"还, 太, 小","-2.1956, -2.4489, -2.9903"
542,"打扮 得 如此 粉嫩 斯文 , 却 在 如厕 后 展示 了 你 颠覆性 的 一 [MASK]  冲厕 所 !",面,次,-0.537952721118927,"次, 面, 个","-0.5380, -2.1078, -2.7792"
543,"工作 动态 在 新春 佳节 合家 团聚 之际 , 华山 东路 派出所 也 以 传统 方式 欢度 佳节 全 [MASK]  自 除夕 至 年初一 , 全天候 坚守 在 辖区 圆通 寺 圆通山 , 为 群众 平安 进香 快乐 出游 排忧 解难 保驾 护航 。",所,天,-1.0098116397857666,"天, 年, 警","-1.0098, -1.6403, -2.4377"
544,"好不容易 睡 [MASK]  , 还是 自己 逼 自己 的 , 本来 六点半 就 醒了",个,着,-0.6187387704849243,"着, 醒, 了","-0.6187, -1.5966, -2.1894"
545,"她 嫌 男友 当 着 朋友 没有 给 留 面子 , 便 拿起 一 [MASK]  , 用 打火机 点燃 。",瓶,杯,-2.2155749797821045,"杯, 瓶, 个","-2.2156, -2.2993, -2.3583"
546,那 一 [MASK] 会 笑 的  她 是 不 是 死 了 。,个,个,-1.2990792989730835,"个, 直, 只","-1.2991, -2.1689, -2.2001"
547,在 存完 压岁 钱 回家 之后 我 偷偷 的 喝 了 一 [MASK]  感觉 头 有 点晕 啊啊 啊 不 会 吧 我 不 会 这么 弱 吧,杯,口,-0.6585936546325684,"口, 杯, 下","-0.6586, -1.9879, -2.0992"
548,发表 了 一 [MASK] 转载  转载 单车 万 里 藏 地 行摄 抵达 拉萨,篇,篇,-0.8924677968025208,"篇, 些, 次","-0.8925, -2.3038, -2.8597"
549,"龙年 第一 [MASK]  , 希望 今天 高速 堵车 !",个,天,-0.17446830868721008,"天, 年, 日","-0.1745, -3.4362, -3.9249"
550,"第一 站 是  博物馆 , 广西 有 12 [MASK] 少数 民族 , 这里 展出 了 各 少数 民族 的 衣 食 住行 文化 。",个,个,-0.0711762011051178,"个, 种, 大","-0.0712, -3.3819, -3.9939"
551,我们 这 [MASK] 玩 了 10 几 年 的  都 渐渐 迈入 三十 的 队伍 了 。,波,些,-0.36302459239959717,"些, 个, 里","-0.3630, -2.2683, -3.0575"
552,可以 睡 到 现在 真 是 一 [MASK] ,种,。,-0.31440213322639465,"。, ！, ？","-0.3144, -1.4980, -5.0839"
553,但 几十 [MASK]  经过 努力 还是 全部 运 到位 。,根,人,-1.0220487117767334,"人, 个, 吨","-1.0220, -2.5626, -3.0650"
554,"有些 事 只 能 自己 去 度过 , 这 世界 上 根本 没有 一 [MASK]  叫 感同身受 。",种,种,-0.9179217219352722,"种, 个, 件","-0.9179, -1.5626, -2.3322"
555,"都 他丫 的 这个 时间 段 了 , 还 TMD 的 放 十万 响 的 那 [MASK]  。",种,种,-0.500083327293396,"种, 个, 些","-0.5001, -1.7694, -2.9963"
556,无奈 被 [MASK] 小  给 喝 倒 了,个,小,-1.5482127666473389,"小, 大, 老","-1.5482, -2.4994, -2.7588"
557,只 想 问 一 [MASK]  可 安好 ?,句,句,-1.038791298866272,"句, 声, 下","-1.0388, -1.2998, -2.8431"
558,"年终 奖 什么 时候 才 能 到手 啊 , 缺 钱 , 缺 钱 , 银行 里 还 有 一 大 [MASK]  等 着 还 那",堆,堆,-0.5680544376373291,"堆, 笔, 半","-0.5681, -1.2138, -3.7332"
559,"于是 我 接着 说 : “ 我们 本来 的 地球 是 在 一个 宇宙 里 , ‘ 克丽丝汀 号 ’ 到 达 了 那个 宇宙 的 边缘 , 也 就 是 那 [MASK] 黑色 的 带状  。",条,条,-0.8140473365783691,"条, 个, 种","-0.8140, -0.9711, -2.8073"
560,印度 要求 5 [MASK] 外国  离开 克什米尔,名,名,-0.9885450005531311,"名, 个, 万","-0.9885, -1.2282, -2.4863"
561,"上 周 925 播放 了 品冠 的 后来 的 我们 , 今天 是 起床 , 这 [MASK]  很 小 , 而 对 我 有 特殊 意义 的 起床 很少 有 人 知道 。",种,个,-1.5467301607131958,"个, 天, 里","-1.5467, -1.6355, -2.0375"
562,"记录 一下 , 第一 [MASK] 工作  , 颜 。",个,份,-0.27208876609802246,"份, 次, 天","-0.2721, -2.2775, -3.2085"
563,斗 [MASK]  我 容易 吗 ?,个,胜,-2.799433946609497,"胜, 死, 到","-2.7994, -3.2203, -3.2726"
564,"看到 董卿 报幕 说 , 接下来 为 大家 带来 一 [MASK] 充满 激情 的  。",段,个,-1.2331839799880981,"个, 场, 些","-1.2332, -1.6635, -2.5393"
565,"失眠 了 , 昨天 的 一 [MASK]  , 让 我 倍感 压力 之 大 。",席,切,-1.2103266716003418,"切, 夜, 天","-1.2103, -1.5550, -1.9564"
566,"新 中国 成立 , 1949 年 9 月 27 日 , 在 中国 人民 政治 协商  第一 [MASK] 全体 会议 上 , 通过 使用 世界 上 通用 的 公历 纪元 , 把 公历 的 元月 一日 定为 元旦 , 俗称 阳历年 。",届,届,-0.025653032585978508,"届, 次, 回","-0.0257, -3.6762, -12.5928"
567,董卿 第三 [MASK]  了,套,次,-2.0776984691619873,"次, 個, 任","-2.0777, -3.2594, -3.3763"
568,再 推荐 一 [MASK] 独立 乐队  。,个,些,-0.5762970447540283,"些, 个, 支","-0.5763, -1.5311, -2.4844"
569,皇冠 信誉 健维士 水 夫人 润年 大豆 异 黄酮 同时 补钙 送 30 [MASK]  胎素 6000,粒,维,-0.8739843368530273,"维, 胚, 保","-0.8740, -2.3615, -2.9704"
570,"有 好些 同学 , 真的 要 想 一 [MASK] 才  对 上号 , 惭愧 啊 。",阵,想,-0.26125308871269226,"想, 下, 些","-0.2613, -1.7622, -5.2082"
571,"跟 我 说 这 [MASK]  的 人 , 你 还 记得 吗 ?",句,话,-0.6170804500579834,"话, 样, 些","-0.6171, -1.0771, -3.2271"
572,"坐 班车 时 碰见 一 [MASK]  , 结果 更 一 衣 时 边上 一 人 问 我 你 是 倪老师 吗 我 是 向东 的 学生 。",批,人,-0.5366102457046509,"人, 位, 个","-0.5366, -2.2596, -2.7025"
573,"下午 加 了 点 奶粉 , 夜 里 睡 半 小时 就 醒 , 还 常 放屁 , 哭闹 要 竖 抱 , 应该 是 消化不良 , 刚 喂 了 半 [MASK] 妈咪  。",包,个,-0.872818112373352,"个, 天, 只","-0.8728, -1.7262, -2.5003"
574,"传闻 梁洛施 对 李泽楷 下降 头 , 两 [MASK]  分别 擦在 嘴唇 和 舌头 上 。",瓶,手,-0.38747239112854004,"手, 者, 人","-0.3875, -3.0043, -3.0448"
575,粉藍色 Powder blue Vaaleansinisi auml Ljusbl aring 粉藍色 是 一 種淡淡 的 素淨 的 顔色給人 一 種憂郁 的 清新 的 感覺 粉藍讓人 感到 心平氣 和 粉藍讓 人 想到 幾近 透明 的 天空 有 一 [MASK]  的 雲遮擋,片,層,-1.7501552104949951,"層, 絲, 片","-1.7502, -1.7813, -1.8761"
576,"今日 虽然 被 M P 喷 了 一 [MASK]  , 但 也 算是 有所 突破 了 , 虽然 只 是 一 小 步 。",脸,波,-1.9230891466140747,"波, 下, 点","-1.9231, -2.2271, -2.5552"
577,"没有 吃 晚饭 , 喝 了 两 [MASK]  。",次,杯,-0.882225751876831,"杯, 碗, 瓶","-0.8822, -1.6844, -2.4048"
578,一 [MASK]  放 在 心 里 琢磨 。,个,直,-0.5181492567062378,"直, 切, 定","-0.5181, -1.9061, -2.2537"
579,"我删 了 那 [MASK]  , 不 代表 事情 不 存在 了 !",条,些,-0.8995099067687988,"些, 个, 篇","-0.8995, -1.6575, -2.4707"
580,"看 两 [MASK]  , 我 立刻 觉得 我 又 活 过来 了 。",集,眼,-0.4972546100616455,"眼, 遍, 张","-0.4973, -1.6477, -3.1874"
581,姨妈 家 里 的 几 [MASK] 呆  。,条,个,-0.7969645261764526,"个, 天, 张","-0.7970, -1.8597, -2.9175"
582,你 我 只有 一 [MASK] 联络 的  !,种,个,-0.6591809988021851,"个, 条, 次","-0.6592, -2.5521, -2.8329"
583,"早安 面对 阳光 , 忽 的 一 [MASK] ,  公司 , 想 着 不 要 迟到 啊 结果 真 没 迟到 !",声,想,-2.222327470779419,"想, 瞥, 看","-2.2223, -2.3395, -2.6455"
584,"当 你 想起 这 [MASK]  不 再 烦恼 或 有 太 多 想法 时 你 就 真的 放下 了 , 开心 开心",件,些,-1.0254547595977783,"些, 个, 里","-1.0255, -1.9548, -2.3594"
585,回来 记得 来 [MASK] 信息 电话  !,个,个,-0.637019157409668,"个, 打, 电","-0.6370, -1.3514, -3.1406"
586,"好听 又 好看 的 曲儿 清早 一 听 , 嗨 皮 一 天 自然 卷 坐 在 巷口 的 那 [MASK] ",对,。,-0.06787481904029846,"。, ！, ？","-0.0679, -3.8650, -4.6202"
587,"要 回家 了 , 静静 说 一起 吃 [MASK]  , 是 不 是 要 给 她 说 彭 和 露露 的 事情 , 我 在 纠结 , 是 不 是 该 有 自己 的 小 秘密 ?",个,饭,-0.012840340845286846,"饭, 吧, 的","-0.0128, -5.6848, -5.8433"
588,曩谟 三 满 哆母驮喃阿钵啰 底贺 多 舍娑 曩喃怛侄 他 唵佉佉佉呬 佉呬吽吽 入 嚩啰 入 嚩啰钵 啰入 嚩啰钵 啰入 嚩啰 底瑟姹底瑟姹瑟 致哩 瑟致哩 娑癹吒 娑癹吒 [MASK]  哩曳娑 嚩诃,扇,致,-1.9493286609649658,"致, [UNK], 娑","-1.9493, -3.6428, -3.9323"
589,给 大家 介绍 [MASK] 新  LA MER 海蓝 之 谜,个,最,-0.47348859906196594,"最, 下, 的","-0.4735, -2.1697, -2.5075"
590,饭店 门囗 发现 一 [MASK] ,只,。,-0.5860249996185303,"。, ！, ？","-0.5860, -0.9308, -3.2595"
591,"看 [MASK]  都 要 复制 , 搜索 , 找 youku 的 链接 , 打开 。",个,到,-1.7118587493896484,"到, 了, 的","-1.7119, -1.8050, -2.5070"
592,这么 大 [MASK]  !,个,啊,-0.9617904424667358,"啊, 呀, 呢","-0.9618, -2.0309, -3.2579"
593,岁末 了 还 窝 了 一 [MASK] ,肚子,。,-0.2369002252817154,"。, ！, ？","-0.2369, -2.4833, -3.0745"
594,"新 一 年 开始 啦 , 我 不 希望 自己 明年 还 是 这个 样子 , 我 会 努力 抓住 每 [MASK]  , 争取 早日 实现 自己 的 短期 目标 !",次,天,-0.7449588179588318,"天, 年, 个","-0.7450, -0.8714, -3.1614"
595,"在 花园 发现 到 一 [MASK] 走动 的  在 草地 上 兜圈圈 , 传说 中 的 晨 运",个,个,-1.188715934753418,"个, 群, 些","-1.1887, -1.1966, -1.6872"
596,仲要 一 [MASK] 假  为 你 好 !,口,天,-0.9940006732940674,"天, 个, 整","-0.9940, -1.6703, -2.7460"
597,再 丑 也 是 一 [MASK] 青春 无敌 的  !,副,样,-0.6224733591079712,"样, 个, 定","-0.6225, -2.2505, -2.8886"
598,"我 竟然 做 了 生命套 , 而且 还 弄 了 [MASK] 骑士  。",个,个,-0.32888662815093994,"个, 小, 黑","-0.3289, -3.7394, -4.2579"
599,真 系 太 多 謝超哥 送 我 噶 12 [MASK]  一 燒宜家 食剩 4 包咯 哈哈 !,包,包,-0.7518664598464966,"包, 號, 月","-0.7519, -3.5803, -3.6210"
600,"初一 凌晨 一 [MASK]  不 回家 , 聚众 打麻 将 要 通宵 啊 , 好 尴尬",伙,点,-0.29852309823036194,"点, 直, 早","-0.2985, -3.2020, -3.3894"
601,大 清早 的 一 出 小 区 门口 就 看到 一 [MASK]  这 算 RP 嘛,具,家,-1.199844241142273,"家, 个, 张","-1.1998, -1.3664, -2.6770"
602,"我 只 能 像 [MASK]  一样 瑟瑟 度过 冬天 , 盼望 春天 的 到来 , 春天 来 不 了 , 就 只 能 盼望 尽早 回 广州 了 。",个,风,-1.6965265274047852,"风, 雪, 你","-1.6965, -2.2397, -2.6424"
603,boss 30 哪 [MASK]  脱口而出 百度 一下 。,个,里,-0.8589267134666443,"里, 吒, 位","-0.8589, -2.0259, -3.2367"
604,"今天 老公 陪我 逛 了 整天 , 结果 买 的 都 是 他 的 东西 我 只 收获 了 一 [MASK]  , 大过 年 的 , 减肥 的 事 回 苏州 再 说 吧",餐,些,-1.3571629524230957,"些, 半, 点","-1.3572, -1.5014, -1.9132"
605,春卷 吃 [MASK] ,点,！,-0.7773776054382324,"！, 。, ？","-0.7774, -0.8757, -2.4342"
606,"距 食 [MASK]  食 得 好 狰狞 , 其实 系 米 距 食 太 多 零食 搞 到 无 胃口 食饭 , 但 家姐话 应该 五 关 事 , 系 距 失恋 , 无 胃口 了 。",粒,饭,-0.6704926490783691,"饭, ,, 我","-0.6705, -2.4801, -3.3860"
607,"好 喜欢 这 [MASK]  , 都 来 下载 吧 我 刚 通过 分享 了 搜狗 皮肤 Light year 维尼 夫妇 巧克力 爱 下载 地址",款,个,-0.5363910794258118,"个, 里, 款","-0.5364, -1.9397, -2.2001"
608,"听 妈妈 电话 听 的 我 真 要 崩溃 了 , 我 心 里 真 快 承受 不 了 了 , 这 [MASK]  , 我 快 窒息 了",种,时,-1.5427775382995605,"时, 样, 下","-1.5428, -1.5999, -1.8291"
609,"面對 強國 的 大 [MASK]  , 狗 與豬 終於 認衰 !",批,敵,-1.3572696447372437,"敵, 戰, 勢","-1.3573, -2.4104, -2.5208"
610,"亲们 , 我 家 最近 人气 关注 度 最高 宝贝 新西兰 品牌 原装 进口 Heitiki 婴幼儿 宝宝 奶粉 二 [MASK] 金装包邮  给 大家 , 有 图 有 真相",段,合,-1.36590576171875,"合, 代, 十","-1.3659, -2.3692, -2.6154"
611,"早上 的 的士 摸样 了 , 拦 了 半 [MASK]  拦 不 到 , 好不容易 拦 到 , 快要 上 三环 , 手机 又 忘 拿 了 , 又 回去 拿 !",个,天,-0.03042212501168251,"天, 路, 夜","-0.0304, -5.1813, -5.5415"
612,我 爱 丁 先生 156 想 你 的 第三 天 那 [MASK] ,些,。,-0.749472975730896,"。, ？, ！","-0.7495, -1.0860, -1.6674"
613,"范冰冰 这 [MASK] 经典 黑色  凸显 腰身 , 强调 了 S 形 曲线 , 值得 向 大家 推荐 。",身,身,-0.8289704322814941,"身, 款, 个","-0.8290, -1.0937, -2.6851"
614,"剑侠 世界 我 在 电信 吉祥区 葬花吟 武夷山 , 这里 是 五千万 人 的 江湖 , 萝莉御姐 任 你 挑选 , 抱 [MASK]  回家 过冬咯 !",个,你,-0.45781075954437256,"你, 我, 您","-0.4578, -2.9268, -3.3304"
615,这 两 天 粉丝 每 天 一 [MASK] ,个,。,-0.29072755575180054,"。, ！, ？","-0.2907, -1.4965, -3.5944"
616,"每 [MASK]  身体 棒棒 , 感情 也 顺风 顺水 !",个,天,-0.1381787359714508,"天, 年, 日","-0.1382, -3.5664, -3.6829"
617,"可以 说 : 现在 农村 市场 的 现状 一方面 是 疲软 , 另一方面 是 有效 供给 不足 , 形成 这样 一 [MASK]  的 原因 何在 ?",种,局,-1.3141653537750244,"局, 面, 致","-1.3142, -2.4593, -3.0823"
618,签阿签阿签阿 可以 噶话 果断 签阿之前 阿里纳斯 就 话 区 想来 LA 啦 老 将 底薪区 都 话 受 如果 真 系 签佐班尼斯 慈世平 阿里纳斯 想象 下 尼 三 [MASK]  屎棍 系 埋 一齐 会 发生 咩事 分享 图片,件,个,-1.044133186340332,"个, 条, 支","-1.0441, -2.7029, -2.9346"
619,"咿咿 是 最 下面 的 那 [MASK] 大  , 呀呀 是 上面 的 小 鸭子 。",个,个,-0.7827938795089722,"个, 只, 么","-0.7828, -1.2128, -3.2497"
620,想起 昨晚 有 人 说 的 关于 光棍 的 一 [MASK]  顿时 觉得 无限 贴切 。,席,句,-1.3845895528793335,"句, 段, 切","-1.3846, -1.7009, -1.8951"
621,"还 有 妮妮 , 还 有 那 [MASK]  的 男朋友 , 还 想 你们 呀 。",个,我,-1.1726624965667725,"我, 样, 边","-1.1727, -1.7794, -2.5704"
622,漂亮 女 老师 惨遭 凌辱 www 517 sese info 疯狂 的 石头 走着瞧 追捕 枪王 之 王 万历 首 辅 张居正 黄炎培 追踪 窃听 风云 丑 女 无敌 第二 [MASK] 狗 和  的 时间 贝多芬 病毒 民国 往事 小兵 张嘎 Hello 树 先生 岁月 神偷 牛郎 织女 善德女王 红楼 梦 风声 爱情 公寓,季,章,-1.3086282014846802,"章, 季, 集","-1.3086, -1.6346, -3.0658"
623,"需要 一 [MASK] 跟 我 一起 奋斗 的  , 一起 体验 爱情 里 的 酸甜苦辣",个,个,-1.1468570232391357,"个, 群, 起","-1.1469, -1.3719, -2.0650"
624,今晚 清网 行动 的 战利品 当时 那 [MASK]  恐惧 紧张 刺激 啊 想 起来 都 炭炭 zhun,个,个,-1.1800062656402588,"个, 种, 么","-1.1800, -1.3779, -1.3964"
625,"万 诗 言 小 妹妹 , 虽然 不 算 倾国 倾城 , 但 别有 一 [MASK]  。",番,番,-1.3825578689575195,"番, 天, 格","-1.3826, -1.6859, -2.2342"
626,"微 阅读 周六 下午 , 他 都 会 来 茶楼 点 一 [MASK]  , 坐 在 二 楼 靠 窗 位子 。",壶,茶,-1.3215339183807373,"茶, 杯, 餐","-1.3215, -1.8209, -1.9454"
627,我 真 想 一 [MASK]  砸晕 你 !,台,拳,-0.570574939250946,"拳, 枪, 把","-0.5706, -2.6898, -2.7541"
628,"大夫山 山地车 亚运 比赛 路径 够 刺激 , 下 [MASK]  继续 来 挑战 。",次,次,-0.14040589332580566,"次, 午, 周","-0.1404, -3.5356, -3.5775"
629,"想 创业 容易 , 注册 一 [MASK]  也 很 简单 , 但 要 活 下去 就 难 了 , 要 做 大 做 强 更 是 难上加难 !",个,个,-0.8187140226364136,"个, 下, 家","-0.8187, -1.9349, -2.3857"
630,我 才 买 了 一 [MASK] 多  的 新 车子 啊 !,个,年,-0.8239571452140808,"年, 万, 百","-0.8240, -1.0950, -2.4188"
631,"中 二 [MASK]  , 希望 转运 , 2012 加油 。",等,病,-0.5294772982597351,"病, 生, 了","-0.5295, -2.6325, -3.6165"
632,若 是 可以 不 想 念 若 是 可以 在 有 那么 一 [MASK] 新 的 ,个,个,-0.47443869709968567,"个, 些, 点","-0.4744, -2.7584, -2.9803"
633,真 想来 一 [MASK]  正 的 旅游 啊 。,次,次,-0.20548206567764282,"次, 个, 趟","-0.2055, -2.8524, -2.9550"
634,我 感觉 我丫 的 离 中风 这 [MASK]  越来越 靠边 了 。,档子,边,-1.0681992769241333,"边, 个, 事","-1.0682, -1.6116, -1.9709"
635,"你 送 祝福 我 送礼 新 的 1 年 开始 , 祝 好 事 接 2 连 3 , 心情 4 [MASK]  , 生活 5 颜 6 色 7 彩 缤纷 , 偶尔 8 点 小 财 , 烦恼 9 霄 云外 , 请 接受 我 10 心 10 意 的 祝福 !",季,好,-1.8028695583343506,"好, 美, 色","-1.8029, -2.5399, -2.5526"
636,而 这 两 [MASK]  绝 不 允许 他 在 十几 岁 的 年纪 选择 爱情 。,样,年,-0.8286885023117065,"年, 人, 者","-0.8287, -1.6272, -2.1570"
637,感 薄熙 来说 廉洁 是 一 [MASK] ,种,。,-0.4348396956920624,"。, ？, ！","-0.4348, -1.5330, -2.1316"
638,分享 圖片 这 [MASK] 猫  了 它 看见 什么 啦 两 眼 发 清光 了 南瓜,只,只,-0.5568004846572876,"只, 是, 回","-0.5568, -1.7356, -4.0497"
639,你 的 心 是 一 [MASK]  。,面,样,-1.3014320135116577,"样, 个, 樣","-1.3014, -2.3488, -2.3805"
640,各 [MASK]  多 了 !,种,位,-0.7371335625648499,"位, 种, 人","-0.7371, -3.3278, -3.5521"
641,长 这么 大 还 是 第一 [MASK] 小  没有 和 家人 在一起 过 。,次,个,-1.206385850906372,"个, 次, 从","-1.2064, -1.2331, -2.0720"
642,第一 [MASK] 上  很 高兴,次,次,-1.5831859111785889,"次, 课, 天","-1.5832, -1.6722, -2.2359"
643,这 [MASK]  鱼 确实 好 吃 惨,家,种,-1.5418089628219604,"种, 个, 些","-1.5418, -1.9593, -2.2069"
644,"这 [MASK] 国际  的 圣诞树 , 是 我 今年 见 过 最 美 的 可惜 照片 拍 不 出 它 的 美感 , 只 能 将 就 着 看看",棵,是,-1.0116193294525146,"是, 棵, 个","-1.0116, -1.3248, -1.8783"
645,爸爸 妈妈 今年 你 给 了 我 一 [MASK] 特别 的  !,个,个,-0.5365839004516602,"个, 份, 些","-0.5366, -1.7005, -2.1786"
646,"三 [MASK]  在 微博 , 应该 是 破 纪录 的 了 !",代,天,-2.460408926010132,"天, 人, 月","-2.4604, -2.9507, -3.1651"
647,"这 [MASK]  的 很 无聊 啊 , 再 也 没有 儿时 对 过 年 的 期盼",节,真,-0.005971822887659073,"真, 么, 样","-0.0060, -6.9563, -7.2737"
648,第二 [MASK]  !,波,弾,-1.2187505960464478,"弾, 彈, 回","-1.2188, -2.3710, -2.9729"
649,"第一 [MASK]  这个 样子 的 , 看来 还是 南航 比 东航 硬件 给 力阿 !",次,次,-0.6125483512878418,"次, 个, 是","-0.6125, -1.7080, -3.5168"
650,"第一 [MASK] 在 异地 而且 是 实在 不 乍地 的 酒店  便 睡 , 看来 我 实在 累得 不 轻 啊 !",次,次,-0.6454060673713684,"次, 晚, 天","-0.6454, -0.9921, -2.4677"
651,"结果 还 是 只有 自己 承受 , , 原来 只 是 一 [MASK]  。",个,个,-1.6215252876281738,"个, 样, 次","-1.6215, -2.3976, -2.4739"
652,今晚 各 [MASK]  啦 !,种,位,-0.5363433957099915,"位, 有, 來","-0.5363, -4.1785, -4.2829"
653,"一 [MASK] 感人 的  谨 以 此 画 祝愿 所有 博友 父母 龙年 身体 安康 , 祝愿 天下 老 人 都 能 感受 后辈 的 关爱 , 如果 有 爱 , 就 让 爱心 表达 传递 !",幅,画,-1.5978734493255615,"画, 幅, 生","-1.5979, -2.2244, -2.7705"
654,"坐 火车 真 累 , 还 有 十几 [MASK]  , 我 一定 要 完成 我 的 理想 , 然后",个,天,-0.21689455211162567,"天, 年, 秒","-0.2169, -2.6870, -3.4269"
655,"不 对 称 的 美 另 [MASK] 又 特别 , 亮色 的 圆点  十足 , 轻松 跳进 视线 。",类,类,-0.06242188811302185,"类, 外, 一","-0.0624, -3.4257, -4.2157"
656,小毛 这 [MASK]  真 好看,顶,人,-1.9404501914978027,"人, 样, 个","-1.9405, -2.3200, -2.6046"
657,只有 上 十二 [MASK]  夜班 的 人 才 知道 漫漫长夜 有 多 长,个,点,-0.8854600787162781,"点, 个, 天","-0.8855, -1.1834, -2.8228"
658,"今年 过年 影响 最 深刻 的 画面 央视 花上 千万 元 租 了 一 [MASK]  , 跟 拍 广东 农民工 为了 省 钱 骑 摩托车 返乡 的 画面 !",架,台,-1.600602388381958,"台, 房, 天","-1.6006, -1.7305, -2.4825"
659,"我 如果 真的 爱 一 [MASK]  , 就 会 让 她 幸福 快乐 。",个,个,-0.5337128043174744,"个, 人, 她","-0.5337, -1.4677, -2.7363"
660,顶 你 大年 初一 卑 人 一 野 灌 半 [MASK] 红酒咩  已经 好坚 了 隔离 果 d 全部 训低,瓶,杯,-1.315661072731018,"杯, 瓶, 碗","-1.3157, -1.8559, -2.9510"
661,2011 年 全 年 CPI 的 平均 在 562010 年 全 年 在 33 也 就 是 增长 了 23 举 例 2010 年 买 一 [MASK]  要 100 元 2011 年 底 买 要 1001231023 真 不 知道 这样 算 对 不 对 了,个,套,-1.3304728269577026,"套, 个, 盒","-1.3305, -2.0041, -2.5822"
662,"12 最近 身边 发生 的 人 和 事 , 不得不 让 我 重新 审视 爱情 和 婚姻 , 我 不 明白 一 [MASK] 眼 里 只有 孩子 却 把 老公 打入 冷宫 的  , 是 怎样 维持 她 的 爱情 ?",个,个,-0.025922449305653572,"个, 位, 名","-0.0259, -4.1243, -5.9267"
663,"让 trouble 都来 的 更 猛烈 些 吧 , 让 我 一 [MASK]  静静 的 戴上 耳机 , 让 我 继续 活 在 那些 幻想 中 吧 。",个,直,-0.5331817865371704,"直, 起, 样","-0.5332, -2.1116, -2.7100"
664,国安 海南 训练 过 小 年 吃 饺子 确定 无缘 签 葡超锋霸 尽管 远 在 海南 进行 冬训 国安 也 没 耽误 按 着 老礼儿 过年 专程 随队 过去 的 厨师 就 给 全队 做 了 一 [MASK] 饺子 和  让 全 队 也 好好 解 了 解馋 。,顿,个,-1.1480581760406494,"个, 顿, 盘","-1.1481, -1.7120, -2.0530"
665,那些 年 我们 一起 追 的 女孩 mv 电影 完整版 1 [MASK] 惊心  四爷 绝密 档案 康熙 来 了 的 丝 全集 2012 分享 自,步,案,-2.4941351413726807,"案, ., 号","-2.4941, -2.6461, -2.7063"
666,好 有 基情 的 一 [MASK]  死 了 !,幕,个,-1.9146802425384521,"个, 人, 個","-1.9147, -2.6278, -2.9109"
667,"帮 非非理 [MASK]  要 170 , 够大 熊理 一 年 的 发 了 。",个,理,-0.9455304145812988,"理, 需, 只","-0.9455, -2.0387, -2.3236"
668,"从 小 到 大 , 我 最后 悔 得 3 [MASK]  就 是 1 没有 听 父母 话 好好 学习 天天 向上 。",件,点,-0.4466814398765564,"点, 件, 条","-0.4467, -2.3553, -2.4007"
669,还 有 十五 [MASK] ,个,。,-0.7163010835647583,"。, ？, ！","-0.7163, -1.3643, -1.3670"
670,"时间 真 是 一 [MASK] 好  , 比 什么 都 管用",副,点,-1.543733835220337,"点, 个, 大","-1.5437, -1.7916, -1.8187"
671,"妹妹 吃 饺子 发现 是 肉馅 , 吃 了 一半 给 他 老公 了 , 结果  就 在 剩下 的 一半 里 每 年 都 为了 吃 那 [MASK] 钱 撑 的 要 死 , 却 每 年 都 吃 不 到 悲催",个,个,-0.9785784482955933,"个, 馅, 份","-0.9786, -1.9730, -2.9306"
672,"岁月 不饶人 , 细 英 不 等 我 真的 舍 不 得 徽州 , 对于 宿舍 的 两 [MASK] 徽州  , 实在 无 以 言 谢",个,个,-0.9289002418518066,"个, 句, 幅","-0.9289, -2.2106, -3.0178"
673,"没 预料 到 这 [MASK]  需要 这么 长 时间 , 好 想 写 书法 哈哈 , 好酸 的 假 文化人 。",回,里,-2.023738145828247,"里, 个, 会","-2.0237, -2.0891, -2.3032"
674,"我 参与 了 发起 的 投票 继威幂恋 后 , 你 希望 哪 对 荧屏 情侣 公开 恋情 , 我 投给 了 这 1 [MASK]  。",个,票,-0.19749358296394348,"票, 项, 个","-0.1975, -3.4840, -3.5291"
675,"为了 那 [MASK] 十分 可观 的  , 也 得 坚持 住 。",笔,些,-0.273661732673645,"些, 个, 种","-0.2737, -2.2360, -3.2360"
676,从 我 出生 一 [MASK]  整整 带 到 我 三 岁 !,个,直,-0.57001793384552,"直, 天, 年","-0.5700, -1.6845, -2.6727"
677,决定 再 养 [MASK] 袖珍 ,盆,个,-1.624748945236206,"个, 殖, 成","-1.6247, -2.1684, -2.1795"
678,"火车 订票 网站 各 [MASK]  不 上 , 好不容易 登上 了 吧 , 订单 又 提交 不 上 , 是 想 怎样 啊 , 抓 狂暴 走 中",种,种,-0.2763473689556122,"种, 个, 站","-0.2763, -3.3977, -4.1233"
679,"她 一直 希望 我 幸福 , 不管 我 行走 在 那 [MASK]  !",个,裡,-0.8036548495292664,"裡, 里, 兒","-0.8037, -1.1672, -2.3011"
680,", 我 投给 了 快要 上课 了 这 1 [MASK]  。",个,天,-2.41593337059021,"天, 个, 人","-2.4159, -2.4994, -2.9992"
681,来 新加坡 之后 真心 的 笑 就 少 了 还 记得 小时候 总是 说 我 一 笑 眼睛 就 成 眯咪 眼 了 好 怀念 一 [MASK] 度 过 的  什么 都 不 用 想 现在 是 不 是 什么 都 不 一样 了 没 长 醒 的 男人 都 滚 一边 去 我们 不 要 !,起,起,-0.2972177267074585,"起, 直, 路","-0.2972, -2.7788, -2.8687"
682,"好评 , 这 [MASK]  最 受 好评 , 快来 看下 原装 OKI 彩粉 OKI 310033003400510096009800 化学粉 100g , 价格 4800 元 , 购买 链接 , 更 多 宝贝 请 看",款,里,-0.7918334007263184,"里, 款, 个","-0.7918, -1.3885, -2.3885"
683,原来 只有 我 自己 一 [MASK]  的 时候 会 被 人 欺负,个,个,-0.7425367832183838,"个, 人, 点","-0.7425, -2.6637, -2.8067"
684,"三 [MASK]  真 能 睡 , , ,",只,歲,-2.4355082511901855,"歲, 月, 天","-2.4355, -3.0238, -3.1614"
685,"又 想到 一 [MASK]  , 年后 还 招 不 到 , 就 快 可以 招 应 届 了 , 应届 , 90 后么 。",个,下,-0.7180982828140259,"下, 句, 点","-0.7181, -1.7257, -2.3340"
686,一 [MASK]  占据 了 所有 信任 。,个,旦,-1.7426992654800415,"旦, 切, 个","-1.7427, -1.7859, -3.0469"
687,"这 是 一 [MASK] 新年 招财  , 1 分钟 内 转发 此 猫 图 , 新 的 一 年 里 将 好运 连连 , 福气 冲天 原文 地址 y2 Yfi6twU 原文 地址",只,张,-0.9396746158599854,"张, 组, 幅","-0.9397, -1.3345, -1.8569"
688,"收拾 东西 , 发现 很多 小时候 穿 过 的 很 可爱 的 衣服 啊 嘻嘻 , 与其 说 是 收拾 东西 , 不如 说 是 疯狂 试 衣服 哈哈 , 新 的 旧 的 , 我 的 妈妈 的 , 有 杀错 没 放 过 啊 不 知道 变换 了 几 [MASK]  呢",种,次,-0.7331389784812927,"次, 下, 种","-0.7331, -2.6365, -2.8463"
689,"真的 很 感动 , 地理 老师 今年 最后 一 [MASK] 地理  跟 我们 玩 游戏 了 , 而且 还 发糖 好 开心",节,次,-0.14370650053024292,"次, 天, 个","-0.1437, -3.1492, -3.7971"
690,"一 [MASK]  , 买 了 年货 , 收拾 了 行李 , 整理 了 房间 , 但 还是 少 了 东西 没 买 , 明早 继续 。",个,早,-0.22783677279949188,"早, 天, 日","-0.2278, -2.8530, -3.7787"
691,"我 想 知道 哪天 我 喝 醉 了 酒 , 一 [MASK]  又 在 大街 上 , 会 歇 撕 底 里 喊出 谁 的 名字",个,会,-0.978646993637085,"会, 天, 次","-0.9786, -2.4808, -2.7636"
692,那 [MASK]  我 真 不 DJ 。,个,時,-1.6160510778427124,"時, 个, 时","-1.6161, -1.9185, -1.9362"
693,"让 别人 讨厌 自己 , 也 是 一 [MASK]  !",门,样,-0.6215924620628357,"样, 种, 步","-0.6216, -1.1346, -4.2787"
694,"说话 的 声音 又 变 了 , 像 [MASK] ",个,。,-0.07911104708909988,"。, ！, ？","-0.0791, -2.9346, -3.8123"
695,做 [MASK] 鸡蛋 ,个,法,-0.0934550017118454,"法, 成, 出","-0.0935, -3.7571, -4.7258"
696,本来 想 通宵 的 突然 好困 睡觉 去 做 [MASK] 好  吧 dx 拜年 nono 拜年,个,了,-1.1391487121582031,"了, ..., ，","-1.1391, -3.0216, -3.3433"
697,"但 愿 每 [MASK]  都 可以 到 自己 想 去 的 地方 好好 感受 , 开心 游玩 。",个,次,-0.7858968377113342,"次, 天, 人","-0.7859, -1.0614, -2.3325"
698,谢 了 哥 几 [MASK] 等 哥们 可以 喝 的  一定 不 醉 不 归,个,，,-0.8899844884872437,"，, 个, 我","-0.8900, -2.4551, -3.4402"
699,"我 不 敢 AT 你们 , 这些 话 , 就 这样 湮没 吧 , 看见 也 好 , 看 不 到 也 罢 , 这样 的 心境 , 本 就 不 该 让 你们 感觉 到 呢 我 还 会 以 各 [MASK] 笑 的  履行 我 的 承诺 我 一直 会 在 。",种,种,-0.03754999116063118,"种, 样, 类","-0.0375, -3.8028, -5.9391"
700,总理 的 一 [MASK]  胜过 任何 利好 因素,句,生,-1.334781289100647,"生, 言, 职","-1.3348, -2.3446, -2.8153"
701,表姐们 这 [MASK] ,群,。,-1.0495457649230957,"。, ！, ？","-1.0495, -1.1000, -1.1509"
702,祝福 我 的 宝贝们 学习 更 上 一 [MASK]  !,层,层,-0.21685265004634857,"层, 步, 楼","-0.2169, -2.6874, -2.7602"
703,一 [MASK]  在 我 家 牛牛 !,群,直,-0.19465552270412445,"直, 起, 家","-0.1947, -3.4420, -3.7846"
704,雨 会 的 台北 故宫 那些 宝物 都 是 俺们 家 的 多 好 台湾 服务业 真心 赞野柳旁 711 相 中 你 好 凯蒂吊饰 被 告知 需 集点 后方 能 换 购 怏怏 走开 又 被 店员 唤回 从 口袋 掏出 一 [MASK] 慷慨 赠送 很 感动 遂 晚餐 金门 高梁  也,枚,份,-1.1442582607269287,"份, 个, 张","-1.1443, -2.4907, -2.9511"
705,记忆 是 [MASK] 奇怪 的  。,个,很,-0.07113287597894669,"很, 最, 个","-0.0711, -3.3855, -4.7966"
706,所以 如果 你 发现 一 [MASK]  很 怕 失去 你 !,个,定,-1.3980131149291992,"定, 直, 个","-1.3980, -1.4163, -1.6874"
707,"补上 甜 食 苦 手 , 6 寸 都 觉得 头疼 不过 买 来 画 30 的 那 [MASK]  酱 好 好吃",瓶,个,-1.4034262895584106,"个, 种, 抹","-1.4034, -2.0083, -2.6204"
708,赶 不 上 第一 [MASK]  只好 等 第二 拨人 了 !,拨,，,-0.7201633453369141,"，, 拨, 的","-0.7202, -1.6218, -3.6431"
709,这 一 [MASK]  日记 看 的 我 崩坏 了 编剧 你 还 能 再 扯 点么 老 K 你 怎么 就 这样 爱上 C 了 ?,集,篇,-0.22866442799568176,"篇, 段, 个","-0.2287, -2.8883, -3.9170"
710,"发表 了 博文 从 情苦 中 了 悟 无常 四十二 [MASK] 经 云 爱 欲 之  , 犹如 执炬 , 逆风 而 行 , 必 有 烧火 之 患 。",章,字,-0.8750680685043335,"字, 孝, 章","-0.8751, -2.8522, -3.2797"
711,"市场 上 的 爆款 , 淘宝网 上 热卖 的 2011 新 款 女装 冬装 3926 可爱 围巾 帽 可 脱卸 抽绳 面包 加厚 长 款 棉 价格 20000 元 , 本 店 第一 [MASK]  , 降低 中间 环节 成本 , 直接 让利 给 消费者 , 非常 值得 关注 , 分享 给 大家 ,",手,款,-2.092113494873047,"款, 手, 家","-2.0921, -2.1537, -2.3441"
712,我 想 画 一 [MASK]  把 自己 关 在 里面 。,个,个,-1.0531425476074219,"个, 幅, 张","-1.0531, -1.4693, -1.7953"
713,一 [MASK]  后 还 得 离开 还 得 离开 还 得 离开 。,个,年,-0.18170443177223206,"年, 天, 周","-0.1817, -3.0782, -3.4027"
714,"不过 我 可 有 点 好奇 , 他 是 不 是 真的 能 过来 , 这 一 人 多 深 的 水 可不 是 闹着玩 的 , 就 一 [MASK]  了 , 不过 却 警告 他 : “ 可 别 给 我 玩花样 , 我 不 会 救人 , 更 不 会 人工呼吸 ” 。",口,样,-1.5638530254364014,"样, 定, 般","-1.5639, -2.2057, -2.4503"
715,"看见 一 [MASK]  , 没 拍 到 。",尊,张,-1.6788774728775024,"张, 个, 些","-1.6789, -2.2489, -2.6573"
716,头发 很 长 还 没 剪 我 爱 剪 头发 随便 找 一 [MASK] 没 人 的 稍微 修 一下 ,间,个,-0.4926002621650696,"个, 家, 间","-0.4926, -2.1125, -2.9171"
717,"寻 交通  知情人 1 月 10 日 9 时 20 分许 , 东兴 中路 凯旋门 酒店 对 开 路段 发生 一 [MASK] 交通 事故 , 造成 摩托车 驾驶人 当场 死亡 。",宗,起,-0.005749090109020472,"起, 宗, 次","-0.0057, -6.1262, -6.6708"
718,"你 知 不 知道 难 做 的  和 应该 做 的 事 , 往往 是 同 一 [MASK] 事 ?",件,件,-1.6821198463439941,"件, 个, 点","-1.6821, -1.7851, -1.7901"
719,啊啊 啊 第一 瓶 要 不 要 那么 大 啊 打 了 一 [MASK] 多  才 打 了 一半 啊 肿么 办,个,年,-0.3566780984401703,"年, 个, 天","-0.3567, -2.5534, -3.2171"
720,"给 朋友们 发 了 这样 一 [MASK] 祝福  , 收到 好多 压岁 钱 了 !",条,个,-0.862773060798645,"个, 条, 封","-0.8628, -1.1799, -2.2679"
721,站 在 一 [MASK]  在 家里 。,个,起,-0.9449706077575684,"起, 边, 个","-0.9450, -1.0607, -3.3730"
722,怀念 小学 时 900 [MASK]  就 逼 你 睡觉 。,家,我,-1.366281270980835,"我, 妈, 爸","-1.3663, -1.4690, -2.6960"
723,"恰巧 有 [MASK] 不 知情 的 医生  , 看到 这 情况 就 说 这 刀 还 开 的 真 久",位,个,-0.36897116899490356,"个, 位, 些","-0.3690, -1.2821, -4.4178"
724,4747 啊 同 4 [MASK]  甘 有 缘噶 48484848,双,，,-2.9097039699554443,"，, 人, 同","-2.9097, -3.2981, -3.7701"
725,"只 味好 正 , [MASK]  的 design 更正 , 深 得 我心",个,真,-1.8544247150421143,"真, 我, 吃","-1.8544, -2.4497, -2.7077"
726,"6 点 了 , 一 [MASK] 晚上  。",个,个,-0.14436247944831848,"个, 到, 整","-0.1444, -2.5098, -4.6136"
727,好 厚 一 [MASK]  。,顶,点,-1.5632485151290894,"点, 层, 些","-1.5632, -1.6849, -2.7467"
728,发表 了 博文 有关 老师 的 几 [MASK]  老师 的 点评 太 精辟 了 !,则,个,-1.3950738906860352,"个, 篇, 点","-1.3951, -1.9303, -2.0967"
729,"晚上 才 睡 两 [MASK]  , 回家 不 瘦 都 难 。",个,觉,-1.0274937152862549,"觉, 点, 天","-1.0275, -1.8896, -2.5452"
730,"或许 都 是 一 不 小心 , 就 像 我 一 不 小心 的 病 了 , 足足 做 了 一 [MASK]  的 病人 。",个,年,-0.4146021604537964,"年, 天, 半","-0.4146, -2.1242, -3.0170"
731,不过 增加 [MASK] 垃圾  。,个,了,-0.05693745240569115,"了, 的, 点","-0.0569, -3.8261, -4.7684"
732,今天 生日 居然 有 [MASK] 自 说 是 高中生 的  要 和 我 裸聊 !,个,个,-0.12818171083927155,"个, 位, 人","-0.1282, -3.0208, -4.2512"
733,很 高兴 能 当 一 [MASK]  啊哈,个,个,-2.0842738151550293,"个, 把, 姐","-2.0843, -2.2058, -2.6302"
734,"跪求 这 [MASK] 的  真 人 无 水 印版 啊 , 拜托 拜托 。",张,里,-0.9806571006774902,"里, 样, 个","-0.9807, -1.6202, -3.1489"
735,"但 永远 要 记着 有 [MASK] 前提  是 用来 加强 沟通 的 , 而 不 是 用来 制造 交流 双方 之间 的 障碍 的 。",个,些,-0.1874426007270813,"些, 个, 的","-0.1874, -2.3648, -3.5097"
736,"十几 年 来 老爸 的 第一 [MASK]  , 嗯 , 值得 纪念 。",次,次,-0.4315159022808075,"次, 天, 篇","-0.4315, -2.7704, -2.9194"
737,不 许走 给 我 跳 [MASK]  。,个,舞,-1.2276054620742798,"舞, 了, 的","-1.2276, -2.7570, -2.9076"
738,"发表 了 博文 加勒比海 盗 , 看完 加勒比海 盗 4 , 总 有 一 [MASK] 意犹未尽 的  。",种,天,-0.9990173578262329,"天, 些, 个","-0.9990, -1.2706, -2.4134"
739,办公桌 上 又 多 了 一 [MASK] 如意  着 我 新 的 一 年 称心如意,盆,份,-1.174680233001709,"份, 个, 幅","-1.1747, -1.4270, -3.3608"
740,"据 英国 每 日 邮报 报道 一 [MASK]  发现 , 人们 在 睡前 玩 手机 , 频繁 发送 电子 邮件 , 会 影响 睡眠 质量 。",项,项,-0.07724028080701828,"项, 组, 家","-0.0772, -2.9051, -5.8414"
741,哦 看到 一 [MASK] 萨摩耶  的 。,匹,个,-1.0795044898986816,"个, 只, 些","-1.0795, -2.1333, -2.4101"
742,一 [MASK]  平平安安 一起 过 年 才 是 最 快乐 最 幸福 的 !,家,家,-0.3196119964122772,"家, 起, 切","-0.3196, -2.0960, -3.1579"
743,晚安 啦 各位 希望 大家 发 [MASK] 好  啦,个,挥,-0.41487306356430054,"挥, 展, 现","-0.4149, -2.8762, -3.2270"
744,"我 的 小 黄 它 终于 拿到 了 , 还 有 车 内 清新 [MASK]  同学 穿 拖鞋 出来 给 我 送 真的 雷住 我 了",剂,的,-0.13983272016048431,"的, 女, 小","-0.1398, -3.2133, -3.8125"
745,"多少 年 下来 又 有 几 [MASK]  没有 变化 , 当时 的 初衷 又 守住 了 多少 ?",个,年,-0.304693341255188,"年, 次, 天","-0.3047, -2.3436, -2.6917"
746,"神探夏 洛克 , 才 看 了 30 分钟 , 就 觉得 很 好看 , 可惜 第一 季 才 三 [MASK] , 今天  追 完 了 !",集,集,-0.1855734884738922,"集, 季, 天","-0.1856, -2.4527, -4.3020"
747,今天 输 了 2000 [MASK] ,块,。,-0.239314466714859,"。, ！, ？","-0.2393, -1.7345, -3.3276"
748,"温家宝 历史 是 人民 书写 的 没有 一 [MASK]  拥有 特权 温家宝 我 之所以 一再 强调 改革 , 不仅 要 进行 经济 体制 改革 , 还 要 进行 政治 体制 改革 , 最 重要 的 就 是 政府 要 密切 联系 群众 , 倾听 群众 的 意见 和 呼声 。",个,个,-0.7450335025787354,"个, 人, 方","-0.7450, -1.5269, -2.2893"
749,"剑侠 世界 我 在 白虎堂 三 [MASK]  , 谁 主 红尘 , 谁 是 英雄 。",层,国,-0.6284151673316956,"国, 界, 世","-0.6284, -1.4764, -2.4949"
750,"朋友 是 [MASK]  , 人 很 单纯 很 爱 幻想 , 我 一直 觉得 她 工作 很 开心 。",个,我,-2.0375423431396484,"我, 她, tina","-2.0375, -2.5945, -3.1821"
751,昨 [MASK]  了 场 电影 金陵 十三衩 。,个,看,-0.09273302555084229,"看, 去, 上","-0.0927, -3.8985, -4.5344"
752,宫锁 珠帘 只 看 过 [MASK]  的 路过,步,你,-0.6536204814910889,"你, 我, 您","-0.6536, -1.9797, -2.3615"
753,可 根据 客户 要求 制作 各 [MASK]  的 羊毛 毡子 !,种,种,-0.5391359329223633,"种, 类, 式","-0.5391, -1.5818, -2.0543"
754,这 三 [MASK]  都 感冒 了 同病 相怜 辛苦 都 死伤 不 起 啊 新年 愿望 还 是 身体 健康 啊 有 木 有 你 也 肚子 疼 我 也 是 大过 年 的 吃 太 多 了 干净 不 干净 的 往 嘴 里 塞 你 没事 了 吧,个,天,-0.8080856800079346,"天, 个, 年","-0.8081, -2.1337, -2.3895"
755,一 [MASK] 精美 的 动态 ,组,个,-0.8939432501792908,"个, 些, 组","-0.8939, -1.7439, -2.0273"
756,"你 在 的 时候 , 总 有 一 [MASK]  !",种,天,-0.06839069724082947,"天, 个, 次","-0.0684, -3.7387, -4.9459"
757,必胜客 就 是 拿 各 [MASK]  搪塞 我 人类 已经 无法 阻止 必胜客 续 杯 了,种,种,-0.34031370282173157,"种, 位, 国","-0.3403, -2.2545, -3.3518"
758,"大 聲公 的 我 的 大 聲公無 與倫 比 聲音 故事 創作 影片 , 感動 了 我 立即 參加 華碩 及 英特 爾無 與倫 比 聲音 故事 影片 分享 活動 , 分享 令 您 感動 的 影片 , 就 有 機會獲 得 配備 第二 [MASK] 英特爾  i5 處理器 N 系列 周傑 倫驚 嘆號 !",代,代,-0.006902201101183891,"代, 顆, 版","-0.0069, -6.3436, -7.2911"
759,香港 连 [MASK] 放炮 的  没有 我 好 闹 心 !,个,续,-0.46343091130256653,"续, 连, 队","-0.4634, -1.9372, -3.5958"
760,"2012 年 注定 有 大 波折 的 星座 第一 [MASK]  大 波折 感情 上 会 有些 大 波折 , 如果 处理 不 好 , 很 可能 Game Over 。",名,：,-1.0881943702697754,"：, 个, 次","-1.0882, -2.0023, -2.5515"
761,它 有 [MASK] 美丽 的  叫 紫气东来 WeicoLomo,个,个,-0.44740432500839233,"个, 种, 点","-0.4474, -1.7164, -3.2432"
762,"晚上 取暖 不 小心 把 鞋 底 烧 了 , 今早 就 看见 老爸 在 那儿 纳鞋 底 , 他 那 一 [MASK] 的  真 是 心灵 手巧 持家 顾家 , 家里 有 他 很 踏实 , 平实 中 有 暖意 , 过 生活 的 。",辈,辈,-1.7247083187103271,"辈, 天, 代","-1.7247, -2.1639, -2.2950"
763,真心 想 吧 这 [MASK]  爹 的 雪 露 蓝 军装 出出 去 不过 实在 是 不 上 价 啊 留 着 闹 心 不 留 价格 闹心,套,坑,-0.02686411328613758,"坑, 当, 老","-0.0269, -5.3566, -5.6376"
764,谢谢 谢谢 大半夜 唱歌 给 我 听 的 那 [MASK]  哈哈哈 可以 安心 躺下 了 晚安,位,个,-1.2372336387634277,"个, 位, 张","-1.2372, -1.4700, -2.5227"
765,"过 年 第三 [MASK]  在 Jiong 途 发现 我 虽然 不 能 回家 , 但是 也 没 象 他们 一样 惨 。",遍,天,-0.042282216250896454,"天, 次, 晚","-0.0423, -4.2211, -4.5776"
766,"警察 叫 来 了 大楼 的 保安 , 当 他 翻 了 半 天 终于 找到 能 打开 邻居 房门 的 那 [MASK]  时 , 我 注意 到 它们 都 已经 锈迹 斑斑 。",串,门,-1.3574084043502808,"门, 个, 扇","-1.3574, -1.8929, -2.4498"
767,补上 照片 护士长 的 几 [MASK] 这个  给 病人 希望,笔,个,-1.4098880290985107,"个, 句, 张","-1.4099, -2.0875, -2.3029"
768,一切 一切 也 都 是 为 你 而 做 你 想 以 呢 [MASK] 暧昧  继续 落去 嘛 ?,种,？,-0.6657282710075378,"？, ?, ，","-0.6657, -1.8880, -2.5863"
769,"430 起床 , 洗漱 , 早餐 500 出 家门 , 打 的 去长 客站 530 [MASK]  沈阳 客车 出发 620 到达 沈阳 打 的 去 桃仙 机场 650 到达 机场 领 登机牌 进 候机室 800 登机 准备 起飞",本,坐,-0.8441532850265503,"坐, 从, 乘","-0.8442, -1.1464, -2.6672"
770,上传 了 17 [MASK]  到 相册兮陌 。,张,张,-0.21551448106765747,"张, 图, 页","-0.2155, -4.1843, -4.3001"
771,蓝色 S 曲线 诱惑 高清 无水印 7 [MASK] ,张,。,-0.08852963149547577,"。, ！, ？","-0.0885, -2.7444, -3.9602"
772,"每 [MASK]  都 有 他 的 秘密 , 能 告诉 别人 的 秘密 还 算是 秘密 吗 ?",个,人,-0.46806469559669495,"人, 个, 天","-0.4681, -1.1679, -3.6414"
773,这 [MASK]  的 主要 原因 和 动力 是 什么 ?,波,样,-0.19959084689617157,"样, 里, 些","-0.1996, -2.2629, -4.3135"
774,原来 中间 少划 了 一 [MASK] ,刀,。,-0.3937547206878662,"。, ！, ？","-0.3938, -1.4045, -2.5914"
775,换 [MASK]  就 行 !,个,了,-1.7134674787521362,"了, 人, 个","-1.7135, -2.8234, -2.8635"
776,每 [MASK]  都 在 勉强 自己 。,个,天,-0.19303341209888458,"天, 次, 晚","-0.1930, -1.9449, -5.2413"
777,你 妹鱼 后门 跟 战场 一 样样 的 干啥 我们 这儿 一 过 年 跟 打仗 似 的 你妹 各 [MASK] ,种,。,-0.7388637661933899,"。, ！, ？","-0.7389, -1.1447, -1.7406"
778,"那 [MASK]  不 行 , 你 毛太多嘞 。",个,可,-1.050550937652588,"可, 你, 也","-1.0506, -2.1783, -2.4508"
779,两 [MASK] 都 到齐 了 真 期待 Moonlight 戴 上去 的 效果 还 有 我 想 说 的 是 水水家 的  真心 好 支持 你 家,幅,套,-1.9875537157058716,"套, 件, 款","-1.9876, -2.1496, -2.4566"
780,"在 群里聊 舞蹈 , 突然 想到 了 这个 , 第五 [MASK] CCTV 舞蹈 大赛  展示 环节 , 妹子 小哥们 的 技巧 身段 风姿 无 一 不 醉 人 啊 , 只 可惜 没 找到 高清 版本 , BGM 也 很 给力 , 推荐",届,届,-0.022473769262433052,"届, 期, 次","-0.0225, -5.2457, -5.3736"
781,"转自 , 在 一 [MASK] 远房  家 住 了 两 天 。",个,个,-0.29746004939079285,"个, 户, 位","-0.2975, -2.5388, -3.7385"
782,悲剧 卡 里面 还 剩 2 [MASK] 01 ,块,张,-0.4468393623828888,"张, 个, 点","-0.4468, -2.7411, -3.1995"
783,我 正在 参加 宝岛 Eye 上 幸福 圆梦 伦敦 活动 现 正 在 伦敦 嗯 一 [MASK]  好 寂寞 你 快来 陪 我 吧,个,声,-0.7506568431854248,"声, 下, 起","-0.7507, -2.0414, -3.1920"
784,这 是 一 [MASK] 艰难 的 ,场,个,-0.557391345500946,"个, 种, 段","-0.5574, -1.4469, -3.1343"
785,"这 [MASK]  具有 突出 主体 , 使 画面 趋向 均衡 的 特点 。",种,样,-0.6943022608757019,"样, 就, 才","-0.6943, -1.2914, -3.3545"
786,"开门 , 开灯 , 开窗 , 给 我 的 草换 上 清水 , 给 自己 泡 一 [MASK] 暖暖 的  。",杯,杯,-0.49901020526885986,"杯, 个, 壶","-0.4990, -1.8892, -2.0791"
787,"126708 目前 西 二 [MASK] 官园  上 南 向 北方 向 有 事故 , 请 后 车 注意 避让 。",环,环,-0.5890924334526062,"环, 十, 区","-0.5891, -3.5985, -3.6760"
788,"和 打 了 一 [MASK]  , 聊 了 很多 , 可 现在 的 心情 突然 变得 很 down 。",路,次,-2.037820816040039,"次, 架, 阵","-2.0378, -2.0439, -2.0731"
789,下 [MASK]  家 試試 。,次,回,-0.5482754707336426,"回, 大, 一","-0.5483, -1.7479, -3.2846"
790,贝宁送 的  不 敢 用 导致 每 天 一 [MASK] 烟灰缸 昨天 纸杯 今天 八宝粥 罐,种,个,-0.7997172474861145,"个, 次, 瓶","-0.7997, -2.8660, -3.2190"
791,"好像 我们 的 手机 要 成 街机 了 , 越来越 多 , 火车 上 我 旁边 一 人 还 用 [MASK] ",个,。,-0.010945278219878674,"。, ！, ？","-0.0109, -4.7831, -6.2301"
792,亲爱 的 出差 北京 回来 正好 给 我 带回 了 一 [MASK] 红  。,顶,点,-1.9946929216384888,"点, 块, 个","-1.9947, -2.5586, -2.7218"
793,"今天 考试 , 我 要 加油 , 你 地伍 信 我 考到 全 级 前 100 , 哼 , 我 就 考 比 你睇 , 话 晒 伊 两 [MASK]  都 认真 左 , 我 要 加油 , 204 加油",个,个,-1.4262707233428955,"个, 位, 人","-1.4263, -1.6869, -1.9928"
794,"我 擦终于 打完 了 , 这 [MASK]  没有 失败者 , 非常 经典 的 比赛 。",场,场,-0.7166218161582947,"场, 是, 次","-0.7166, -1.2253, -2.2984"
795,"花瓣网 每 日 精选 易知难 , 歌唱 演员 , 80 年代 成都 艺术圈 中 非常 抢眼 的 一 [MASK]  。",个,员,-0.8220556378364563,"员, 位, 个","-0.8221, -1.8203, -2.3915"
796,睡 了 五 [MASK]  车 上 再 睡 一会,个,分,-0.8981286883354187,"分, 点, 次","-0.8981, -2.0196, -2.5504"
797,今晚 hcmcc 历 [MASK]  齐聚 北海,届,届,-1.7834243774414062,"届, 年, 史","-1.7834, -2.2740, -2.4409"
798,", 我 投给 了 杨幂 和 谁 在一起 都行 这 1 [MASK]  。",个,票,-1.5102616548538208,"票, 点, %","-1.5103, -1.8450, -2.4185"
799,"对于 湖人队 今日嘅 表现 , 我 只 能够 用 两 [MASK]  形容 失望",个,字,-0.9994258880615234,"字, 句, 点","-0.9994, -1.3927, -1.5843"
800,"继续 讲 回 吃 的 , 档次 上去 了 , 东 西 实在 就 是 贵 字 , 例如 吃 着 一 [MASK] 再 普通 不 过 的 卤水 鹅  , 后 , 哥 报价 是 300 大 元 !",盘,只,-1.6648662090301514,"只, 碗, 个","-1.6649, -1.6901, -2.0921"
801,"我 难得 看 一 [MASK] 新闻  , 就 是 想 看看 她 肿么 说 马英九 连任 , 结果 它 什么 都 没 说",次,个,-1.4462193250656128,"个, 下, 些","-1.4462, -1.6499, -2.4299"
802,"今晚 再次 接到 那 [MASK] 吓人 的  , 尼玛 的 干嘛 泄露 我 的 号码 , 尼玛 的 你们 惨 了",个,么,-0.4814579486846924,"么, 个, 种","-0.4815, -2.2165, -2.2887"
803,2 [MASK]  。,个,月,-2.3072707653045654,"月, 年, .","-2.3073, -2.7793, -3.5745"
804,女 童蕾 丝 花边 毛衣 儿童 毛衣 女 8800 元 近期 售出 2 [MASK] ,件,。,-0.13877780735492706,"。, ！, ？","-0.1388, -2.1036, -5.3263"
805,"第一 [MASK]  你 就 把 我 笔 盒 上 的 樱桃 小 丸子 贴纸 撕掉 在 上面 写 谁 是 你 的 白马王子 , 你 真的 很 讨厌 好 不 好 !",次,次,-0.9484410285949707,"次, 天, 张","-0.9484, -1.6284, -3.3163"
806,", , , 猜猜 我 画 的 是 什么 , 提示 3 [MASK]  港 台 演员 。",个,是,-1.5520747900009155,"是, ：, .","-1.5521, -1.6496, -1.6894"
807,我 没有 期待 你 说 什么 没有 没 有 期待 个屁 以后 别 发 短信 给 我 了 我 没 资格 理解 你 别 回 了 这 三 [MASK]  太 刺眼 !,个,字,-1.2511146068572998,"字, 句, 个","-1.2511, -1.8097, -2.0815"
808,"与 其 听 那些 痛彻 心扉 的 悲情 情歌 , 想 着 对方 的 变化 , 转身 , 离开 , 然后 用 委屈 的 泪水 淹没 自己 , 还 不 如 听听 能 给 你 力量 , 让 心 能 长出 另 一 [MASK]  的 旋律 。",双,样,-1.1036481857299805,"样, 边, 个","-1.1036, -2.3533, -2.3883"
809,啥时 给 搞 [MASK] Thinkpad  ?,个,定,-0.4581681787967682,"定, 懂, 好","-0.4582, -3.3147, -3.3197"
810,"母亲 为 惨死 女儿 求助 女儿 17 岁 半夜 惨死 在 南北 广场 出租 屋 12 [MASK]  不明不白 , 她 双 手 握 拳 死 不 瞑目 。",楼,楼,-0.20163804292678833,"楼, 层, ,","-0.2016, -2.2968, -3.6387"
811,"操 了 , 总 有 那么 一 [MASK]  出现 在 老子 的 梦里 , 你 凭 什么 ?",个,天,-0.06790735572576523,"天, 次, 刻","-0.0679, -4.5920, -4.6550"
812,如今 A [MASK]  了 龙年 。,股,到,-0.8221670389175415,"到, 过, 成","-0.8222, -0.9271, -3.8727"
813,某 [MASK]  说 的 原话,位,人,-0.5534877777099609,"人, 某, 女","-0.5535, -2.0446, -3.7831"
814,"第六 印 是 序幕 , 第七 印 的 前 四 [MASK]  才 是 真正 的 試煉 。",枝,印,-1.317701816558838,"印, 章, 關","-1.3177, -1.3371, -2.7231"
815,老伴 和 两 [MASK]  苦口 婆心 地 督促 我 到 户外 爬爬山 看看 海 打打拳,个,人,-1.4807111024856567,"人, 个, 位","-1.4807, -1.5392, -2.6774"
816,"一 [MASK]  情书 有时 , 我 只 是 想 能 有 个人 , 紧紧 抱 着 我 不 放 , 直 到 我 的 心情 真的 好 起来 。",句,封,-0.055796679109334946,"封, 份, 本","-0.0558, -4.1930, -4.9992"
817,要 像 [MASK]  一样 的 生活,个,我,-1.4729599952697754,"我, 你, 人","-1.4730, -1.9740, -1.9740"
818,"一 [MASK]  , 还 真 有点 怕 呀",个,想,-0.4696793556213379,"想, 看, 听","-0.4697, -2.2245, -3.3033"
819,我 爱 你 两 年 零三 [MASK]  822 days 最 好 的 笑 给 你,个,天,-0.6919168829917908,"天, 夜, 月","-0.6919, -1.8155, -3.1816"
820,"重 回 儿时 回忆 , 买 [MASK] 老虎  过 年 , 哈哈哈哈 , 好 喜欢 的 , 特别是 帽子",件,只,-1.2307685613632202,"只, 了, 小","-1.2308, -1.7676, -2.4471"
821,"市内 压车 已经 崩溃 了 , 还是 不 出门 好 啊 , 中山 这 [MASK]  贴 人 车贴 车 了",面,里,-1.61116361618042,"里, 是, 边","-1.6112, -1.8143, -1.8927"
822,人生 就 是 一 [MASK]  呀 !,道,樣,-1.1035066843032837,"樣, 样, 次","-1.1035, -1.2654, -3.0998"
823,"如果 U [MASK]  了 , 可以 尝试 这样 找到 相应 的 芯片 工具 重新 刷一遍",盘,不,-1.6468956470489502,"不, 掉, 死","-1.6469, -1.7824, -2.8993"
824,足彩妖 刀 周日 西 甲 重心 推荐 3 [MASK] 赫塔菲桑坦德 ,场,：,-1.4221552610397339,"：, ., 、","-1.4222, -1.9227, -2.2849"
825,每 [MASK]  完人 总是 还 要 沉浸 在 对 与 错 里面 很 久 今天 思路 还 不 够 清楚 呀呀呀,次,次,-1.5591294765472412,"次, 看, 见","-1.5591, -1.7234, -2.0981"
826,"想起 一 [MASK]  , 最 怕 自己 从今以后 什么 都 不 相信 。",句,切,-0.4191451370716095,"切, 些, 句","-0.4191, -2.3487, -2.9575"
827,上传 了 5 [MASK]  到 相册 森林 公园,张,张,-0.0631464272737503,"张, 页, 个","-0.0631, -4.4535, -5.4883"
828,"前年 我 喜欢 小 德 , , , , , 没 想到 真 是 [MASK] ",条,。,-0.5819652080535889,"。, ！, ？","-0.5820, -0.8547, -4.1902"
829,救命 我 爸 爱上 王力宏 X 李云迪 了 QAQ 现在 每 天 只要 有 重播 的 春晚 都 要 看 那 [MASK]  然后 特别 嗨 并且 表示 这 是 他 最 喜欢 的 节目 没有 之一,个,个,-0.4955887794494629,"个, 里, ，","-0.4956, -2.3375, -3.5131"
830,"1 下午 我 娘 电话 , 貌似 过年 走 了 几 [MASK]  被 逼急 了 , 接 其 电话 就 问 我 你 到底 有 没 有 结婚 的 可能 ?",个,天,-0.7324831485748291,"天, 趟, 步","-0.7325, -1.4354, -2.2180"
831,那 是 第一 [MASK] 使用 了 漂亮 印刷 字体 的  。,台,个,-0.5661538243293762,"个, 次, 位","-0.5662, -1.5841, -2.1713"
832,"我们 说 女性 在 她 的 一生 中 会 发生 一 [MASK] 不同 于 男性 的 生理 的  , 那么 在 这些 生理 变化 的 过程 中 您 也许 注意 不 到 因此 而 带来 视力 上 的 问题 。",系列,些,-0.020029058679938316,"些, 种, 个","-0.0200, -4.8293, -5.7853"
833,"折腾 了 几 天 总算 把姐 嫁 出去 了 , 深刻 的 体会 到 择偶 条件 里 多 [MASK] 本 地区  是 多么 重要",个,于,-1.7698142528533936,"于, 在, 个","-1.7698, -2.1061, -2.5203"
834,"真 好 , 看完 真 想 穿 过去 真 美 , 你 就 是 我 心 中 那 [MASK]  中 念 着 岁月 静 好 的 甄嬛 爱 你",个,心,-0.2382522076368332,"心, 念, 梦","-0.2383, -3.3933, -3.9143"
835,空 无 一 人 的 九 [MASK] ,层,。,-0.33808478713035583,"。, ！, ？","-0.3381, -1.6956, -2.2907"
836,"不 怕 不 怕 不 怕 , , , 还 有 一 [MASK] 补考  。",次,个,-1.1863739490509033,"个, 次, 场","-1.1864, -1.3146, -2.2817"
837,让 我们 来 看看 2011 年 Billboard 前 十 [MASK]  的 详细 排名 吧,位,名,-0.5859654545783997,"名, 大, 强","-0.5860, -1.8929, -2.0055"
838,至少 要 花上 多少 [MASK]  才 能 学会 爱情 是 什么 东西,个,钱,-0.04793449118733406,"钱, 年, 时","-0.0479, -3.9065, -4.5853"
839,"复 [MASK]  , 容易么 ?",个,杂,-1.3670703172683716,"杂, 习, 制","-1.3671, -1.3733, -1.6191"
840,第一 [MASK]  利市 !,次,勝,-2.3960397243499756,"勝, 福, 胜","-2.3960, -2.7553, -2.9584"
841,"Norman , 今日 繼續 放送 TV drama 確認 逃亡者 第二 [MASK] 青山  渡辺 大福 本 清 三",回,話,-1.7616499662399292,"話, 季, 代","-1.7616, -2.1456, -2.1734"
842,"生命 就 像 一 [MASK]  , 朋友 就 像 车 上 的 旅客 , 不 是 所有 人 都 能 陪 你 到 终点 。",列,车,-0.8831043243408203,"车, 路, 票","-0.8831, -2.5068, -2.5643"
843,连 看 [MASK]  都 不 能 坚持 的 我 还 能 做 什么 !,个,书,-1.0608630180358887,"书, 见, 板","-1.0609, -2.5941, -3.0691"
844,"我 是 [MASK] 变态 的  , 别 惹 我",个,个,-0.22995348274707794,"个, 很, 最","-0.2300, -2.3563, -3.7925"
845,微 博转 了 一 [MASK] 看到 很多 纠结 难耐 的  真心 地 感叹 自己 拥有 拿 的 起放 的 下 的 本领 是 有 多 好 啊,圈,圈,-0.31914040446281433,"圈, 下, 遍","-0.3191, -2.7615, -3.2716"
846,哦哟 您 八二年 就 没 当 医生 了 自己 背 完 汤头 还 要 药性 歌括 四百 [MASK]  背 茯苓 ?,味,斤,-2.2053632736206055,"斤, 年, 里","-2.2054, -2.6880, -2.8470"
847,"手机 没 电 了 , 漫长 的 16 [MASK]  怎么 办 ?",个,天,-1.037635326385498,"天, 年, 期","-1.0376, -2.0613, -2.5467"
848,"让 人 幸福 的 三 [MASK]  有 人爱 , 有 事 做 , 有所 期待 。",件,：,-1.4083744287490845,"：, 、, ,","-1.4084, -1.4820, -2.3598"
849,"父辈 倒 是 自 幼 于 此 地 长大 , 与 此 地 感情 深厚 , 不过 我 就 没啥 感觉 了 , 同辈 之间 年龄 或者 相差 太 大 或者 三 观 差异 过 多 , 总的来说 无 太 多 的 交集 , 不过 本着 都 是 一 族 亲戚 的 出发点 , 一 [MASK] ",门,。,-0.045116864144802094,"。, ！, ？","-0.0451, -3.3551, -6.3449"
850,"我 没 什么 大 的 愿望 , 只 希望 一 [MASK]  能 整整齐齐 健健康康 快快乐乐 地 生活 在一起 。",家,家,-0.044505778700113297,"家, 切, 定","-0.0445, -4.6440, -4.9091"
851,北京 抽样 5000 [MASK]  算出 去年 城镇 居民 增收 7 新闻 腾讯网,户,人,-0.5888756513595581,"人, 元, 万","-0.5889, -1.6272, -2.9242"
852,"像 横断 山脉 中 所有 的 峡谷 一样 , 位 于 云南 迪庆 藏族 自治州 香格里拉 的 巴拉格 宗 大 峡谷 也 是 南北 走向 , 新 造山 运动 把 岗曲河河 水 深深 地 [MASK]  在 海拔 仅 一千多 米 的 谷底 。",剂,埋,-0.9142336845397949,"埋, 封, 留","-0.9142, -2.5290, -2.6494"
853,"昨天 是 土牛 他们 一 [MASK] 从 小 到 大 的 兄弟  家里 作夜 , 喝酒 , 到 了 十二点 以后 , 敲锣 打鼓 挨家挨户 要 酒喝 , 很 是 热闹 。",拨,个,-1.2992995977401733,"个, 对, 家","-1.2993, -1.6432, -1.6784"
854,"刚 开始 我 觉得 你 是 [MASK]  , 不苟言笑 的 男孩子 。",个,个,-0.07012137025594711,"个, 一, 位","-0.0701, -3.1143, -6.2628"
855,自嘲 是 一 [MASK] 高 层次 的  。,种,个,-0.6491555571556091,"个, 种, 项","-0.6492, -0.7847, -5.4890"
856,"我 在 净慈寺 , 这个 春节 要 跑 多少 [MASK]  啊",个,趟,-1.0755913257598877,"趟, 路, 里","-1.0756, -1.6606, -1.7930"
857,望到 佢好 饱仲 一 [MASK] ,身,。,-0.6609468460083008,"。, ！, ？","-0.6609, -0.8634, -4.2748"
858,"一 [MASK]  轻松 瘦 腿侧站 踢腿 针对 肌肉 腿大肌 及 外侧肌 动作 借助 椅背 支持 身体 , 侧向 坐椅 站直 , 把 健身 带捆 在 双脚 脚跟 位置 。",根,、,-0.19847676157951355,"、, 招, .","-0.1985, -2.2897, -4.0930"
859,"我 毫 不 掩饰 倾诉 对 你 的 爱 , 千 [MASK]  , 百依百顺 在 你 的 面前 。",般,年,-1.3805888891220093,"年, 万, 千","-1.3806, -2.1594, -2.5133"
860,"给 大家 推荐 一 [MASK] 金星  二手房 , 18600 平米 的 3 室 2 厅 2 卫 , 65000 万 。",套,下,-1.0525473356246948,"下, 套, 个","-1.0525, -1.1906, -1.6578"
861,看 完 春晚 节目单 各 [MASK] 觉得 不 必要  从 节日 角度 考虑 看 春晚 又 是 一 必须 参与 的 项目 好 吧 重 在 参与,种,位,-0.07015832513570786,"位, 人, 种","-0.0702, -4.0646, -4.1048"
862,企鹅 罐 rar 这 [MASK]  是 对 的 吧,次,才,-1.4141613245010376,"才, 就, 个","-1.4142, -1.9427, -2.3627"
863,连续 睡 不 到 五 [MASK]  哪天 会 猝死 在 地铁 里 吧 这么 辛苦 是 为 哪般 啊,个,点,-0.3606882691383362,"点, 次, 分","-0.3607, -2.7123, -3.1408"
864,国内 恶 银行 好 气西 了 [MASK] 那 火  !,册,，,-1.360593318939209,"，, ,, !","-1.3606, -2.0266, -2.4807"
865,肋膈角 那 [MASK]  疼 的 好 厉害 。,个,边,-1.1375929117202759,"边, 块, 里","-1.1376, -1.9269, -2.1810"
866,来 一 [MASK] 5 年 内 的  !,张,个,-1.3085180521011353,"个, 张, 下","-1.3085, -2.1026, -2.2660"
867,"对 省委 的 前 几 [MASK] 老  , 对 那些 经验 丰富 、 德高望重 的 老同志 , 新 班子 至今 还 经常 向 他们 登门 请教 。",任,位,-0.8805059194564819,"位, 代, 个","-0.8805, -1.7815, -2.1779"
868,"临 走时 , 保安室 的 哥们 又 给 了 我 三 [MASK] 很  我 也 不 墨迹 , 知道 自己 的 情况 , 客气 了 下 就 收下 了 。",支,张,-1.6999813318252563,"张, 个, 元","-1.7000, -2.0530, -2.6549"
869,"我 现在 尿布 也 用 花王 了 , 爱 婴室 两 大 [MASK] 300 元  啊 ?",包,床,-2.3107779026031494,"床, 套, 件","-2.3108, -2.6007, -2.6751"
870,"哎呀 哎呀 , 回家 炒 第一 [MASK]  , 手忙脚乱 的 , 额",顿,盘,-1.3506896495819092,"盘, 锅, 个","-1.3507, -1.6632, -2.8354"
871,"我 刚刚 在 爱 问 共 享 资料 上 传 了 资料 , 欢迎 大家 下载 分享 20102011 学年度 七 年级 数学 上 [MASK]  中 试题 及 答案 doc 更 多",册,高,-0.9319160580635071,"高, 册, 初","-0.9319, -1.6709, -1.9764"
872,"过期 一 [MASK] 多  了 , 我 还 吃么 ?",个,年,-0.14059913158416748,"年, 个, 周","-0.1406, -2.5316, -4.0591"
873,"五 年 了 , 三 [MASK]  的 疯狂 , 走到 最后 , 反而 默默 的 安静 下来 , 难道 真 的 是 因为 大家 的 离别 和 淡忘么 , 还是 自己 所 期望 的 呢 ?",个,年,-0.03277445584535599,"年, 次, 人","-0.0328, -4.4030, -5.8093"
874,我 做 了 [MASK] 不 重要 的 决定 什么 负 责任 的 恋爱  滚 你 奶奶 的 吧 我 就 是 一 混蛋 混蛋,个,个,-0.7109531760215759,"个, 很, 些","-0.7110, -1.9244, -2.5698"
875,"只 是 我 也 迟迟 看 不 到 你 让 我 融进 你 的 生活 , 在 你 朋友 那里 , 有 我 这么 一 [MASK]  吗 ?",号,个,-0.2253042310476303,"个, 位, 人","-0.2253, -2.7924, -3.5745"
876,余文乐 吧 每 日 签到 2012 年 1 月 17 日 可 乐 签到 [MASK] http t  z0ep6 MO 各位 早安 起床 啦 早餐 时间 到,帖,:,-2.687624454498291,":, [UNK], ：","-2.6876, -2.7207, -3.4314"
877,去年 我国 43 亿 [MASK]  自然 灾害 1126 人 死亡,人次,人,-0.9043914079666138,"人, 因, 起","-0.9044, -2.0196, -2.6177"
878,樱花妹 这 [MASK] 福利 ,次,是,-0.8436785340309143,"是, 个, 有","-0.8437, -2.5238, -2.5462"
879,最后 一 [MASK]  。,班,次,-2.0220863819122314,"次, 天, 张","-2.0221, -2.1329, -2.4294"
880,被 一 個惡夢 驚醒 了 出 了 一 [MASK]  真的 不 是 非 一般 真實 看來 今晚 我 是 睡 不 著 的 了,身,個,-1.8751697540283203,"個, 夢, 聲","-1.8752, -3.1594, -3.1950"
881,"对 文昌 宫 、 文昌 君 不 感 兴趣 , 说 我 木然 , 那 等 你 看到 我 对 七 [MASK]  边 的 那些 古柏 感 兴趣 的 样子 , 你 定然 会 认为 我 的 脑子 有 毛病 。",曲,星,-0.45604556798934937,"星, 里, 楼","-0.4560, -3.3820, -3.5334"
882,总是 那 [MASK]  。,张,样,-0.10747317224740982,"样, 种, 么","-0.1075, -3.5917, -3.8369"
883,目的 : 有助于 触 球 时 的 方正 [MASK]  。,杆,感,-0.7923951148986816,"感, 性, 度","-0.7924, -2.0187, -2.4089"
884,"发表 了 博文 回归 好久 没有 玩 新浪 博客 了 , 回来 看看 , 补充 [MASK]  爱好 , 同步 微博 。",些,点,-0.7699776887893677,"点, 下, 小","-0.7700, -0.8594, -3.3156"
885,湖南 卫视 在 放 着 上 一 年 快乐 大 本营 言承旭 我 的 第一 [MASK]  。,个,次,-1.7980237007141113,"次, 张, 首","-1.7980, -2.5376, -2.6806"
886,"没有 撑到 十二点 , 因为 要 赶早 [MASK]  回 上海 对 不 起 哈 祝 乃 一 年 比 一 年 高 富帅 等 我 到 家 送图 给 乃么么哒",点,点,-0.09902533888816833,"点, 班, 上","-0.0990, -4.2663, -4.2700"
887,"高 一 寒假 全 科 强化班 网校  在 现有 优惠 上 , 再 享受 88 折 优惠 包括 高 一 上 下 学期 语文 数学 英语 物理 化学 生物 地理 等 全部 课程 , 共 11 [MASK] 课程",个,门,-0.0795271024107933,"门, 个, 节","-0.0795, -3.5641, -4.0420"
888,早起 这 [MASK]  是 要 多 痛苦 有 多 痛苦,档子,就,-0.803860604763031,"就, 真, 不","-0.8039, -1.8199, -2.0025"
889,"金秋 时节 , 层林尽染 , 依山傍水 的 徽派 古 村落 形成 了 一 [MASK] 天人合一 的 水墨  , 显得 静谧 悠远 。",幅,幅,-0.4076502323150635,"幅, 种, 副","-0.4077, -2.1649, -2.7459"
890,肥 了 两 [MASK] 回到 汕头 当站 上 体重 秤 的 那 一  尼玛 什么 的 都 阻止 不 了 我 减肥 的 步伐 !,圈,斤,-0.18067263066768646,"斤, 磅, 年","-0.1807, -3.2182, -3.5217"
891,刘俐俐 张绍 刚 场 上 互掐 俩 [MASK]  都 有 错 。,个,人,-1.1166799068450928,"人, 字, 手","-1.1167, -1.3977, -3.0982"
892,好 彩有哩 [MASK]  可以 让 硪对伱 表白 吖吖 好 中意 伱吖吖 !,个,，,-1.504635214805603,"，, ！, ~","-1.5046, -2.0516, -2.4559"
893,"我 希望 永远 不 要 再 听到 希望 工程 这 四 [MASK]  , 这 都 应该 是 政府 的 基础 工程 。",个,字,-0.4014356732368469,"字, 个, 句","-0.4014, -2.5212, -2.6778"
894,今天 又 是 一 [MASK] 大  !,个,个,-1.0354704856872559,"个, 年, 天","-1.0355, -2.0085, -2.2159"
895,还 有 [MASK]  的,个,我,-3.075025796890259,"我, 你, 他","-3.0750, -3.0916, -3.1382"
896,黑 的 这 几 [MASK] 我 还 蛮 喜欢 的 其他 的  觉得 莎拉伯顿 的 设计 太 纯净 了 有点 唯美 不 像 麦昆 一向 的 诡异 和 黑暗 亚历山大 麦昆 海洋 生物 的 艺术 之 作 17,套,个,-1.1765340566635132,"个, 张, 款","-1.1765, -1.9174, -2.8036"
897,"这 [MASK]  会 间歇 的 尝试 与 人 亲近 接触 , 但 却 常常 失败 。",类,样,-1.7197296619415283,"样, 时, 些","-1.7197, -1.8094, -1.8097"
898,打 了 [MASK] 下午  。,个,一,-0.15838485956192017,"一, 个, 個","-0.1584, -3.3621, -3.7043"
899,"我 亲爱 的 妈 有 [MASK] 异于 常人 的  , 就 是 在 你 心情 灿烂 的 时候 能够 让 你 突然 抑郁 沉沦 , 觉得 昏 天地 暗 的 !",个,个,-1.0990486145019531,"个, 点, 种","-1.0990, -1.7232, -2.0231"
900,"剩余 两 天 课 一 天 早起 , 两 [MASK] ",次,。,-0.03338475525379181,"。, ！, ？","-0.0334, -3.7473, -5.7754"
901,晨 锅 这 [MASK] 你 不 是 亮点 亮点 是 你 后面 的 内位  哇 表情 帝丫,次,个,-0.8407349586486816,"个, 位, 里","-0.8407, -2.2214, -2.6399"
902,"沉睡 在 E [MASK] 中 的  , 阔别 多日 , 你 还 好么 ?",盘,梦,-0.09132303297519684,"梦, 心, 怀","-0.0913, -4.5247, -4.6077"
903,等 采访 一 [MASK]  。,个,下,-0.7485920190811157,"下, 次, 遍","-0.7486, -1.7087, -2.9409"
904,"今天 董事长 在 睡午觉 , 和 他 老爸 行走 在 讨债 的 康庄 大道 上 , 收回 一 [MASK]  !",张,切,-1.4791539907455444,"切, 笔, 亿","-1.4792, -1.5212, -2.2521"
905,"意大利 倾覆  乘客 称 场景 如 泰坦尼克 惨剧 1 [MASK] 豪华 游轮 在 意大利 近海 触礁 倾覆 , 幸存 乘客 描述 称 , 当时 大部分 乘客 都 在 用 晚餐 , 突来 的 巨响 打断 了 欢乐 气氛 。",艘,艘,-0.06869582831859589,"艘, 号, 座","-0.0687, -4.1327, -4.5047"
906,回家 四 [MASK]  又 长安 !,个,川,-1.1304268836975098,"川, 月, 年","-1.1304, -1.1727, -2.5289"
907,"看到 微博 有 这么 一 [MASK]  你 总怪 我 , 对 你 过分 依赖 , 很 奇怪 没有 你 我 该 怎么 办 。",句,句,-0.8503619432449341,"句, 段, 张","-0.8504, -1.0217, -3.4299"
908,"VICTIM 2012 年 春夏 系列  型录 日本 品牌 Victim 在 今日 揭露 明 年度 春夏 新品 的 型录 , 可以 看到 一 [MASK] 轻便 而 有形 的 薄 外套 , 以 皮革 材料 与 帽夹 的 搭配 为主 也 有 轻便 具 机能性 的 风衣 外套 , 可 搭配 出 具有 outdoor 风格 的 穿 搭 。",系列,些,-1.177466869354248,"些, 件, 款","-1.1775, -1.5557, -1.6211"
909,炮火连天 啊 过 年 的 气息 就 是 这样 满 天 的 火药味 买 了 几 [MASK] 旺旺  送 人 你 旺 我 旺 大家 旺,包,个,-0.598798930644989,"个, 盒, 条","-0.5988, -1.9158, -2.4294"
910,准备 第三 [MASK] ,轮,。,-0.41844800114631653,"。, ！, ？","-0.4184, -1.2824, -2.8098"
911,"新年 第一 天 , 我 做 了 一 [MASK] 浪漫 的  , 醒 了 。",个,个,-0.3335200548171997,"个, 件, 些","-0.3335, -1.9845, -3.6866"
912,大年 初一 因为 要 上班 又 是 一 [MASK]  在 家 好 不 开心 啊,个,直,-1.107799768447876,"直, 天, 个","-1.1078, -1.4005, -2.6314"
913,穿上 一 [MASK] 帅气 的  。,身,件,-1.091749668121338,"件, 身, 点","-1.0917, -1.5175, -2.4207"
914,"一 生 最 重要 的 三 [MASK]  世界 上 有 你 的 那 天 , 世界 上 有 我 的 那 天 , 我 和 你 成为 我们 的 那 一 天 。",个,天,-0.5932161808013916,"天, ,, 、","-0.5932, -2.7174, -2.9007"
915,中国 大人 秀 居然 把 冠军 给 了 一 [MASK] 唱 男人 歌 还 走音 的  。,个,个,-0.08441217988729477,"个, 位, 些","-0.0844, -3.5174, -4.2581"
916,138 我 想 是 那 [MASK] 坚强 又 美丽 的  。,种,么,-0.48218172788619995,"么, 样, 麽","-0.4822, -1.0368, -4.8358"
917,"上海 中医药 大学 药学院 副院长 陶建生 曾 道破 天机 考验 一 [MASK]  能否 服用 , 无非 看 两 点 一 是 疗效 , 一 是 安全 。",种,下,-0.5153672099113464,"下, 次, 颗","-0.5154, -2.2649, -3.2424"
918,"5 在 中央 空调 室内 摆放 一 [MASK]  或 使用 保湿机 , 避免 泪液 蒸发 过 多",盆,盆,-0.9870188236236572,"盆, 个, 些","-0.9870, -2.5755, -2.8373"
919,"结果 11 点 去 到 根据 点 , 又 给 灌 了 近 2 [MASK]  。",支,瓶,-1.1436119079589844,"瓶, 次, 杯","-1.1436, -2.2281, -3.0851"
920,老娘 法眼 一 开 就 知道 你 是 [MASK]  了 。,个,谁,-0.4156254231929779,"谁, 人, 我","-0.4156, -2.5740, -3.2203"
921,"也许 错过 了 就 错过 了 , 时间 会 帮 我 换 一 [MASK] 新 的  !",个,个,-1.0376548767089844,"个, 件, 些","-1.0377, -1.6772, -2.4510"
922,"过敏 体质 的 人 伤 不 起 中午 吃 了 [MASK] 桂林  , 脸 又 红 又 肿跟 猪头 一样 , 主管 第一 反应 就 是 嫌 我 丑",碗,个,-1.465453028678894,"个, 点, 趟","-1.4655, -2.6844, -2.7913"
923,隔离 玩 单机 游戏 果 [MASK] 就 免 提 啦嘉骅  so what,个,然,-0.09570913016796112,"然, 真, 断","-0.0957, -3.8008, -4.8333"
924,"6 生活 太 艰难 了 , 为了 多 掌握 一 [MASK] 吃饭 的  , 我 正在 练习 左 手 使 筷子 。",门,点,-0.9419018030166626,"点, 些, 下","-0.9419, -1.6015, -2.1417"
925,分享 一 [MASK] 来自 酷狗 音乐 的  许巍 曾经 的 你 分享 自 酷 狗 音乐,首,下,-0.3511742055416107,"下, 张, 个","-0.3512, -2.8153, -3.0460"
926,"今天 的 春节 愿望 姐要 热 血 地 好好 学习 , 积极 向上 , 立志 做 一 [MASK] 视 钱财 如 粪土 的  , !",个,个,-0.051472827792167664,"个, 名, 位","-0.0515, -3.0661, -6.3060"
927,"来 乡下 吃 餐饭 , 也 要 带 着 目的 来 的 , 都 是 一 [MASK] 想 巴结 黑暗 的 官僚主义 的 无良  , 也 有 想 寻找 财路 物识 商人 的 父母官 , 官臭 加上 铜臭 的 社会 早 已 猥亵 了 我们 美好 的 理想",伙,些,-0.28087010979652405,"些, 群, 个","-0.2809, -2.7359, -3.1434"
928,各 [MASK]  塞进 口袋 。,种,自,-0.6333308219909668,"自, 种, 个","-0.6333, -1.2842, -3.2653"
929,我 自己 处理 这 [MASK]  好 了 。,件,个,-0.5357725620269775,"个, 些, 就","-0.5358, -2.2595, -2.4763"
930,有 没有 哪 一 [MASK]  愿意 为了 自己 的 女朋友 而 不 抽烟 呢,个,个,-0.3493857979774475,"个, 方, 位","-0.3494, -2.4430, -2.8093"
931,"新年 注册 [MASK]  , 说说 身边 的 事 。",个,了,-0.9420440196990967,"了, blog, 时","-0.9420, -2.8177, -2.9204"
932,他 在 信 的 末尾处 写道 祝 你 度过 一 [MASK] 愉快 的  !,个,个,-0.27284300327301025,"个, 天, 年","-0.2728, -2.6491, -2.8935"
933,"此后 罗马 天主教 曾 派出 七 [MASK] 主教  协助 孟德 高 维 诺 传教 , 其中 有 三 人 到达 , 并 开辟 了 泉州 等 主教 区 。",个,位,-0.41737914085388184,"位, 名, 人","-0.4174, -1.2680, -3.4875"
934,以 一 [MASK]  在 路 上 的 心态 入眠 !,个,种,-0.4548678994178772,"种, 个, 颗","-0.4549, -2.2132, -2.6076"
935,但 我 至少 捡到 了 一 [MASK]  。,份,个,-1.377885103225708,"个, 只, 次","-1.3779, -2.3350, -2.4264"
936,"早上 五点 起床 , 给 孩子们 化妆 , 给 他们 找 10 [MASK]  考点 , 和 他们 一起 排 长长 的 队 , 和 他们 说 加油 , 看 着 他们 进 考场 , 希望 他们 都 能 考 个好 成绩 。",号,个,-0.04032059386372566,"个, 号, 分","-0.0403, -4.6593, -5.2166"
937,"早上 搬 行李 , 又 跑到 其他 [MASK]  说 怎么 开 不 了 门 。",栋,",",-1.6015758514404297,",, 家, 处","-1.6016, -1.6378, -2.2247"
938,三星路 [MASK]  鸡咯,次,烤,-1.8484022617340088,"烤, 炸, 边","-1.8484, -2.0311, -3.1781"
939,"远远 望去 , 地点 好像 就 是 旅馆 门口 , 战战兢兢潜 过去 , 原来 是 抓 了 三 [MASK] 墨西哥 偷 车 小  。",个,个,-0.24722208082675934,"个, 名, 只","-0.2472, -1.7823, -4.7500"
940,我 爱 死 这 [MASK]  了,篇,个,-1.082602620124817,"个, 里, 些","-1.0826, -1.3413, -2.9614"
941,很 讨厌 有些 人 半夜 三 [MASK]  炮长 !,间,个,-1.762373685836792,"个, 更, 枪","-1.7624, -2.1913, -3.5147"
942,7 两 [MASK] B 型 血 的  出 的 孩子 是 2 B 的 吧 ?,个,个,-0.8653695583343506,"个, 种, 大","-0.8654, -1.4738, -2.0493"
943,我 是 [MASK] 保守 的  。,个,很,-0.6381360292434692,"很, 个, 個","-0.6381, -1.3753, -3.5085"
944,除夕 最 大 愿望 就 是 一 亲戚 给 我 一 [MASK] 薄薄 的  对 我 说 钱 太 多 了 装 不 进去 里面 有 张卡密码 是 你 生日 自己 去取 哈哈 有 同 感同 鞋 的 转发,个,张,-0.6645796298980713,"张, 个, 包","-0.6646, -1.7870, -3.1890"
945,"过 了 起飞 时间 还 有 十二 [MASK]  没有 登机 , 争分夺秒 的 春运 啊 , 伤 不 起",个,点,-0.8783639669418335,"点, 天, 分","-0.8784, -1.3102, -2.1719"
946,"终于 到家 了 , 还是 家 里 好 啊 , 虽然 没 暖气 可 是 杭州 的 那 [MASK]  多 了 !",间,么,-0.17099657654762268,"么, 里, 个","-0.1710, -3.8105, -3.9402"
947,"我 讨厌 别人 跟 我 说 呵呵 , 讨厌 别人 跟 我 说 对 不 起 , 如果 是 这 两 [MASK]  , 我 宁愿 你别 跟 我 说话 , 我 用 不 着",个,句,-0.8751953840255737,"句, 种, 点","-0.8752, -1.8522, -2.0154"
948,等 一 [MASK] ,个,！,-0.5159785747528076,"！, 。, ？","-0.5160, -0.9829, -3.9179"
949,刚 在 南京 见 了 一 [MASK] 粉色  奔驰 真 骚包,个,辆,-1.3507335186004639,"辆, 个, 次","-1.3507, -1.5071, -2.7988"
950,发表 了 博文 完美 婚恋 关系 的 三 [MASK]  !,个,步,-1.53693687915802,"步, 招, 点","-1.5369, -1.6026, -2.4374"
951,"我 刚刚 通过 下载 了 安信 证券 宏观 研究 2012 年 1 月 产能 周期 理论 概述 之 二一 [MASK] 基于 国际 收支 变化 的 分析 框架  , 推荐 给 大家 !",个,个,-0.4182507395744324,"个, 套, 组","-0.4183, -1.5379, -3.9867"
952,上传 了 1 [MASK]  到 相册 animation,张,张,-0.11880889534950256,"张, 页, 个","-0.1188, -3.8379, -4.4367"
953,"她 不必 问 寒 道 暖 , 光是 那 一 [MASK]  笑容 就 把 就餐 者 浑身 的 疲惫 、 枯燥 的 心田 熨 得 平展展 的 。",缕,个,-0.4935277998447418,"个, 抹, 丝","-0.4935, -1.5893, -2.7971"
954,"万 能 的 微博君 , 赏 我 [MASK]  呗",个,吧,-1.1504170894622803,"吧, 花, 赏","-1.1504, -2.0072, -2.9487"
955,比 一 [MASK] 还  。,环,个,-2.3280587196350098,"个, 年, 天","-2.3281, -2.4925, -2.7081"
956,每 天 看 几百 [MASK] 厚 的  而且 还 有 密密麻麻 的 理论 公式 和 定理 记人 名都 怪难 的 什么 凯恩斯 恩格尔 云云 你们 好好 在 西方 做 研究 为何 还 来 毒害 我们 ?,页,页,-0.11477570235729218,"页, 本, 册","-0.1148, -3.9985, -4.0538"
957,跟萌 妹子 一 下午 连刷 了 两 [MASK] 几么  哈 皮,遍,个,-1.2191693782806396,"个, 次, 天","-1.2192, -1.9496, -2.7288"
958,"换 了 两 [MASK]  , 都 坐 过 站 。",趟,次,-0.8827493190765381,"次, 趟, 站","-0.8827, -2.2523, -2.5953"
959,"生日 快乐 啊 甘 多 年 啦 , 中 记得 第一 [MASK]  你 生日 party 间 麦当劳 衣家 都 已经 拆 左咯 , 不过 我 地 之间点 都 系 吾 变嘎 , 今日 同 吾 到 你 庆祝 啦 , 不过 你 今日 同 以后 都 要 开开 心心",次,次,-0.3834565579891205,"次, 日, 个","-0.3835, -2.2896, -3.1895"
960,大家 快 D 来海珠 花市 C132 档 之前 有条 微 薄 话 转 左 有 奖品 原来 系真噶 我 抽 中 左 [MASK]  大家 快 D 来 啊,个,，,-1.891923189163208,"，, ！, ...","-1.8919, -2.3824, -2.4124"
961,"饿 的 失眠 , 好 想 [MASK]  。",次,睡,-1.1816229820251465,"睡, 吃, 哭","-1.1816, -1.4127, -1.9051"
962,"小 年 来 了 以前 过 小 年 的 时候 , 要 往 灶 门 上 涂 红糖 , 现在 终于 知道 这 是 为什么 了 据说 这 一 天 , 灶王爷 都 要 上天 向 玉皇大帝 报告 这 一 [MASK]  的 善恶 , 让 玉皇大帝 赏 罚 。",家,天,-0.374345600605011,"天, 年, 日","-0.3743, -1.4253, -4.0007"
963,首 [MASK]  大骂 读书人 是 狗屁,发,相,-1.271972417831421,"相, 先, 长","-1.2720, -1.8276, -1.8506"
964,今晚 开车 那 [MASK] 很 怀念 很 怀念 的 ,段,天,-1.0074267387390137,"天, 段, 个","-1.0074, -2.6403, -2.6426"
965,"如果 天气 不 好 , 就 在 家 泡 [MASK]  , 看看 书 , 听听 歌 。",壶,泡,-0.6882267594337463,"泡, 茶, 汤","-0.6882, -1.2206, -2.8280"
966,女人 一定 要 找 [MASK] 会 欣赏 自己 的  !,个,个,-0.3767080008983612,"个, 机, 到","-0.3767, -1.6658, -2.9399"
967,"受 苹果 公司 的 iPod 和 iPhone 等 一 [MASK]  的 影响 , 以 英文 字母 i 开头 俨然 已经",系列,切,-0.7801584601402283,"切, 些, 系","-0.7802, -1.9096, -2.8944"
968,生命 不 是 一 [MASK]  。,局,切,-0.954962432384491,"切, 天, 样","-0.9550, -2.2409, -2.3653"
969,我 家 的 沙滩 变得 一点 也 不 漂亮 了 不 喜欢 了 像 [MASK]  一样,个,狗,-1.5744067430496216,"狗, 蛇, 我","-1.5744, -2.5693, -2.6312"
970,"向 我 弟弟 请教 英语 , 还 帮取 我 了 一 [MASK] 英文  。",个,些,-0.8154314756393433,"些, 点, 下","-0.8154, -2.2323, -2.4304"
971,http t cn h4QJCa 我 用 魔幻 古筝 演奏 了 一 [MASK] 动听 的  三 弄 。,曲,首,-1.0953025817871094,"首, 曲, 段","-1.0953, -1.1437, -1.6228"
972,世界 上 的 另 一 [MASK] 我  吧 心理网,个,个,-0.11548895388841629,"个, 种, 半","-0.1155, -3.2945, -4.1742"
973,"一 [MASK] 好  不 要 在乎 外观 是 不 是 好看 精致 , 穿 的 是否 合脚 只有 自己 知道 。",双,、,-1.6485282182693481,"、, 定, 般","-1.6485, -2.0360, -2.3272"
974,是 这 [MASK] ,句,！,-0.76482093334198,"！, 。, ？","-0.7648, -0.8137, -2.4052"
975,大早 上 打 电话 说 少 给 他 一 [MASK]  !,笔,点,-1.5834031105041504,"点, 个, 块","-1.5834, -1.8536, -2.8420"
976,收 了 [MASK]  嘎嘎,个,，,-0.9897035956382751,"，, 嘎, ...","-0.9897, -2.5505, -2.9327"
977,"肤色 黝黑 的 空少 一 [MASK] 短  , 开始 兜售 酒水 饮料 方便面啥 的 。",身,身,-1.2972664833068848,"身, 手, 条","-1.2973, -1.7619, -2.6619"
978,"朋友 都 回去 了 , 只 剩下 我 一 [MASK]  了 , 唉 !",个,個,-0.5663392543792725,"個, 人, 家","-0.5663, -1.0665, -3.5820"
979,你们 快 去 看 我 人人 分享 的 那 [MASK]  !,篇,篇,-1.1465226411819458,"篇, 些, 个","-1.1465, -2.1298, -2.1543"
980,今晚 葛个  真系 好 浪漫 啊 好 温馨仲 好 感动 啊 搞到 d 观众 都 泪 汪汪 甘 呢 [MASK] 婚礼 够 晒 豪华咯 羡慕 不 来,个,！,-1.8976824283599854,"！, ～, ~","-1.8977, -2.2675, -2.3381"
981,"只 是 突然 极 心疼 在 这 一 行 工作 了 那么 久 的 爸爸 , 等 休息 了 一定 要 买 [MASK] 最 好 的  给 他 。",个,些,-1.087900161743164,"些, 点, 个","-1.0879, -1.3876, -1.8344"
982,拐弯 是 前进 的 一 [MASK] ,种,。,-0.6766544580459595,"。, 步, 个","-0.6767, -3.1097, -3.2256"
983,晚上 不 上 婆度 食 饭利 是 少 了 几十 元 妈 稳 借口 话利 是 掉 了 婆话 距 发 钱 行 特别扭 鸡 哈哈妈 去 打 麻雀 [MASK] 人  是 又 无比 翻 我,滴,，,-2.5314712524414062,"，, 的, 家","-2.5315, -2.9400, -3.4066"
984,"让 人 感觉 末日 之 桥 , 带来 [MASK]  。",丝,了,-0.8124670386314392,"了, 的, 你","-0.8125, -0.9853, -3.9202"
985,Lucy 张芯晨 又 完成 了 一 [MASK] 市民 的  。,个,个,-0.8530032634735107,"个, 次, 位","-0.8530, -2.3726, -3.1028"
986,"在 必胜客 吃 披萨 , 讨 [MASK] 好 ",个,厌,-0.08444739878177643,"厌, 喜, 好","-0.0844, -3.9139, -4.0178"
987,"三 [MASK]  记住 吃一堑 长一智 , 经 一 事 长 一 能 , 交 一 友 结 一 缘 。",个,、,-0.5006018877029419,"、, 要, 是","-0.5006, -1.1246, -4.1417"
988,好 大 几 [MASK]  哦,缸,个,-1.4794514179229736,"个, 倍, 块","-1.4795, -2.7169, -2.9199"
989,估估 [MASK] G  上去 定纹 上去 既 ?,个,纹,-0.5531831383705139,"纹, 画, [UNK]","-0.5532, -4.6727, -4.8475"
990,"倾城 之 泪 全 家 福将 曝光 明星 客串 齐贺 岁 一 [MASK]  让 国内 普遍 降温 , 而 北方 大部 地区 也 频现 冬日 雪景 。",股,夜,-2.025959014892578,"夜, 度, 月","-2.0260, -2.0361, -2.0839"
991,"撑死 了 , 到底 有 几 [MASK]  都 忘记 了 , 晚饭 不 吃 了 。",道,点,-1.898193120956421,"点, 个, 句","-1.8982, -2.0227, -2.1567"
992,妈 的 跑 了 半 [MASK]  现在 腿 还 疼,个,天,-0.44185909628868103,"天, 年, 圈","-0.4419, -2.5718, -2.5730"
993,"一会儿 有 他 最 爱 的 飞机 餐 , 还 能 把 我 那 [MASK] 也  了 , 能 不 激动 不 ?",份,个,-1.2823514938354492,"个, 都, 儿","-1.2824, -2.7864, -2.9954"
994,"并 拍 下下面 一 [MASK]  , 说 真的 我 看后 流泪 了 !",组,幕,-0.5415340065956116,"幕, 张, 段","-0.5415, -1.6241, -1.9642"
995,而 我 又 怎 能 忘 了 你们 亲爱 [MASK]  挑 个 吧 等 我 回去 领走 !,滴,的,-0.020405363291502,"的, ，, 人","-0.0204, -5.7761, -6.0354"
996,"但 看看 这个 插座 , 再 原有 的 基础 上 再 加上 了 2 [MASK] USB  , 充电 不 仅仅 靠 电脑 的 USB 接口 了 。",个,个,-1.068594217300415,"个, 孔, 座","-1.0686, -3.0542, -3.1687"
997,除了 玩游戏 还 能 干 [MASK] 别 的  。,点,点,-0.08078174293041229,"点, 些, 啥","-0.0808, -2.9028, -5.0977"
998,一 [MASK]  坐 在 大堂 咖啡厅 茶 喝喝,群,起,-0.8134610652923584,"起, 边, 人","-0.8135, -1.9873, -2.1001"
999,"吃 了 一 [MASK] 麻酱  , 那 滋味 比 想象 的 差远 了 。",碗,口,-1.1671315431594849,"口, 碗, 下","-1.1671, -1.5823, -2.7186"
1000,"专家 认为 当前 的 市场 状况 , 与其 说 是 豪华车 的 盛宴 , 不如 说 更 像 一 [MASK]  的 狂欢 。",场,场,-0.14982402324676514,"场, 次, 夜","-0.1498, -2.9492, -4.3738"
1001,要 想 照顾 每 [MASK]  的 感受 。,个,人,-0.35572054982185364,"人, 个, 次","-0.3557, -2.3263, -2.4413"
1002,"那 我 就 给 [MASK]  你 了解呗 , 反正 , 我 是 要 追到 你 的 。",个,你,-1.0944315195083618,"你, 了, 给","-1.0944, -1.8542, -1.9698"
1003,"跑到 荥经 买 了 [MASK] 小  , 顺便 吃 了 传说 中 好吃 到 爆 的 凉粉 , 小米辣 伴 着 凉粉 入口 , 确实 很 爽正宗 的 哒哒面 和 棒棒 鸡 都 因 过 年 关门 没 吃 成 雅西 高速 到 荥经 就 封闭 了 据说 3 月 才 正式 通车",个,点,-1.8999502658843994,"点, 个, 小","-1.9000, -2.0860, -2.5259"
1004,"你 说 你 一 [MASK]  给 我 打 了 多少 电话 , 你 的 话费 就 多少 可是 从今以后 你 的 手机 再 也 不 会 有 拨 出去 的 号码 , 我 的 手机 再 也 不 会 有 你 的 已 接来 电",个,共,-0.4159430265426636,"共, 天, 年","-0.4159, -1.3425, -3.4270"
1005,"一 [MASK]  足以 表达 一切 , 还是 你们 豆豆 懂 你 啊 !",个,句,-0.49498364329338074,"句, 张, 个","-0.4950, -2.0885, -2.8833"
1006,"艾丽 公主 奥兰 [MASK] 毛呢  2011 新 款 冬装 外套 风衣 女装 服饰 22800 元 热销 中 , 别 错过 哦",朵,多,-0.0338943675160408,"多, 克, 卡","-0.0339, -4.6323, -5.0262"
1007,"我 参与 了 发起 的 投票 2011 年 360 公司 我 最 喜欢 的 年会 节目 微 评选 , 我 投给 了 2360 军情 解密 这 1 [MASK]  。",个,个,-1.3636951446533203,"个, 项, 位","-1.3637, -1.7205, -2.4729"
1008,却 又 开始 惴惴不安 的 怕 被 谁 截去 一 [MASK]  。,个,刀,-2.0320403575897217,"刀, 截, 眼","-2.0320, -2.2612, -2.2723"
1009,"都 射 了 6 [MASK] 了 , 这个 女 的 还 要 http t cn z0gw3vv 我 的 娜塔莎 爱情 公寓 Hello 小姐 大卫王 与 贵妃 军情 解码 天天 向上 杀 虎口 客服 很 忙 假如 爱 有 天意 乌托邦 办公室 狐步 谍影 禁止 的 游戏 历史 的 进程兔 宝宝 超级 巨星 青  之 味 戒烟 不 戒酒",次,次,-0.6404956579208374,"次, 天, 年","-0.6405, -1.8490, -2.4934"
1010,扫盲 [MASK] 2011 之  十 大 热门 段子,帖,日,-2.000805139541626,"日, 之, -","-2.0008, -3.2578, -3.4162"
1011,20111223 一 生 一 [MASK]  之 东 成西 就 2012 陈翔 比武 招亲 摄 by 土土 分享 自,世,世,-0.07541736215353012,"世, 次, 女","-0.0754, -3.5569, -5.6129"
1012,我 不 想 三 四 [MASK]  都 无 球 可 打 。,个,年,-1.4646397829055786,"年, 天, 人","-1.4646, -1.6631, -2.8147"
1013,"雪域 天晴郎 , 腊梅 处处 香 , 吃 完 烤鱼 , 买 [MASK]  回家 去",束,菜,-1.4114292860031128,"菜, 票, 点","-1.4114, -1.9858, -2.2077"
1014,又 是 一 [MASK] ,个,。,-0.24954013526439667,"。, ！, ？","-0.2495, -1.7456, -3.2115"
1015,半夜拉 肚 纸 真 不 是 [MASK] 好  接着 睡 了,件,说,-1.774235725402832,"说, 好, 只","-1.7742, -2.0782, -2.2622"
1016,这 2 天 每 天 做 梦 都 在 锻炼 麻痹 昨天 梦到 和 沃伦 一 [MASK] 练手  难道 真 是 我 太 寂寞 了,起,起,-0.037794653326272964,"起, 同, 样","-0.0378, -4.5605, -4.6725"
1017,终於 都 解放 了 呢 妈咪 你 快 [MASK] ,滴,！,-0.12022809684276581,"！, 。, ？","-0.1202, -2.3588, -4.0446"
1018,漂亮 女 老师 惨遭 凌辱 http t cn z0gzl3B 小鹿斑比 万 有 引力 画壁 单身 女王 英雄 梦幻曲 七十二 [MASK]  粤语 版 铁石心肠 我 的 野蛮 女友 2 夜 店 告密者 新 电影 传奇 特工 008 拆弹 部队 武林 外传 香奈儿 的 秘密 情史 恋人 絮语 老马家 的 幸福 往事 花木兰 铁面 歌女,家,夜,-2.845667839050293,"夜, 钗, 回","-2.8457, -2.9382, -2.9778"
1019,"送 一 大 [MASK] 白  虽然 浪漫 , 但 让 我 觉得 有点 奢侈 啊 !",束,片,-1.553873062133789,"片, 块, 杯","-1.5539, -1.7303, -3.1355"
1020,"读书 时 , 以前 那 [MASK] 中午 午睡 晚上 早睡 早上 六点半  校 的 我 到 之后 每 天 早上 七 点 起来 经常 差点 迟到 的 我 。",个,个,-0.5019797682762146,"个, 种, 样","-0.5020, -1.3768, -3.4749"
1021,"几 [MASK]  女儿 爱 自己 的话 , 爸爸 抱 着 我 , 他 哭 我 哭 妈妈 哭 小姨 哭 。",句,句,-0.08486074954271317,"句, 个, 次","-0.0849, -2.8107, -5.7397"
1022,天翼 快讯 1 铁道部 启动 新 一 [MASK] 客票  规划 及 设计 。,代,轮,-0.313403844833374,"轮, 代, 期","-0.3134, -1.8967, -3.0644"
1023,"这个 新年 似乎 还 没 玩够 睡够 就 匆匆 要 打包 行李 了 , 带 着 一 [MASK] 的 ",肚子,堆,-2.4968831539154053,"堆, 个, 些","-2.4969, -2.6755, -2.8980"
1024,限制级 为 4 [MASK] 的  http t cn z0eom40 盘 龙 卧虎 高 山顶 暗香 内线 上 错 花轿 嫁对郎 小兵 张嘎 鲜花 朵朵 女 神捕 聚宝盆 还 珠 格格 2 欢喜 婆婆俏 媳妇 沧海 蜗居 浙版 西游记 永 不 瞑目 铁 梨花 大 境门 说好 不 分手 杨光 的 快乐 生活 3 命运 兵峰 聊斋 3 黑 冰,级,级,-0.5953236222267151,"级, 位, 楼","-0.5953, -3.5434, -4.0373"
1025,社会 逼迫 我 要 带 一 [MASK] 面具 天使 ,层,个,-0.6854500770568848,"个, 副, 只","-0.6855, -1.7259, -3.3322"
1026,"不 难 发现 , 我 每 [MASK]  包括 转发 都 是 有 目的 的 。",篇,天,-0.9085935354232788,"天, 次, 帖","-0.9086, -1.2381, -3.1494"
1027,"生命 是 一 [MASK]  , 可悲 的 是 它 不 能 重来 , 可喜 的 是 它 不 需要 重来 。",个,次,-1.660127878189087,"次, 切, 回","-1.6601, -1.8930, -2.6334"
1028,接 下来 发 一 [MASK] 80 年代  的 照片,组,张,-0.8271985054016113,"张, 些, 组","-0.8272, -1.4186, -1.7977"
1029,"新年 到来 , 我 也 结束 了 一 [MASK]  , 希望 新 的 一 年 有 新 懈逅",段,切,-0.48404833674430847,"切, 年, 生","-0.4840, -1.0367, -4.4890"
1030,"山西 静乐 县委 书记 因 女儿 吃空饷 5 年 被 免职 太原 1 月 15 日 电 因  是 地方 官员 , 竟 让 读书 的 女儿 吃 财政 空饷 长 达 5 年 , 1 月 15 日 , 这 [MASK] 身为 县委 书记 的 父亲 因此 被 免职 。",位,位,-0.04320680722594261,"位, 名, 个","-0.0432, -3.5985, -4.2944"
1031,"分享 我 的 POCO 作品 福布斯 寰球 价码 最高 10 [MASK]  , 快来 看 呀",位,%,-1.0969206094741821,"%, 折, 万","-1.0969, -1.2702, -1.9358"
1032,"就算 这 牌子 没 怎么 见 过 , 看 这 [MASK]  , 国内 要 卖 800 人民币 左右 。",款,价,-1.3304343223571777,"价, 个, 样","-1.3304, -1.7148, -2.4546"
1033,"纵使 你 有 千 [MASK] 的  , 那 有 能 表明 你 有 多 在乎 ?",番,万,-1.234500765800476,"万, 年, 金","-1.2345, -1.4583, -3.2495"
1034,"宁 士高 跳 过 警卫 的 尸体 大 叫 道 , 这时 前面 传来 三 [MASK]  响 。",声,声,-0.14151038229465485,"声, 个, 枪","-0.1415, -3.1525, -4.0216"
1035,睡 了 五 [MASK]  又 爬 起来 了,个,点,-1.2636617422103882,"点, 天, 分","-1.2637, -1.7636, -1.9598"
1036,昨天 做 了 [MASK]  到 我 放弃 了,个,直,-0.20764721930027008,"直, 做, 想","-0.2076, -3.5835, -3.7827"
1037,"周末 就 是 福利哇 , 难得 我 又 睡 了 [MASK] 好  , 虽然 内心 的 矛盾 并 未 消散 , 但 我 真 的 真的 快乐 轻松 了 不少 。",个,个,-0.5989965796470642,"个, 好, 真","-0.5990, -2.1078, -3.0135"
1038,你 舍得 起身 未 打佐 6 [MASK]  你 啦,个,打,-2.813915252685547,"打, 问, 俾","-2.8139, -3.3592, -3.4093"
1039,"十九 [MASK] 的  今天 你们 英语 课 怎样 啊 因为 生病 关机 了 , 碰巧 英语 老师 有 事 回家 , 她 的 交待 短信 我 木 有 收到 , 啊 希望 课 过 得 还 可以 吧 对 不 起 了",班,岁,-0.2652789354324341,"岁, 年, 级","-0.2653, -1.9626, -3.7806"
1040,"2012 年 春节 期间 , 我 来到 了 一 [MASK] 山里  2012127 乡村 生活 体验 中 !",个,个,-0.7034010291099548,"个, 座, 家","-0.7034, -1.6209, -2.8068"
1041,"送 祝福 喜 迎 新春 转发 得 小 米 F [MASK]  所有 米粉 龙年 大吉 学业 节节 高升 , 爱情 甜甜蜜蜜 , 事业 顺顺 利利 , 家庭 美美 满满",码,祝,-0.4332692623138428,"祝, ,, ，","-0.4333, -2.6659, -3.9495"
1042,真 是 一 [MASK] 有 阳光 的 温暖  !,个,种,-0.5521813631057739,"种, 个, 份","-0.5522, -1.3648, -2.3521"
1043,"如果 电影 都 需要 有 一 [MASK]  的话 , 金陵 十三钗 的 主题 必须 是 救赎 。",个,个,-1.8099663257598877,"个, 部, 幕","-1.8100, -2.0242, -2.5529"
1044,"我 参与 了 发起 的 投票 乐排网 TOP 看 音乐 第 27 期 , 我 投给 了 陈楚生 爱情 是否 依然 这 1 [MASK]  。",个,期,-0.5280758738517761,"期, 票, 点","-0.5281, -2.4770, -3.0529"
1045,"打扫 卫生 洗衣 做饭 虽然 累 , 可 这 [MASK]  的 感觉 好 幸福 !",种,样,-0.059995315968990326,"样, 里, 家","-0.0600, -4.0086, -4.2492"
1046,粤语 歌 真 难学 虽然 好听 但 这 到底 是 哪 [MASK]  的 语种 我 学得 快 疯 了 !,个,里,-0.5261427760124207,"里, 来, 儿","-0.5261, -1.1283, -3.3588"
1047,"经过 13 [MASK]  的 奔波 , 终于 到 我 家 的 小 县城 了",个,天,-0.17285966873168945,"天, 年, 日","-0.1729, -2.5432, -3.3020"
1048,"撑 麦王 争霸 , 下 [MASK] 我  参加",次,载,-1.6167939901351929,"载, 周, 麦","-1.6168, -2.1580, -2.6370"
1049,两 [MASK]  在 洗澡 挨 我 偷拍 一直 喊 冷,个,人,-0.4431997239589691,"人, 个, 女","-0.4432, -1.7421, -3.7210"
1050,"小 朋友们 玩 的 也 欢乐 , 代币 是 一 人 二十 [MASK] ",个,。,-0.04443199932575226,"。, ！, ？","-0.0444, -3.1744, -7.1344"
1051,公司 吃 团圆饭 抽 中 三 [MASK]  !,等,元,-2.530198574066162,"元, 次, 张","-2.5302, -2.6959, -2.7881"
1052,"一 生 中 的 7 [MASK]  1 应当 多 一点 善心 , 少 一点 心眼 。",个,.,-1.1426905393600464,"., +, /","-1.1427, -1.4611, -2.2531"
1053,有 时候 自己 就 会 想 这样 的 生活 什么 时候 才 是 [MASK]  啊 ?,个,好,-0.3742724359035492,"好, 真, 美","-0.3743, -2.0940, -2.8529"
1054,"酷毙 了 视觉 系 米拉乔沃维奇 , 虽然 你 经常 演 生化 危机 , 拍 [MASK] 法国 名酒  也 不 必 搞 得 这么 The End Of The World 吧 , 闪电 龙卷风 海啸 地震 冰风暴 , 整 得 跟 代言 2012 似 的 高清 组图",个,摄,-1.0202510356903076,"摄, 卖, 的","-1.0203, -1.9310, -2.8052"
1055,"你 地 T 几 乱 , 多谢 感夜仲系街 打包 比 我 [MASK] ",个,。,-0.08294093608856201,"。, ！, ？","-0.0829, -2.5741, -6.2011"
1056,"明天 是 老爸 生日 , 因为 亲友 太 多 , 我们 决定 去 餐馆 订餐 , 并且 多 点 [MASK]  , 帮 亲友们 解解 油腻 , 亲友们 都 赞成 这个 提议 , 说 真的 吃 不 动 大",些,菜,-0.5623372793197632,"菜, 餐, 油","-0.5623, -2.1560, -2.5570"
1057,"谢谢 今天 姐夫哥 为 我 唱 的 那 [MASK]  , 听 的 很 心酸 , 爱 你们 ,",首,首,-0.22114431858062744,"首, 些, 歌","-0.2211, -3.1105, -3.2290"
1058,"热 热 的 糯米 园子 出锅 了 , 我 和 妈咪 第一 [MASK]  !",次,次,-0.3829523026943207,"次, 个, 吃","-0.3830, -2.6141, -3.4257"
1059,"人生 感悟 与 朋友 闲聊 , 他 说 很 想 抽点 时间 多 读 [MASK]  , 以 充实 自己 。",点,书,-0.05141245946288109,"书, 读, 点","-0.0514, -4.0631, -4.2317"
1060,"iphone4s 就 这个 [MASK] 为什么 那么 令 人 疯狂 ,  解释",样,",",-0.7545520663261414,",, ，, ！","-0.7546, -2.4629, -3.6219"
1061,天啊 我们 四 [MASK]  了 多少 啦 撑死 啦,个,吃,-0.9382311105728149,"吃, 年, 喝","-0.9382, -3.6780, -3.6848"
1062,"还 有 几 [MASK]  我 就 会 回到 你 身边 , 等 着 我",个,天,-0.08305239677429199,"天, 年, 日","-0.0831, -3.1162, -4.0019"
1063,"大年 初一 , 老天爷 给 了 大家 好 天气 , 出 了 大 太阳 , 阳光明媚 今年 会 是 [MASK] 好  噢",个,大,-1.4582457542419434,"大, 美, 多","-1.4582, -1.7821, -1.9840"
1064,"亚 只 有 沉溺 工作 , 不 让 自己 有 一 [MASK]  的 机会 想起 远 。",丝,次,-0.6428266763687134,"次, 切, 天","-0.6428, -2.3000, -2.5632"
1065,被 两 [MASK]  的 基情 刷屏 了 !,个,人,-0.05254000797867775,"人, 女, 者","-0.0525, -5.2518, -5.4358"
1066,"所谓 光鲜 的 时尚 产业 , 其 生产 过程 是 劳苦 和 一 [MASK] 不  的 。",丝,点,-1.4013487100601196,"点, 丝, 个","-1.4013, -2.5521, -2.6064"
1067,"我 真 的 , 好 想 再 用 那 [MASK]  同 人 的 调调 写 SS , 呵呵 呵呵 呵呵",个,种,-0.31140992045402527,"种, 个, 些","-0.3114, -2.1266, -3.1414"
1068,传闻 一 [MASK] 赣南  的 退休 老 工人 把 尸体 的 乳房 和 阴部 割 下 带 回家 。,名,位,-0.742108941078186,"位, 个, 名","-0.7421, -1.1710, -1.6927"
1069,为什么 费翔 不 唱 冬天 一 [MASK]  天 干 物燥 小心 火烛 连 春晚 都 迷信 了,把,定,-1.751949429512024,"定, 到, 样","-1.7519, -1.9050, -1.9555"
1070,只 是 她 需要 碰上 一 [MASK] 懂事 的  。,个,个,-0.18928265571594238,"个, 個, 些","-0.1893, -2.7884, -3.1163"
1071,清純 妹妹 脱衣 苍天 有 泪 双面 女友 喜羊羊 与 灰 太 狼 之 给 快乐 加油 爱 到底 安娜卡列尼娜 一 [MASK] 把 你 打到 菜市口 乞者 胆小鬼 疯狂 的  大 汉 天子 单身汉 与 时髦 女郎 闯荡 赤焰 战场 喋血 北平 大 路 之 歌 番茄 姐弟 武林 风 白色 情人节,拳,直,-1.8218934535980225,"直, 路, 个","-1.8219, -1.9992, -2.1775"
1072,早点 休息 明天 初一 新 的 一 年 希望 你 有 一 [MASK] 新 的 ,个,个,-0.32313278317451477,"个, 份, 天","-0.3231, -2.6014, -3.3284"
1073,"希望 有 个人 , 在 我 嘴里 说 没事 的 时候 , 看出 我 不 是 真的 没事 有 [MASK]  , 在 我 强颜欢笑 的 时候 , 知道 我 不 是 真的 开心",个,事,-0.46116912364959717,"事, 心, 时","-0.4612, -3.0666, -3.0680"
1074,30 [MASK]  。,个,年,-1.5515491962432861,"年, 日, 天","-1.5515, -1.7298, -2.4730"
1075,一 [MASK]  却 勾 不 起 一点 睡意,瓶,点,-1.3061628341674805,"点, 时, 丝","-1.3062, -2.7376, -2.7729"
1076,"本来 今天 是 不 怎么 开心 的 刚好 碰到 个人 以为 他 可以 下午 陪 我 聊聊天 的 , 谁 知道 那 [MASK]  居然 闹 失踪",个,人,-0.47512614727020264,"人, 天, 个","-0.4751, -1.9341, -2.5626"
1077,"谢谢 制作 这 [MASK]  的 亲 , 因为 太 喜欢 所以 转 了 , 想 让 更 多 的 粉看到 。",部,个,-1.0343759059906006,"个, 篇, 张","-1.0344, -1.9958, -3.0639"
1078,"不 一定 过 着 优雅 豪华 的 生活 , 我 愿意 在 平凡 的 生活 中 寻求 那 [MASK]  !",份,些,-0.6611489653587341,"些, 份, 个","-0.6611, -1.5471, -2.6386"
1079,"爸 邀 我 和 妈 打牌 , 只 到 现在 结束 , 他 就 没 给 我们 几 [MASK] 做庄 的  。",次,个,-0.06977235525846481,"个, 位, 人","-0.0698, -4.3212, -4.4558"
1080,"沈思 博转山 转 水 转 过 庄凝 这 [MASK]  , 只 为 遇见 谢端 , 情 若 锦瑟无端 , 长 不过 执念 , 短 不过 善变 , 走完 执念 , 庄凝 的 尽头 便 是 齐 享错 过 你 为 遇见 谁",座,里,-1.3156923055648804,"里, 世, 样","-1.3157, -1.4048, -2.0669"
1081,我 还 是 [MASK]  吗 ?,个,你,-0.4858418107032776,"你, 人, 我","-0.4858, -2.9979, -3.0151"
1082,喝喝喝哈搓搓 的 你 是 不 是 [MASK] 缺  眼 哦,个,很,-0.43830743432044983,"很, 有, 好","-0.4383, -2.8621, -3.3736"
1083,我 的 世界 跟 你们 不 在 一 [MASK]  上 没有 任何 交集,个,起,-0.6275221109390259,"起, 路, 点","-0.6275, -2.3571, -2.7664"
1084,"今天 跟 老妈 两 [MASK]  在 家 , 所以 做 了 牛肉饭 。",个,人,-0.15342453122138977,"人, 个, 口","-0.1534, -2.7933, -3.5596"
1085,"怪 之 得 锦 头晕 啦 , 原来 我 训左 三 [MASK]  有 多 了",个,角,-2.9989004135131836,"角, 针, 个","-2.9989, -3.0497, -3.1705"
1086,阿婆 屋 企 多 左 一 [MASK] 传销  距 讲 无 人 讲 啊,个,个,-2.3461437225341797,"个, 家, 间","-2.3461, -3.0845, -3.1338"
1087,"得 拉 , 先 是 年 前 一 [MASK]  电脑 坏 , 离 过 年 两 天 摩托车 坏 , 现在 电视 又 坏 , 你 到底 想 我 怎么样咯 ?",个,天,-0.059724029153585434,"天, 晚, 日","-0.0597, -3.8097, -5.5539"
1088,到达 土耳其 给 我 第一 印象 一 [MASK] 现代  的 城市 比 我 想 得 强 多 了,座,是,-0.5153034925460815,"是, 个, ：","-0.5153, -1.2671, -3.3897"
1089,"大过 年 的 , 让 我 在 机场 看见 范伟 了 , 哈哈 , 他 不 上 春晚 也 来 多伦多 过年 啊 还 跟 老爹 一 [MASK] ",趟,起,-0.868279755115509,"起, 样, 。","-0.8683, -1.4672, -2.0803"
1090,"我们 要 好好 生活 因为 世界 上 只有 一 [MASK] 你 所以 别  自己 , 没有 人 能 控制 你 的 情绪 只有 你 自己 , 开心 就 笑 不 开心 就 叫 。",个,个,-0.005877328105270863,"个, 只, 种","-0.0059, -6.6075, -6.9588"
1091,"担心 一 [MASK]  , 担心 她 是否 安好 , 担心 她 是否 心情 好 了 , 担心 她 是否 还 会 害怕 , 担心 她 是否 已经 深入 睡眠 , 担心 她 是否 已 忘 却 不 快 , 妞 , 开心 起来 , 肥 才 开心 。",个,下,-1.0387086868286133,"下, 天, 点","-1.0387, -1.7244, -2.0902"
1092,上传 了 2 [MASK]  到 相册 乓乓 乒乒,张,张,-0.21935613453388214,"张, 片, 回","-0.2194, -3.4005, -3.5962"
1093,这 [MASK] 这个 我  Keep Keep !,次,个,-0.019512241706252098,"个, ..., 、","-0.0195, -6.3028, -6.5803"
1094,"记者 想 , 有 4 [MASK]  可以 勾勒 出 他们 的 面庞 刻画 出 他们 的 心灵 , 那 就 是 忠诚 奉献 深情 和 追求 。",个,点,-1.041329264640808,"点, 个, 种","-1.0413, -2.0039, -2.1004"
1095,"这个 时候 , 我 睡 [MASK]  吧",个,了,-0.07940351963043213,"了, 觉, 着","-0.0794, -3.4845, -3.4962"
1096,108 [MASK]  。,朵,年,-1.1471538543701172,"年, 天, 岁","-1.1472, -3.5076, -3.5640"
1097,欧阳 夏丹 真 是 [MASK] 全  !,个,大,-0.5942239761352539,"大, 最, 安","-0.5942, -2.6288, -2.8435"
1098,"社会 新闻 9 岁 女孩 学艺 4 年 成 剪纸 高手 妙手 剪 双龙贺 新年 龙年 来 了 , 滨东 小学 二 年级 的 张晗 小 姑娘 花 3 天 时间 , 用 红 纸 剪出 这 [MASK]  约 70 厘米 的 双 龙 戏珠 。",幅,幅,-1.4448583126068115,"幅, 个, 条","-1.4449, -1.5207, -1.7367"
1099,"突然 想起 李鸫 老板 的 一 [MASK]  多 搭桥 , 少 树 墙 。",句,句,-0.570832371711731,"句, 生, ：","-0.5708, -1.7068, -3.1002"
1100,你 讲 得 啱啊 你 就 系贱 你 真 系贱 你 系 一 [MASK] 贱人  无辜 甘柒 可 怜 你 就 犯人 变 被害人 我 就 被害人 变 犯人 你 好 嘢咯,个,个,-0.17096906900405884,"个, 班, 群","-0.1710, -3.3960, -4.6219"
1101,"目前 的 感觉 是 微博 至少 有 两 [MASK]  , 一 是 狐朋狗友 互相 捧臭脚 , 二 是 提供 一点 原创 , 我们 专业 叫 UGC 。",个,点,-1.1677253246307373,"点, 种, 个","-1.1677, -1.3773, -1.6659"
1102,"韩寒 对 掐方 舟子 方舟子 说 我 相信 如果 是 在 一 [MASK] 公正 的  , 我 是 不 会 败诉 的 。",个,个,-0.3260175585746765,"个, 起, 种","-0.3260, -3.5177, -4.0143"
1103,发表 了 一 [MASK] 转载  转载 一 失足 成千古恨 图,篇,篇,-1.6070325374603271,"篇, 些, 次","-1.6070, -1.6501, -2.2016"
1104,"我 好 担心 啊 , 她 第一 [MASK] 关  那么 久 , 好 无助 啊 !",次,次,-0.16802968084812164,"次, 个, 天","-0.1680, -3.0077, -3.4969"
1105,"我 在 盛大 起点 中文网 找到 一 [MASK] 神  足球 圣徒 , 精彩 好 书 一定 不 要 错过 啊 。",本,个,-0.9765070080757141,"个, 位, 名","-0.9765, -1.9023, -2.6099"
1106,我 擦这集 竟然 有 两 [MASK]  都 成 电影 了,个,集,-0.04450714960694313,"集, 个, 部","-0.0445, -4.3420, -4.6910"
1107,"帮 朋友 处理 一 [MASK] 淘宝  的 售后 问题 , 买来 没 几 天 坏 了 找 客服 , 我 随手 点 了 下 交易 详情 , 瞬间 我 就 不 淡定 了",宗,下,-0.246840238571167,"下, 个, 些","-0.2468, -2.1811, -2.6716"
1108,3 [MASK]  可 供 选择 。,种,种,-1.3592172861099243,"种, ., 、","-1.3592, -2.3487, -2.4166"
1109,"细佬 发烧 , 漏夜送 医院 吊针 , 细佬 想 听 歌 , 罗出 打晒 结嘅 耳机 , 老豆 即刻 就 抢 左 去 为 据解 结 我 鼻 一 [MASK]  , 然后 好 想 喊 , 父母 对 你 的 爱 就 是 无微不至 !",阵,下,-2.459580659866333,"下, 口, 边","-2.4596, -2.5164, -2.8197"
1110,体育课 班 傻仔 打爆咗 [MASK] ,个,！,-0.28612473607063293,"！, ？, 。","-0.2861, -2.0454, -2.1295"
1111,CF 好像 仿照 战争 机器 了 看 兽族 皮肤 和 后面 那 [MASK] 机器 ,个,个,-0.7690143585205078,"个, 些, 台","-0.7690, -1.5234, -2.6582"
1112,来 吧 第二 [MASK]  让 通宵 来 的 更 猛烈 些 吧 !,个,天,-1.3378851413726807,"天, 章, 次","-1.3379, -2.0126, -2.4611"
1113,职职 居然 出现 了 十八 [MASK]  全 亮 的 选手 !,盏,个,-1.0388035774230957,"个, 位, 名","-1.0388, -1.4278, -1.8265"
1114,一 [MASK] 一刀剜  你 心口 上 。,刀,刀,-0.0209110789000988,"刀, 把, 枪","-0.0209, -6.1060, -7.2709"
1115,这 [MASK]  貌似 在 哪里 见 过 。,张,个,-0.6819441914558411,"个, 些, 张","-0.6819, -3.2217, -3.5140"
1116,"过年 打扫  有感 当 打扫 完 二 [MASK] 卫生 的 时候 , 三 楼 的 又 来 了 , 打扫 完 三 楼 后 , 四 楼 的 又 没 打扫 , 这样 下来 要 想 打扫 完 家 里 的 卫生 也 需要 好 几 天 。",楼,楼,-0.007146501913666725,"楼, 层, 次","-0.0071, -5.1400, -9.0999"
1117,刚 订 了 mcqueen 的 两 [MASK]  !,样,套,-2.5345394611358643,"套, 张, 位","-2.5345, -2.5743, -2.9578"
1118,"为 解决 此 问题 , 牛顿 潜心 研究 创立 了 微积分 , 将 一 [MASK] 名 叫 高等 数学 的 新  设为 全 校 的 必修课 , 并 规定 不 及格者 来 年 必须 缴费 重修 直 到 通过 。",门,门,-0.28396686911582947,"门, 种, 个","-0.2840, -2.1841, -2.9269"
1119,外面 的 各 [MASK]  不断 2012 来 喏各位 同仁 新年 快乐 !,种,位,-1.5087294578552246,"位, 界, 种","-1.5087, -1.5867, -1.7901"
1120,"粉丝 颁奖 典礼 最近 转发 了 我 88 [MASK]  , 获得 了 我 颁发 的 最 爱 转发 奖 , 获得 提名 的 还 有 谢谢 你们 一路 陪 着 我 !",条,次,-1.9574819803237915,"次, 条, 帖","-1.9575, -2.2798, -2.4397"
1121,为什么 命运 要 让 两 [MASK] 不 可能 在一起 的  相遇,个,个,-0.2192043662071228,"个, 人, 段","-0.2192, -2.4087, -3.7122"
1122,"今年 要 红红火火 , 新年 快乐 , 放 [MASK]  。",个,假,-0.7929403781890869,"假, 松, 心","-0.7929, -1.6418, -1.7091"
1123,"堵车 一团麻 的 二环 , 不 说 好多 都 回家 了 吗 , 咋还 一 天 比 一 天 [MASK] 的 我  。",堵,堵,-0.7202330827713013,"堵, 累, 挤","-0.7202, -1.5713, -3.4416"
1124,"才 12 [MASK]  , 我 决定 要 调 自己 的 胃口 , 回到 广州 才 打开 。",个,岁,-0.1983496993780136,"岁, 月, 年","-0.1983, -2.3857, -3.6031"
1125,再度 重 遇 国内 唯一 一 [MASK] 天花 可 变 色温 的 737800 ,台,台,-0.4301738142967224,"台, 款, 架","-0.4302, -2.0326, -3.2294"
1126,补眠 补眠 晚安 了 做 [MASK] ,个,？,-0.7974076271057129,"？, 。, ！","-0.7974, -1.1031, -1.5346"
1127,此刻 肚子 饿 了 才 想起 自己 今天 一 天 都 没 吃 什么 只 是 中午 吃 了 两 [MASK]  现在 要 去 煮饭 了 等 爸 妈 还 有 哥 回来 吃饭 噢噢 我 是 幸福 的,粒,个,-1.4436908960342407,"个, 次, 顿","-1.4437, -2.2338, -2.2475"
1128,"外面 烟花 噼里啪啦 的 , 春节 的 气息 浓烈 啊 , 亲爱们 , 望 你们 能 过 [MASK] 十全十美 的  龙年",个,个,-0.04140065982937813,"个, 上, 条","-0.0414, -3.6785, -6.1259"
1129,"到处 都 是 背起 行囊 赶车 回家 的 人 , 归心似箭 , 家 的 含义 就 是 , 不管 你 有 多 难过 , 多 疲惫 , 到 了 那 [MASK] 被 称为 家 的  , 立即 满 血 复活",个,个,-0.7051004767417908,"个, 些, 种","-0.7051, -1.1596, -2.7962"
1130,"心 香 一 瓣 永远 不 会 没有 人 爱 你 , 因为 世上 最 爱 你 的 人 就 是 你 的 身体 , 无论 你 多 [MASK]  它 伤害 它 , 它 也 没有 微言 继续 支持 你 , 养活 你 。",番,爱,-0.351925790309906,"爱, 怕, 恨","-0.3519, -1.8767, -2.7499"
1131,"她 的 背 轻轻 倚 在 沙发 靠 上 , 身体 坐 直 , 微 红 的 脸上 浮 起 一 [MASK]  , 对着 余 宏 。",缕,笑,-0.6074697375297546,"笑, 团, 丝","-0.6075, -2.3381, -3.5089"
1132,有时候 我 只 是 需要 一 [MASK] 说话 的  。,个,个,-0.7464218735694885,"个, 直, 边","-0.7464, -2.0283, -2.6586"
1133,"喜欢 一 [MASK]  , 似乎 也 不 一定 都 是 幸福 的",个,个,-0.6483224630355835,"个, 切, 起","-0.6483, -2.0599, -2.6888"
1134,"谢谢 我 妈生 了 我 , 还 给 我 一 [MASK] 这么 漂亮 的  双眼皮 长 睫毛 哦咦 嘻嘻 玩 笑啦",双,条,-1.4034959077835083,"条, 个, 眼","-1.4035, -1.5278, -2.4238"
1135,"中午 管理 人员 餐厅 的 四 [MASK]  茄子 青菜 炸鸡腿 肉 , 我 只 能 吃 青菜 , 什么 天理 啊 我 跟 老妈 说 她 笑 了",样,川,-1.1043434143066406,"川, 个, 季","-1.1043, -2.2787, -2.6457"
1136,如果 是 你 在 这个 处境 下 请用 四 [MASK]  形容 您 的 感觉,个,字,-0.631017804145813,"字, 个, 语","-0.6310, -2.5694, -2.5708"
1137,"在 所有 的 维生素 中 , 维 C 是 人体 每 天 需要量 最 多 的 维生素 , 因为 维 C 比 其它 维生素 或 矿物质 更 多 地 耗用 于 各 [MASK] 人体  。",种,种,-0.8091976642608643,"种, 个, 类","-0.8092, -0.8973, -2.1879"
1138,"我 在 盛大 起点 中文网 找到 一 [MASK] 神  无 限 斩杀 , 精彩 好 书 一定 不 要 错过 啊 。",本,个,-1.3989386558532715,"个, 把, 些","-1.3989, -2.5374, -3.0184"
1139,"我 弟 手 里 的 相机 , 像 一 [MASK]  流逝机 。",台,台,-0.779642641544342,"台, 个, 架","-0.7796, -1.8414, -1.9204"
1140,"似乎 不 是 , 你 看 他 乒乓球 打 得 多 好 , 还 养 了 [MASK]  , 呵呵 控制 能力 蛮好 的",个,狗,-0.8069597482681274,"狗, 猫, 鱼","-0.8070, -1.3416, -3.1511"
1141,"继续 着 我 的 失眠 之 痛 , 冰冷 的 雨 , 洋洋洒洒 的 沥下 城市 就 像 是 一 [MASK]  , 开始 变 得 灰暗 不已 。",座,片,-1.2042393684387207,"片, 样, 切","-1.2042, -2.0308, -2.2232"
1142,我 参与 了 发起 的 投票 你 最 喜欢 MIC 的 那 [MASK]  ?,首,种,-0.5158658027648926,"种, 个, 款","-0.5159, -1.2583, -3.5861"
1143,发表 了 一 [MASK] 转载  转载 二十一 度母 礼赞 文 大宝 法王 率领 僧众 唱颂,篇,篇,-1.2308648824691772,"篇, 次, 些","-1.2309, -2.5743, -2.6386"
1144,想 做 [MASK]  的 人但 就 我 个人 守时 了,个,我,-1.5496424436569214,"我, 别, 对","-1.5496, -1.6984, -1.8902"
1145,"9700 拍摄 用 手头 的 黑莓 9700 拍 同样 一 [MASK]  , 模式 不同 , 味道 也 大 不 一样 。",处,张,-0.218614399433136,"张, 组, 个","-0.2186, -3.3636, -4.0566"
1146,"还 有 两 [MASK]  就 下班 了 , , 上班 下班 都 无聊 。",个,天,-0.04171977937221527,"天, 个, 周","-0.0417, -4.8093, -5.0385"
1147,"经过 一 [MASK]  终于 把 它 摆平 了 , 邻居 都 过来 询问 。",番,番,-0.7881433963775635,"番, 年, 天","-0.7881, -2.3134, -2.5520"
1148,今年 除夕 还是 一 [MASK]  在一起 吃饭 唯一 的 遗憾 是 爷爷 的 离开 回想 去年 的 今天 他 还 在 我 的 身边 心 好 痛 好痛 我 多么 希望 时光 倒回 让 我 再次 拥有 你 你 一定 要 在 天堂 好好 的,家,起,-0.4534305930137634,"起, 直, 家","-0.4534, -1.5988, -2.8304"
1149,"有 一 [MASK]  真 不 适合 带回 家 外日 , 我 真 错 了",种,种,-1.456275463104248,"种, 些, 点","-1.4563, -1.9376, -2.3508"
1150,看上 一 [MASK] 法兰克 ,款,眼,-1.7194162607192993,"眼, 个, 次","-1.7194, -2.0674, -2.5956"
1151,"饮 多 两 [MASK]  也 都 唔知 , 无 晒 知觉 唔知 发生 乜也事 。",杯,杯,-0.41990986466407776,"杯, 次, 天","-0.4199, -3.0837, -3.7346"
1152,"今天 把 一 [MASK] 齐 腰 的  剪 了 , 还 破天荒 的 拉直 了 才 发现 曾经 的 头发 是 有 多 干 哪 , 不过 剪 了 短发 , 还 延 不 习惯 的",头,头,-0.8031224608421326,"头, 发, 直","-0.8031, -1.8961, -2.6237"
1153,"饿死 了 , 没 吃午饭 , 现在 才 下班 回家 , 车上 怎么 一 [MASK] 麻辣烫 的  呀 受 不 了 !",股,锅,-1.5163885354995728,"锅, 顿, 个","-1.5164, -1.8578, -2.3398"
1154,吃 [MASK]  将 给 它 搞起 !,个,货,-0.5418604612350464,"货, 瓜, 了","-0.5419, -4.1196, -4.1667"
1155,"在 六班 的 最后 一 [MASK]  , 我 竟然 错过 了 。",节,天,-0.8595415353775024,"天, 节, 课","-0.8595, -1.9079, -2.0003"
1156,"内 眼线 画法 6 步骤 一 学 就 会 第 1 [MASK]  眼皮 , 用 眼线 笔 从 眼 尾 开始 描绘 。",步,下,-0.9016703367233276,"下, 双, .","-0.9017, -2.0309, -2.9511"
1157,开心 团购 春节 不 打烊 199 抢购 原 1288 的 彩贝儿 摄影 2012 乖 宝宝 套餐 服装 3 [MASK]  都 团购团 26,套,成,-0.022449202835559845,"成, 京, 天","-0.0224, -5.7010, -6.4249"
1158,"面对 着 不 完整 的 曾经 的 喜欢 的 人 试验 饰演 恋人 , 只 能 拥有 一 [MASK] 不 完整 的  。",个,个,-0.18476271629333496,"个, 段, 些","-0.1848, -3.6314, -4.0297"
1159,"我们 在 旁边 观察 , 哪 一 [MASK]  将来 能 有 成就 , 哪 一 看到 一 念 菩提心 的 博文 转载 净空 法师 能 不 能 成就 都 在 谦敬 有感而发 的 评论 。",种,人,-0.9357091188430786,"人, 个, 天","-0.9357, -1.6332, -2.0925"
1160,爱 变成 了 一 [MASK]  。,把,切,-0.029143212363123894,"切, 种, 生","-0.0291, -5.8544, -6.3330"
1161,"第一 [MASK]  皇马 , 让 我 惊出 了 一 身 冷汗 !",次,次,-1.7481344938278198,"次, 场, 回","-1.7481, -1.9010, -2.2098"
1162,"系 哩个 时刻 我 林 起 了 正在 上 夜班 的 你 再 过 一 [MASK]  就 要 起身 跑步 了 , 点算训 未 ?",个,会,-0.7685002088546753,"会, 天, 日","-0.7685, -1.3674, -2.9266"
1163,"本来 以为 这 [MASK]  的 时间 会 非常 充裕 , 但是 才 是 一 不 小心 稍稍宅 了 一 天 而已 , 一 天 而 已 啊 。",次,样,-0.744297981262207,"样, 次, 天","-0.7443, -1.2063, -2.1703"
1164,足球史 上 最 诡异 的 十 [MASK] ,粒,！,-0.7095581293106079,"！, ？, 。","-0.7096, -1.9842, -2.1026"
1165,没 水 过 一 [MASK]  !,个,次,-0.7396190166473389,"次, 遍, 年","-0.7396, -3.1111, -3.1202"
1166,"泸州 夜晚 妖气 冲天 , 哈批 , 你 [MASK]  , 你 电话 不 接 被 妖魔 鬼怪 抓 进 水帘 洞 关起 了 啊 ?",个,看,-0.9120222330093384,"看, 好, 说","-0.9120, -1.9987, -2.2981"
1167,饭局 也 疯狂 一 [MASK] 拥有 很 深刻 的 政治 讽刺 倾向 的  搞 喜剧片 。,部,部,-0.2221173793077469,"部, 个, 种","-0.2221, -2.6248, -3.9895"
1168,今晚 又 无 节目 啦 不过 为 佐初 四 [MASK]  我 会 努力 稳,个,，,-0.6749947667121887,"，, 节, 班","-0.6750, -2.7552, -2.8740"
1169,"珠珠 看 他 又 拿出 那 [MASK]  来 了 , 便 不再 说 下去 。",股,个,-1.3277459144592285,"个, 些, 钱","-1.3277, -2.3758, -2.4276"
1170,"发表 了 博文 2010 年 5 月 11 日 D9 雍 布拉康 昌珠寺 2010 年 5 月 11 日 D9 雍 布拉康 昌珠寺 今天 一早 起来 退房 , 很 奢侈 地 花 了 10 [MASK]  打车 去 尼泊尔 大使馆 , 匆匆 在 大使馆 门口 的 照相馆 照",块,元,-0.30146655440330505,"元, 块, 点","-0.3015, -1.6869, -4.5219"
1171,谁 饮 一 [MASK]  ?,壶,杯,-0.45133447647094727,"杯, 壶, 瓢","-0.4513, -2.4037, -3.6343"
1172,"李思思 凭 什么 主持 央视 春晚 原本 六 人 行 的 主持群 朱军 配 周涛 , 李咏 配董卿 , 毕福剑 的 加入 是 最 大 特色 , 可 春晚 新人 李思思 的 亮相 更 是 增色 不少 , 俨然 为 春晚 主持界 带来 一 [MASK] 清新 之  。",股,股,-0.7635287046432495,"股, 片, 抹","-0.7635, -1.6833, -2.4397"
1173,"吃 [MASK]  睡觉 , 希望 这个 安眠药 有 效果 , 晚安 。",粒,饭,-0.44442230463027954,"饭, 药, 饱","-0.4444, -1.6768, -3.0055"
1174,湖 人 三 [MASK]  太 弱 了,分,分,-1.3725156784057617,"分, 人, 队","-1.3725, -1.7910, -2.7887"
1175,"不 应该 是 谁 走进 我 的 心 , 而 是 谁 能 让 我 爱上 他 , 说不定 人家 的 心 也 是 冻结 的 呢 , 爱情 是 两 [MASK]  一起 经营 的 。",个,人,-0.16950592398643494,"人, 个, 者","-0.1695, -2.6889, -4.2794"
1176,我 在 www damai cn 发现 了 一 [MASK] 非常 不错 的  2012 南亚 之门 大型 群星 演唱会 昆明站 时间 是 20120218 场馆 在 昆明市 体育场 强烈 推荐 !,个,个,-0.17791922390460968,"个, 场, 次","-0.1779, -2.5440, -4.0728"
1177,"分享 图片 另 一 [MASK] 灿烂  , 爱 你 韩承羽 !",种,种,-1.0243706703186035,"种, 个, 份","-1.0244, -2.4138, -2.5974"
1178,"圣者 约翰克里斯多夫 终于 渡过 了 河 , 他 的 肩上 扛 着 一 [MASK]  , 他 放下 孩子 , 叹 口 气 问 孩子 , 你 多 重 啊 !",个,个,-1.2561110258102417,"个, 孩, 子","-1.2561, -1.3674, -2.0145"
1179,新 伊 兰特 双门 版谍 照 曝光 有 望 引入 国内 网 上 车市 西安 分站 讯 近日 国外 媒体 再次 曝光 了 全新 伊 兰特 双门版 的 路 试 谍照 与 之前 不同 此 [MASK] 曝光  没有 采用 任何 伪装 这 也 可以 让 我们 更加 清晰 的 了解 此 款 车型 。,次,次,-0.01340518705546856,"次, 前, 番","-0.0134, -6.0856, -6.1783"
1180,泪 奔 四 [MASK]  过度 得 太 好 了 !,个,、,-1.9835575819015503,"、, ：, 川","-1.9836, -2.4710, -2.9503"
1181,"晒 一下 当时 在 游 凤凰 古城 时候 , 小小 牺牲 自己 色相 的 而 赢得 的 奖励 两 [MASK] ",张,。,-0.19340775907039642,"。, ！, ？","-0.1934, -1.8478, -4.7506"
1182,"不 能 再 让 心情 这么 坏 下去 了 , 长久 的 失眠 只 会 让 自己 气 血 淤滞 得 更 厉害 , 让 自己 这 [MASK]  越来越 不 成样 了 。",张,样,-1.7466330528259277,"样, 人, 里","-1.7466, -2.0440, -2.4645"
1183,"韩寒 和  刚好 代表 80 后 价值 取向 的 两 [MASK] 郭敬明 要 名声 钱 虚荣 , 这 是 好 事情 我 不 想 贬低 他 。",面,个,-0.487325519323349,"个, 位, 人","-0.4873, -1.6098, -2.8925"
1184,民主 的 表现 为 中央 与 地方 的 二 [MASK] 选举  。,级,次,-1.1437621116638184,"次, 级, 元","-1.1438, -1.2429, -1.6974"
1185,"回来 了 回来 了 开开 心心 过 年 , 就算 回来 时间 短 , 总 比 一 [MASK]  在 那里 好 , 嘎 !",个,直,-0.060756225138902664,"直, 年, 起","-0.0608, -4.2594, -4.6833"
1186,新 还 珠 格格 之 人儿 何处 归 20 [MASK] ,分,？,-0.09855327010154724,"？, 。, ！","-0.0986, -2.9760, -3.1742"
1187,"2012 年 1 月 8 日 , 广西 桂林 , 在 6 [MASK] 全 副 武装 的 公安 特警 的  下 , 阳桥 附近 一 通信 营业厅 的 工作 人员 曾 小姐 带 着 30 万 元 现金 安全 来到 银行 。",名,名,-0.0313505120575428,"名, 个, 位","-0.0314, -4.2445, -4.4133"
1188,250 克 好 利源 脆皮 软糖 鲜 乳球 混 合口味 580 元 近期 售出 103 [MASK] ,件,。,-0.16640424728393555,"。, ！, ？","-0.1664, -1.9060, -6.3017"
1189,儿女 双 全 是 不 是 [MASK]  ?,个,呢,-1.2051275968551636,"呢, 好, 啊","-1.2051, -1.2387, -2.2055"
1190,"男人 从 女人 那 最 想 得 到 10 [MASK]  , 看似 平淡 , 却 最 最 真实 !",种,件,-1.3804019689559937,"件, 个, 点","-1.3804, -1.5359, -2.2300"
1191,分享 图片 一 [MASK]  起火 啊 咋办尼,线,直,-1.3302035331726074,"直, 楼, 旦","-1.3302, -1.9188, -2.0882"
1192,第一 [MASK]  那么 正常 的 声音 !,次,次,-0.3261483609676361,"次, 个, 种","-0.3261, -2.0637, -4.2563"
1193,还 没来 的 及 开通 短信 功能 的 我 表示 今天 享受 不 到 这 [MASK]  了 。,种,个,-0.8693687915802002,"个, 些, 里","-0.8694, -1.6327, -2.6934"
1194,"刚 准备 打 电话 , 发现 手机 里 的 电话 号码 全 没 了 , , 昨天 晚上 睡前 没 事 做 , 看看 手机 里 那 [MASK] 什么 云  , 通通删 了 , 结果 电话 薄 里 的 号码 全 都 没 了 , 这下 怎么 办 噢 , 烦躁 !",个,是,-1.018268346786499,"是, 个, 些","-1.0183, -1.1738, -2.3915"
1195,一大早 麻麻 就 各 [MASK] 不  。,种,說,-1.2875745296478271,"說, 说, 各","-1.2876, -1.9647, -2.5094"
1196,"如果 那 年 , 我们 多 对 或者 多 错 两 [MASK]  , 那么 现在 会 不 会 在 不同 的 地方 , 认识 完全 不同 的 人 , 做 着 完全 不同 的 事 果然 , 高考 的 迷人 之 处 , 不 是 在于 如愿以偿 , 而 是 阴差阳错 。",道,次,-0.023973334580659866,"次, 个, 年","-0.0240, -5.2082, -6.5496"
1197,"微博 就 是 一 [MASK] 横跨 心灵 的  , 走 过 了 无数 代沟 , 猜忌 , 不信任 还 有 差异",座,个,-0.6087086796760559,"个, 条, 块","-0.6087, -1.6882, -2.6805"
1198,比 你 见 下 [MASK] 大  哦,滴,的,-1.6705405712127686,"的, 面, 还","-1.6705, -2.1404, -2.2193"
1199,"内心 充满 忌妒 , 心 中 不 坦白 , 言语 不 正 的  , 不 能 算是 一 [MASK] 五 官 端正 的 人 。",位,个,-0.13629452884197235,"个, 名, 种","-0.1363, -2.9536, -3.4953"
1200,现在 还 有 谁 能 和 我 聊 三 [MASK]  呵呵,个,天,-0.9778167009353638,"天, 句, 年","-0.9778, -2.0574, -3.0056"
1201,"虽然 比分 没有 改写 , 可 球员们 都 很 积极 , 都 在 不遗余力 的 奔跑 另外 , 小 胡安 来 了 就 好好 的 踢意杯 , 别 让 副队 再 出场 了 , 那么 大 年纪 了 万一 伤 弄 [MASK]  就 不 好 了",个,了,-1.0883195400238037,"了, 伤, 到","-1.0883, -2.1169, -2.7626"
1202,新年 第一 [MASK]  的 红包,拨,天,-1.3683665990829468,"天, 波, 个","-1.3684, -1.9291, -2.3143"
1203,"我 在 这里 攀枝 花 火车站 热 的 心 发慌 , 四 [MASK]  一 包厢 , 看书 的 看书 , 耍 手机 的 耍 手机 , 就 我 无聊 , 要 回家 了 , 把 过 年长 的 肉 甩掉 吧",个,人,-0.516739010810852,"人, 个, 楼","-0.5167, -2.7264, -2.8248"
1204,"很 喜欢 的 一 [MASK]  , 什么 时候 学会 相互 理解 , 那 将 会 是 永恒 的 乌托邦 。",句,段,-1.6959840059280396,"段, 部, 首","-1.6960, -1.9512, -2.4585"
1205,"有些 人 是 一辈子 做 不 了 淑女 的 , 因为 做 淑女 不 是 说说 , 想 装 就 能 装 的 , 而 是 由 内 而 外 的 一 [MASK] ",种,。,-0.07049839943647385,"。, 切, ！","-0.0705, -3.9900, -4.1606"
1206,"维生素 C 不 足 也 会 降低 免疫力 , 人们 可以 从 柑橘类 水果 中 摄取 这 [MASK]  。",种,些,-0.03739318251609802,"些, 类, 种","-0.0374, -4.3759, -4.4494"
1207,"Then , 猜猜 这 [MASK]  1 路 车 让 我们 等 得 好 辛苦 谢谢樊 阿姨 的 礼物 , 无敌 精致 的 鞋垫 , 叫 我 怎么 忍心 垫脚丫子 捏 ?",位,是,-1.4802790880203247,"是, 辆, 个","-1.4803, -1.5821, -1.9305"
1208,看到 这 阳光 灿烂 蓝天 白云 我 脑子 里 只 蹦出 一 [MASK]  !,句,句,-0.6370801329612732,"句, 个, 张","-0.6371, -1.1126, -4.5075"
1209,新年 快乐 趁 老豆 开工 前 拿佐 两 [MASK]  是 先 哈哈多 谢 爹娘 祝 你 地 身体 健康 财源 广进 嘻嘻 继续 训觉,封,个,-1.9990174770355225,"个, 张, 颗","-1.9990, -3.0309, -3.0881"
1210,"有 香浓 的 咖啡 和 美味 的 蛋糕 , 有 淡淡 的 书香 , 有 轻轻 的 音乐 萦绕 耳旁 , 门口 放 着 几 [MASK] 小  。",盆,只,-1.1872279644012451,"只, 个, 本","-1.1872, -1.2643, -1.9689"
1211,無聊 沒事幹 一 [MASK]  是 都 沒收 到 不 想 收懶 得 出去,封,樣,-1.8962719440460205,"樣, 個, 般","-1.8963, -2.3007, -2.7769"
1212,第四 [MASK] 的  七 精彩 精彩 紧张 !,盘,天,-1.2238825559616089,"天, 章, 季","-1.2239, -2.2951, -2.4885"
1213,"我 可 不 想 让 这 [MASK]  突然 坍缩 , 所以 最 好 的 办法 就 是 不 观察 。",波,些,-1.5645997524261475,"些, 里, 个","-1.5646, -1.5749, -2.1671"
1214,我 想 吃 双 [MASK] 雪糕 ,棒,色,-1.3958603143692017,"色, 层, 面","-1.3959, -1.6890, -3.1111"
1215,"点击 参与 每 天 一 [MASK]  能 中 , 我 超 喜欢 这 双 红色 的 本命年 啊",次,定,-1.2157047986984253,"定, 个, 次","-1.2157, -2.4001, -2.7409"
1216,"半 [MASK]  后 再 见 , 我 亲爱 的 表哥",个,年,-0.0496491938829422,"年, 天, 月","-0.0496, -3.3496, -5.5632"
1217,"6 岁 以下 儿童 , 可以 有 一 [MASK]  在 医院 陪护 。",名,人,-0.41352182626724243,"人, 个, 名","-0.4135, -2.2637, -2.4648"
1218,"每 [MASK]  年 我 妈 就 会 提起 我 那 抹 不 掉 的 回忆 , 呵呵 , 那些 年 的确 是 幸福 甜蜜 的 , 感谢 你 我 的 7 仔",次,一,-0.21135693788528442,"一, 几, 两","-0.2114, -2.6445, -3.2879"
1219,一 [MASK]  就 见到 哩件 野,起,早,-1.4517422914505005,"早, 眼, 见","-1.4517, -1.7880, -3.1206"
1220,喜欢 那 [MASK] 手机  。,个,个,-0.9147165417671204,"个, 部, 款","-0.9147, -1.3527, -2.8678"
1221,面牽 一 綫吃 今年 既 第一 [MASK]  奶茶 好好 味 我 在 這裡 银座 广场,餐,杯,-0.7403213381767273,"杯, 碗, 口","-0.7403, -2.4198, -2.9838"
1222,去 北京 的 路 上 还 有 7 [MASK]  加油 啊 开车 开 的 腰酸 想 你 呀 乖乖 等 我 回家,个,点,-1.4241877794265747,"点, 号, 路","-1.4242, -2.2779, -2.5062"
1223,搞 了 这么样 一 [MASK] 好  。,个,个,-0.9639074802398682,"个, 定, 点","-0.9639, -2.3650, -2.9909"
1224,"身价 计算 报告 吴美娜 , 你 现在 的 身价 是 26 万 , 身价 状态 每 月 395 [MASK] 的  上涨 快来 算算 你 的 身价 吧 !",块,%,-0.8194226026535034,"%, 万, 元","-0.8194, -2.9352, -2.9778"
1225,这个 深夜 我 做 了 一 [MASK] 很 勇敢 的  没错 觉得 值得 就 去 做 争取 自己 想要 的 跟 着 感觉 走,件,个,-0.7761066555976868,"个, 些, 件","-0.7761, -1.3085, -1.7809"
1226,"列车员 推 着 蛋糕 瓜子 和 武侠 言情 凶杀 小说 在 车厢 过道 里 来来往往 , 许久 不见 有 一 [MASK]  。",笔,天,-0.9495736360549927,"天, 次, 日","-0.9496, -1.3936, -3.3115"
1227,不 要 浪费 生命 在 痛苦 的 选择 上 听 说 模联 这 [MASK]  必须 穿 裙装,次,天,-0.6612327098846436,"天, 时, 季","-0.6612, -2.1255, -2.7064"
1228,"今天 的 主要 剧情 就 是 大早 上 就 拿 着 滑板 满 街 的 跑 , 原本 好好 的 说 出来 吃 个 早点 , 现在 早点 没 吃 着 还 闹 出来 这些 [MASK]  , 真 TM 愤青 。",些,事,-0.281647652387619,"事, 话, 人","-0.2816, -1.7000, -5.3261"
1229,"6 年 , 父母 的 委屈 , 我 的 恨 , 以及 当年 太 奶奶 的 含恨 而 终 , 就 在 你们 的 自相 残杀 中 慢慢 报 了 长子 有 什么 用 , 长孙 有 什么 用 , 最终 敌 不过 一 [MASK] ",个,。,-0.05286025255918503,"。, ！, ？","-0.0529, -3.1389, -5.8381"
1230,"这 两 袋  粮 价格不菲 , 一 [MASK] 吃 了 一半 另 一 袋 还 没 开封 的 。",袋,袋,-0.011687361635267735,"袋, 包, 个","-0.0117, -5.8239, -6.3955"
1231,比 平时 晚到 家 一 [MASK]  啊,个,点,-0.7366682887077332,"点, 天, 次","-0.7367, -1.9673, -2.4437"
1232,"我们 第一 [MASK]  临海 , 后面 的 , 要 加油 了 !",个,次,-0.8110714554786682,"次, 站, 天","-0.8111, -1.9056, -1.9473"
1233,与 三 [MASK] 不 知名  玩起 了 狼人,位,个,-0.6528411507606506,"个, 位, 名","-0.6528, -1.6095, -1.9889"
1234,以前 多 清新 的 一 [MASK]  哇,张,點,-1.3141099214553833,"點, 点, 下","-1.3141, -1.5683, -2.7682"
1235,"每 [MASK]  北爱 , 心 里 就 难受 的 睡 不 着 。",次,次,-0.50678551197052,"次, 每, 到","-0.5068, -2.3403, -2.9904"
1236,"今天 打给 她 , 希望 正 如 她 所 讲 的 一样 , 梦 与 现实 是 相反 的 , 2012 [MASK]  。",行,年,-0.17114990949630737,"年, 的, 梦","-0.1711, -4.0956, -4.1324"
1237,祥哥 像 你 那 [MASK] 玫瑰  不 啊,个,朵,-1.0397182703018188,"朵, 个, 种","-1.0397, -2.1598, -2.8999"
1238,我 参与 了 发起 的 投票 你 喜欢 哪 5 [MASK]  球队 ?,支,支,-0.3169173002243042,"支, 个, 家","-0.3169, -1.4623, -4.4006"
1239,这 才 是 迟到 的 第一 [MASK] 新年 快乐  啦啦 爱 你们,波,次,-1.327445149421692,"次, 天, 步","-1.3274, -1.4901, -1.6262"
1240,活活 60 [MASK]  奖 名额 都 愣是 坚持 没 中 。,个,大,-1.053314208984375,"大, 抽, 中","-1.0533, -1.5062, -1.5926"
1241,"在 乡下 , 看见 一 [MASK]  正在 做 扫 把 , 原来 是 这么 做 的 , 好像 拔河 比赛 !",个,人,-1.1049854755401611,"人, 群, 个","-1.1050, -1.7182, -1.9820"
1242,龙年 你 可以 减肥 了 我 很 认真 [MASK] 跟 你  !,滴,的,-0.6232979893684387,"的, 地, 在","-0.6233, -1.5891, -2.5968"
1243,"预订款 还 没 开售 预计 一 周 之后 可 代 到 , Micro 和 Nano 两 [MASK]  都 有 , 颜色 绝对 抢眼 , 连 平时 只 喜欢 暗色系 的 我 都 有点儿 心动 , 够 尖儿 !",个,款,-0.18802301585674286,"款, 色, 种","-0.1880, -2.5380, -3.0757"
1244,观众 对 魔术 揭秘 这 [MASK] 空前 的  。,种,是,-0.03832874819636345,"是, 个, 种","-0.0383, -4.1241, -5.5201"
1245,你 妈妈 你们 一 [MASK] 都 不  动 !,个,动,-0.6600860953330994,"动, 点, 个","-0.6601, -1.6027, -1.8529"
1246,吵架 是 生活 里 的 调味 [MASK]  但 也 要 快樂 地 活 著 !,剂,，,-0.429121196269989,"，, ,, 。","-0.4291, -1.5277, -2.6152"
1247,往年 感觉 你 总 买 一 大 [MASK]  回来 要 我 帮忙 清理 装饰 什么 的 很 烦 。,堆,堆,-0.4905685782432556,"堆, 箱, 件","-0.4906, -2.2517, -3.2220"
1248,"并 用 手 捧 水 向 脸上 泼 , 记得 用 冷水 泼 脸 20 [MASK] 左右 就  了 。",次,下,-0.9164767861366272,"下, 次, 秒","-0.9165, -1.2870, -1.7937"
1249,三元桥 就 一 [MASK] 班  。,辆,个,-0.306718647480011,"个, 大, 两","-0.3067, -3.1321, -3.4279"
1250,"面条 之 路 一 [MASK]  , mark",部,年,-2.364797830581665,"年, 号, 家","-2.3648, -3.4443, -3.4899"
1251,"爱情 是 会 冷却 的 , 在 平淡 的 日子 里 , 最 重要 的 是 经常 给 两 [MASK] 相互 依偎 的  加加 温爱情 是 会 沉淀 的 , 在 相处 的 日子 里 , 要 记得 时不时 摇晃 一下 盛装 爱情 的 水杯 !",颗,个,-0.4023892879486084,"个, 人, 颗","-0.4024, -1.3956, -3.2124"
1252,"家人 都 不 认同 我 谈 朋友 , 这 是 怎么 一 [MASK]  ?",回,回,-0.017227070406079292,"回, 次, 个","-0.0172, -5.9288, -6.3080"
1253,新年 第一 [MASK]  大家 龙年 发大财,帖,天,-0.4305286109447479,"天, 年, 个","-0.4305, -2.9651, -3.3478"
1254,起身 啦 起身 啦 玩 咖啡 恋人 啦 虽然 唔知几 时 会 唔玩 但是 宜家 仲系度 玩仲 有 边 鬼 [MASK]  ?,个,呢,-1.7141520977020264,"呢, 呀, 玩","-1.7142, -2.2466, -2.4799"
1255,"这 是 日本 Epoch 开发 的 一 [MASK] 运动 感应  或称 独立 游戏机 , 不 隶属于 nitendo s box 阵营 , 游戏者 扮演 机器 猫 或 称多 拉 a 梦 或者 大雄 或称康 夫囧 等 人 , 在 游戏 中 戴 着 竹蜻蜓 飞行 寻宝 。",个,款,-0.188456729054451,"款, 种, 台","-0.1885, -2.5165, -3.1481"
1256,"人 在 雾 中 走 , 一切 都 隐隐约约 , 影影绰绰 , 思绪 飘然 疑 似 自己 如 一 [MASK] 秋  , 随 秋风 漂 失 , 不 知会 吹 落 到 何处 ?",片,片,-0.932272732257843,"片, 场, 阵","-0.9323, -2.8111, -3.1299"
1257,"发表 了 博文 胃 靠 养 之 冬季 养 胃 心得 人体 有 众多 的 器官 , 血管 , 四肢 , 骨头 , 关节 , 要 想 身体 整体 健康 , 那么 每 一 [MASK]  的 健康 必不可少 。",个,天,-0.18957296013832092,"天, 人, 步","-0.1896, -2.7209, -3.6483"
1258,在 這新春 佳節 大 年 三十 [MASK] 應和  其樂 融融 的 吃 完 年夜飯 看看 春節 聯歡 晚 會什麼 的 那 是 多麼 美好 的 事兒 呀 !,本,，,-1.4483822584152222,"，, 我, 一","-1.4484, -2.4970, -2.5705"
1259,等 我 睇个 新 天生 一 [MASK] ,对,！,-0.6921976804733276,"！, 。, ？","-0.6922, -0.7400, -3.9466"
1260,"回家 的 路 上 , 困死 啦 困死 啦 困死 啦 跟 [MASK]  同 车 , 又 无聊 又 尴尬 , 唉唉唉",堂,我,-0.7810781002044678,"我, 人, 他","-0.7811, -2.1281, -2.1682"
1261,成 [MASK]  真係 笑 中 有淚 向前 望,件,員,-1.612404465675354,"員, 績, 日","-1.6124, -2.1420, -2.3425"
1262,", 明年 给 她 找 [MASK]  随便 他们 去 逛 。",个,",",-1.336723804473877,",, 个, ，","-1.3367, -1.4159, -1.8247"
1263,"红 嘴 鸟 包 邮韩版 磨砂 真皮 钨钛金 双 [MASK]  花瓣 咖色 单肩 斜挎 女式 包包 21500 元 热销 中 , 别 错过 哦",层,色,-1.4269081354141235,"色, 肩, 面","-1.4269, -1.4578, -2.0167"
1264,甘肃 武威 地区 发生 31 [MASK]  分享 自,级,起,-1.071107029914856,"起, 人, 次","-1.0711, -1.4585, -2.2109"
1265,"平时家 在 心 里 此刻家 在 眼前 泸州 老窖 伴 您 回家 离 回家 还 有 2 天 我 的 祝福 乘 着 除夕 的 钟声 飞向 你 , 愿 你 新 的 一 年 快乐 笑 [MASK]  美满 全 家 好 快来 和 我 一起 参加 泸州 老窖 伴 您 回家 的 活动 吧 !",步,容,-0.18109816312789917,"容, 脸, 声","-0.1811, -3.3478, -3.4704"
1266,究竟 谁 该 拥有 那 [MASK] ,张,？,-0.08988939225673676,"？, 。, ！","-0.0899, -2.6445, -4.2672"
1267,"九寨沟 海拔 在 2 千 米 以上 , 遍布 原始 森林 , 沟 内 分布 一百零八 [MASK]  , 有 童话 世界 之 誉九寨沟 为 全 国 重点 风景 名胜区 , 并 被 列入 世界 遗产 名录 。",个,处,-1.6986900568008423,"处, 洞, 峰","-1.6987, -1.9803, -2.3999"
1268,用心 去 做 每 一 [MASK]  !,件,天,-1.0623931884765625,"天, 件, 次","-1.0624, -1.4267, -2.7547"
1269,MY LOVE 中 非常 中意 的 一 [MASK]  请 你 给 我 好 一点 的 情敌 田馥甄 分享 自,首,段,-1.3531280755996704,"段, 句, 首","-1.3531, -1.7756, -2.1771"
1270,"昨晚 梦见 穿 新 鞋 , 起来 趁 还 没 忘记 赶紧 周公 解梦 一下 , 一 看 就 乐 了 未婚 女子 梦见 穿 新 鞋 , 会 嫁给 一 [MASK] 宽宏 大量 聪明 能干 的  。",位,个,-0.3243609070777893,"个, 位, 些","-0.3244, -1.5940, -2.9404"
1271,晚上 在 家么 事 泡 [MASK]  神马 的 真 是 舒服 !,个,澡,-1.2673439979553223,"澡, 汤, 妞","-1.2673, -1.4503, -2.3619"
1272,"不 去 思考 , 不 去 怀念 , 只是 爱 体验 这 [MASK]  。",种,里,-0.22665482759475708,"里, 些, 样","-0.2267, -2.7271, -3.2449"
1273,", 我 投给 了 风声 吴 大队长 这 1 [MASK]  。",个,票,-1.020491600036621,"票, 球, 分","-1.0205, -2.8631, -3.1873"
1274,哈哈 我 要 进 地铁 的 时候 先 看到 你 脚 下 的 鞋 脑海 第一 [MASK]  肯定 是 B BOY 抬头 一 看 居然 是 你 哈哈够 搞笑 的 我 还 刚 从 华强 北练 完舞,个,个,-0.20111365616321564,"个, 眼, 张","-0.2011, -3.8225, -4.0381"
1275,"试 了 三 [MASK]  , 肉包 比 对面 好吃 , 香菇包 跟 菜包 则 不 及 , 豆脑 更 可 无视 。",种,包,-0.9822310209274292,"包, 次, 种","-0.9822, -1.6109, -2.4617"
1276,"余 则 成 的 潜伏 之 道 1 [MASK] 牢  , 少 议 同事 , 多崇 上级 。",管,坐,-0.06199246644973755,"坐, 吃, 记","-0.0620, -5.0455, -5.3914"
1277,看到 逸能 石缘 的 博文逸 能 石缘 奇石 100 [MASK] 36 洪福齐天 有感而发 的  。,枚,-,-2.4283039569854736,"-, 元, +","-2.4283, -2.9793, -3.1513"
1278,"刚刚 百 度 了 一下 , 加智齿 应该 是 32 [MASK]  。",颗,级,-2.284388303756714,"级, 度, 岁","-2.2844, -2.5680, -2.6487"
1279,"西媒曝 2 中 超 队 邀古蒂 加盟  雄厚 砸 重金 购金 狼 据 西班牙 媒体 称 , 除了 之前 传出 的 上海 申花 外 , 还 有 另 一 [MASK] 财力 雄厚 的 中超球队 向 金狼 发出 了 邀请 。",支,支,-0.20229235291481018,"支, 家, 个","-0.2023, -1.9529, -4.0209"
1280,"今天 一早 起来 , 赚 死 了 , 有 木 有 尤其 那 两 [MASK]  粉嫩 的 让 人 特别 开心 , 谢谢 啦亲 记得 新 的 一 年 要 事事 顺心哟",封,个,-1.5325229167938232,"个, 颗, 张","-1.5325, -2.0361, -2.5708"
1281,快 来 看看 的 微博 傻子 一 [MASK]  !,枚,枚,-0.9869375228881836,"枚, 个, 下","-0.9869, -1.1412, -3.6545"
1282,"这 [MASK]  这 两 天 问 的 人 满 多 2011 年 夏装 韩版 夏威夷 沙滩裤 五分裤 男士 花裤 迷彩裤 纯 棉 , 价格 3900 元 , 见",件,个,-1.044830322265625,"个, 里, 件","-1.0448, -1.7408, -2.7274"
1283,"每 天 都 要 吸收 [MASK] 养生  , 过 年 也 不 能 例外 !",些,和,-0.7639333605766296,"和, 、, ,","-0.7639, -1.9605, -2.1667"
1284,梦见 一 [MASK]  。,场,人,-2.0460379123687744,"人, 个, 次","-2.0460, -2.2168, -3.5214"
1285,"在 河源 很 无助 , 今晚 一 [MASK]  在 翔丰 的 麦当劳 过夜 , 麦当劳 没 开 暖气 很 冷 , 时间 再 快点 吧 !",个,定,-0.5578708648681641,"定, 早, 直","-0.5579, -1.9928, -2.1100"
1286,"杨贰佰叁 拾 陆宝 大 [MASK]  盛开 我 的 今夏 , 来自",朵,地,-1.2891122102737427,"地, 花, 树","-1.2891, -1.9779, -2.1812"
1287,和 两 [MASK]  佬搞基,个,大,-1.243752121925354,"大, 个, 位","-1.2438, -1.5955, -2.7685"
1288,"一 [MASK] 曾经 熟识 , 现今 却 并 无 联系 的  , 跋山涉水 , 风尘仆仆 , 汇于一堂 。",群,群,-0.6213892102241516,"群, 些, 个","-0.6214, -1.4118, -2.4526"
1289,啾啾啾 9 现在 成为 了 一 [MASK]  !,名,个,-1.6640900373458862,"个, 员, 名","-1.6641, -1.8006, -2.9439"
1290,第一 [MASK]  压岁 钱 啊 !,次,个,-1.3948627710342407,"个, 张, 章","-1.3949, -2.1458, -2.7459"
1291,"当 上班 的 心情 比 上坟 还 要 沉重 的 时候 , 职场 教会 我们 三 [MASK]  要么 忍 , 要么 狠 , 要么 滚 。",件,点,-1.6278765201568604,"点, 招, ：","-1.6279, -1.9774, -1.9933"
1292,"昨夜 烟 花卷 卷舒 , 团圆 除夕 一 [MASK]  。",家,家,-1.3405542373657227,"家, 笑, 起","-1.3406, -2.2249, -2.6523"
1293,所有 的  都 只 能 绕过 这 [MASK] 车 从 两 边 小心翼翼 地 驶过 。,辆,些,-1.533919334411621,"些, 里, 边","-1.5339, -1.6177, -2.5384"
1294,"网 上 的 富 二 [MASK]  , 看 了 你 会 傻眼 的 吧 。",代,代,-0.00042417700751684606,"代, 哥, 妈","-0.0004, -8.6132, -9.3112"
1295,迎 财神 这 [MASK] 神圣 的  就 交给 我 老爸 了,项,么,-0.6562459468841553,"么, 个, 样","-0.6562, -1.3035, -3.1785"
1296,你 睇下 依 种 是否 你 上 [MASK]  果 种 果仁,次,的,-2.642299175262451,"的, 下, 面","-2.6423, -2.7136, -3.0446"
1297,"美文 故事 人生 有 三 [MASK]  是 无法 隐瞒 的 咳嗽 贫穷 和 爱 你 想 隐瞒 , 却 欲盖祢彰 。",样,种,-0.5964431762695312,"种, 个, 句","-0.5964, -2.7797, -3.0384"
1298,第一 [MASK] 用 肯德基 网 上  。,次,次,-0.2067229449748993,"次, 天, ，","-0.2067, -2.8188, -4.0262"
1299,"真的 不 是 生气 , 就 是 感觉 你 这 [MASK]  怎么 配 活 在 这个 世界 上 , 把 你 的 所 做 所 为 拍成 电视剧 全 世界 人 都 得 买 机票 来 沈阳 朝 你 吐口水 。",种,样,-0.2979971170425415,"样, 人, 个","-0.2980, -2.1429, -3.5072"
1300,"此后 , 马来营 给 杜保乾 夫妇 送 过 各 [MASK] 高档  , 以至 禁 不 住 向 杜保乾案 办案 人员 感叹",种,种,-0.16159847378730774,"种, 类, 式","-0.1616, -2.5364, -3.1154"
1301,古巨基 都俾 你 窒死 一 [MASK] 有 文化 咖人 的 幽默 林敏聪 你 系 得噶 ,个,个,-0.43273356556892395,"个, 個, 位","-0.4327, -1.7714, -2.8067"
1302,你 知道么 刚刚 看到 一 [MASK] 很 有意思 的  那里 可以 买 尼泊尔 佛像 ?,个,个,-0.16922223567962646,"个, 些, 家","-0.1692, -3.5984, -3.6191"
1303,", 我 投 给 了 激烈 的 PVP 战场 竞技场 这 1 [MASK]  。",个,点,-1.926395058631897,"点, 个, 次","-1.9264, -2.7246, -3.3683"
1304,"走出 教堂 , 迎面 看见 了 这 [MASK]  , 是 谁 种下 的 ?",棵,树,-0.4869524836540222,"树, 棵, 花","-0.4870, -1.7720, -3.4621"
1305,"哎 , 擦了 [MASK]  !",个,擦,-0.5189222693443298,"擦, 吧, 呀","-0.5189, -2.4495, -3.8457"
1306,找 一 [MASK] 好  是 我 一 生 的 追求 。,个,个,-0.2015070766210556,"个, 份, 家","-0.2015, -2.8020, -2.8100"
1307,月 塘小禾 又 完成 了 一 [MASK] 市民 的  。,个,个,-0.6894771456718445,"个, 次, 位","-0.6895, -2.7418, -3.3032"
1308,"所谓 的 拜年 就 是 在 这 [MASK]  东西 再 跑到 那家 吃点 东西 , 回家 的 时候 就 饱 了 。",家,买,-0.8141694664955139,"买, 吃, 点","-0.8142, -1.2210, -3.3148"
1309,"一大早 起来 搞 卫生 , 出 一 [MASK]  , 真 舒服 !",身,汗,-1.185449242591858,"汗, 门, 个","-1.1854, -2.5566, -3.5019"
1310,你 啥时候 能 不 一 [MASK]  啊 喂 !,脸,样,-0.27936574816703796,"样, 起, 点","-0.2794, -2.5953, -3.1689"
1311,"当日 , 安徽 黄山 风景区 雪后 放晴 , 罕见 的 瀑布 流云 从 始信峰 的 山坳 中 奔腾 而 下 , 汹涌澎湃 , [MASK]  在 云海 中 若隐若现 , 美轮美奂 , 似 海市蜃楼 , 蔚为 壮观 。",座,云,-2.1301944255828857,"云, 水, 并","-2.1302, -2.5608, -2.9434"
1312,我 当时 那 叫 一 [MASK]  笑 语录 我 正 在 玩 微博 精选 看 短信 发微 博,个,个,-0.024781547486782074,"个, ..., 张","-0.0248, -4.6491, -6.7984"
1313,"昨天 碰到 一 [MASK]  , 她 女儿 去年 考上 了 P , 这 让 我 无比 的 羡慕 , 因为 P 是 这 附近 最 好 的 私立 学校 。",个,位,-1.0322437286376953,"位, 人, 女","-1.0322, -2.1745, -2.4764"
1314,噬魂师  在 线 观看 噬魂师 粤语版 第 038 [MASK] 噬魂师 粤语版 全集 天 上 人间 动漫网,集,集,-0.05682501941919327,"集, 话, 期","-0.0568, -4.0550, -4.1787"
1315,史 上 春节 前 最后 1 周 行情 揭秘 15 年 中 14 [MASK]  财经 频道 东方 财富 网 分享 自,次,年,-2.0089051723480225,"年, 大, 周","-2.0089, -2.0137, -2.5680"
1316,"老公 酒醒 以后 早上 醒来 , 丈夫 对 妻子 说 , 咱们 家 有 鬼 , 昨晚 我 回到 家 , 去 厕所 , 一 开门 灯 就 自己 亮 了 , 还 有 一 [MASK]  逼 来 !",股,个,-0.4937622547149658,"个, 鬼, 股","-0.4938, -2.5084, -3.4369"
1317,"到 一 狒狒 [MASK] 前 , 飞晏  着 笼子 和 梁爽 说 看 , 佛佛 。",笼,面,-0.7064611911773682,"面, 跟, 身","-0.7065, -1.1802, -3.5014"
1318,食 饭 就 吃 鸡 鸭 鹅 过 [MASK]  用 不 用 天天 鸡 鸭 鹅 本来 我 很 喜欢 吃 鸡 的 衣架 听到 都 厌食 饭食 鸡食 饭食 鸭 食 饭食 鹅 我 要 海鲜,个,来,-1.2015329599380493,"来, 年, 去","-1.2015, -1.4242, -2.6604"
1319,我 一 [MASK]  一口气 喝 了 大 半瓶 竹叶青 。,个,人,-0.3651687502861023,"人, 口, 次","-0.3652, -2.0121, -3.5803"
1320,初一 到 初五 中国 教育 一 [MASK]  十一点半 怪兽 档案,台,年,-1.39350426197052,"年, 周, 学","-1.3935, -1.8435, -2.8475"
1321,"在 我 的 出走 计划 前 , 我 可以 有 [MASK] 放松 的  !",个,点,-1.1102627515792847,"点, 些, 所","-1.1103, -1.5555, -1.7097"
1322,"假期 真 不 适合 忙 工作 , 半天 写 不 出 一 [MASK] ",行,。,-0.053887903690338135,"。, ！, ？","-0.0539, -3.2032, -4.6830"
1323,"小 米 自动 醒 了 亲昵 两 [MASK] 趴 我 身上 继续 睡 , 夜 静悄悄 人 的  也 异常 清晰 , 喝 杯 温水暖胃 , 感觉 很 好 , 早安 !",下,人,-0.8637689352035522,"人, 个, 脚","-0.8638, -1.9018, -2.2461"
1324,"gc 是 第二 天 同学 去 找 那 老板 说 要 退碟 , 那 老板 还 小声 的 嘀咕 了 一 [MASK] 为什么 要 退 啊 , 唱 的  的 蛮好 的 。",句,句,-0.20070268213748932,"句, 下, 声","-0.2007, -2.3022, -2.8684"
1325,"又 是 一 [MASK]  , 接个 十 年 不 见 的 亲人 , 听 生辰 快乐 真 是 悲喜 交集 。",伙,年,-0.29081636667251587,"年, 天, 日","-0.2908, -1.8433, -3.7612"
1326,"厚 涂 的 质感 真心 很 棒 , 不过 Flash 永远 都 画 不 到 这 [MASK]  了 。",种,里,-0.9014657735824585,"里, 个, 张","-0.9015, -2.1387, -2.3946"
1327,"小姨 生 了 [MASK]  , 哈哈 , 六 斤 二 两 !",个,我,-1.5878677368164062,"我, 娃, 了","-1.5879, -2.0640, -2.8731"
1328,"2 佛像 若 是 以 挂图 的 形式 , 应该 剪 一 [MASK] 一 元  的 红 纸 贴 在 佛祖 莲座 上 或 座位 上 , 以 示 吉祥选 。",张,张,-0.10096734017133713,"张, 块, 幅","-0.1010, -4.1741, -4.4539"
1329,"终于 做 了 [MASK] 了  , 不管 对 不 对 都 不 能 后悔 , 也 回 不 了 头 了 , 只是 我 会 为 此 付出 代价 失去 最 亲 最 爱 的 宝贝 , 或许 只有 这样 才 能 回到 以前 , 很 痛苦 很 心疼",个,到,-1.2975791692733765,"到, 对, 事","-1.2976, -2.1265, -2.4368"
1330,"推荐 给 大家 一 [MASK] 不错 的 小  眼 保健操 , 实用 又 方便 , 真的 很 赞 哦 !",个,个,-0.6166737675666809,"个, 种, 款","-0.6167, -1.8575, -2.1848"
1331,"Julia Fullerton Batten 的 青春期 故事 在 很多 摄影展 中 出现 过 , 她 巧妙 地 利用 逼真 的 电影 模型 场景 , 以 一 [MASK] ",种,。,-0.14345887303352356,"。, ！, 个","-0.1435, -3.2314, -4.2997"
1332,"有 消息 说 , 由 於 精确 制导 炸弹 的 广泛 应用 , 美国 根本 不必 投入 六 [MASK]  就 可 达到 很 好 的 作战 效果 。",艘,年,-1.1256673336029053,"年, 亿, 军","-1.1257, -3.0571, -3.3228"
1333,"新 既 一 年 , 我 最 大 的 愿望 就 系 [MASK] 死 鸡眼 好  烦 人 了",粒,...,-1.7981789112091064,"..., ,, [UNK]","-1.7982, -3.1659, -3.2040"
1334,Oh 贞姐 的 重阳 各 [MASK] ,种,。,-0.3897009491920471,"。, ！, ？","-0.3897, -1.6670, -2.0849"
1335,想 家 一 [MASK] 没有  可以 擦干 眼泪 的 地方 。,个,直,-0.6757240891456604,"直, 定, 样","-0.6757, -2.0919, -3.2452"
1336,"Moumoon 哈雷路亚 最近 好 爱 这 [MASK]  , 很 好听",首,里,-0.5607836246490479,"里, 个, 张","-0.5608, -2.3404, -2.9108"
1337,"红衣 女孩 叫 静宜 , 几 年 前 她 跟 穆林 的 那 [MASK]  可能 是 老天 早就 注定 了 的 姻缘 。",次,段,-0.5720325708389282,"段, 次, 份","-0.5720, -1.8204, -2.9118"
1338,"就 是 早上 喝 了 一 [MASK] 珍养  , 是 不 是 要 用 冷酸 灵 ?",瓶,杯,-1.4712082147598267,"杯, 瓶, 些","-1.4712, -1.6938, -2.0323"
1339,我 那 [MASK] 烂  愁 了 我 一 晚上,个,灿,-1.3339967727661133,"灿, 么, 破","-1.3340, -2.2299, -2.7748"
1340,那 [MASK]  着 油画家 的 我 。,个,是,-1.8622595071792603,"是, 看, 做","-1.8623, -2.6263, -2.6672"
1341,"我 参与 了 发起 的 投票 您 的 上网 主页 是 , 我 投给 了 其他 这 1 [MASK]  。",个,个,-1.3471781015396118,"个, 人, 票","-1.3472, -1.8999, -2.5230"
1342,"今天 早晨 多亏 烧 锅炉 大爷 没烧 , 不 给 我 冻醒 都 赶 不 上 回家 的 2 [MASK] ",路,。,-0.11043881624937057,"。, ！, ？","-0.1104, -2.3525, -5.0987"
1343,原来 Think Different 这 [MASK]  是 Lee Clow 和 他 的 团队 策划 出来 重塑 Apple 形象 的,句,次,-0.19206489622592926,"次, 个, 就","-0.1921, -3.8761, -4.0651"
1344,"大年 初一 的 , 打 了 三 [MASK]  的 球 。",个,天,-1.0473666191101074,"天, 场, 次","-1.0474, -2.1806, -2.2039"
1345,就 像 给 空喊 口号 者 当头 一 [MASK]  。,记,样,-0.5482988357543945,"样, 棒, 喝","-0.5483, -1.4115, -3.9728"
1346,"翻到 了 好早 以前 微薄 的 一 [MASK]  , 以前 以为 自己 真的 会败 , 而 现在 决定 赢 了 它 !",个,页,-0.5607612729072571,"页, 本, 卷","-0.5608, -1.6071, -3.8939"
1347,每 一 [MASK]  上 的 成绩 突破 超标 我 都 好 开心 !,次,次,-0.6782984137535095,"次, 课, 天","-0.6783, -2.1776, -2.4332"
1348,"于是 他 每 天 写 一 [MASK]  放进 他 信箱 , 因为 他 知道 他 只 是 随口 说说 不 会 去 翻 信箱 。",封,封,-0.22517117857933044,"封, 篇, 份","-0.2252, -2.5956, -3.8694"
1349,"已经 几 [MASK] 不  昨天 是 几 点 入睡 的 , 昏昏 沉沉 的 一 觉 睡 到 现在 。",记,天,-0.5966585874557495,"天, 点, 年","-0.5967, -1.6772, -2.1013"
1350,"有 降落伞 , 蝴蝶结 , 旋风 , 各 [MASK]  , 火花式 , 还 有些 不 知道 是 什么",种,式,-0.4776464104652405,"式, 种, 色","-0.4776, -1.1055, -4.0062"
1351,"看完 了 铁甲 钢 拳 , 有 [MASK] 儿子 ",个,了,-0.7341683506965637,"了, 个, 小","-0.7342, -1.0094, -4.1264"
1352,几 多 [MASK]  爱到 几 多 岁,对,岁,-1.0145337581634521,"岁, 年, 人","-1.0145, -1.8837, -2.3446"
1353,"赵本山 惜别 春晚 舞台 , 有点 惋惜 , 他 是 一 [MASK]  记忆 中 的 人物 。",代,个,-0.10004978626966476,"个, 位, 种","-0.1000, -2.7754, -5.0605"
1354,我 觉得 我 是 [MASK]  !,个,你,-2.041477680206299,"你, 我, 谁","-2.0415, -2.7267, -3.0947"
1355,过 年 就 不 要 提 那 [MASK]  。,个,个,-0.7873697280883789,"个, 些, 种","-0.7874, -1.0567, -3.4689"
1356,"明天 晚上 有 重大 活动 , 但愿 老天 能 帮忙 , 能够 一 [MASK]  不 下雨 。",个,天,-0.7800058126449585,"天, 直, 点","-0.7800, -1.6446, -2.2413"
1357,今天 目睹 了 大 悦 城 zara 一 [MASK]  我 只 能 说 那 姑娘 很 好 的 保护 了 她 爷们儿,场,幕,-0.36872783303260803,"幕, 切, 面","-0.3687, -1.2912, -5.2590"
1358,"设计 生活 发现 新鲜 小  , 大 用途 p Every leaf traps CO2 每 一 [MASK] 叶子 都 能 吸收 二氧化碳 , 拯救 树木 , 拯救 环境 , 拯救 地球 拯救 你 !",片,片,-0.06161235645413399,"片, 个, 块","-0.0616, -4.1503, -4.3285"
1359,"整 [MASK]  就 我 喝酒 , 喝 了 快 五 瓶 , 晕",桌,天,-0.28407052159309387,"天, 晚, 个","-0.2841, -2.2669, -3.0235"
1360,我 还是 觉得 那 [MASK]  的 单纯 的 男生 更 让 人 倾心 阿,种,样,-0.3439425528049469,"样, 么, 里","-0.3439, -1.7944, -3.1895"
1361,"012712 向 苏昌茂 发起 竞技 挑战 , 成功 , 获得 了 20 点 经验值 , 20 [MASK] ",枚,。,-0.3412230610847473,"。, ！, ？","-0.3412, -1.2879, -4.6352"
1362,"100 泰 [MASK] , ",株,铢,-0.19541898369789124,"铢, 銖, 币","-0.1954, -1.8152, -5.6462"
1363,"海南 这 [MASK]  , 你 是 想 怎样 ?",种,边,-1.0590301752090454,"边, 样, 里","-1.0590, -1.0895, -1.6168"
1364,"我 就 去 了 , 是 不 是 就 是 有 的 人 非 得 让 金 希澈 每 [MASK] 想 亲近 中饭 的  都 变 恶心 啊 ?",次,个,-0.5716359615325928,"个, 次, 天","-0.5716, -1.1474, -2.9542"
1365,"边 [MASK]  宵夜 啊 , 求 陪同",个,吃,-0.23563003540039062,"吃, 卖, 买","-0.2356, -3.4940, -4.1383"
1366,"这 两 [MASK]  太 坑 爹 了 , 以后 我们 可以 不 要 把 人 拍 那么 小 嘛 ?",张,张,-0.6006937026977539,"张, 个, 种","-0.6007, -1.5557, -3.6720"
1367,"都 是 你 , 大半夜 的 喊 吃 面 , 我 撑死 了 , 又 刷 了 一 [MASK]  , 臭 猫 猫",遍,次,-1.3204176425933838,"次, 遍, 刷","-1.3204, -1.7072, -1.9301"
1368,"也 真的 好 想 你们 , 谁 让咱 不 能 一 [MASK]  就 能 见 呢",个,见,-1.64794921875,"见, 天, 眼","-1.6479, -1.7800, -1.7933"
1369,是 不 是 过 了 一 [MASK] 难忘 的 激动 的 十八 生日 呢 亲亲亲 哈哈张 总 策划 比 你 还  类 还 有 最后 被 我 逼 出来 的 压轴 好 戏 真 幸福 可爱 这些 都 是 送给 你 的 pub 神马 的 知道 你 不 期 啦,个,个,-0.06503544747829437,"个, 年, 段","-0.0650, -3.5445, -4.7506"
1370,"第二 [MASK]  , 有 小宝 最 喜欢 的 腊肠 包",笼,天,-1.6793396472930908,"天, 餐, 盘","-1.6793, -3.2472, -3.3074"
1371,年货 太 多 [MASK] 里 也 只有 我 能 扛 起  它们 的 重任 了 !,家,家,-0.8276848196983337,"家, 这, 心","-0.8277, -1.3752, -2.0045"
1372,"世事 匆匆 过 , 每 [MASK]  都 经历 着 不 一样 的 酸甜苦辣 , 或许 甘甜 , 或许 苦涩 , 只是 我们 都 要 面对 介已 有的 事实 , 接受 并 迈向 更 美好 的 地方 。",个,天,-0.09148970246315002,"天, 人, 个","-0.0915, -2.9298, -4.6119"
1373,今年 的 最后 一 [MASK]  简直 就 是 经典 啊 好香,道,集,-1.7824962139129639,"集, 张, 辑","-1.7825, -2.2009, -3.1367"
1374,"冷 笑话 拍卖会 上 , 一 [MASK]  对 大家 宣布 他 不慎 将 自己 的 钱包 丢 在 了 会场 , 内 有 现金 10000 元 , 谁 能 将 钱包 送 还 给 他 , 他 将 出 酬金 100 元 。",位,男,-2.3520960807800293,"男, 人, 某","-2.3521, -2.3961, -2.8722"
1375,失眠 有 [MASK] 想 自杀 的 ,种,人,-0.7186019420623779,"人, 时, 点","-0.7186, -1.9247, -2.4853"
1376,今天 亲自 下手 做 了 一 [MASK]  菜 不错 哈哈,桌,道,-0.129985049366951,"道, 个, 些","-0.1300, -3.0288, -4.0257"
1377,"说 爱 我 , 在 我 的 耳边 对 我 说 , 我 已经 真的 太 久 忘 了 这 [MASK]  。",种,个,-1.2127690315246582,"个, 些, 里","-1.2128, -1.5088, -2.1002"
1378,"人 地 放假 一 [MASK]  就 得 中午 下午 同 晚上 , 而 我 一起 身 就 剩翻 下午 同 晚上",起,天,-1.176956057548523,"天, 起, 下","-1.1770, -1.6473, -3.2401"
1379,还 有 一 大 [MASK]  等 着 我 扫 呜呜 手 又 要 痛 了,堆,堆,-1.1832948923110962,"堆, 群, 队","-1.1833, -2.1678, -2.6534"
1380,卡卡 又 名 一 [MASK] ,支,。,-0.03627942502498627,"。, ！, ？","-0.0363, -4.2285, -4.9096"
1381,"7300 多 万 [MASK] 的 中外 参观  , 在 中国 上海 世博会 联手 托举 了 一个 冉冉 升起 的 环球 梦想 。",人次,人,-0.2849096953868866,"人, 次, 名","-0.2849, -2.2448, -2.2621"
1382,"把 两  重叠 的 感觉 越来越 强烈 是 怎么回事 陌生 又 熟悉 的 怦然心动 , 果然 认真 喜欢 起 一 [MASK] 人 来 , 有些 感觉 是 比 恋爱 也 来 得 真实 的 。",个,起,-0.14835378527641296,"起, 切, 个","-0.1484, -3.3579, -4.3432"
1383,在 厦门 担心 五 元 买 不 到 一 [MASK]  于是 给 了 十 元 只 是 在 遇到 他 又 向 路人 索要 面包 钱 时 不得不 感慨 厦门 物价 之 高,个,元,-1.1991549730300903,"元, 块, 个","-1.1992, -1.7154, -2.1304"
1384,"一 [MASK]  浪漫 的 男人 , 必然 经历 过 很多 女人 的 训练 , 他们 的 浪漫 是 种 技巧 , 可以 对 你 , 也 可以 对 别人 。",个,个,-0.006785113830119371,"个, 位, 名","-0.0068, -5.6142, -6.1599"
1385,"一 黑人 司 机载 了 一 [MASK] 白人  , 孩子 问 为什么 司机 伯伯 的 肤色 和 我们 不同 ?",对,个,-0.6484594345092773,"个, 名, 位","-0.6485, -1.6190, -2.1593"
1386,1500 [MASK]  休息 。,回,円,-1.9616444110870361,"円, 米, 年","-1.9616, -2.7785, -2.7870"
1387,"后来 抽奖 , 又 抽到 一 [MASK]  , 虽 不 算 好 , 总 比 什么 都 没有 的 人 强 。",盒,个,-0.9482876062393188,"个, 枚, 次","-0.9483, -2.8707, -2.9749"
1388,"从 材料 的 角度 讲 , 找 一 [MASK] 能 把 咖啡 吸附 的 类似  的 材料 应该 不 是 难事 。",个,种,-0.4124443531036377,"种, 个, 些","-0.4124, -1.8760, -2.5009"
1389,给 大家 推荐 [MASK]  是 上上 上 周 我 去 参加 朋友 搞 的 圣诞 派对 的 地方 游艇 俱乐部 在 老 码头 附近 又 一 装 B 圣地,个,的,-0.28606826066970825,"的, 就, 这","-0.2861, -1.9744, -3.6030"
1390,刘俐俐 张绍 刚 场 上 互掐 两 [MASK]  的 心理 素质 都 不 咋地 。,个,人,-0.35004907846450806,"人, 脚, 个","-0.3500, -2.9908, -3.6816"
1391,"在 公交车 上 , 你 会 选择 哪 一 [MASK]  坐 ?",个,个,-1.3974779844284058,"个, 种, 排","-1.3975, -1.6490, -2.5412"
1392,上传 了 14 [MASK]  到 相册 一 花 一 世界 。,张,张,-0.18164746463298798,"张, 页, 片","-0.1816, -4.3875, -4.6160"
1393,27 [MASK]  啊 !,分,.,-2.058133363723755,"., "", )","-2.0581, -2.2056, -2.5798"
1394,是 自己 亲手 造就 了 这 [MASK]  。,幅,个,-0.847143828868866,"个, 些, 样","-0.8471, -1.4262, -2.4470"
1395,"说 不 出口 我 有 多么 喜欢 你 , 这 多 无奈 , 可是 我 不 后悔 , 这 [MASK]  , 我 从来 没 想 过 自己 会 后悔",条,样,-0.6469976902008057,"样, 次, 些","-0.6470, -2.1488, -2.4438"
1396,"为什么 妇女 同志 的 聊天 内容 总是 別家 的 钱 啊 , 房子 啊 , 还 得 整 [MASK]  都 听到 的 声调 , 为 毛呢",幢,天,-0.7956281304359436,"天, 晚, 夜","-0.7956, -1.6472, -2.0617"
1397,"好久 没 认真 看 两 [MASK] 我 生命 中 最 亲 最 亲 的  , 我 似乎 从 不 敢 与 他们 四 目 相对 , 就 好像 对 他们 我 亏欠 了 前世 今生 。",个,眼,-0.543247640132904,"眼, 个, 次","-0.5432, -1.5025, -3.2171"
1398,"我 在 年货  开 吃 啦 doggy 在 小小 乐园 开 了 一 [MASK] 年货 大街 , 免费 吃 免费 玩 新年 过 太爽 !",条,条,-0.29770341515541077,"条, 个, 家","-0.2977, -2.0030, -2.3577"
1399,原来 挂彩 了 扇子 也 废 了 睡觉 睡觉 准备 下 一 [MASK]  要 hold 住,场,秒,-0.6647471189498901,"秒, 步, 站","-0.6647, -2.1046, -2.4252"
1400,又 看 了 一 [MASK]  。,部,遍,-1.4609192609786987,"遍, 眼, 下","-1.4609, -1.6625, -1.9140"
1401,"刚刚 顾客 给 了 我 几 [MASK]  饼干 , 也 不 推让 很 厚 脸皮 的 就 顺手 收下 了 !",包,个,-1.0505013465881348,"个, 片, 块","-1.0505, -1.7466, -1.9615"
1402,lowlow 这 素 不 素 你 的 那 [MASK]  ?,辆,个,-1.1758747100830078,"个, 位, 里","-1.1759, -2.4697, -3.1777"
1403,"学生 时代 让 人 头疼 的 各 [MASK]  阿尔法 贝塔 伽玛 德尔塔 伊普西隆泽塔伊塔西塔约 塔卡帕兰姆达米 欧纽克 西欧 米克隆 派柔西格玛 陶玉 普西隆弗爱凯普赛 , 大家 能 读出 多少 呢 ?",种,种,-0.17805902659893036,"种, 类, 个","-0.1781, -3.0751, -4.4221"
1404,"清 茶 一 [MASK]  闲人 , 余香 一 缕 伴君眠 。",盏,盏,-1.2000077962875366,"盏, 杯, 壶","-1.2000, -1.3237, -2.3165"
1405,穆里尼奥往 队员 手上 塞 小 纸条 三 [MASK]  上面 写 了 啥图 分享 自,条,张,-2.0231568813323975,"张, 个, 人","-2.0232, -2.2261, -3.0170"
1406,睡 三 [MASK] ,个,。,-0.09142889082431793,"。, ！, ？","-0.0914, -2.8517, -3.6903"
1407,"路虎 音速 飞行 时间 最 能 激发 我 极 速 渴望 的 3 [MASK]  是 Don t Stop Believin Counterpoint Centerfield , 你 的 呢 ?",首,件,-1.907874584197998,"件, 个, 点","-1.9079, -2.0947, -2.1411"
1408,一 [MASK]  。,盆,年,-2.369046688079834,"年, 日, 月","-2.3690, -2.5334, -2.9411"
1409,"感冒 了 真 难受 , 鼻子 里 [MASK] 的  昏昏 的 。",堵,吹,-2.3088786602020264,"吹, 热, 憋","-2.3089, -2.6400, -2.7837"
1410,在 平沙 真心 求 各 [MASK]  啊 。,种,位,-0.004489949904382229,"位, 人, 方","-0.0045, -7.3096, -8.0808"
1411,回 [MASK]  总 那么 惊心动魄 !,个,忆,-0.12324312329292297,"忆, 想, 顾","-0.1232, -4.3558, -4.4842"
1412,牺牲 这 [MASK]  才 不 重要 !,种,些,-1.2530150413513184,"些, 个, 点","-1.2530, -1.2908, -1.7027"
1413,"其实 , 自 上月 开始 , 印尼 方面 就 曾 表示 , 将 对 非法 进入 印尼 海域 进行 捕鱼 的 外国 渔船 采取 严厉 措施 , 印尼 海军 总司令 前 [MASK]  也 曾 警告 说 , 印尼 海军 将 击沉 在 印尼 海域 非法 捕鱼 的 外国 渔船 。",些,日,-1.34710693359375,"日, 天, 期","-1.3471, -1.5254, -1.8567"
1414,“ 你 车上 有 二 [MASK] 第一流 的  啊 !,套,个,-1.2629700899124146,"个, 流, 是","-1.2630, -2.0761, -2.6652"
1415,这 是 哪 [MASK]  啊,间,里,-0.6454184651374817,"里, 个, 儿","-0.6454, -1.7353, -2.7334"
1416,一 [MASK] 好  让 厨师 得心应手 !,把,定,-0.20063996315002441,"定, 样, 切","-0.2006, -2.8952, -3.0594"
1417,"剑侠 世界 我 在 万 花 谷 副本 , 这里 是 五千万 人 的 江湖 , 萝莉御姐 任 你 挑选 , 抱 [MASK]  回家 过冬咯 !",个,你,-0.42094656825065613,"你, 娃, 我","-0.4209, -3.2588, -3.2920"
1418,"人人 都 戴 着 一 [MASK]  , 我 的 面具 是 真实 。",个,面,-0.8819652795791626,"面, 个, 样","-0.8820, -1.6245, -2.4955"
1419,"收 手机 就 收 手机 啦 , 随便 了 , 反正 时间 很 快 过大 不 了 一 两百 [MASK]  部 二手 的 来",块,几,-1.4945694208145142,"几, 一, 万","-1.4946, -1.6573, -1.7491"
1420,"专心 做事 能够 耐 得 住 一 [MASK]  暂时 的 寂寞 的 人 , 往往 可以 得到 较 长 时间 的 精彩 人生 !",段,些,-0.7565507888793945,"些, 点, 个","-0.7566, -2.1534, -2.2440"
1421,"那 时候 的 我 就 会 尴尬 的 看 着 他 , 他 每 [MASK] 都  着 点头 承认 。",次,次,-0.06193380802869797,"次, 天, 每","-0.0619, -3.0703, -5.3756"
1422,"OMG , 原来 菠萝 欧 Yi 然 一生 可能 会 爱上 9 [MASK]  , 还 不 赶快 来 看看 你 一 生 会 爱上 多 少 人",个,次,-0.7543548345565796,"次, 个, 人","-0.7544, -1.3106, -2.1172"
1423,修修 你 看 你 那 [MASK]  !,个,个,-1.8933886289596558,"个, 样, 里","-1.8934, -2.6593, -3.0311"
1424,"他 是 这块 大 陆上 一个 新 的 传奇 , 不仅仅 勾 动 了 众多 女孩 的 心 , 还 引来 了 无数 [MASK] 嫉妒 的  。",双,人,-0.41797584295272827,"人, 的, 个","-0.4180, -1.2732, -3.7021"
1425,58 [MASK] 正宗  仅 125 元 !,团,##9,-2.70694899559021,"##9, 元, ##8","-2.7069, -2.8523, -2.9037"
1426,"今天 上午 去办 身份证 , 下午 两 [MASK]  没 上 , 微开 心呐 明天 最后 一 天 了 更 开心 了",节,天,-0.8940171003341675,"天, 点, 班","-0.8940, -1.1030, -2.7808"
1427,漂亮 女 老师 惨遭 凌辱 http t cn z0eh6iY 儿 本色 走着瞧 Hello 树 先生 第一 [MASK]  4 黑暗 终结者 画 壁 万 有 引力 恶夜 惊魂 叶 问 前 传 一 夜 未 了 情仁寺 洞 丑闻 疯狂 的 赛车 男儿 本色 嫩模 写 真 德云社 weibo com 上线 男儿 本色,滴,季,-0.9140877723693848,"季, 集, 部","-0.9141, -2.6374, -2.8322"
1428,第一 [MASK]  就 那么 亲热 真 是 让 人 受宠若惊,次,次,-0.15951772034168243,"次, 天, 眼","-0.1595, -2.9464, -3.5940"
1429,现在 发现 这 140 [MASK]  的 小 空间 里 已经 不 能 圆满 的 表达 我 的 想法 了 过好 每 一 天 。,个,小,-1.9146169424057007,"小, 我, 米","-1.9146, -2.8343, -2.8978"
1430,"现在 去 北京 这 [MASK]  还 能 flyback 的 短差 居然 超重 5KG , 而且 感觉 里面 什么 都 丢 不 得 我 的 年龄 增长 都 体现 在 行李 重量 上 了 我 在 这里 首都 机场 T3 航站楼",种,样,-1.5993807315826416,"样, 个, 种","-1.5994, -1.6187, -1.7627"
1431,博阿滕 太 虎 奇兵 一 [MASK]  有点儿 软 可 有 可 无 。,员,点,-1.532240629196167,"点, 般, 直","-1.5322, -2.2940, -2.6923"
1432,"吃饱 了 , 这 [MASK] 韩国 纸上 ",点,张,-0.8734403848648071,"张, 是, 些","-0.8734, -0.9597, -3.2138"
1433,"第一 [MASK]  磁悬浮 , 妈妈 , 我 回来 了",次,次,-0.7926730513572693,"次, 个, 部","-0.7927, -2.0546, -3.2629"
1434,"最近 进步 多 5 [MASK]  , 近来 安谷 有 不少 新 进步 , 如 前天 开始 便便 突然 变 条状 了 看 别人 吃喝 东 西 小 嘴巴 会 抿 啊 抿 , 好像 自己 嘴 里 也 有 好吃 的 一样 , 还 会 很 认真 盯住 别人 手 里 的 食物 研究 。",个,点,-1.9032320976257324,"点, 次, 岁","-1.9032, -1.9961, -2.6358"
1435,家 里 一 [MASK]  都 变成 已婚 妇女 了 。,个,切,-1.2662070989608765,"切, 半, 般","-1.2662, -1.9704, -2.8631"
1436,"包括 2012 [MASK] 的  看 也 有 人 反应 说 字体 发虚 , 看来 原 系统 也 不 是 那么 不 好 的 。",版,年,-0.6727874875068665,"年, 版, 天","-0.6728, -1.1393, -4.6855"
1437,每 [MASK] 不 爱 舌吻 的  都 是 因为 没有 遇上 真正 深爱 的 男人 陆琪,个,个,-0.07864660769701004,"个, 天, 次","-0.0786, -3.5578, -3.5821"
1438,找 [MASK]  回家 过年 。,个,个,-1.6290867328643799,"个, 人, 你","-1.6291, -2.0468, -2.4987"
1439,"录制 番茄 春晚 的 当时 , 丝玛普 还 玩 了 抻面 的 呀 , 五 [MASK]  玩 的 哈皮 极 了 。",个,人,-0.9033896923065186,"人, 个, 官","-0.9034, -2.1109, -3.2034"
1440,"做 了 [MASK] 新  , 喜欢",个,更,-0.870659351348877,"更, 很, 点","-0.8707, -1.8538, -2.5426"
1441,"到 日本 两 天 了 , 分享 一些 见闻 , 1 住 的 前面 有所 小学 , 这么 冷 的 天 所有 小朋友 全 是 短裤 短 裙 , 一 [MASK] 长袖  , 没有 毛衣 , 更 别 说 棉袄 , 真 是 太 佩服 !",件,身,-0.6645190119743347,"身, 件, 条","-0.6645, -1.3478, -1.9796"
1442,貌似 是 人生 第一 [MASK]  牛仔裤 。,次,条,-0.502480685710907,"条, 件, 款","-0.5025, -1.4866, -3.4957"
1443,"唔 记得 带 手机 , 俾多 [MASK] 你  我 我 就 到 了",次,少,-0.8547759652137756,"少, 多, 个","-0.8548, -0.9760, -3.2381"
1444,"別 了 我 的 两 [MASK]  , 想 你们 。",个,个,-1.803861141204834,"个, 個, 天","-1.8039, -2.4429, -2.4434"
1445,分享 音乐 [MASK]  卓依婷,声,：,-1.121939778327942,"：, 给, |","-1.1219, -1.9085, -3.1136"
1446,把 它 从 一 楼  五 [MASK] 累死 我 了 !,楼,楼,-0.1714889109134674,"楼, 层, 下","-0.1715, -2.7483, -4.9818"
1447,"那些 嘴里 说 着 怕 对方 伤心 所以 不 愿意 拒绝 的 人 , 根本 就 是 想 脚踏 两 [MASK]  , 享受 被 人爱 的 滋味 。",条,地,-0.026502324268221855,"地, 船, 难","-0.0265, -5.3415, -5.8972"
1448,你 说 对 我 是 谁 我 凭 什么 要求 你 按照 我 嘅喃法 去 做 再 一 [MASK] ,次,？,-0.5965576171875,"？, 。, ！","-0.5966, -1.0540, -2.3333"
1449,"不管 哪 [MASK]  , 既然 是 关虎屯 , 和 老虎 肯定 是 脱 不 了 干系 的 。",种,里,-0.8697370886802673,"里, 样, 个","-0.8697, -1.6759, -2.5777"
1450,"老师 的 短篇 小说 已经 出 了 好几 [MASK] 合集 了 没有 犯人 的 杀人 之  , 交警 之 夜 , 怪笑 小说 ,",本,本,-1.03090500831604,"本, 个, 部","-1.0309, -1.5410, -1.9257"
1451,"岛 上 资源 丰富 , 植被 茂盛 , 并 有 四 [MASK] 淡水  。",眼,条,-1.6503006219863892,"条, 季, 处","-1.6503, -1.9262, -1.9380"
1452,"2012 赢 诺亚 方舟 船票 推荐 一 [MASK] 不错 的  迎 2012 年 , 有 奖 转发 赢取 海洋 航行者 号 5 天 4 晚 免费 船票",个,个,-0.40458810329437256,"个, 张, 年","-0.4046, -2.6307, -3.3218"
1453,"当 老爸 苦恼 着 穿 哪 [MASK]  去 拜年 时 , 一旁 已经 被 问 得 不 耐烦 的 老妈 来 了 句 穿 你 妈 给 你 的 皮 。",条,个,-1.2336822748184204,"个, 里, 皮","-1.2337, -1.7790, -1.9812"
1454,"自从 老爸 老妈 来 了 以后 , 我 家 的 绿色 植物 明显 长势 明显 好转 , 还 多 了 一 [MASK]  , 老爸 老妈 好叻 。",盆,棵,-0.6045310497283936,"棵, 盆, 些","-0.6045, -2.0969, -2.6672"
1455,"冰糖 银耳羹 , 去火 的 我 现在 的 伙食 待遇 和 孕妇 一 [MASK]  了",个,样,-0.013158627785742283,"样, 般, 致","-0.0132, -5.4531, -5.8704"
1456,做 了 一 [MASK] 子  就 为 吃 我 的 红油 卤水 牛肉粉 啊 !,桌,辈,-0.3379192054271698,"辈, 阵, 肚","-0.3379, -1.9588, -3.0383"
1457,"突然 想去 看 日出 很 想 去 感受 一下 日出 东方 无限 梦想 天马行空 的 感觉 , 一 [MASK] 大 笨  冲上 云霄 , 与 云层 摩擦 发出 充满 力量 的 声音 , 踏上 直 奔 梦想 的 航道 我 是否 在 描述 飞机 呢 ?",架,只,-0.5759916305541992,"只, 头, 个","-0.5760, -2.5333, -2.6980"
1458,"附近 有 [MASK] 二  我 怀疑 不 是 发 神经 就 是 喝醉酒 , 大半夜 的 在 那 唱歌 , 还 跑调 , 喔 不 神 啊 , 救救 我 吧 , 让 我 睡觉 吧",个,老,-1.9587783813476562,"老, 个, 人","-1.9588, -2.0933, -2.4533"
1459,"顺着 靴子 往 上 望去 , 一身 黑衣 , 衬 得 白 靴 更为 刺眼 , 手臂 中 还 高高 地 举 着 一 [MASK] 马  , 只是 因为 老 驿卒 爬 起 得 快 , 这 一 鞭 才 没有 抽 下来 。",条,匹,-0.03377438336610794,"匹, 条, 只","-0.0338, -4.8316, -4.9520"
1460,"楼下 有 两 [MASK]  在 叫春 , 有点 吓人 。",只,人,-0.7355856895446777,"人, 个, 只","-0.7356, -1.8833, -3.8810"
1461,想起 第一 [MASK]  你 的 时候 已 被 深深 吸引 你 的 一举一动 你 的 一颦一笑,次,见,-0.8996124267578125,"见, 次, 个","-0.8996, -1.2805, -1.3826"
1462,"自从 离家 来 港 后 , 每逢 入夜 , 望 着 那 [MASK] 静谧 地 亮 着 的  , 总会 想起 上海 家中 的 灯光 ... ...",盏,些,-0.8787693977355957,"些, 盏, 灯","-0.8788, -1.0953, -3.3057"
1463,今天 早上 被 一 [MASK] 韭菜  打倒 了 !,个,根,-1.0160506963729858,"根, 個, 棵","-1.0161, -2.6957, -2.7709"
1464,发表 了 帖子 各 [MASK] 十 大 201112 赛季  十 大 中锋 !,类,队,-0.8990277051925659,"队, 国, 项","-0.8990, -2.2138, -2.6496"
1465,"我 没有 多么 高尚 , 这个 世界 只有 自己 才 会 珍惜 自己 , 别人 的 假面 [MASK]  都 是 他 妈 的 狗屁 , 我 要 让 自己 变 得 更加 强大 , 我 你 看 不 透",具,具,-0.01893962360918522,"具, 目, 孔","-0.0189, -4.7973, -5.1737"
1466,铭记 心 又 完成 了 一 [MASK]  的 心愿 。,个,年,-1.5158934593200684,"年, 生, 天","-1.5159, -1.8244, -1.8390"
1467,现在 吃 [MASK]  好 难 啊,个,饭,-0.26279693841934204,"饭, 药, 肉","-0.2628, -3.4625, -4.2425"
1468,谁 会 为 我 流 一 [MASK]  ?,滴,泪,-0.27417227625846863,"泪, 滴, 水","-0.2742, -2.8954, -2.9250"
1469,如果 再 洒 [MASK]  在 上面 就 完美 了 。,些,落,-1.4293239116668701,"落, 水, 洒","-1.4293, -1.8653, -1.9307"
1470,先 喝 [MASK] 海鲜 汤解 ,个,点,-0.9457669854164124,"点, 些, 碗","-0.9458, -2.0237, -2.2177"
1471,休息 下 老公 买 了 两 [MASK] ,个,。,-0.11736871302127838,"。, ！, ？","-0.1174, -2.3677, -4.8363"
1472,"肆哲 周五 下班 手 捧 包子 在 落 小 雨 的 街 上 走 , 去 赴 一 [MASK]  授课 , 看 起来 落寞 又 悲惨 , 心 里 却 觉得 生活 对 我 足够 好 。",趟,堂,-1.627115249633789,"堂, 起, 场","-1.6271, -1.8443, -2.2057"
1473,这 一 刻 回想 了 下 过去 的 一 年 突然 好 感动 啊 经历 了 年 前 的 诸多 不 顺和 各 [MASK]  终于 还是 笑 着 迎来 了 2012 家庭 和睦 最 重要 希望 来年 顺顺 利利 亲人 和 朋友们 都 身体 健康 事业 更上一层楼 努力 成为 农 商行 小开,种,种,-0.18856878578662872,"种, 位, 自","-0.1886, -3.1193, -3.2717"
1474,2 [MASK]  了 而已 。,次,年,-0.9995871782302856,"年, 岁, 歲","-0.9996, -2.4336, -2.5957"
1475,"第四一六 学 区 , 四一一八 [MASK] 毕业  终于 获得 最后 的 自由 。",届,年,-1.0411754846572876,"年, 区, ,","-1.0412, -2.6886, -2.6917"
1476,"在 一 [MASK]  中 比 控制 不 住 自己 情绪 更 可怕 的 事情 还 有 很 多 , 比如 彼此 失去 信任 。",段,生,-0.1857883483171463,"生, 天, 起","-0.1858, -2.6486, -3.3833"
1477,qq [MASK] 208891444  大家 能 家 哦 。,群,：,-0.47360679507255554,"：, :, 群","-0.4736, -1.1521, -3.3161"
1478,"已 进入 龙年 , 愿 今年 自己 和 家人 有 [MASK] 好 身体 好 心情 好  。",个,个,-0.05993424355983734,"个, 好, 了","-0.0599, -3.5543, -5.3480"
1479,"那些 年 , 我们 一起 追 的 女孩 为什么 那 一 [MASK]  你 继续 喜欢 下去 没有 说出口咧 !",句,天,-0.7440122365951538,"天, 年, 刻","-0.7440, -1.3968, -2.3579"
1480,"新 老师 头型 像 [MASK] 老  要是 心里 有 点 堵 , 那 就 上 山 打 老虎 !",个,新,-2.6548011302948,"新, 张, 虎","-2.6548, -2.7121, -2.9896"
1481,每 [MASK] 喜欢 榴莲 的  你 都 伤 不 起 啊 !,个,个,-0.15682020783424377,"个, 位, 天","-0.1568, -3.0769, -3.1304"
1482,"昨晚 做 了 [MASK] 好 真实 的  , 醒来 后 把 我 给 吓 得 啊",个,梦,-0.26612067222595215,"梦, 个, ,","-0.2661, -2.8086, -3.1015"
1483,"原谅 我 , 这样 一 [MASK] 遥望 幸福 的 傻 ",个,个,-0.5442197322845459,"个, 种, 直","-0.5442, -2.1724, -2.9134"
1484,也 不 知道 会 是 哪 [MASK]  。,个,个,-1.0942859649658203,"个, 天, 里","-1.0943, -1.5279, -2.4419"
1485,简直 是 一 [MASK]  !,种,绝,-0.8127360343933105,"绝, 流, 个","-0.8127, -2.8023, -2.9252"
1486,"尼玛 的 , 谁 在 骂 我 , 今天 打 了 十几 [MASK]  了 。",个,次,-1.2857577800750732,"次, 天, 个","-1.2858, -1.8662, -2.9459"
1487,"世界 上 最 有 内涵 的 一 [MASK]  对 , 又 是 凤姐 , 仔细 看图 找 亮点 !",张,个,-1.1964596509933472,"个, 对, 一","-1.1965, -1.7372, -2.4646"
1488,今年  年 去 老 公家 不 知道 冷 不 冷 心里 一直 有些 忐忑 这 可以 第一 [MASK] 不 在 爸 妈 身边 过 年 有 总 有点 怪怪 的 感觉 !,次,次,-0.26214468479156494,"次, 年, 天","-0.2621, -1.7601, -3.6693"
1489,我 要 出去 吃 东西 啊 吃 东 西 邓米 花卷粉 泸州 白糕 泡菜 抄手 冷 [MASK] 豆腐  如果 可以 的 话 也 吃吃 刨冰 吧 hiahia 还 有 神马 好吃 的,串,水,-1.4455229043960571,"水, 冻, 拌","-1.4455, -2.1739, -2.4872"
1490,"现在 心 中 已经 有 [MASK]  , 靠 自己 , 我 行 的 。",个,了,-1.154149055480957,"了, 底, 数","-1.1541, -2.2987, -2.7518"
1491,"前 几 天 拍 的 Pika 这 [MASK] 我 大  啊 , 卡哇伊 !",张,个,-1.0240274667739868,"个, 张, 次","-1.0240, -1.2686, -2.2542"
1492,想 睡 [MASK] 一 天 一  了,个,到,-1.9019197225570679,"到, 个, 的","-1.9019, -2.6787, -2.7742"
1493,"如果 一切 尽如人意 , 我 不 敢 想象 那 [MASK]  。",种,样,-0.5005300045013428,"样, 些, 天","-0.5005, -1.9502, -3.0368"
1494,"除夕夜 十二点 , 和 小学 同桌 初 中 同桌 发 小 迎 着 新年 首 [MASK]  大龙山 烧 香 !",场,到,-1.6598806381225586,"到, 次, 登","-1.6599, -2.3688, -2.6901"
1495,限制级 为 4 [MASK] 的 大 片 白雪雪 清純  直播 可怜 的 富家 小 姑娘 露露 公主 金钻鼠 王千 年 之 爱 大力士 麦当娜 相爱 的 人 啊 世界 大物 雕龙 记 无敌 降落伞 要员 双 雄 雅典娜 战争 女神 日照 重庆 80 后 奋斗 记 终极 挑战 国语 版 忽然 情人,级,级,-1.0535285472869873,"级, 禁, ##p","-1.0535, -2.6299, -3.1529"
1496,原来 三 [MASK]  了 。,个,年,-0.9368042945861816,"年, 岁, 月","-0.9368, -1.5209, -2.5420"
1497,是否 壓力 太過 了 導致 莪嚴重 失眠 呢 請賜 予莪 一 [MASK] 神仙 ,支,位,-0.829695999622345,"位, 個, 尊","-0.8297, -1.6808, -2.7499"
1498,我 在 这里 虹桥 机场 2 [MASK]  出发 回家 路上,号,点,-1.0985838174819946,"点, 号, 楼","-1.0986, -1.5507, -2.0531"
1499,"半夜 起来 喂奶 , 渐渐 习惯 了 这 [MASK] ",种,。,-0.014824598096311092,"。, ！, ？","-0.0148, -4.2905, -7.4322"
1500,"新年 的 第一 [MASK]  , 我 的 杰作 !",桌,天,-0.2408374547958374,"天, 日, 炮","-0.2408, -3.7374, -3.9141"
1501,"早起 的 鸟儿 有 虫 吃 , 虽然 出面 好 冻 同 好好 眼训 , 但 依然 返 去 拜年 , 拿 [MASK] 好  啦 !",个,奖,-2.365906000137329,"奖, 到, 去","-2.3659, -3.1103, -3.6503"
1502,"有 谁 可以 介绍 好看 的 电视剧 给 我 看 , 随便 那 [MASK]  !",个,个,-0.5107600092887878,"个, 看, 种","-0.5108, -3.0097, -3.5351"
1503,年货 新疆 特产 和 田 枣红枣 特级 500g 新疆枣 和 田 大 枣子 2 [MASK] 包邮  5488,件,斤,-1.1509934663772583,"斤, 元, 个","-1.1510, -2.1417, -2.6925"
1504,"但 为 表明 此 [MASK]  的 透明 程度 , 全程 一对一 , 捐款 直接 交付 刘挚斌 家属 , 汇款 也 请 直接 打入 刘挚斌 个人 帐号 。",次,事,-0.22057905793190002,"事, 举, 行","-0.2206, -2.7425, -2.9687"
1505,在 预计 2012 年 会 售出 的 800 万 [MASK] EV 及  中 恐怕,辆,部,-2.1486756801605225,"部, 台, 张","-2.1487, -2.2195, -2.3065"
1506,"分别 的 时刻 终于 到 了 , 第一 [MASK] 离开 的  祝你 前程似锦 。",个,个,-0.3446410894393921,"个, 次, 位","-0.3446, -1.3626, -4.4637"
1507,在 各 [MASK]  中间 看 西游记,种,个,-2.156345844268799,"个, 种, 书","-2.1563, -2.3541, -2.3761"
1508,"针对 本 [MASK]  中备 受 影响 的 房地产业 , 央行 行长 周小川 日前 表示",轮,周,-0.4041674733161926,"周, 月, 年","-0.4042, -1.7010, -2.0964"
1509,他们 两 [MASK] 各  都 很 相似 !,个,个,-0.4505741596221924,"个, 人, 者","-0.4506, -1.9395, -3.1769"
1510,"算命 暗喜 因为 我 用 的 是 2012 [MASK] 新浪 微博客  , 周边 的 人 上面 有 你 的 样子 和 天翼 智能 手机 标识 !",版,年,-0.5801031589508057,"年, 的, 版","-0.5801, -1.0862, -5.1677"
1511,"农历 除夕 和 正月 初一 , 从 南国 椰岛 到 北部 边陲 , 从 东海 前哨 到 雪域 高原 , 全 军 和 武警 部队 精心 安排 官兵 节日 生活 , 确保 官兵 过 一 [MASK] 欢乐 祥和 充实 而 有 意义 的 新春  。",个,个,-0.0032720393501222134,"个, 年, 段","-0.0033, -6.3416, -7.7973"
1512,爱情 是 两 [MASK]  相互 的,个,个,-0.9939982891082764,"个, 种, 者","-0.9940, -1.6449, -1.8077"
1513,一 [MASK] 简单 的 创意 菜  碰 石头 一 转眼 就 剩下 了 石头 。,道,个,-0.3220732808113098,"个, 种, 道","-0.3221, -3.0140, -3.2728"
1514,总算 开始 了 快乐 大 本营 仔仔 新 天生 一 [MASK]  加油 永远 爱 你,对,起,-0.3191121220588684,"起, 直, 路","-0.3191, -3.2241, -3.5324"
1515,给 你 喜欢 的 角色 穿上 你 现在 穿 的 衣服 谁 来 把 我 拖 出去 打死  我 不 想 活 了 谁 来 给 我 几 [MASK] OTL,拳,分,-0.6786489486694336,"分, 个, 千","-0.6786, -2.5667, -3.0714"
1516,我 听 过 这 [MASK]  MIKI 中谷美紀,张,个,-1.1664612293243408,"个, 位, 叫","-1.1665, -2.3820, -2.8344"
1517,"可 刚才 一 听 到 妈妈 电话 , 才 说 几 [MASK]  就 想 哭 了 。",句,句,-0.11660978198051453,"句, 次, 遍","-0.1166, -3.1960, -3.4077"
1518,"我 在 这里 , 农家 草鸡 汤 , 老豆腐 , 坐 等 老板 自己 腌制 的 第一 [MASK]  我 在 这里 苏州市 吴中区",缸,道,-1.6325968503952026,"道, 碗, 口","-1.6326, -1.9531, -2.2629"
1519,"一早 陪 外婆 去 医院 开药 , 看到 一 [MASK] 瘦小 的  背 着 比 它 大 一 倍 的 老公 来 看 医生 !",个,个,-0.7098853588104248,"个, 只, 位","-0.7099, -1.0372, -2.5990"
1520,花 了 70 [MASK] 的  。,块,块,-1.0136033296585083,"块, 元, 多","-1.0136, -1.4615, -3.1222"
1521,"爱情 都 是 自私 的 , 有的 人 哪怕 爱情 已 成 陌路 , 也 不 愿 放 爱 一 [MASK]  。",条,人,-1.691965103149414,"人, 切, 方","-1.6920, -1.8167, -2.9860"
1522,"哇 , 两 [MASK]  丧命 对攻 , 打到 光芒 四 射 !",队,人,-0.40704426169395447,"人, 军, 队","-0.4070, -2.1399, -3.1707"
1523,"可敬 可爱 的 李 老师 , 是 你 引 我 走 进 知识 宝库 的 大门 , 也 是 你 把 枯燥 的 数学 变成 了 甘甜 的 清泉 , 让 我 这 [MASK]  茁壮 成长 。",棵,样,-0.2671245336532593,"样, 么, 里","-0.2671, -2.2633, -2.3333"
1524,"那样 很 烦 我 不 想 带 目的 的 去 接近 一 [MASK]  对味 就 当好 朋友 一心一意 处 , 不 对味 话多 不 必 多 说",个,不,-0.6510375738143921,"不, 个, 点","-0.6510, -2.1805, -3.4177"
1525,", 我 投给 了 AYUMI 这 5 [MASK]  。",个,个,-2.1339306831359863,"个, 家, %","-2.1339, -2.6349, -2.6520"
1526,看来 我 不 能 不 吃早饭 10 [MASK]  下肚 好 满足 KISS,个,点,-1.0037932395935059,"点, 餐, 吃","-1.0038, -2.3785, -2.5676"
1527,起 了 [MASK]  赶 火车,个,，,-0.9363742470741272,"，, 床, 早","-0.9364, -1.7860, -2.5084"
1528,"天 冷 的 时候 , 去 看 一 [MASK]  的 房子 。",所,楼,-1.3150795698165894,"楼, 般, 样","-1.3151, -1.9434, -2.2690"
1529,"集团 客户 部 有 美女 以前 从来 没 见 过 诶 , 看来 时 不时 的 还是 要 到 6 [MASK]  晃荡 !",楼,楼,-0.8313031196594238,"楼, 区, 里","-0.8313, -2.7446, -3.1562"
1530,"幸好 找 老公 单位 安排 了 一 [MASK] 迪拜 办事处 的  , 解决 了 大 问题 。",间,个,-0.5516919493675232,"个, 家, 份","-0.5517, -1.5356, -2.5778"
1531,这 [MASK] 的  统一 是 新年 祝词 了 啊哈,批,样,-0.47681522369384766,"样, 次, 里","-0.4768, -1.7681, -2.2314"
1532,"孩子 就 是 [MASK]  , 先 是 入侵 身体 , 后来 是 入侵 生活 !",个,爱,-2.0275015830993652,"爱, 人, 神","-2.0275, -2.3453, -3.1145"
1533,"所 认啊 , 喝 酒 这 [MASK]  , 跟 工作 和 学习 是 一样 一样 地 。",档子,事,-0.6457726955413818,"事, 个, 样","-0.6458, -1.7370, -2.7767"
1534,"对 此 , 相关 债权人 表示 质疑 , 认为 这 是 一 [MASK]  。",场,例,-1.1548815965652466,"例, 事, 套","-1.1549, -2.4563, -2.5468"
1535,尼玛 的 我 只 坐 到 过 火车站 你 给 我 来 [MASK] 中山 ,个,到,-2.0052602291107178,"到, 过, 看","-2.0053, -2.4002, -2.5541"
1536,三 [MASK]  饿疯 了 。,个,、,-1.6061345338821411,"、, 是, 叔","-1.6061, -2.6083, -2.7942"
1537,回家 就 是 吃吃喝喝 rz 明天 还 得 跟 我 爹 一 [MASK]  饭 愁 死 了 。,起,顿,-0.5514287948608398,"顿, 吃, 起","-0.5514, -2.0996, -2.7079"
1538,限制级 为 4 [MASK] 的 大片 http t cn  疯狂 的 赛车 请 你 原谅 我 情书 我 相信 甜蜜 的 生活 相亲齐 上阵 幸福 不 拒绝 眼泪 哈 皮 父子 山楂树 之恋 双子 神偷 疯狂 的 背后 北非 海岸 的 火焰 真 假 医生 毛毛 的 故事 罗马 帝国 沦亡 录 Badboy 特 攻,级,级,-0.7408636808395386,"级, ##m, 禁","-0.7409, -3.1274, -3.1388"
1539,老婆 其实 还 有 很多 话 要 说 却 一时 忘记 要 说 了 只有 默默 的 看 着 你 再 见 老婆 我 会 想 你 的 一 [MASK]  后 见,个,年,-1.1931401491165161,"年, 天, 定","-1.1931, -1.5223, -2.9967"
1540,"我 隐隐约约 听见 表哥 和 徐 媚 在 客厅 里 说 着 什么 , 接着 似乎 争吵 了 起来 , 我 挣扎 着 想 爬 起来 , 却 一 [MASK] 又  在 了 床 上 。",头,下,-0.9917179346084595,"下, 人, 直","-0.9917, -2.2681, -2.5069"
1541,看看 这 [MASK]  混美 可 不 可 爱 啊 !,只,个,-1.0110124349594116,"个, 小, 些","-1.0110, -2.1394, -2.2476"
1542,"一 [MASK]  打动 , 中国 输 了 。",局,被,-1.9134624004364014,"被, 旦, 拳","-1.9135, -2.2604, -2.5333"
1543,我们 三 [MASK] 的  这个 钱 蛮 好看 。,个,个,-0.8792716264724731,"个, 人, 块","-0.8793, -1.7698, -2.9440"
1544,爸爸 怕  不 够 问 那 大叔 说 一 [MASK] 料 能 给 它们 吃 多久 ?,包,次,-1.063380479812622,"次, 天, 般","-1.0634, -1.1616, -2.6859"
1545,"我 只 想 做 一 [MASK] 有 主见 的 女生 , 有 着 普通 的 外表 和 淡定 的  。",个,个,-0.030858607962727547,"个, 名, 位","-0.0309, -4.1115, -4.5387"
1546,"我 的 简介 改为 怂月 一 [MASK]  径 长 寂寥 , 惟有幽人 自来 去 。",枚,幽,-1.5601825714111328,"幽, 条, 曲","-1.5602, -3.2986, -3.3322"
1547,"韩国 经典 恐怖 电影人 形师 The Doll Master 2004 沈亨泽金 有 美林 恩京 五 [MASK]  受到 美术馆 馆长 邀请 来到 位于 森林 的 美术馆 , 这个 美术馆 收藏 和 制作人 偶",位,人,-1.6361757516860962,"人, 月, 岁","-1.6362, -1.7493, -2.0917"
1548,"今日 士嘉堡 东区 Malvern Town Centre 的 一 [MASK]  内 遭 枪击 , 已 无 生命 迹象 , 警方 正在 寻找 疑犯 。",间,屋,-1.1985429525375366,"屋, 楼, 室","-1.1985, -1.3820, -2.8299"
1549,父母 永远 喜欢 凌驾于 子女 头 上 摆出 一 [MASK] 高高 在 上 神圣 不 可 侵犯 的  。,副,副,-0.13551120460033417,"副, 张, 个","-0.1355, -3.2102, -3.3674"
1550,我 才 买 了 [MASK]  !,件,呢,-2.573408842086792,"呢, 喔, 它","-2.5734, -2.7956, -2.8727"
1551,"今晚 我 在 丈母娘 家 里 偷 了 一 [MASK] 旺仔  , 我 想 去 打麻 将 就 可以 拿 出来 喝 , 没 人 看到 我 就 拿 起来 塞进 衣袋 把 拉链 拉上 !",罐,瓶,-1.1577866077423096,"瓶, 杯, 个","-1.1578, -1.8491, -1.9782"
1552,"昨晚 做 了 [MASK] 让 我 无颜 以 对  , 梦中 的 我 竟然 对 怀中 的 他 说 我 好 怕 死 , 如果 我 死 了 , 你 会 陪 我 一起 吗 ?",个,梦,-0.3515298664569855,"梦, 事, 的","-0.3515, -1.7347, -3.2343"
1553,下 [MASK] 的  在 龙年,次,面,-2.306126117706299,"面, 列, 次","-2.3061, -2.5484, -2.9665"
1554,"测测 能 代表 你 2012 运势 的 字 掐指一算 , 测 出来 是萌 , 解读 为 瞬间 勾萌 , 万千 宠爱 于 一身 , 一 [MASK]  。",世,萌,-1.7628605365753174,"萌, 生, 笑","-1.7629, -1.9248, -2.1045"
1555,我 就 是 一 [MASK]  。,个,样,-1.1249923706054688,"样, 个, 樣","-1.1250, -1.3332, -2.1033"
1556,"我 竟然 是 最后 一 [MASK] 离开 公司 的  , 要 不 要 这样 敬业 啊 , 关 电脑 关灯 关门 , 明年 见 啦 福 到 啦 招财",个,个,-0.11727213114500046,"个, 位, 次","-0.1173, -3.0746, -3.5838"
1557,是 一 [MASK] 以 雄险 的 山景 为 主体 特色 并 具有 一定 历史 文化 内涵 的 山岳型 国家级 风景  。,处,处,-0.9555840492248535,"处, 种, 个","-0.9556, -1.2856, -1.8397"
1558,"外婆 终于 可以 睡 [MASK] 好 觉 了 粑粑 还 是 睡 的 那么  , 任凭 宝宝 哭 得 再 响 都 听 不 到 。",个,个,-0.02107536420226097,"个, 上, 的","-0.0211, -4.7429, -6.1960"
1559,"壮观 看 中国 10 大 地标  水 立方 不仅 是 一 [MASK] 优美 和 复杂 的 建筑 , 她 还 能 激发 人们 的 灵感 和 热情 , 丰富 人们 的 生活 , 为 人们 提供 记忆 的 载体 。",幢,座,-0.23255063593387604,"座, 个, 种","-0.2326, -1.9472, -3.6714"
1560,水 为 财 一 [MASK] 水 鱼  来,班,生,-3.2847304344177246,"生, 如, 切","-3.2847, -3.3129, -3.3879"
1561,"祝福 你 , 愿 你 有 [MASK] 安详 的  。",个,个,-0.24701985716819763,"个, 最, 点","-0.2470, -3.4664, -3.6217"
1562,发表 了 博文 死亡 真相 死亡 真相 死后 是否 会 到 另 一 [MASK]  继续 生存 ?,个,边,-0.9257055521011353,"边, 处, 方","-0.9257, -1.7078, -2.2954"
1563,失眠 啊 完全 没有 睡意 肿么 办 各 [MASK]  没 效果 干瞪眼 儿 中,种,种,-0.07567751407623291,"种, 个, 位","-0.0757, -4.0316, -4.6526"
1564,今日 一 [MASK]  去 细 姨屋 企玩 !,家,早,-0.4356110990047455,"早, 定, 起","-0.4356, -1.9966, -3.0511"
1565,"如果 可以 拥有 一 [MASK] 特异  , 我 想 要 瞬间 转移",项,种,-1.07645845413208,"种, 个, 些","-1.0765, -1.1749, -1.4915"
1566,跟 着 我 的 三 [MASK]  媳妇 闺女 和 丈母娘 一起 过 大年 。,个,个,-0.20887741446495056,"个, 位, 儿","-0.2089, -2.4808, -3.8266"
1567,"在 一 [MASK] 上升 的  中 , 你 选择 做 多 , 正确 的 几率 会 很 大 , 失败 的 几 率 却 很 低 。",波,个,-0.5070903897285461,"个, 波, 轮","-0.5071, -2.4774, -2.7058"
1568,"谁 来 一 [MASK]  我 , 这样 明天 就 不 用 上班 啦",拳,下,-1.5902442932128906,"下, 帮, 看","-1.5902, -1.7521, -2.6613"
1569,"表面 相敬如宾 , 暗地 互 称 傻逼 这 是 一 [MASK] 什么  ?",种,种,-0.9991563558578491,"种, 个, 场","-0.9992, -1.3767, -2.9791"
1570,"国际 影星 汤唯 受邀 赴 台 担任 台北 电影节 颁奖人 , 7 月 9 日 她 出席 主演 的 电影 晚秋 记者会 , 再度 被 问及 那 一 [MASK] 长 达 5 分钟 的  时 , 汤唯 忆起 拍摄 过程 , 直言玄彬 很 害羞 。",幕,幕,-0.47461891174316406,"幕, 段, 集","-0.4746, -2.0957, -2.4967"
1571,"鞭炮声 阻挡 不 了 我 的 事业 , 一 觉 睡 了 十七 [MASK]  , 新 纪录 啊",个,年,-0.6789821982383728,"年, 天, 点","-0.6790, -1.6172, -2.8228"
1572,"公司 5 [MASK]  着 很 诡异 , 危机感 浓烈 的 气氛 。",楼,有,-0.43164703249931335,"有, 处, 带","-0.4316, -3.4972, -3.7817"
1573,"快 过年 了 , 打算 在 网 上 买 我 鬼妞 的 一 [MASK]  , 好好 犒劳 下 自己 , 因为 我们 这 木 有 卖妞 的 东西",本,套,-1.0268027782440186,"套, 个, 件","-1.0268, -2.4331, -2.5123"
1574,"一 [MASK]  的 大痣长 那里 , 就 知道 传 是非 , 挑拨 离间 。",颗,般,-1.3773025274276733,"般, 颗, 样","-1.3773, -1.4274, -3.1029"
1575,复习 概率 的 孩子 看到 亨利 站 在 温布利 球场 重新 穿上 阿森纳 的 队服 心底 就 是 一 [MASK] 莫名 的  啊 welcome home henry,阵,种,-0.254165381193161,"种, 个, 阵","-0.2542, -2.5997, -2.6993"
1576,看 你 曾经 看 过 无数 [MASK] 的  。,遍,次,-0.4492780566215515,"次, 遍, 个","-0.4493, -1.6373, -4.0974"
1577,"下文 男生 对 昨夜 球场 摆酷 , 看见 恐龙 撞  , 恐怖 恐怖 , 可怜 那 [MASK] 小 树 !",棵,个,-1.2366101741790771,"个, 小, 群","-1.2366, -2.0103, -2.2657"
1578,我 在 爱奇艺 高清 看 了 铠甲 勇士 刑天 第 60 [MASK] 最后 的  分享 自,集,集,-0.15735667943954468,"集, 期, 话","-0.1574, -2.7241, -3.4382"
1579,"发表 了 博文 播阳镇 人民 政府 助纣为虐 见证 地方 邪恶 势力 以 有碍 风水 强拆 的 合法性 播阳镇 人民 政府 助纣为虐 见证 地方 邪恶 势力 以 有碍 风水 强拆 的 合法性 今天 早上 上网 , 映入 眼帘 的 第一 [MASK]  就 是 村委",则,页,-0.4721223711967468,"页, 眼, 条","-0.4721, -2.3330, -2.5986"
1580,"不 是么 , 一 [MASK] 的 梨花带  , 一 宿宿 的 夜不成眠 , 以及 所有 的 惆怅 迷茫 , 困惑 忧伤 , 狠狠 的 冲刷 着 我 的 内心 , 最终 现出 梦想 的 俊朗 模样 , 留 这 更 坚实 的 部分 陪 我 颠沛流离 , 斩 获 希望 。",次,路,-0.47356918454170227,"路, 地, 缕","-0.4736, -2.8672, -3.3874"
1581,执 着 这 两 [MASK]  有 这么 难 吗,个,个,-1.7789306640625,"个, 字, 者","-1.7789, -2.0730, -2.4932"
1582,施华洛世奇 旋转 水滴 批发 60203800 元 近期 售出 2 [MASK] ,件,。,-0.18081873655319214,"。, ！, ？","-0.1808, -1.8839, -4.6040"
1583,"一 [MASK]  , 一边 收拾 一边呕",片,边,-1.2750887870788574,"边, 天, 会","-1.2751, -2.1599, -3.0387"
1584,"如果 我 是 導演 , 跳兩 [MASK]  了 中時 20120113",次,次,-1.208702564239502,"次, 年, 遍","-1.2087, -2.3384, -2.4771"
1585,"脑海 转瞬 即逝 学时 嬉戏 雪地 画面 让 心生 一 [MASK]  , 但 很 快 回复 平静 。",季,悸,-1.603329062461853,"悸, 念, 惊","-1.6033, -2.3133, -2.9044"
1586,"哈哈 , 刚才 做 了 一 [MASK] 52 心理 年龄  , 发现 我 的 心理 年龄 27 岁 , 与 我 的 实际 年龄 相差 5 岁 。",次,个,-0.9241780638694763,"个, 下, 次","-0.9242, -0.9453, -3.2434"
1587,上传 了 1 [MASK]  到 相册 我们 仨,张,张,-0.14306548237800598,"张, 页, 个","-0.1431, -4.0438, -4.5763"
1588,如果 有幸 我 想 嫁给 一 [MASK] 会 照相 的  他 不 一定 是 摄影师 但是 在 他 眼 里 我 是 最 美 的 风景 。,个,个,-0.044996023178100586,"个, 位, 名","-0.0450, -3.3484, -6.0147"
1589,爆潮 VANS ERA 海蓝 浅蓝 配色 显 的 超级 清爽 干净 HF 钢印 大 底 尺码 37 [MASK] 内 长 235 特价 298 样品 ,码,##cm,-0.6151111721992493,"##cm, ##mm, 米","-0.6151, -2.2449, -2.9395"
1590,你们 还 有 几 [MASK]  啊 ?,锅,个,-0.6687700748443604,"个, 天, 年","-0.6688, -2.9141, -3.1401"
1591,昨晚 做 了 一 [MASK] 奇怪 的  景色 狠 美 。,个,个,-0.3444841206073761,"个, 件, 次","-0.3445, -2.9100, -3.2432"
1592,"怕 我 爱 的 人 不 出现 , 出现 的 人 不 喜欢 , 又 不 愿 改变 对 爱 的 执着 , 静静 地 等待 着 那 [MASK]  。",份,天,-0.5294270515441895,"天, 个, 次","-0.5294, -2.2774, -2.9847"
1593,我 竟然 被 [MASK]  感动 的 哭哭啼啼 !,步,她,-1.078183889389038,"她, 他, 它","-1.0782, -1.4121, -1.6613"
1594,怎么 感觉 在 说 某 [MASK]  ?,间,人,-1.2891830205917358,"人, 话, 些","-1.2892, -2.1669, -2.4043"
1595,"我 哥们 说 他们 全家 在 攒钱 买 骨灰盒 和  , 想 活 这 住 得 憋许 , 死 了 弄 [MASK] 宽敞 的 盒子 和 坟地 , 也 装会爷 。",个,个,-0.29095661640167236,"个, 点, 块","-0.2910, -2.7861, -3.5521"
1596,闻到 那 [MASK]  真心 喝 不 下去 !,股,里,-0.8984367251396179,"里, 种, 股","-0.8984, -2.0142, -2.8744"
1597,"吃 咖啡 额宁 年年 要 闻 着 那 [MASK] 刺鼻 的 大蒜  , 痛苦 得来 一 天 世界 !",股,些,-1.1015970706939697,"些, 种, 股","-1.1016, -1.4670, -1.8505"
1598,"迪斯尼 的 一旦 里面 有 缺货 的 , 给 我 一 [MASK] 25  的 code , 又 来 诱惑 我",个,个,-0.19830304384231567,"个, 张, 套","-0.1983, -2.5582, -4.8553"
1599,ZARA 进门 就 是 两 [MASK] 穿 了 打折 的  哈哈,排,个,-1.495050311088562,"个, 件, 人","-1.4951, -1.9147, -2.2194"
1600,知 不 知道 是 什么 棉花糖 啊 物 [MASK] ,块,？,-0.2321382761001587,"？, 。, ！","-0.2321, -1.9974, -2.6602"
1601,明天 上 完 最后 一 [MASK]  !,个,课,-0.7233253717422485,"课, 期, 节","-0.7233, -2.3492, -2.4916"
1602,", 我 投给 了 金贤 重 这 3 [MASK]  。",个,票,-2.133819103240967,"票, 点, 人","-2.1338, -2.1928, -2.3962"
1603,", 我 投给 了 文科 给力 这 1 [MASK]  。",个,个,-1.4138362407684326,"个, 名, 科","-1.4138, -1.8951, -2.5467"
1604,"江西 九江 龙 凤 胎 一 死 一 伤 1 月 10 日 , 都 昌 周溪镇 家家福 超市 门 前 摆放 着 一 [MASK] 男婴  , 身边 是 圣元 优 博 奶粉 。",具,名,-0.6433035731315613,"名, 个, 具","-0.6433, -1.5416, -2.1363"
1605,"小 废物 于 大 废物 没有 分开 , 只是 她们 去 了 另外 一 [MASK]  。",个,边,-1.4332243204116821,"边, 个, 处","-1.4332, -2.0892, -2.5917"
1606,"我 今天 从 龙湖 西苑 走路 到 软件园 , 那 不 是 一般 两 [MASK] 的  。",般,站,-0.6880643963813782,"站, 天, 次","-0.6881, -2.6154, -2.9468"
1607,2012 春运 我 觉得 28 [MASK]  就 该 实名制 怎么 就 不 怕 垄断 老百姓 就 不 怕 买 不 到 票 了,号,票,-1.950387954711914,"票, 号, 年","-1.9504, -2.2188, -2.2644"
1608,推荐 一 [MASK] 纯 音乐 风 居住 的 街道 ,曲,条,-0.5917373895645142,"条, 些, 个","-0.5917, -1.3111, -2.4277"
1609,今 个儿 终于 睡 了 [MASK]  。,个,觉,-0.7530518174171448,"觉, 吧, 啊","-0.7531, -2.3833, -2.7722"
1610,对 说亲 你 加 我们 QQ 群 一起  你 画 我 猜 我们 需要 你 这 [MASK] 高 玩 !,位,么,-0.26677843928337097,"么, 样, 个","-0.2668, -2.5246, -3.0971"
1611,逗 馒头 大 笑 秘笈 1 做 鬼 脸 2 [MASK]  3 做 鬼 脸 加发 怪声 。,发,、,-1.3037726879119873,"、, ., -","-1.3038, -1.3930, -2.3149"
1612,"南方 周末 在 哈佛 谈 辛亥 辛亥 革命 100 周年 , 正 值 哈佛 建校 375 年 纪念 , 哈佛 大学 一 周 之内 连续 举办 了 两 [MASK] 有关 辛亥 革命 的  。",场,场,-0.745341420173645,"场, 次, 届","-0.7453, -1.0923, -2.6395"
1613,", 我 投给 了 王珞丹 据说 开场 舞 这 1 [MASK]  。",个,个,-2.3012073040008545,"个, 票, 首","-2.3012, -2.3774, -2.8029"
1614,"在 我 生日 这 一 天 替 你 许 [MASK]  , 祝 你 有 风 无 浪 你 懂 的 !",个,愿,-0.03930845856666565,"愿, 诺, 福","-0.0393, -4.1777, -4.2288"
1615,iPhone 4S 今日 开售 看 着 那些 排队 去 买 4 s 的 人 真的 跟 穷 二 [MASK] 没什么 ,代,代,-0.0002590157091617584,"代, 货, 逼","-0.0003, -9.0685, -10.9108"
1616,"成 一 [MASK] 人物  , 款 为 诸法无相 , 能 除 一切 苦 。",张,切,-1.2197006940841675,"切, 般, 个","-1.2197, -2.0053, -2.2210"
1617,下午 三节  两 [MASK] 课 看 电影 哈哈,节,节,-0.43103066086769104,"节, 点, 天","-0.4310, -2.7025, -3.3950"
1618,"想到 我 八月 了 的 大 熱天 下午 三點  拿 花 , 三 [MASK] 去 仟吉領 蛋糕 , 自己 選半天 的 香水 和 裙子 , 為除 了 我 媽以外 的 人 策划 半個月 的 生日 。",次,點,-0.01670115254819393,"點, 十, 五","-0.0167, -5.6274, -5.7367"
1619,U [MASK] 坏  啊 。,盘,好,-0.7119799852371216,"好, [UNK], 不","-0.7120, -2.7978, -3.4371"
1620,"一 脸 错愕 的  和 一 [MASK] 你 看 我 干嘛 的 我 对视 了 良久 , 我 才 啊啊 啊啊 啊 莫 不 是 天 太 冷 把 脑子 冻坏 了",脸,脸,-0.7935528755187988,"脸, 个, 副","-0.7936, -1.8849, -2.2633"
1621,颠沛流离 两 [MASK] 半  终于 从 虎门 回到 南城,个,年,-0.022298770025372505,"年, 天, 个","-0.0223, -4.3817, -5.5369"
1622,"总局 不 让 拍 穿 越剧 , 这 春晚 就 弄 出来 一 [MASK]  穿越 的",个,部,-1.01425302028656,"部, 个, 场","-1.0143, -1.1157, -3.1918"
1623,"想到 那些 成绩 优秀 的 , 比 自己 强 的 都 是 从 小 生活 在 音乐 的 环境 里 , 我 的 童年 却 是 八 [MASK] 环书 , 所谓 的 知识 的  。",面,面,-0.39761900901794434,"面, 十, 字","-0.3976, -2.6515, -3.5457"
1624,"跟 聊 了 3 [MASK]  的 电话 , 从 高中 认识 聊 到 现在 的 生活 , 能 跟 你 一起 走 过 , 笑 过 , 哭过 的 朋友 真的 不 多 珍惜 所有 我爱 的 你们",个,年,-0.4200555682182312,"年, 天, 次","-0.4201, -1.2858, -3.1150"
1625,"4 刘禅 的 经历 告诉 我们 富 二 [MASK] 自己 没有 本事 , 即使 有 再 牛 的 职业 经理人 也 难免 被 兼并 的  。",代,代,-1.1920935776288388e-06,"代, 哥, 逼","-0.0000, -15.4817, -15.5207"
1626,三 [MASK]  出现,等,月,-3.420241594314575,"月, 星, 、","-3.4202, -3.4786, -3.7511"
1627,"拉倒 , 一 [MASK]  怎么 做 !",个,下,-1.4400485754013062,"下, 般, 定","-1.4400, -1.4633, -2.8257"
1628,成 [MASK]  甘,个,甘,-3.449777126312256,"甘, 吉, 都","-3.4498, -3.7633, -3.8072"
1629,就 这个 灰机 让 我 等 了 十五 [MASK] ,个,。,-0.11966247111558914,"。, ！, ？","-0.1197, -2.2743, -4.6463"
1630,"春运 期间 数十亿 [MASK] 的  , 怎么 弄 也 运 不 完 。",人次,元,-0.7591753602027893,"元, 吨, 斤","-0.7592, -2.2919, -3.0200"
1631,只 係饮 左 一 [MASK]  就 红 到 马骝屎 忽咁 打工 的 孩子 伤 不 起 呀,罐,杯,-0.6920248866081238,"杯, 瓶, 口","-0.6920, -2.2578, -2.6333"
1632,"每 [MASK]  总 有 那么 几 天 心情 不 好 , 别 惹 我",个,天,-0.666991651058197,"天, 年, 月","-0.6670, -1.3070, -2.9190"
1633,上传 了 15 [MASK]  到 相册 高高 高丽棒,张,张,-0.2255832999944687,"张, 页, 片","-0.2256, -3.6618, -3.7148"
1634,"今天 一 [MASK] 男 的  我 要 照片 , 我 多 羞涩 的 给 他 说 我 长 得 太 丑 了 , 冒 得 勇气 照相 啊 。",个,个,-0.0695551410317421,"个, 位, 群","-0.0696, -3.7743, -4.7202"
1635,"一 夜 醒来 , 满 眼 银装素裹 , 白色 雪 下 , 一 [MASK]  花 含苞 待放",枝,朵,-0.37205785512924194,"朵, 盆, 株","-0.3721, -2.9033, -3.3571"
1636,坤記 果然 無改錯 [MASK]  是 人 的,名,不,-1.930617094039917,"不, 就, 的","-1.9306, -2.1022, -2.3061"
1637,本 想 来 [MASK] 优雅 淡定 的  的 。,个,点,-0.7313626408576965,"点, 个, 些","-0.7314, -1.0144, -3.6668"
1638,十二 星座 隐藏 最 深 的 一 [MASK]  很 居家 金牛座 耍心眼 双 子座 默默 落泪 巨蟹座 超级 冒险 家 狮子座 装傻 处 女座 花心 好色 天秤座 小气 鬼 兼 007 天蝎座 常 被 骗 射手座 原则 不 改 摩羯座 浪漫 多情 水瓶座 低调 双 鱼座 理性 的 工作狂 点 开大 图 更 精彩,面,点,-0.8935915231704712,"点, 面, 些","-0.8936, -1.0636, -3.3472"
1639,"寒潭 锦鲤 , 始终 热爱 这 [MASK]  深潭 独自 游弋 的 小 鱼 。",尾,条,-0.5642745494842529,"条, 些, 只","-0.5643, -1.7596, -2.1175"
1640,"真 幸福 , 跟 弟弟 去扫 了 些 吃 的 , 哈哈哈 那 是 一 [MASK]  的 高兴 啊 !",个,样,-0.6738409399986267,"样, 天, 脸","-0.6738, -2.6778, -2.9723"
1641,"原来 跟 超市 收银员 , 差头 司机 这些 不 认识 的 人 说 新年 快乐 是 [MASK] 很 快乐 的  啊 !",件,会,-0.32462114095687866,"会, 要, 也","-0.3246, -2.2141, -3.8868"
1642,镜中 张枣 只要 想起 一 生 中 后悔 的 事 梅花 便落 了 下来 比如 看 她 游泳 到 河 的 另 一 岸 比如 登上 一 [MASK] 松木 梯子  的 事 固然 美丽 不如 看 她 骑 马 归来 面颊 温暖 羞涩 。,株,个,-1.583282232284546,"个, 段, 座","-1.5833, -1.7850, -2.5115"
1643,我 一定 是 傻 了 玩 这么 [MASK] 毫 无 营养 的  玩 到 现在 都 这么 晚 了 赶紧 睡觉 去,个,久,-0.3714883327484131,"久, 多, 晚","-0.3715, -1.7408, -4.5088"
1644,"乔布斯 表示 不 甘 示弱 视频 比尔盖茨 向 我国 人民 拜年 恭贺 新 禧 新春 之 际 , 微软 创始人 比尔盖茨 也 不 忘 向 中国 人民 恭贺 新禧 , 道 一 [MASK]  快乐 。",声,声,-0.01663854718208313,"声, 年, 个","-0.0166, -4.3234, -6.8707"
1645,"对 鞋 湿嗮 , 浸嗮 水 , 今日仲 提前 买佐 [MASK] 饭  , 返 到 餐厅 换 完衫 , 跟 着 就 俾人 cut 佐班 。",个,班,-0.9760665893554688,"班, 餐, 午","-0.9761, -2.6712, -3.3276"
1646,"又 是 一 [MASK]  , 将 眼 前 的 树林 照 得 如 白昼 , 赵辰 的 心 跳动 得 如 叶尖 急速 滴落 的 雨点 一样 快 。",道,天,-1.2032848596572876,"天, 夜, 光","-1.2033, -1.6908, -2.4408"
1647,只有 我 和 白薯 二 [MASK]  。,个,人,-0.8725486397743225,"人, 个, 個","-0.8725, -1.4849, -2.0308"
1648,"昨儿 和  去 血 拼 了 一下 , 哈哈 收获 木 老老滴有哇 , 给 我 从 内 到 外 都 买 新 得 了 , 哈哈 , 不过 可 怜 [MASK] LG 大大 的 出血 呀",滴,我,-1.0401878356933594,"我, ,, 的","-1.0402, -1.8662, -2.1376"
1649,"同 看 那些 年 , 我 們一起 追 的 女孩 雖然 我們 很 失望 , 因為 把 好看 的 三 [MASK]  了 但 我 們懷 著 好看 的 心情 去 看 的 。",分,看,-1.3176506757736206,"看, 給, 分","-1.3177, -2.0318, -2.7251"
1650,"我 参与 了 发起 的 投票 你 希望 龙俊亨 和 具荷拉 在一起 吗 , 我 投给 了 只要 龙 喜欢 这 1 [MASK]  。",个,票,-0.847638726234436,"票, 个, 人","-0.8476, -2.1784, -2.5687"
1651,"大家 都 写 字 画画 的 , 偶 就 来 放 [MASK] 孔明  吧 !",个,个,-1.4385508298873901,"个, 松, 映","-1.4386, -2.1457, -2.7750"
1652,讨厌 这 [MASK] 不  地上 还 湿湿 的 天气 。,种,比,-1.5812703371047974,"比, 种, 样","-1.5813, -1.8196, -1.9944"
1653,"某 人 用完 我 手机 后 , 我 QQ 头像 变成 一 [MASK]  和 一 草原 了",头,山,-2.1330134868621826,"山, 云, 水","-2.1330, -3.0543, -3.0911"
1654,"大半夜 的 竟然 还 有 很多 加 V 的 的 童鞋们 没有 睡觉 大部分 还 是 官方 微博 真的 很 想 问 一 [MASK] 亲 大半夜 的  , 有 3 倍 工资么 ?",句,下,-0.4054856300354004,"下, 句, 个","-0.4055, -2.0060, -2.8168"
1655,这里 向 您 推荐 一 [MASK] 隐藏 餐厅 的 设计  。,个,些,-1.007588505744934,"些, 个, 种","-1.0076, -1.2323, -1.7412"
1656,烦 得 一 [MASK] ,笔,。,-0.3216521739959717,"。, ！, ？","-0.3217, -1.4722, -3.1602"
1657,"第一 [MASK] 专门  , 讲 得 自己 都 没有 信心 了 。",次,次,-1.0860676765441895,"次, 个, 讲","-1.0861, -2.1269, -2.5322"
1658,最后 一 [MASK]  。,个,次,-2.0220863819122314,"次, 天, 张","-2.0221, -2.1329, -2.4294"
1659,明天 要 知道 语文 成绩 了 怎么 办 一 想到 改卷 老师 会 耻笑 我 的 作文 水平 是 如此 低下 我 就 想 滚 地 明天 会 不 会 被 肥强 和 思娟 骂 [MASK]  呢 但 愿 不 会 吧 求全 级 前 50,个,了,-1.211785078048706,"了, 死, 惨","-1.2118, -1.9613, -2.7834"
1660,"下班 前 在 58 上 发 了 一 [MASK] 雷 人 的  , 结果 奇迹般 在 回家 的 路 上 就 接到 面试者 的 电话 问 应聘 邮箱 。",则,个,-1.1690572500228882,"个, 条, 篇","-1.1691, -1.4418, -1.8426"
1661,"在 睡觉 的 时候 来 [MASK]  , 你 想 怎样 。",个,吧,-1.6891281604766846,"吧, 到, 看","-1.6891, -1.8786, -1.9429"
1662,"妈 的 真想 换 [MASK]  都 这么 晚 了 还 吵 无聊 , 幼稚",个,",",-1.5498645305633545,",, ！, 了","-1.5499, -2.2396, -2.6419"
1663,一 [MASK]  在 赌博 老家 每 天 都 能 看到 这个,堆,直,-0.2252652496099472,"直, 般, 定","-0.2253, -2.9679, -4.0064"
1664,"老爸 你 说 的 是 真的 还 是 假 的 , 你 说 给 我 弄 [MASK]  疯 4S 是 真的 还 是 假 的 啊",个,个,-0.28372153639793396,"个, 了, 的","-0.2837, -3.5635, -3.9400"
1665,在 你 寂寞 无助 的 时候 给 你 [MASK]  !,丝,吧,-1.5081465244293213,"吧, 爱, 看","-1.5081, -2.6575, -2.6881"
1666,"首先 , 先 将 隔离 霜倒 一些 在 手心 回温 , 一 [MASK] 的  大概 是 1 元 硬币 的 大小 。",次,般,-0.9886749982833862,"般, 次, 瓶","-0.9887, -1.8070, -1.9882"
1667,"看 了 微 电影 我 愿意 , 感觉 那 [MASK]  很 白痴 。",个,是,-1.6549938917160034,"是, 样, 人","-1.6550, -1.9307, -2.1701"
1668,你 在 有  转发 活动 祝福 拾衣网 正式 上线 转发 有 礼 中 抽 中 一 [MASK] 奖 价值 1000 元 时尚 靓包 中 奖 编号 3738440 。,等,个,-0.5539105534553528,"个, 只, 件","-0.5539, -2.3941, -2.6363"
1669,今天 了 了 [MASK]  。,桩,了,-0.16812853515148163,"了, 的, 啦","-0.1681, -3.3452, -4.5247"
1670,准备 睡觉 系列 睡眼 朦胧 头发 乱 [MASK] 睡衣  小 浓,笼,乱,-1.1955571174621582,"乱, 糟, 梳","-1.1956, -3.3937, -3.4090"
1671,"岁月 轮回 , 繁华 殆尽 , 不 变 的 仍 是 自己 那 [MASK] 不  的 心 ?",颗,颗,-0.1097191795706749,"颗, 份, 个","-0.1097, -3.0332, -6.1454"
1672,"看 完 电影 回家 已经 十二点 多 了 , 电梯 一 [MASK]  站 了 不少 人 。",楼,层,-1.4249815940856934,"层, 直, 侧","-1.4250, -1.5704, -2.2250"
1673,"为了 拥有 一 [MASK] 随时 可秀 的  , 可 得 勤加练习 , 做好 每 日 的 必修 课 哦 !",双,个,-1.3917993307113647,"个, 份, 颗","-1.3918, -2.5169, -2.7406"
1674,"凡 事 都 要 一分为二 , 文凭 确实 是 [MASK] 好  , 但 好 东西 未必 能 让 我们 成为 什么 东西 !",个,很,-0.369535356760025,"很, 美, 最","-0.3695, -2.0808, -2.5780"
1675,5 [MASK] 我  的 歌,页,.,-0.5803492069244385,"., 、, )","-0.5803, -1.4817, -3.8653"
1676,"都 射 了 6 [MASK] 了 , 这个 女 的 还 要 http t cn z0DNZ5v 命运 万 有 引力 画壁 单身 女王 恋人 国王 与 我 风月 大刀 钟楼 怪人 爱情 公寓 2 夜 店 告密者 雪之女王 泡沫 之 夏 电影 唐山 大 地震 李春天 的 春天  的 女人 衣冠 禽兽 恋爱 通告 海洋 天堂 铁面 歌女",次,次,-0.7230306267738342,"次, 天, 年","-0.7230, -1.8273, -2.2714"
1677,"天目湖 旅游 度假区 位 于 江苏省 常州市 溧阳 城南 8 公里 处 , 被 誉为 江南 明珠 绿色 仙景 , 是 首 [MASK]  AAAA 级 景区 点 之一 , 是 江苏省 省级 旅游 度假区 。",批,批,-0.02974773943424225,"批, 个, 都","-0.0297, -4.0057, -5.5179"
1678,你 以后 最好 只 对 我 一 [MASK]  心 软 。,个,点,-1.4593390226364136,"点, 个, 直","-1.4593, -1.6547, -2.2073"
1679,"咳咳参 北斗 哇 , 越来越 多 没 [MASK]  说 走咱 就 走 啊 , 你 走 他 走 我 也 走 啊 。",个,人,-1.309736728668213,"人, 事, 有","-1.3097, -1.8118, -1.8234"
1680,今年 春晚 是 不 是 很 那 [MASK]  呢 ?,个,样,-0.944837212562561,"样, 樣, 个","-0.9448, -1.7294, -2.9450"
1681,"昨儿 剥 牛 赢 了 115 , 今天 就 输 了 60 , 只 赚 了 [MASK]  的 饭钱",个,100,-2.6709439754486084,"100, 70, 60","-2.6709, -2.9836, -3.1703"
1682,"岁月 流逝 , 一 晃 就 是 五 年 , 我 终于 怀着 一 [MASK]  的 心情 和 一个 令 我 一直 耿耿于怀 的 悬念 , 带 着 我 的 丈夫 还有 孩子 , 回到 家乡 探亲 。",种,样,-0.9259188175201416,"样, 定, 贯","-0.9259, -2.3247, -2.5827"
1683,"现在 的 孟聚 也 是 一样 , 看 了 50 [MASK] 的  , 突然 发现 , 咦 , 这 Y 是 高手 。",章,页,-2.497307300567627,"页, %, 年","-2.4973, -2.5720, -2.6154"
1684,"这 [MASK]  这 两 天 问 的 人 满 多 古玩城 铜 钱 钱币 大 钱 开光 纯 铜 五 帝 钱 , 价格 800 元 , 见",件,个,-1.1711360216140747,"个, 里, 样","-1.1711, -1.3777, -2.4214"
1685,"今年 我 就 要 立 得 拍 吧 , 过 完 年 就 去 富士 挑 很 快 我 就 会 有 一 [MASK] 相片  了 o",面,些,-1.2120609283447266,"些, 张, 组","-1.2121, -1.3678, -2.2080"
1686,"给 女友 庆生 , 儿子 趁 母亲 外出 时 溜进 她 的 房间 企图 偷 走 母亲 最后 一 [MASK]  。",笔,刀,-2.254969358444214,"刀, 手, 钱","-2.2550, -2.3671, -3.2946"
1687,"我 蜷沙发 玩 平板 , 胖子 继续 啃书 , 旁边 好几 [MASK]  扑克 的 。",桌,个,-0.23451758921146393,"个, 打, 桌","-0.2345, -4.0905, -4.1648"
1688,一 [MASK] 忍 不 住 的 心烦  出汗 想 砸烂 所有 的 东西 。,阵,直,-1.0250704288482666,"直, 时, 定","-1.0251, -2.1356, -2.1679"
1689,这 一 [MASK]  太 好 了 啊 !,阵,切,-0.4752774238586426,"切, 刻, 次","-0.4753, -2.7547, -2.8063"
1690,"后来 分开 的 时候 , 我 剪 了 一 [MASK]  。",头,下,-1.6845266819000244,"下, 个, 条","-1.6845, -2.5688, -2.6891"
1691,"传统 那 一 [MASK] 已经 不 行 了 , 我们 上 小学 时 所 接受 的  , 今天 大家 已经 不 信 了 , 怎么 办 ?",套,套,-0.41045352816581726,"套, 点, 代","-0.4105, -2.4371, -3.8217"
1692,"一 [MASK] M  , 小豆 嗨皮 了 。",桶,[UNK],-1.7390769720077515,"[UNK], 个, 起","-1.7391, -2.8910, -3.2539"
1693,"张绍刚 再 曝毒舌 视频 我 觉得 张绍刚 很 2 呀 , 2 的 不得了 , 之前 那 [MASK] 经典 的  完全 适用 于 他",个,些,-0.6074198484420776,"些, 个, 种","-0.6074, -1.7173, -2.3314"
1694,"重 看 了 一 [MASK] 五 年 前 的 十兄弟  , 還是 很 喜歡 老四 , 要 不 要 這麼萌 呀 , 還穿 我 Like 的 史迪奇 的 衣服",遍,下,-0.6260145902633667,"下, 眼, 遍","-0.6260, -1.6696, -2.5952"
1695,"晚上 , 猪头 给 我 狂 买 了 五十多 [MASK] 的  , 我们 在 得克士 摆开 场子 边 吃 边 聊天儿 , 感觉 真 爽快 。",块,块,-1.3712087869644165,"块, 元, 斤","-1.3712, -1.7737, -1.9498"
1696,"Love 也 是 有 两 [MASK]  的 , 也 不 是 靠 单纯 的 刷数据",把,难,-1.1779394149780273,"难, 点, 样","-1.1779, -1.9359, -2.3395"
1697,健康 年夜饭 一 [MASK]  红原 创 营养 信息,例,路,-1.5628273487091064,"路, 把, 点","-1.5628, -2.1259, -2.5667"
1698,"立下 大志 以后 再 穷 也 得 赚 钱 盖 书房 , 还 要 有 窗 有 阳光 四 [MASK]  !",季,射,-0.019149092957377434,"射, 月, 洒","-0.0191, -5.4590, -5.9792"
1699,"最近 天天 这些 , 真的 牙齿 受 不 了 了 , 这 [MASK] 准备  , 客厅 那 边 是 牛肉 火锅 , 任君 选择 !",桌,里,-1.892668604850769,"里, 边, 么","-1.8927, -1.9727, -2.0073"
1700,"要 把 学生 到 农村 实习 参加 医疗 预防 工作 实践 , 作为 对 毕业生 考核 的 一 [MASK] 重要  。",项,项,-0.6116651892662048,"项, 个, 大","-0.6117, -1.0059, -3.3143"
1701,"再见 了 骚年 , 再见 了 那 [MASK] 充满 幻想 的 ",个,个,-0.5139999985694885,"个, 些, 位","-0.5140, -1.2294, -4.0469"
1702,"今天 感觉 , 应该 看中 的 不 是 做 与 不 做 的 事儿 , 而 是 如何 去 做 , 怎么 做 方 能 做 的 更 好 , 不然 , 做 了 就 是 不 彻底 , 虽然 与 不 做 是 两 [MASK]  , 但是 效率 就 被 打上 了 折扣 啊",码,样,-1.2790089845657349,"样, 面, 难","-1.2790, -1.7153, -2.8072"
1703,李玉刚 新 贵妃 醉 酒 金美儿 冬天 里 的 一 [MASK]  费翔 故乡 的 云唱 的 都 不错 。,把,天,-2.1664626598358154,"天, 幕, 夜","-2.1665, -2.8746, -2.9305"
1704,把 那 [MASK]  从 阳台 扛 厨房 去 。,袋,个,-1.5271978378295898,"个, 些, 货","-1.5272, -2.4443, -2.8475"
1705,"觉得 自己 越来越 像 霍金 了 , 每 天 窝 在 椅子 或 床上 , 歪 着 脖子 , 呆滞 的 望 着 前面 , 然后 偶尔 用 几 [MASK]  指 。",下,个,-0.3454302251338959,"个, 手, 根","-0.3454, -2.5473, -2.7883"
1706,出 [MASK]  至于 吗 ?,个,发,-2.589867115020752,"发, 路, 口","-2.5899, -2.9701, -2.9926"
1707,我 发现 我 真的 是 [MASK] 巨 纠结 无比 的 人 ,个,一,-0.6212957501411438,"一, 个, 那","-0.6213, -1.1215, -3.9559"
1708,等等 一 [MASK] ,等,！,-0.5472828149795532,"！, 。, ？","-0.5473, -0.9569, -3.6296"
1709,"士 看见 骑 着 脚踏车 的 信差 将 一 [MASK]  进 花园 门口 的 信箱 , 他 顺着 思路 怜悯 起 这个 信差 来 。",封,丢,-2.0809402465820312,"丢, 扔, 拖","-2.0809, -2.1009, -2.2465"
1710,"一 不 留神 又 两 点 多 了 , 这 几 天 的 生物钟 各 [MASK]  , 就 没 调整 过来 , 要 是 过 几 天 开学 可 就 死定 了 !",种,异,-1.1944689750671387,"异, 种, 位","-1.1945, -1.2032, -3.3681"
1711,德州市 首 [MASK] 网络  分享自,届,家,-1.3277448415756226,"家, 个, 创","-1.3277, -1.3860, -1.9797"
1712,"笑话 幽默 吃客 为什么 这 [MASK]  里 都 是 泥? 侍者 这 是 最 新鲜 不过 的 菜 , 刚 从 泥里拔 出来 呢 。",碗,锅,-1.2896950244903564,"锅, 碗, 泥","-1.2897, -2.2256, -2.9855"
1713,原来 邓小平 说 那 [MASK]  是 错 的 先 让 一部分 人 富 起来 我们 怎么 办 啊 穷穷穷,句,都,-1.342049479484558,"都, 话, 些","-1.3420, -1.4675, -1.5089"
1714,"亲亲 我 的 小 张杰 , 下 [MASK]  就 要 走 了 , 恭喜 你 哈 !",个,周,-1.0642955303192139,"周, 午, 次","-1.0643, -1.2269, -1.6564"
1715,"哈哈 转发 微博 , 有 [MASK]  过 年 不 给 我 红包 。",个,人,-0.5904889106750488,"人, 的, 时","-0.5905, -1.7343, -2.7312"
1716,"btw , 有 没有 哪位 借 我 一 [MASK]  , 我 需要 接人 !",辆,下,-2.291996479034424,"下, 个, 张","-2.2920, -2.4803, -2.6218"
1717,"广德 真人 为 要 使 一般 人 都 信仰 他 、 爱护 他 , 所以 有 施 水 治 疫 的 那 [MASK]  。",番,种,-0.9697681069374084,"种, 说, 套","-0.9698, -2.0852, -2.9277"
1718,"就 现在 坐 在 屋头 , 我 胃 还 是 一 [MASK]  的 感脚 啊 老子 不 喝 酒 了 !",阵,样,-0.5817321538925171,"样, 般, 直","-0.5817, -2.8877, -3.1333"
1719,纠结 看 [MASK]  怎么 突然 觉得 跟 若曦 一样 很 纠结 呢 ?,步,，,-1.594967007637024,"，, 我, 看","-1.5950, -1.7002, -1.7413"
1720,"Lina Medina 是 首 [MASK] 被 发现 的 早熟  , 她 的 儿子 起初 一直 认为 她 是 他 的 姐姐 , 直 到 10 岁 才 得知 事实 。",例,次,-0.48035192489624023,"次, 个, 位","-0.4804, -1.4524, -2.8005"
1721,"亲 , 龙蛋 里面 有 料 哦 , 饱 含 温馨 与 如意 , 见 了 快乐 又 健康 , 用 了 [MASK]  哦 !",步,心,-1.4445726871490479,"心, 对, 好","-1.4446, -2.7976, -3.1490"
1722,"尽管 去 了 [MASK]  , 但是 今天 该 干得 事 也 没 耽误 。",趟,年,-3.6879026889801025,"年, 晚, 哪","-3.6879, -3.7706, -3.8496"
1723,"最近 发现 我 只 要 一 大 [MASK]  她 , 她 就 马上 低头 嘟嘴 , 还 扁扁 嘴 , 样子 很 是 可 怜 。",声,笑,-1.6691011190414429,"笑, 叫, 喊","-1.6691, -2.3439, -2.4540"
1724,"四 皇 里面 的 一 [MASK]  都 悬赏 金 3 亿 3 千万 , 真 想 知道 红发 的 那些 主力 的 悬赏 金 啊 。",头,个,-0.46243035793304443,"个, 位, 人","-0.4624, -2.4548, -3.3757"
1725,"宋城 景区 19 [MASK] 线上  2012 不 是 世界 末日 , 许心愿 赢取 宋城 景区 免费 门票",楼,日,-1.4528387784957886,"日, ., 天","-1.4528, -1.7625, -2.5345"
1726,因为 她 知道 珍惜 知道 不 放弃 一 [MASK] 的  需要 多 大 信心 和 坚持 你 有 没 有 看到 她 的 心里 去 你 能 帮帮 她 嘛 ?,层,切,-0.2836418151855469,"切, 次, 定","-0.2836, -2.7537, -3.2935"
1727,本来 上 一 [MASK] 的 事  不 到 我们 小 的 插嘴 但是 我 实在 看 不 过 眼 心肝 不 好 的 人 就 是 低 不 得 人家 过 得 好 !,辈,辈,-1.4915788173675537,"辈, 次, 代","-1.4916, -1.8961, -2.1024"
1728,倒 [MASK] 熄火 加  的 居然 合格 。,桩,挂,-1.8402254581451416,"挂, 是, 油","-1.8402, -1.9206, -2.0103"
1729,达 人 秀 [MASK]  退出 没 来 看 的 有点 无趣 啊 所以 我 还 有空 看些 有的 没 的,波,已,-1.0314412117004395,"已, ：, 的","-1.0314, -2.7333, -3.3673"
1730,迫于 种种 压力 关闭 了 企鹅 空间 伴随 了 我 七 年 多 的 一 [MASK]  关上 了,扇,切,-0.475602388381958,"切, 年, 生","-0.4756, -2.5972, -3.0487"
1731,"尼玛 , 第一 [MASK]  这么 早 今年 是 外面 还 有 鸡叫 呢",次,年,-0.8613351583480835,"年, 次, 天","-0.8613, -0.9133, -2.0437"
1732,今年 的 全 明星赛 是 哪 [MASK]  呢,个,个,-0.6946119070053101,"个, 里, 些","-0.6946, -1.3781, -3.1513"
1733,"火车 上 , 一 [MASK]  拿 着 手机 发微 博 , 他 在 微博 上 写 着 在 火车 上 , 我 对 她 一见 钟情 。",位,人,-1.1270043849945068,"人, 直, 个","-1.1270, -1.7746, -2.0977"
1734,我 坐 呢 [MASK]  过 海咖 !,艘,，,-1.1594575643539429,"，, ~, ！","-1.1595, -2.0800, -2.9242"
1735,"我 参与 了 发起 的 投票 2012 , 你 最 想 去 的 中国 地 城市 篇 , 我 投给 了 桂林 寄情 山水 不 醉 不 归 这 2 [MASK]  。",个,篇,-1.5419621467590332,"篇, 个, 城","-1.5420, -1.9161, -2.3186"
1736,"大红 灯笼 高高 挂 , 传统 节日 有时候 还是 需要 这 [MASK] 小  才 热闹 。",种,么,-0.05914556607604027,"么, 样, 个","-0.0591, -3.3996, -4.8191"
1737,"离开 西安 就 不 再 回来 , 那些 幻想 过 的 , 努力 过 的 , 爱 过 的 , 伤 过 的 , 错过 的 , 就 随风而逝 吧 一 [MASK]  的 路 上 , 我 也 可以 走 的 很 精彩 !",个,生,-0.3727584183216095,"生, 起, 路","-0.3728, -1.8746, -2.5880"
1738,发表 了 一 [MASK] 转载 博文 转载 疯狂 渣土 车 莽撞 的 社会 ,篇,篇,-0.06501311808824539,"篇, 些, 条","-0.0650, -4.1404, -4.6517"
1739,"我 在 这里 杭州市 西湖区 西湖 边 , Pizza Inn 大餐 , 晚上 吃 第二 [MASK] ,  阿 !",顿,顿,-1.3608899116516113,"顿, 餐, 天","-1.3609, -1.4969, -2.1437"
1740,"为什么 那 [MASK]  煮 了 那么 久 , 小麦 还 那么 硬 ?",锅,里,-1.8245527744293213,"里, 个, 么","-1.8246, -1.8330, -1.9870"
1741,"早安 , 索尼 的 两 [MASK]  还 是 值得 期待 的 , 不过 还 是 定制机 啊 , Xperia Arco hd 的 三 防 功能 和 高清屏 是 亮点",款,款,-1.9880536794662476,"款, 代, 台","-1.9881, -2.0253, -2.0712"
1742,"对 说 您 好 , 我 有 问题 咨询 , 去 哪儿 网 上 的 超值 自由 飞 我 买 了 你们 那 [MASK]  。",个,个,-0.9236985445022583,"个, 的, 款","-0.9237, -1.2984, -2.7067"
1743,"在 已 代表 萨斯菲尔德 出战 两 [MASK] 阿甲 春季  的 情况 下 加盟 紫 百合 佛罗伦萨 , 但 半 年 来 仅 一 球 入账 。",场,次,-1.1268266439437866,"次, 个, 场","-1.1268, -1.4025, -1.4884"
1744,看见 那 [MASK]  就 觉得 恶心 。,个,个,-1.5583155155181885,"个, 人, 些","-1.5583, -2.3257, -2.3316"
1745,限制级 为 4 [MASK] 的 大  万 有 引力 野鸭子 恶夜 惊魂 欲望号 列车 刀尖 上 行走 衣冠 禽兽 情迷 大话 王野 鸭子 妹妹 恋人 魔鬼 屠夫 写真 倩女幽魂 断 喉弩 衣冠 禽兽 万 有 引力 美女 欲望号 列车 男儿 本色 喋血 孤城 断 刺画 壁 金枝玉叶 迷幻 公园 倩女 幽魂 魔鬼 屠夫 倩女 幽魂,级,级,-0.8579952716827393,"级, 星, 点","-0.8580, -3.2079, -3.6790"
1746,"我 华丽丽 的 失眠 袅珊 同学 , 姐很 愧疚 的 告诉 你 , 你 开导 了 那么 多 , 貌似 作 无 用功 了 明早 还 有 四 [MASK]  四 节课 , 孩子们 看 电影 的 时候 我 估计 可以 补眠 zZ",节,十,-0.7566841840744019,"十, 天, 月","-0.7567, -1.5036, -3.2078"
1747,"新年 期间 , 玩 狮子 , 舞龙 , 演戏 , 说书 , 高跷 , 旱船 等 各 [MASK] 娱乐  五彩缤纷 , 绚丽 夺目 。",种,种,-0.45073652267456055,"种, 项, 类","-0.4507, -1.4926, -2.1451"
1748,"打 了 第一 [MASK]  说 赶 不 过来 , 打 了 湖南 某 新闻 电台 说 记者 睡觉 派 不 出来 , 打 了 省 政府 公安厅 的 无 人 接听 , 无语 !",线,台,-0.740161657333374,"台, 网, 线","-0.7402, -2.6606, -3.1129"
1749,一 [MASK] 单  !,双,个,-1.934454321861267,"个, 张, 简","-1.9345, -2.6039, -2.6693"
1750,"老师 听 了 一 [MASK]  给 小 刚 打去抄 的 什么 作业 , 拿 出来 。",个,眼,-1.58384370803833,"眼, 下, 看","-1.5838, -2.0020, -2.1138"
1751,麻烦 大家 给 支 [MASK]  。,个,持,-0.2969774603843689,"持, 招, 票","-0.2970, -1.4906, -4.4795"
1752,"昨晚 到达 羽田 机场 , 向 机场 服务 人员 打探 酒店 位置 , 是 一 [MASK]  着 笔挺 制服 , 头发 花白 的 老者 , 态度 相当 和蔼 , 怕 我们 搞 不 明白 , 直接 和 酒店 通 了 电话 , 然后 又 陪 我们 到 乘车 点 , 嘱咐 了 半天 , 才 回去 。",位,身,-0.15678109228610992,"身, 穿, 位","-0.1568, -2.0421, -4.7849"
1753,"过 自己 追求 的 生活 , 并不 是 每 [MASK]  都 能 做到 。",个,人,-0.4509003460407257,"人, 个, 天","-0.4509, -1.4165, -3.3066"
1754,"今天 都 在 市中心 办事 , 而 alin 今天 不 忙 且 订 明天 走 , 而 我 明天室 里 团年 白天 都 空 , 我 可以 和 她 再 吃 三 [MASK]  。",顿,餐,-0.48430031538009644,"餐, 天, 次","-0.4843, -2.3122, -2.6006"
1755,喝完 那么 多 酒 只 是 更 清醒 我 根本 不 会 让 自己 喝 醉 的 只 是 听说 这 [MASK]  后劲 很 凶 只 是 反而 愈发 的 思念 你 。,种,样,-1.528228521347046,"样, 次, 个","-1.5282, -1.8708, -2.5578"
1756,第一 [MASK] 带  见 家长 想不到 对 你 的 印象 几 好 喔 今天 我 很 开心 呢 谢谢 你 老公 我 爱 你,次,次,-0.02767907828092575,"次, 个, 天","-0.0277, -4.6652, -4.7994"
1757,吃 了 好几 [MASK]  !,盘,次,-1.6877237558364868,"次, 个, 碗","-1.6877, -1.7457, -2.2142"
1758,"她 身上 有 多 [MASK]  , 永远 朋克会 驾驶 飞机 。",处,少,-1.5042846202850342,"少, 大, 重","-1.5043, -2.0435, -2.9569"
1759,就 像 是 一 [MASK] 纤细 的  。,根,个,-1.6915788650512695,"个, 样, 条","-1.6916, -2.0680, -2.1404"
1760,你 不 知道 的 事 每 [MASK]  都 很 感动,次,次,-0.8888530731201172,"次, 天, 个","-0.8889, -1.1675, -2.3766"
1761,"杜氏 家族 今年 添 了 几 [MASK]  , 全体 姑娘 翻来 煮禄堆 。",枚,个,-2.1333439350128174,"个, 女, 人","-2.1333, -2.6711, -2.9116"
1762,"终于 跑 完 最后 一 [MASK]  , 年 也 就 过 完 了 , 明天 开工 上班",家,天,-1.1936904191970825,"天, 年, 步","-1.1937, -1.9982, -2.3944"
1763,"这 将 从 多 [MASK]  带来 创新 , 并 减轻 美国 学生 书包 的 重量 。",个,处,-1.0133123397827148,"处, 方, 国","-1.0133, -1.4781, -2.7417"
1764,"总爱 睡 了 几 [MASK]  后 , 就 开始 睡 不 着 , 又 是 这 钟 数 慢慢 地 我 开始 厌倦 这 钟 无休止 习惯 的 习惯 生活",个,次,-2.039682388305664,"次, 点, 天","-2.0397, -2.2876, -2.3338"
1765,"人 就 是 应该 有 梦想 , 然后 用 一生 努力 把 梦想 变成 现实 , 很多 事 需要 一 [MASK]  , 只 盼 在 稳固 中 拔得头筹 。",次,搏,-0.7258251905441284,"搏, 战, 生","-0.7258, -2.6148, -2.9384"
1766,我 在 中影 国际 影城 签到 20 [MASK]  大闹,次,个,-2.3862271308898926,"个, 万, 分","-2.3862, -2.4438, -2.4709"
1767,还 得 一 [MASK]  收拾 这 破 公司 。,个,手,-0.8419419527053833,"手, 起, 边","-0.8419, -1.8821, -2.1369"
1768,"在职场 中 就 应该 像 柯 南 那样 , 有 一 [MASK] 走到 哪 就 让 别人 死到 哪 的  。",种,种,-0.5212745666503906,"种, 个, 天","-0.5213, -1.8512, -2.5800"
1769,"想 我 长 得 这么 帅 , 改卷 老师 绝对 不 会 给 我 低分 的 , 因为 我 是 孤独 的 风 中 一 [MASK]  。",匹,人,-0.5720461010932922,"人, 角, 个","-0.5720, -2.9755, -3.1203"
1770,"老 朋友 见面 , 狠狠 的 亲切 , 记得 当年 一 [MASK] 的  , 嘿嘿 。",起,样,-0.5476499795913696,"样, 起, 脸","-0.5476, -1.5858, -4.5204"
1771,"在 游戏 梦想 商业街 中 获得 了 成就 社会 活动家 , 成为 微博 第 31 [MASK] 获得 该 成就 的  , 你 想 和 TA 比 试 一下 吗",位,位,-0.5247803926467896,"位, 个, 名","-0.5248, -1.1417, -2.8482"
1772,"污染 指数 12 月 的 时候 买 了 口罩 , 出门 3 天 , 平均 下来 每 天 户外 活动 约 1 [MASK]  , 口罩 如下",个,次,-0.12998327612876892,"次, 天, 人","-0.1300, -4.0079, -4.1489"
1773,"电影 里 , 只 需 镜头 切换 , 字幕 上 出现 几 [MASK]  二十 年 后 , 然后 红颜 白发 , 一切 都 有 了 结局 , 而 现实 的 人生 , 三 年 五 载 , 其中 哪 一 秒钟 不 需要 生生 地捱",行,个,-0.991489052772522,"个, 乎, 十","-0.9915, -2.0006, -2.0277"
1774,"男 女 朋友 睡 一 [MASK]  , 女 的 划 了 条线 过线 的 是 禽兽 。",个,床,-0.7544025182723999,"床, 起, 房","-0.7544, -1.3512, -2.8465"
1775,我 在 香港 永祥烧腊 餐厅 虹口 店 没 [MASK] 吃 只 能 外卖 了 麻痹 皇  又 输 了 窝色 吃 回来,堂,得,-0.9819930791854858,"得, 有, 人","-0.9820, -2.2117, -2.2708"
1776,重 器 精品 海南 黄花油 梨红色 油梨 竹节型 把 [MASK]  2012129 分享自,件,把,-0.8259361982345581,"把, 手, 子","-0.8259, -1.8416, -2.6989"
1777,"我们 一 [MASK]  的 作业 , 5 分钟 很 简单 的 问题 , 帮忙 做做 不 ?",门,天,-1.4288814067840576,"天, 起, 组","-1.4289, -2.0991, -2.4337"
1778,我 要 把 自己 裹 得 暖暖 的 管 他 臃肿 与否 帽子 围巾 靴子 大衣 各 [MASK]  我 要 暖暖 暖暖 暖暖,种,位,-0.6918192505836487,"位, 种, 类","-0.6918, -1.0442, -3.9995"
1779,这 [MASK]  就 跟 屎 一样 我 的 感性 细胞 又 要 泛滥 的 扩散 了 我 要 疯 了,种,样,-1.4896135330200195,"样, 里, 下","-1.4896, -2.0920, -2.3939"
1780,"好不容易 为 我们 争取 到 的 座位 还 要 被 你 嫌弃 , 本 以为 告诉 你 会 是 [MASK]  , 算 了 , 我 不 重要 , 不 重要 。",个,我,-0.7975735068321228,"我, 的, 你","-0.7976, -2.3776, -2.5162"
1781,向 提问 提问 周董 我 是 内蒙古 的 歌迷 什么 时候 是 下 一 [MASK]  ?,次,站,-0.9909002780914307,"站, 个, 位","-0.9909, -1.7435, -1.8030"
1782,"据 俄罗斯 媒体 报道 , 在 日本 政府 推进 的 俄罗斯 东 西伯利亚 到 太平洋 沿岸 的 石油 管道 建设 计划 中 , 日本 保证 “ 将 向 俄方 以 每天 100万 [MASK] 的  进口 原油 ” 。",桶,桶,-0.31389307975769043,"桶, 吨, 克","-0.3139, -1.3355, -6.6706"
1783,看完 这个 视频 我 把 F [MASK]  移动 硬盘 都 清空 了 。,盘,我,-1.2465543746948242,"我, 的, pc","-1.2466, -2.4515, -3.4220"
1784,"某 个人 的 电话 害 的 我 失眠 , 在 床 上翻 了 几百 [MASK]  还 是么 睡 着 。",个,遍,-0.6858051419258118,"遍, 页, 次","-0.6858, -0.8044, -3.6884"
1785,"京东 商城 网购 晒 单 我 买 了 [MASK] 飞科  电吹风 系列 FH 6218 感觉 不错 哦 优点 价格 便宜 , 够用 缺点 暂时 还 没 发现 缺点 哦 !",个,欧,-2.9425618648529053,"欧, 爱, 飞","-2.9426, -3.2262, -3.3760"
1786,"人生 就 像 一 [MASK]  , 教会 你 最初 舞步 的 人 , 却 未必 能 陪 你 走到 散场 !",场,场,-0.5776692032814026,"场, 个, 幕","-0.5777, -2.6333, -3.0656"
1787,下雪咯 2012 第一 [MASK] ,场,。,-0.2895067632198334,"。, ！, ？","-0.2895, -1.4899, -3.6997"
1788,MAC 魅可 圣诞 限量 英伦 皇家 底妆 6 [MASK] 套刷  包 格子 的 拼接 好 别致 喜欢 点 这,件,色,-1.3951351642608643,"色, 款, 件","-1.3951, -2.1266, -2.6031"
1789,"这 [MASK] 小  皮肤 颜色 红 黑 相间 , 微小 螨虫 为 食 。",种,种,-1.2455922365188599,"种, 些, 块","-1.2456, -1.4035, -1.7061"
1790,果果 自己 和 乒乓球 疯 了 一 [MASK]  后 终于 累咯,个,圈,-1.5789164304733276,"圈, 天, 场","-1.5789, -2.0479, -2.5586"
1791,我 怀念 高中 大家 每 天 一起 吃 饭 每 [MASK]  每 天 泡 一起 双 扣 的 日子 。,个,天,-2.1196885108947754,"天, 睡, 课","-2.1197, -2.7024, -2.8247"
1792,一 [MASK]  乾福会 改善 伙食,家,般,-1.092155933380127,"般, 旦, 些","-1.0922, -3.0396, -3.0942"
1793,你 期待 一 [MASK] 怎样 的  ?,个,个,-0.7936418652534485,"个, 是, 次","-0.7936, -3.0612, -3.1093"
1794,"在 扇形 的 大礼堂 内 , 一 [MASK]  象 背书 一样 , 把 本来 生动 迷人 的 历史 讲 得 枯燥 无味 。",位,定,-0.9616097211837769,"定, 直, 切","-0.9616, -2.1412, -2.6609"
1795,"爱情 固然 是 每 [MASK]  所 渴求 的 , 但 没有 绝对 顺利 的 爱情 。",个,人,-0.28008249402046204,"人, 个, 天","-0.2801, -2.0597, -3.0997"
1796,"祝福 朋友 , 天天 快乐 春节 快乐 表情 看到 雪 又 一 [MASK]  的 博 文明 天 我 将 去 远行 有感而发 的 评论 。",轮,次,-0.839148759841919,"次, 样, 雪","-0.8391, -2.2401, -3.1039"
1797,支持 你 谢天华 现在 正在 看 你 的 洪武 32 千 [MASK]  也 很 棒 !,户,字,-1.8994474411010742,"字, ，, 年","-1.8994, -2.2436, -2.7608"
1798,"郭德纲 痛揍卓伟 , 大 快 , 各位 可否 还 记得 当年 窦唯怒 烧 报馆 , 当时 无 良 记者 就 叫 卓伟 , 求证 是 不 是 一 [MASK]  。",个,样,-0.4816523492336273,"样, 死, 例","-0.4817, -3.5532, -3.5965"
1799,我 于是 也 会 在 心 中 盼望 着 生命 里 会 出现 那 [MASK]  像 李大仁 那样 的 人 会 在 我 最 寂寞 最 难受 最 憋屈 想 找 人 聊 一 聊 的 时候 就 会 随时 出现 的 人,个,个,-0.8131104707717896,"个, 种, 些","-0.8131, -1.2008, -1.6914"
1800,"听 刘欢 的 歌词 , 我 的 第一 [MASK]  是 大叔 , 你 是 淘宝 请来 的 救兵 吗 ?",个,名,-1.4943230152130127,"名, 句, 个","-1.4943, -1.6464, -1.9132"
1801,我 吃 了 一 [MASK] 周 黑鸭翅 啦 没 水 喝 呀  。,盒,大,-1.9851043224334717,"大, 只, 个","-1.9851, -2.1499, -2.4517"
1802,"法国 《 回声 报 》 11月 20日 写道 , 这次 欧安会 首脑 会议 首先 是 两 [MASK] 大国  时期 结束 的 象征 , 一方面 , 莫斯科 在 请求 财政 援助 , 另 方面 , 华盛顿 在 要求 为 其 海湾 远征 提供 支持 。",个,个,-0.15915563702583313,"个, 大, 党","-0.1592, -2.5656, -4.0316"
1803,达 人 福利恩 我 想要 好看 的 袜子 凑 [MASK] ,个,！,-0.2246803641319275,"！, 。, ？","-0.2247, -2.0482, -2.6796"
1804,又 陪 家裡 的 小 朋友 看 了 一 [MASK] 三個  。,遍,、,-0.4661877453327179,"、, 共, 到","-0.4662, -2.1204, -2.9069"
1805,"跟 着 一 [MASK] 小  一起 收 红包 , 我 这个 大 朋友 也 有 红 包收",群,大,-1.2086087465286255,"大, 家, 个","-1.2086, -1.8191, -2.1489"
1806,极度 讨厌 自己 喝 [MASK]  就 跟 白痴 一样 再 改 不 了 坏 习惯 就 戒酒 !,点,酒,-0.4715721309185028,"酒, 醉, 水","-0.4716, -2.5984, -2.9886"
1807,"树叶 , 树枝 , 草茎 上 , 已经 结上 了 薄冰 , 残留 的 几 [MASK]  , 也 披上 了 晶莹 的 外衣 。",朵,分,-1.6376910209655762,"分, 滴, 乎","-1.6377, -2.1256, -2.3962"
1808,"我 总 觉得 , 你 的 生活 会 很 美好 , 下 [MASK]  一定 不 远 。",个,次,-0.7558073401451111,"次, 场, 去","-0.7558, -1.4529, -2.9078"
1809,"测试 最 适合 你 的 爱情  当 爱情 指数 一直 在 低谷 徘徊 , 许久 不 见 起色 , 你 应该 吃上 一 [MASK] 什么 急救丸 , 让 你们 的 爱 重新 容光焕发 呢 ?",颗,些,-0.8340926170349121,"些, 颗, 个","-0.8341, -1.2027, -3.0929"
1810,"这 [MASK]  的 共同 特点 就 是 血液 中 活性 凝血酶 的 生成 出现 功能 障碍 , 进而 使得 血液 凝固 时间长 , 在 生命 过程 中 遇到 轻 微创",类,样,-1.051469326019287,"样, 些, 种","-1.0515, -1.2272, -2.5396"
1811,"作为 普通 一 警 , 能够 登上 春晚 的 舞台 , 虽然 只有 短暂 几 [MASK]  , 我 已 很 满足 , 我 会 以 此 为 动力 , 前行 的 路 上 更加 努力 , 不 辜负 大家 的 关心 。",个,天,-0.3357805907726288,"天, 年, 秒","-0.3358, -2.5325, -2.6456"
1812,睡 了 十四 [MASK] ,个,。,-0.1216648668050766,"。, ！, ？","-0.1217, -2.5158, -3.4460"
1813,"连夜 赶 了 五 [MASK]  的 路 , 到 了 客户 的 工厂 已经 是 凌晨 三点 了",个,天,-0.26239392161369324,"天, 趟, 里","-0.2624, -2.4193, -2.9915"
1814,真心 喜欢 兰芝 Lanige 的 这 两 [MASK]  。,款,款,-0.5959019064903259,"款, 瓶, 杯","-0.5959, -2.2229, -3.0381"
1815,好 想 再 淋 一 [MASK] 灰  的 雨 !,场,次,-0.7798129916191101,"次, 场, 場","-0.7798, -1.6679, -2.4314"
1816,怎么 了 我 半夜 穿 着 睡衣 起床 上 [MASK]  后 老 打喷嚏 我 不 要 感冒 啊 !,个,班,-0.5790569186210632,"班, 床, 课","-0.5791, -1.4543, -2.8451"
1817,"所以 努力 做 领导 , 统治 屁民们 是 每 [MASK]  的 崇高 理想 。",个,人,-0.24439722299575806,"人, 民, 个","-0.2444, -3.3135, -3.3718"
1818,终于 给 2 [MASK] 在 德国 工作 的  搞定 Garmin 了 。,个,个,-0.25686103105545044,"个, 位, 名","-0.2569, -2.3376, -3.3969"
1819,这 [MASK]  赚 再 多 钱 也 没命 去 花 。,种,样,-0.26221516728401184,"样, 人, 个","-0.2622, -3.4582, -4.0970"
1820,家里人 都 说 我 是 一 [MASK] 做事 从来 不 经 大脑 的  。,个,个,-0.029543407261371613,"个, 位, 名","-0.0295, -4.6972, -5.2507"
1821,"陈亚 也 有 了 , 每 [MASK] 执行  任务 你 俩 都 一起 , 生 一 男 一 女 , 还 可以 成 亲家 呢",次,次,-0.30393150448799133,"次, 天, 日","-0.3039, -1.7289, -3.8209"
1822,其实 就 是 两 [MASK] ,只,。,-0.3026014566421509,"。, ！, ？","-0.3026, -1.6951, -2.6491"
1823,"早上 飘起 了 小雪 , 每 [MASK] 下雪  都 非常 好",次,次,-0.5505842566490173,"次, 天, 年","-0.5506, -0.9928, -3.7929"
1824,刚刚 有 [MASK]  打 电话 来 问 我 是 不 是 在 他 先生 那里 无奈 了,个,人,-0.025218814611434937,"人, 事, 个","-0.0252, -5.4006, -5.7193"
1825,"叙利亚 政府 从 俄罗斯 购买 36 [MASK]  俄罗斯 支持 赚 钱 两 不 误 , 高",架,吨,-1.7928900718688965,"吨, 万, 架","-1.7929, -2.5783, -2.5975"
1826,翻来 Kimsha 各 [MASK] 不  。,种,有,-1.0222208499908447,"有, 种, 自","-1.0222, -1.4080, -3.0111"
1827,"5 , 上街 卖花 , 见 情侣 就 说 给 你 妈 买 [MASK]  吧 !",束,的,-1.18430495262146,"的, 了, 个","-1.1843, -1.6175, -2.3933"
1828,"天 才 是 各 [MASK]  都 有的 可是 , 除非 待 有 非常 的 事变 发生 , 激动 群众 , 是 有 天才 的 人 出现 , 否则 赋有 天才 的 人 就 会 僵化",个,人,-0.8376181721687317,"人, 国, 地","-0.8376, -2.2120, -2.6473"
1829,"妹子 , 你 怎么 才 到 五 [MASK]  啊 ?",通,十,-1.668979287147522,"十, 月, 岁","-1.6690, -2.1097, -2.2448"
1830,"20120125 伊 达时 12 [MASK]  处理 了 1000 元 详情 , 。",位,点,-2.56587553024292,"点, 人, 号","-2.5659, -2.7552, -2.8616"
1831,"婚姻 是 责任 , 每 一 [MASK] 步入 婚姻 殿堂 的  , 你们 真的 准备 好 了 吗 ?",对,个,-0.6613270044326782,"个, 位, 对","-0.6613, -0.9080, -3.6219"
1832,2011 年 公司 实现 原油 产量 322 亿 [MASK]  下降 187 实现 原油 加工量 217 亿 吨 同比 上涨 296 。,桶,吨,-0.01165473647415638,"吨, 元, 桶","-0.0117, -4.9841, -6.8703"
1833,"如果 欺负 我 , 你 想 我 会 不 会 用 那 两 [MASK]  鄙视 死 你 。",根,句,-0.5626990795135498,"句, 个, 眼","-0.5627, -2.2024, -3.0189"
1834,"一 [MASK]  的 迷人 , 一半 来自于 她 的 幻想 。",个,半,-0.0011046071304008365,"半, 切, 边","-0.0011, -8.4928, -8.9213"
1835,留下 一 [MASK] 女  在 那里 恨铁不成钢 。,帮,个,-0.8143001198768616,"个, 美, 孤","-0.8143, -2.5776, -2.8933"
1836,"穆雷 , 这 [MASK] 真 ",次,是,-1.608532190322876,"是, 可, 还","-1.6085, -1.6251, -1.9995"
1837,"看 了 千山 慕雪 , 结局 真 悲伤 , 居然 看 的 时候 会 流 眼泪 , 那 [MASK]  悲伤 , 想来 我 老 了 。",个,么,-0.24491730332374573,"么, 种, 个","-0.2449, -2.9336, -3.2772"
1838,"陆家嘴 的 清晨 , 好久 没有 起 这么 早 了 , 这么 多 年 在 酒店 还 是 睡 不 好 , 昏天 暗地 中 感觉 自己 还 在 北京 , 今天 去 谈 海上 项目 , 谈成 了 就 可以 干 深圳 香港 这 [MASK]  了 , 到时候 就 可以 见到 啦 , 嘿嘿 。",条,块,-1.2082507610321045,"块, 边, 个","-1.2083, -1.6493, -2.3302"
1839,外面 有 [MASK]  一大早 在 放歌 而且 还 是 超俗 带感 的 一 听 就 知道 昰些 外省仔 。,个,人,-0.2585476040840149,"人, 个, 歌","-0.2585, -3.1284, -3.7957"
1840,"我 男朋友 一准儿 是 [MASK]  痴 , 丫现在 还 没 找到 我 。",个,白,-0.4385537803173065,"白, 花, 路","-0.4386, -1.2887, -3.5312"
1841,"叶儿粑 拇指粽 煎 饺煎包 还 有 蛋烘糕 , 实话 说 蛋烘糕 就 是 一 [MASK] 夹 了 酸 豆角 末末 的 ",枚,个,-0.5201950669288635,"个, 种, 道","-0.5202, -2.0063, -3.0122"
1842,"十分 好运 沾 春雨 , 百般 成功 遂 你 意 , 万 [MASK]  由 你 享 !",种,事,-0.6690800189971924,"事, 物, 福","-0.6691, -2.1448, -2.5082"
1843,"据说 , 端 今天 上午 出去 玩 , 跟 每 一 [MASK]  的 人大 声 介绍 我 妈妈 在 睡觉 你 妈 就 那么 点 小 癖好 , 至于 广而告之么 。",个,桌,-1.4674159288406372,"桌, 排, 组","-1.4674, -1.4950, -1.9280"
1844,突然 有 [MASK] 想 旷工 的 强烈  !,种,种,-0.05723828077316284,"种, 点, 股","-0.0572, -4.3435, -4.8703"
1845,"回 了 一 [MASK]  , 甚 是 觉得 无聊 , 我 还 在 想 后天 回去 以后 我 岂 不 是 要 在 家 无聊 死 吗 ?",趟,趟,-1.038958191871643,"趟, 家, 次","-1.0390, -2.2602, -2.7415"
1846,"百 [MASK] 尚 牛  , 四 塞 已 千戈 。",户,馬,-2.5389482975006104,"馬, 騎, 里","-2.5389, -3.0860, -3.1925"
1847,"叫 了 [MASK] 永和 豆浆 的 蛋  , 十 元 钱 , 有点 不 可 思议 的 感觉 。",份,个,-0.676129162311554,"个, 碗, 份","-0.6761, -1.5748, -2.0856"
1848,还 有福 到 啦 一 [MASK]  辛苦 啦 新年 快乐 大家 都 顺顺利 利噢福 到 啦,个,起,-0.595740795135498,"起, 家, 样","-0.5957, -1.5541, -3.2236"
1849,跟 发烧 了 一样 这 屋里 大概 20 度 左右 哈哈 我 却 冷 得 快 要僵 了 浑身 一 [MASK] ,阵,抖,-1.353998064994812,"抖, 颤, 冷","-1.3540, -1.9730, -2.5165"
1850,在 此 也 希望 这 [MASK]  坚强 的 活 过来,位,样,-1.1227055788040161,"样, 人, 么","-1.1227, -1.9235, -2.1889"
1851,"当天 过 了 不久 , 这 [MASK]  遇到 住 在 另 一 边 隔壁 的 男士 。",位,人,-1.2456763982772827,"人, 就, 次","-1.2457, -1.9576, -2.5112"
1852,我 看到 你们 背影 不 知道 为什么 心里 一 [MASK]  我 暗暗 发誓 一定 要 让 你们 过 上 无忧无虑 安定 的 生活 坚持 不 下去 松懈 的 时候 反复 告诉 自己 你 不 努力 你 还 在 指望 什么 是 的 真的 努力,阵,暖,-2.3923544883728027,"暖, 酸, 跳","-2.3924, -2.5293, -2.7148"
1853,"今年 这 [MASK] 小  , 最 特别 , 最 有 爱 。",批,么,-0.4958876371383667,"么, 个, 样","-0.4959, -2.2443, -2.8448"
1854,看到 运河 雄鹰 的 博文 转载 中国 散文 精选 300 [MASK] 初选  智勇 选 有感而发 的 评论 。,篇,首,-1.0111111402511597,"首, 篇, 句","-1.0111, -1.3179, -3.0612"
1855,"我 参与 了 发起 的 投票人 气大 调查 罗志祥炎亚纶 韩庚 钟汉良 张杰 , 我 投给 了 罗志祥 这 1 [MASK]  。",个,票,-0.1489730328321457,"票, 位, 个","-0.1490, -3.2479, -3.8275"
1856,"每 日 都 5 可以 有 一 [MASK] 安静 的  , 我 每 日 都 要 比 爸 妈 话 过 我 距 地 先 会 安乐 。",个,个,-0.9569239616394043,"个, 点, 份","-0.9569, -1.7518, -2.4100"
1857,像 我 这 [MASK]  又 不 行理 又 不 会 本来 就 差 还 要 退步 的 人 唉 该 怎么办,种,种,-0.6177624464035034,"种, 样, 么","-0.6178, -0.8480, -4.2426"
1858,"经 心理 鉴定 本人 软件 年龄 21 岁 , 比 全 国 70 的  要 年轻 , 是 一 [MASK] 偏 传统 居安思危 冷静 内心 坚强 的 人 !",个,个,-0.2645382285118103,"个, 种, 位","-0.2645, -2.9188, -3.1633"
1859,人生 第一 [MASK]  露水 。,瓶,滴,-0.6853829026222229,"滴, 次, 杯","-0.6854, -2.7557, -2.8467"
1860,"头 先 拆利 是 , 竟然 有 一 [MASK]  是 空 的 。",封,个,-1.7171657085418701,"个, 些, 半","-1.7172, -2.9689, -3.1406"
1861,"明天 就 要 回 学校 了 , 今晚 在 家 跟 姑父 和 弟妹们 好好 来 了 几 [MASK] 双 扣斗 ",局,个,-1.0557466745376587,"个, 双, 次","-1.0557, -2.4397, -2.4650"
1862,"十 [MASK]  , 大家 都 挺 嗨 !",班,一,-1.6562913656234741,"一, 月, 年","-1.6563, -2.0970, -2.5066"
1863,"一 日 , 小 侄女 对 她 妈 说 我 要 嫁给 邻 班 的 那 [MASK]  妈妈 漫不经心 的 回答 他 有 固定 工作 吗 ?",个,个,-0.5458987951278687,"个, 位, 名","-0.5459, -0.8945, -5.4283"
1864,"我 在 测测 你 最 拒绝 不 了 哪 一 [MASK]  的 诱惑 中 的 测试 结果 是 你 最 无法 抵抗 用 甜言蜜语 打动 你 的 多情种 , 你 也 来 测测 吧",类,种,-0.416520893573761,"种, 类, 样","-0.4165, -2.0905, -2.4935"
1865,上传 了 7 [MASK]  到 相册 我 叫 苏沐 。,张,张,-0.21025967597961426,"张, 页, 秒","-0.2103, -3.4393, -4.5529"
1866,"其实 那么 多 话 , 只有 不 愿意 三 [MASK]  说 得 最 快 最 大 声 最 坚定 听 得 最 清晰 。",个,思,-1.646590232849121,"思, 个, 人","-1.6466, -2.4781, -2.6921"
1867,"直 到 转身 , 我 才 发现 , 原来 那 [MASK]  , 其实 , 也 是 我 自己 的 。",声,些,-1.0642026662826538,"些, 个, 人","-1.0642, -1.7999, -3.1116"
1868,"虽然 我 知道 自己 不 该 有 这 [MASK]  的 情绪 , 但 还是 没 忍住 红 了 眼圈 。",种,样,-0.00712957326322794,"样, 种, 么","-0.0071, -5.6409, -6.5618"
1869,小 侄女 这 卷发 这 自 来 卷 像 不 像 巴黎 宝贝 里面 那 [MASK]  啊,个,个,-1.342118263244629,"个, 款, 种","-1.3421, -1.4411, -1.5309"
1870,"我 好 想 有 一 天 抱 着 我们 的 小孩 , 告诉 他 , 你 爸爸 以前 多 浪漫 , 自己 偷偷 开 了 [MASK]  , 里面 全 是 妈妈 的 名字 。",个,封,-1.6468665599822998,"封, 瓶, 箱","-1.6469, -1.7232, -2.2355"
1871,今晚 我们 三 [MASK]  都 心情 吾 好 !,个,个,-0.5184866189956665,"个, 人, 位","-0.5185, -1.1781, -3.5818"
1872,"保持 周围 环境 安静 和 精神 集中 你 将 经历 一 [MASK] 坐 在 理发店 中 的 虚拟  太太 太 神奇 了 , 尤其是 来自",个,个,-0.5421680808067322,"个, 次, 位","-0.5422, -1.8228, -2.5304"
1873,聆听 心灵 深处 的 那 [MASK]  。,个,些,-1.152826189994812,"些, 个, 份","-1.1528, -2.2893, -2.5678"
1874,"他 先 自爆 因為 很多 人 追問 他 葉問 第三 [MASK]  拍 , 問到 會否",集,次,-0.6829840540885925,"次, 度, 部","-0.6830, -1.6758, -2.6906"
1875,当时 匆忙 新 编成 的 两 [MASK]  的 实际 情况 怎样 呢 ?,个,部,-2.315291404724121,"部, 个, 集","-2.3153, -2.8574, -3.0904"
1876,"真 险吖 , 第一 [MASK]  Oooo 踩 你 死 中 时间 点 上班 , 比 部长 早到 1 分钟 , 不然 就 迟到 啦 , 琴晚吖 妈子 又 出事 , 不得已 又 去 左 医院 睇急诊",次,次,-0.37429627776145935,"次, 天, 个","-0.3743, -1.9276, -3.2910"
1877,送 人 之后 拿 出来 留 [MASK]  。,个,念,-0.21441878378391266,"念, 着, 影","-0.2144, -3.0578, -3.3284"
1878,"昨天 去 市区 比赛 , 赢 了 一 [MASK] 一千多 的  。",个,个,-0.9244768619537354,"个, 万, 百","-0.9245, -2.5974, -2.6236"
1879,"碎 不 着 , 翻翻 老 照片 , 想起 一 [MASK]  , 决定 把 它 办 了 , 言而有信 !",桩,切,-0.9150445461273193,"切, 些, 点","-0.9150, -1.6537, -2.1277"
1880,"这个 社会 暴力 已经 够多 了 , 打人 终究 是 不 对 的 , 但是 看看 这个 嚣张 的 简介 , 真的 是 一 [MASK]  的 打扮 那 !",副,样,-1.1166788339614868,"样, 般, 流","-1.1167, -1.3038, -1.9312"
1881,运势 处女座 今日 运势 爱情 健康 财运 工作 速 配 水瓶座 幸运 色 卡其色 哟西五 [MASK]  的 上升 趋势 让 我 情 何以 堪 哈哈 祝 自己 一路 顺风,颗,月,-0.19727545976638794,"月, 度, 年","-0.1973, -3.7638, -4.3369"
1882,老虎 抓到 一 [MASK]  后 要 把 它 吃掉 !,头,只,-0.3264410197734833,"只, 条, 个","-0.3264, -2.8859, -3.4558"
1883,每 [MASK] 听 一些 初中 的  就 会 自然 的 想起 一些 画面 和 感觉 爱 听 鱼 喜欢 陈绮贞 纯净 的 声音 喜欢 它 的 歌词 喜欢 它 的 旋律 喜欢 它 的 感觉 会 想起 初一 的 时候 的 单纯 什么 都 不 想 的 自己,次,次,-0.9485706090927124,"次, 天, 每","-0.9486, -1.5844, -1.7245"
1884,还是 没有 少 了 一 [MASK]  。,顿,点,-0.3580856919288635,"点, 些, 个","-0.3581, -2.2610, -3.7092"
1885,"1 月 9 日 , 北星路 喜气洋洋 , 北海市 民生 路网 三 期 工程 第二 [MASK] 道路 通车  仪式 在 此 举行 。",批,期,-0.546098530292511,"期, 段, 条","-0.5461, -1.9618, -2.2389"
1886,"外公 我 来 了 , 今天 要 吃 十 [MASK] 你 做 的 霹雳  黯然 销魂 狮子头 。",个,个,-1.6559123992919922,"个, 块, 元","-1.6559, -2.4895, -2.9369"
1887,英国 医生 进行 了 世界 上 第一 [MASK] 宫内 胎儿 心脏  。,例,例,-1.0774677991867065,"例, 次, 个","-1.0775, -1.1533, -1.6967"
1888,"淡蓝 的 色彩 有 [MASK]  , 简单 雅致",种,趣,-1.1592319011688232,"趣, 型, 感","-1.1592, -2.5353, -2.9062"
1889,韩系 风派 韩版 休闲 旅行包 男女 帆布 包 正品 电脑 双肩背 包潮 真皮 书包 价格 16800 元 最近 销售 243 [MASK]  更 多,件,品,-2.1243367195129395,"品, 看, 件","-2.1243, -2.2919, -3.0043"
1890,"开始 以为 是 [MASK]  , 越 往后 过 越 觉得 此 话 不 虚 。",个,真,-2.688087224960327,"真, 梦, 的","-2.6881, -2.6887, -2.7578"
1891,"用 于 死刑 名称 , 则 是 指 处死 人时 将 人身 上 的 肉 一 [MASK]  割 去 , 使 受刑人 痛苦 地 慢慢 死去",刀,一,-0.7481659650802612,"一, 刀, 并","-0.7482, -1.0517, -3.2413"
1892,喜欢 一 [MASK]  。,句,切,-1.4375700950622559,"切, 个, 点","-1.4376, -1.9667, -2.3401"
1893,"这 [MASK]  , 不 就 摆明 着 自己 在 炒 楼 嘛 。",种,样,-0.22328786551952362,"样, 时, 些","-0.2233, -3.5778, -3.9119"
1894,"一点 睡觉 , 梦 中去 了 [MASK]  国 , 七点半 爬 起来 继续 学习 。",趟,美,-0.608788013458252,"美, 英, 中","-0.6088, -1.9910, -2.7017"
1895,能 想象 一 [MASK] 箱  的 娃娃 头 娃娃 身 吗 太 惊悚 了 !,箱,箱,-0.018091324716806412,"箱, 大, 整","-0.0181, -5.2066, -5.6741"
1896,分享 一 [MASK]  给 大家 微 女郎 龍耀 2012 !,个,下,-0.13265098631381989,"下, 张, 些","-0.1327, -3.5696, -3.7953"
1897,"男人 , 就 要 做 [MASK] 像 男人 的  !",点,得,-0.8796384334564209,"得, 個, 最","-0.8796, -1.5167, -2.2337"
1898,"连续 下雨 , 呢 [MASK] 年成  !",个,几,-1.994848370552063,"几, 一, 个","-1.9948, -2.4475, -2.8539"
1899,"初步 了解 到 , 根据 南京 案件 的 特性 , 这 [MASK]  中 有 犯罪 心理学 , 犯罪 踪迹学 等 领域 的 顶级 行家 , 都 有 办 过 大 案 要 案 的 经历 。",批,其,-0.39104342460632324,"其, 群, 当","-0.3910, -2.3041, -2.4116"
1900,人体 初 [MASK]  结核 杆菌 感染 后 通常 绝大多数 人 没有 任何 症状 也 不 发生 结核病 少数 感染 结核 杆菌 的 人 抵抗力 降低 时 可能 发生 结核病 。,次,被,-0.8614217042922974,"被, 受, 次","-0.8614, -1.7787, -2.2579"
1901,孤单 的 呼吸 电视剧 另 一 [MASK] 灿烂 生活  正式 完整版 影视 原声 高清 MV 音悦 台 分享 自,种,种,-0.43487367033958435,"种, 个, 半","-0.4349, -2.7833, -3.1706"
1902,"不 知道 能否 睡 [MASK]  , 哎 , 想 你 , 猪",个,好,-1.3789626359939575,"好, 觉, 着","-1.3790, -1.3805, -1.5894"
1903,那天 我们 去 香江 汇 那里 吃 的 那 [MASK]  什么 来 着 ?,个,个,-1.001664400100708,"个, 是, 些","-1.0017, -1.2292, -2.2510"
1904,"接近 岁末 , 终于 可以 看到 形式性 的 工作 的 尾巴 了 , 偷偷 地 喘 [MASK]  吧",口,息,-0.8505529761314392,"息, 气, 着","-0.8506, -1.1303, -1.6727"
1905,"夜深 了 , 也 不 敢 去 睡觉 了 , 怕 做 那些 噩梦 , 是 那些 事情 记得 太 牢 还 是 一 [MASK]  在 陌生 的 地方 太 容易 勾起 回忆 呢 , 天天 做 噩梦 实在 太 累 了 , 心思 犹如 我 掌 纹般 凌乱 。",个,直,-1.4131484031677246,"直, 些, 个","-1.4131, -1.8293, -1.8943"
1906,"酒醉 , 夜半 昏 醒 , 偶看 一 [MASK] 初恋  小 事 。",片,些,-1.2959297895431519,"些, 段, 个","-1.2959, -1.6382, -2.7912"
1907,"即便 如此 , 却 依然 喜欢 这样 一 [MASK] 浑身  的 他 。",个,个,-0.8096678256988525,"个, 翻, 摸","-0.8097, -2.9423, -3.1204"
1908,"食 完饭 亲爱 的 来 车 我 出去 , 哈哈 , 爱 死 了 , 不过 天气 很 冷 , 记得 着 多 [MASK]  噢",件,冷,-0.8809388279914856,"冷, 凉, 了","-0.8809, -2.6778, -2.8278"
1909,"看 过 唯美 浪漫 的 , 来 [MASK]  恶心 的 怎样 , 人 皮 客栈 3 走 起 !",些,看,-1.512860894203186,"看, 过, 个","-1.5129, -1.5747, -1.8630"
1910,"在 南开 最后 一 [MASK]  , 被 你 偷 了 !",个,天,-1.367641806602478,"天, 站, 晚","-1.3676, -2.4289, -2.4507"
1911,"事后 反思 , 既然 催促 多 [MASK] 都  就 说明 这个 方法 不 合适 , 我 得 另 辟 蹊径 , 而 不 是 恶语 相向 , 在 此 向 孩子 真诚 地道 歉 。",次,次,-0.1334889531135559,"次, 了, ,","-0.1335, -2.3288, -4.6315"
1912,"也 不 知道 是 不 是 老 总 都 有 在 的 才 这样子 表现 一下 的 , 呵呵呵 三 [MASK]  菲利浦 音箱",等,、,-1.5960750579833984,"、, 菱, 星","-1.5961, -1.6385, -1.8116"
1913,"西 甲第 19 [MASK] 巴萨 42 皇家  上 半场 哈 维和 梅西 相继 为 巴萨 建功 , 贝蒂斯 由 卡斯特罗 打进 1 球 。",轮,轮,-0.28600430488586426,"轮, ：, 场","-0.2860, -3.3273, -3.3349"
1914,"兴奋 啊 兴奋 , 是 不 是 快 过年 了 , 给 了 这么 一 [MASK] 让 人 舒适 的  , 中国 的 春节 也",个,个,-0.10616433620452881,"个, 天, 份","-0.1062, -3.6439, -4.0234"
1915,因为 只有 这 [MASK]  能 了解 你 。,种,才,-0.0743030235171318,"才, 个, 样","-0.0743, -4.0190, -4.3349"
1916,"在 正墙 里面 上 有 4 [MASK] 巨大 的  手持 钥匙 和 宝剑 的 圣徒 彼得 和 保罗 , 手持 盐瓶 和 教堂 模型 的 州 守护神 圣徒 鲁佩特 和 维吉尔 。",座,个,-0.49267539381980896,"个, 位, 尊","-0.4927, -1.7848, -2.9535"
1917,怎么 看 着 看 着 就 起 了 一 [MASK] 鸡皮  呢 ?,身,身,-1.324173092842102,"身, 层, 个","-1.3242, -1.8799, -2.2146"
1918,吃 [MASK] 甘蔗  还 吃 出血 了 嘴 吃 破 了 奶奶 的,个,了,-0.38335537910461426,"了, 完, 过","-0.3834, -1.9475, -3.7218"
1919,"沾 了 一 [MASK] 臭  回来 , 洗刷 去 !",身,点,-0.7305312752723694,"点, 身, 股","-0.7305, -2.2180, -2.6494"
1920,"突然间 悠悠 就 会 走路 了 , 因 有 一 [MASK]  东西 搬到 摔 了 后脑勺 , 现在 都 是 把 胳膊 伸到 身子 前面 保持 平衡 , 实在 不 成就 趴下 , 用 胳膊 撑 一下 , 不至于 摔 着脸 , 这么 小 的 人 自我 保护 意识 倒 挺 强 。",次,些,-1.2202882766723633,"些, 样, 块","-1.2203, -1.3992, -1.6525"
1921,"说 起来 今天 是 13 [MASK]  , 也 就 是 俗称 的 黑色 星期五 呢",号,日,-0.6427249908447266,"日, 号, 月","-0.6427, -1.2417, -3.7044"
1922,"大半夜 的 我 悄悄 的 又 打破 一 [MASK] 人类 的  , 次 产量 470Ml",项,个,-0.6502468585968018,"个, 次, 下","-0.6502, -2.1761, -2.5522"
1923,荔枝 台 的 春晚 比 芒果 台 高 的 不止 一 [MASK]  啊 !,个,倍,-1.4217727184295654,"倍, 层, 次","-1.4218, -2.1278, -2.3150"
1924,"回家 太 闲 , 老妈 总 抓 着 我 大搞 卫生 , 其实 也 没 必要 吧 被子 之类 的 大件 物品 , 一 整 年 加 起来 盖 的 次数 绝对 不 超过 十 [MASK]  还好 明天 开始 下雨 变冷 , 不然 我 的 苦工 期限 真 不 知道啥 时候 才 能 结束 呢 !",根,次,-0.2252761572599411,"次, ,, 年","-0.2253, -2.4012, -3.8224"
1925,我 提醒 他 还 有 呢 老师 又 说 对 了 还 有 桂伦 镁 天啊 老师 啊 难道 你 忘 了 那 [MASK] 最 最 重要 的  了 吗,个,最,-1.0246661901474,"最, 些, 个","-1.0247, -1.0542, -1.7921"
1926,"大过 年 的 , 出去 拜年 手 里 还 拿 着 一 [MASK]  。",杯,个,-1.0644363164901733,"个, 把, 些","-1.0644, -2.7133, -2.9517"
1927,未来 各 [MASK]  的 精英们 。,个,界,-1.2182444334030151,"界, 国, 位","-1.2182, -1.6249, -2.2533"
1928,"年初一 , 斋饭 , 大成街 , 拉拉队 , 晚会 , 终于 回到 家 了 泡 [MASK]  准备 睡觉 啦 不 洗澡 的 年初一",个,澡,-0.5197923183441162,"澡, 水, 汤","-0.5198, -2.3465, -2.9456"
1929,我 在 等 发  了 会计 说 礼拜天 会 把 工资 打 在 我 的 卡上 我 等 啊 等 啊 心急 的 第一 [MASK] 工资,笔,笔,-1.5913538932800293,"笔, 个, 次","-1.5914, -1.9143, -2.2861"
1930,"我 爸 的 外甥女 和 我 在 一 [MASK]  , 但 我们 不熟 , 别人 以为 我们 不 认识 。",家,起,-0.005303234327584505,"起, 块, 边","-0.0053, -5.5558, -8.1827"
1931,"最 搞笑 的 事 , 有 人 大年 初 一 [MASK]  !",通,笑,-2.6041886806488037,"笑, 了, 啊","-2.6042, -2.8441, -2.9072"
1932,"看 了 一 天 纪录片 , 最 喜欢 一 [MASK]  罗伯特 肯尼迪 遗孀 Ethel 的 , 导演 就 是 她 女儿 。",部,部,-1.1252965927124023,"部, 个, 下","-1.1253, -1.1398, -3.4049"
1933,"我 刚刚 在 爱 问 共 享 资料 上 传 了 资料 , 欢迎 大家 下载 分享 高 一 英语 完形 填空 练习 一 [MASK] 已  doc 更 多",份,下,-2.3928916454315186,"下, 览, 篇","-2.3929, -2.4788, -2.5409"
1934,"住 进去 一 天 楼 歪 了 花 了 大 价钱 , 买 [MASK] 所谓 的 台州 地区 最 大 纯 海景 住宅 小  的 高层 住宅 , 新 房子 搬进 去 不到 一 天 , 楼 歪 了 , 你 是 什么 心情 ?",套,了,-0.07589953392744064,"了, 的, 个","-0.0759, -4.2896, -4.3407"
1935,"英语 考试 结束 了 , 辛苦 一 凡 同学 了 , 又 一 [MASK]  了 大家 明天 的 物化 考试 , 但愿 我们 的 座位 一如既往 的 好 !",次,次,-1.2834384441375732,"次, 周, 起","-1.2834, -2.3163, -2.8911"
1936,"每 天 都 这 时候 才 有 一 [MASK]  , 唉 !",丝,天,-1.3388235569000244,"天, 次, 点","-1.3388, -1.5781, -2.9115"
1937,"吸引力 法则 果然 厉害 , 我 真的 买到 20 [MASK] 的  了 , 今天 我 继续 吸引 能 换 张 不 那么 慢 的 。",号,%,-1.461580514907837,"%, 张, 倍","-1.4616, -1.6331, -2.5680"
